periodo,anio,fecha_descarga,distrito_fiscal,tipo_fiscalia,materia,especialidad,tipo_caso,especilizada,ingresado,atendido,ubigeo_pjfs,dpto_pjfs,prov_pjfs,dist_pjfs,fecha_corte
ENERO - FEBRERO,2026,05/03/2026,AMAZONAS,PROVINCIAL,CIVIL,CIVIL,EXPEDIENTE,,20,19,010101,AMAZONAS,CHACHAPOYAS,CHACHAPOYAS,25/03/2026
ENERO - FEBRERO,2026,05/03/2026,AMAZONAS,PROVINCIAL,FAMILIA,ACTOS CONTRA LA LIBERTAD SEXUAL,DENUNCIA,,2,2,010101,AMAZONAS,CHACHAPOYAS,CHACHAPOYAS,25/03/2026
ENERO - FEBRERO,2026,05/03/2026,AMAZONAS,PROVINCIAL,FAMILIA,FAMILIA CIVIL,EXPEDIENTE,,26,17,010101,AMAZONAS,CHACHAPOYAS,CHACHAPOYAS,25/03/2026
ENERO - FEBRERO,2026,05/03/2026,AMAZONAS,PROVINCIAL,FAMILIA,FAMILIA PENAL,DENUNCIA,,54,39,010101,AMAZONAS,CHACHAPOYAS,CHACHAPOYAS,25/03/2026
ENERO - FEBRERO,2026,05/03/2026,AMAZONAS,PROVINCIAL,FAMILIA,FAMILIA PENAL,EXPEDIENTE,,1,0,010101,AMAZONAS,CHACHAPOYAS,CHACHAPOYAS,25/03/2026
ENERO - FEBRERO,2026,05/03/2026,AMAZONAS,PROVINCIAL,FAMILIA,FAMILIA TUTELAR,DENUNCIA,,65,49,010101,AMAZONAS,CHACHAPOYAS,CHACHAPOYAS,25/03/2026
ENERO - FEBRERO,2026,05/03/2026,AMAZONAS,PROVINCIAL,FAMILIA,FAMILIA TUTELAR,EXPEDIENTE,,9,5,010101,AMAZONAS,CHACHAPOYAS,CHACHAPOYAS,25/03/2026
ENERO - FEBRERO,2026,05/03/2026,AMAZONAS,PROVINCIAL,PENAL,PENAL,DENUNCIA,DELITOS DE CORRUPCION DE FUNCIONARIOS,29,23,010101,AMAZONAS,CHACHAPOYAS,CHACHAPOYAS,25/03/2026
ENERO - FEBRERO,2026,05/03/2026,AMAZONAS,PROVINCIAL,PENAL,PENAL,DENUNCIA,DELITOS DE TRAFICO ILICITO DE DROGAS,8,8,010101,AMAZONAS,CHACHAPOYAS,CHACHAPOYAS,25/03/2026
ENERO - FEBRERO,2026,05/03/2026,AMAZONAS,PROVINCIAL,PENAL,PENAL,DENUNCIA,MATERIA AMBIENTAL,24,24,010101,AMAZONAS,CHACHAPOYAS,CHACHAPOYAS,25/03/2026
ENERO - FEBRERO,2026,05/03/2026,AMAZONAS,PROVINCIAL,PENAL,PENAL,DENUNCIA,VIOLENCIA CONTRA LA MUJER Y LOS INTEGRANTES DEL GRUPO FAMILIAR,391,353,010101,AMAZONAS,CHACHAPOYAS,CHACHAPOYAS,25/03/2026
ENERO - FEBRERO,2026,05/03/2026,AMAZONAS,PROVINCIAL,PENAL,PENAL,DENUNCIA,,1738,1220,010101,AMAZONAS,CHACHAPOYAS,CHACHAPOYAS,25/03/2026
ENERO - FEBRERO,2026,05/03/2026,AMAZONAS,PROVINCIAL,PENAL,PENAL,INVESTIGACION PREVENTIVA,,4,4,010101,AMAZONAS,CHACHAPOYAS,CHACHAPOYAS,25/03/2026
ENERO - FEBRERO,2026,05/03/2026,AMAZONAS,SUPERIOR,CIVIL,CIVIL,EXPEDIENTE,,1,0,010101,AMAZONAS,CHACHAPOYAS,CHACHAPOYAS,25/03/2026
ENERO - FEBRERO,2026,05/03/2026,AMAZONAS,SUPERIOR,FAMILIA,FAMILIA CIVIL,EXPEDIENTE,,2,1,010101,AMAZONAS,CHACHAPOYAS,CHACHAPOYAS,25/03/2026
ENERO - FEBRERO,2026,05/03/2026,AMAZONAS,SUPERIOR,FAMILIA,FAMILIA PENAL,INCIDENTE,,2,1,010101,AMAZONAS,CHACHAPOYAS,CHACHAPOYAS,25/03/2026
ENERO - FEBRERO,2026,05/03/2026,AMAZONAS,SUPERIOR,FAMILIA,FAMILIA TUTELAR,EXPEDIENTE,,1,0,010101,AMAZONAS,CHACHAPOYAS,CHACHAPOYAS,25/03/2026
ENERO - FEBRERO,2026,05/03/2026,AMAZONAS,SUPERIOR,FAMILIA,VIOLENCIA FAMILIAR,EXPEDIENTE,,11,6,010101,AMAZONAS,CHACHAPOYAS,CHACHAPOYAS,25/03/2026
ENERO - FEBRERO,2026,05/03/2026,AMAZONAS,SUPERIOR,FAMILIA,VIOLENCIA FAMILIAR,INCIDENTE,,17,16,010101,AMAZONAS,CHACHAPOYAS,CHACHAPOYAS,25/03/2026
ENERO - FEBRERO,2026,05/03/2026,AMAZONAS,SUPERIOR,PENAL,PENAL,APELACION DENUNCIA,,99,95,010101,AMAZONAS,CHACHAPOYAS,CHACHAPOYAS,25/03/2026
ENERO - FEBRERO,2026,05/03/2026,AMAZONAS,SUPERIOR,PENAL,PENAL,CONSULTAS,,16,15,010101,AMAZONAS,CHACHAPOYAS,CHACHAPOYAS,25/03/2026
ENERO - FEBRERO,2026,05/03/2026,AMAZONAS,SUPERIOR,PENAL,PENAL,DENUNCIA,,9,9,010101,AMAZONAS,CHACHAPOYAS,CHACHAPOYAS,25/03/2026
ENERO - FEBRERO,2026,05/03/2026,AMAZONAS,SUPERIOR,PENAL,PENAL,EXCLUSION FISCAL,,4,4,010101,AMAZONAS,CHACHAPOYAS,CHACHAPOYAS,25/03/2026
ENERO - FEBRERO,2026,05/03/2026,AMAZONAS,SUPERIOR,PENAL,PENAL,EXPEDIENTE,,5,2,010101,AMAZONAS,CHACHAPOYAS,CHACHAPOYAS,25/03/2026
ENERO - FEBRERO,2026,05/03/2026,AMAZONAS,SUPERIOR,PENAL,PENAL,QUEJAS,,75,63,010101,AMAZONAS,CHACHAPOYAS,CHACHAPOYAS,25/03/2026
ENERO - FEBRERO,2026,05/03/2026,ANCASH,PROVINCIAL,CIVIL,CIVIL,EXPEDIENTE,,5,5,020101,ANCASH,HUARAZ,HUARAZ,25/03/2026
ENERO - FEBRERO,2026,05/03/2026,ANCASH,PROVINCIAL,FAMILIA,ACTOS CONTRA LA LIBERTAD SEXUAL,DENUNCIA,,7,2,020101,ANCASH,HUARAZ,HUARAZ,25/03/2026
ENERO - FEBRERO,2026,05/03/2026,ANCASH,PROVINCIAL,FAMILIA,FAMILIA CIVIL,EXPEDIENTE,,98,76,020101,ANCASH,HUARAZ,HUARAZ,25/03/2026
ENERO - FEBRERO,2026,05/03/2026,ANCASH,PROVINCIAL,FAMILIA,FAMILIA PENAL,DENUNCIA,,79,55,020101,ANCASH,HUARAZ,HUARAZ,25/03/2026
ENERO - FEBRERO,2026,05/03/2026,ANCASH,PROVINCIAL,FAMILIA,FAMILIA PENAL,EXPEDIENTE,,9,8,020101,ANCASH,HUARAZ,HUARAZ,25/03/2026
ENERO - FEBRERO,2026,05/03/2026,ANCASH,PROVINCIAL,FAMILIA,FAMILIA TUTELAR,DENUNCIA,,98,63,020101,ANCASH,HUARAZ,HUARAZ,25/03/2026
ENERO - FEBRERO,2026,05/03/2026,ANCASH,PROVINCIAL,FAMILIA,FAMILIA TUTELAR,EXPEDIENTE,,9,9,020101,ANCASH,HUARAZ,HUARAZ,25/03/2026
ENERO - FEBRERO,2026,05/03/2026,ANCASH,PROVINCIAL,FAMILIA,VIOLENCIA FAMILIAR,DENUNCIA,,5,4,020101,ANCASH,HUARAZ,HUARAZ,25/03/2026
ENERO - FEBRERO,2026,05/03/2026,ANCASH,PROVINCIAL,PENAL,PENAL,DENUNCIA,DELITOS DE CORRUPCION DE FUNCIONARIOS,175,148,020101,ANCASH,HUARAZ,HUARAZ,25/03/2026
ENERO - FEBRERO,2026,05/03/2026,ANCASH,PROVINCIAL,PENAL,PENAL,DENUNCIA,MATERIA AMBIENTAL,33,32,020101,ANCASH,HUARAZ,HUARAZ,25/03/2026
ENERO - FEBRERO,2026,05/03/2026,ANCASH,PROVINCIAL,PENAL,PENAL,DENUNCIA,VIOLENCIA CONTRA LA MUJER Y LOS INTEGRANTES DEL GRUPO FAMILIAR,552,533,020101,ANCASH,HUARAZ,HUARAZ,25/03/2026
ENERO - FEBRERO,2026,05/03/2026,ANCASH,PROVINCIAL,PENAL,PENAL,DENUNCIA,,2919,2711,020101,ANCASH,HUARAZ,HUARAZ,25/03/2026
ENERO - FEBRERO,2026,05/03/2026,ANCASH,PROVINCIAL,PENAL,PENAL,EXPEDIENTE,,1,1,020101,ANCASH,HUARAZ,HUARAZ,25/03/2026
ENERO - FEBRERO,2026,05/03/2026,ANCASH,PROVINCIAL,PENAL,PENAL,INVESTIGACION PREVENTIVA,,23,21,020101,ANCASH,HUARAZ,HUARAZ,25/03/2026
ENERO - FEBRERO,2026,05/03/2026,ANCASH,SUPERIOR,CIVIL,CIVIL,EXPEDIENTE,,3,3,020101,ANCASH,HUARAZ,HUARAZ,25/03/2026
ENERO - FEBRERO,2026,05/03/2026,ANCASH,SUPERIOR,FAMILIA,FAMILIA CIVIL,EXPEDIENTE,,31,30,020101,ANCASH,HUARAZ,HUARAZ,25/03/2026
ENERO - FEBRERO,2026,05/03/2026,ANCASH,SUPERIOR,FAMILIA,FAMILIA PENAL,EXPEDIENTE,,4,4,020101,ANCASH,HUARAZ,HUARAZ,25/03/2026
ENERO - FEBRERO,2026,05/03/2026,ANCASH,SUPERIOR,FAMILIA,FAMILIA TUTELAR,EXPEDIENTE,,3,3,020101,ANCASH,HUARAZ,HUARAZ,25/03/2026
ENERO - FEBRERO,2026,05/03/2026,ANCASH,SUPERIOR,FAMILIA,VIOLENCIA FAMILIAR,EXPEDIENTE,,32,32,020101,ANCASH,HUARAZ,HUARAZ,25/03/2026
ENERO - FEBRERO,2026,05/03/2026,ANCASH,SUPERIOR,FAMILIA,VIOLENCIA FAMILIAR,INCIDENTE,,5,4,020101,ANCASH,HUARAZ,HUARAZ,25/03/2026
ENERO - FEBRERO,2026,05/03/2026,ANCASH,SUPERIOR,PENAL,PENAL,APELACION DENUNCIA,DELITOS DE CORRUPCION DE FUNCIONARIOS,28,27,020101,ANCASH,HUARAZ,HUARAZ,25/03/2026
ENERO - FEBRERO,2026,05/03/2026,ANCASH,SUPERIOR,PENAL,PENAL,APELACION DENUNCIA,,175,127,020101,ANCASH,HUARAZ,HUARAZ,25/03/2026
ENERO - FEBRERO,2026,05/03/2026,ANCASH,SUPERIOR,PENAL,PENAL,APELACION EXPEDIENTE,,2,2,020101,ANCASH,HUARAZ,HUARAZ,25/03/2026
ENERO - FEBRERO,2026,05/03/2026,ANCASH,SUPERIOR,PENAL,PENAL,CONSULTAS,DELITOS DE CORRUPCION DE FUNCIONARIOS,7,7,020101,ANCASH,HUARAZ,HUARAZ,25/03/2026
ENERO - FEBRERO,2026,05/03/2026,ANCASH,SUPERIOR,PENAL,PENAL,CONSULTAS,,59,59,020101,ANCASH,HUARAZ,HUARAZ,25/03/2026
ENERO - FEBRERO,2026,05/03/2026,ANCASH,SUPERIOR,PENAL,PENAL,DENUNCIA,DELITOS DE CORRUPCION DE FUNCIONARIOS,10,10,020101,ANCASH,HUARAZ,HUARAZ,25/03/2026
ENERO - FEBRERO,2026,05/03/2026,ANCASH,SUPERIOR,PENAL,PENAL,DENUNCIA,,18,18,020101,ANCASH,HUARAZ,HUARAZ,25/03/2026
ENERO - FEBRERO,2026,05/03/2026,ANCASH,SUPERIOR,PENAL,PENAL,EXCLUSION FISCAL,DELITOS DE CORRUPCION DE FUNCIONARIOS,5,5,020101,ANCASH,HUARAZ,HUARAZ,25/03/2026
ENERO - FEBRERO,2026,05/03/2026,ANCASH,SUPERIOR,PENAL,PENAL,EXCLUSION FISCAL,,7,7,020101,ANCASH,HUARAZ,HUARAZ,25/03/2026
ENERO - FEBRERO,2026,05/03/2026,ANCASH,SUPERIOR,PENAL,PENAL,EXPEDIENTE,DELITOS DE CORRUPCION DE FUNCIONARIOS,3,3,020101,ANCASH,HUARAZ,HUARAZ,25/03/2026
ENERO - FEBRERO,2026,05/03/2026,ANCASH,SUPERIOR,PENAL,PENAL,EXPEDIENTE,,2,2,020101,ANCASH,HUARAZ,HUARAZ,25/03/2026
ENERO - FEBRERO,2026,05/03/2026,ANCASH,SUPERIOR,PENAL,PENAL,INCIDENTE-EXPEDIENTE,,2,2,020101,ANCASH,HUARAZ,HUARAZ,25/03/2026
ENERO - FEBRERO,2026,05/03/2026,ANCASH,SUPERIOR,PENAL,PENAL,QUEJAS,DELITOS DE CORRUPCION DE FUNCIONARIOS,27,26,020101,ANCASH,HUARAZ,HUARAZ,25/03/2026
ENERO - FEBRERO,2026,05/03/2026,ANCASH,SUPERIOR,PENAL,PENAL,QUEJAS,,266,263,020101,ANCASH,HUARAZ,HUARAZ,25/03/2026
ENERO - FEBRERO,2026,05/03/2026,APURIMAC,PROVINCIAL,CIVIL,CIVIL,EXPEDIENTE,,8,4,030101,APURIMAC,ABANCAY,ABANCAY,25/03/2026
ENERO - FEBRERO,2026,05/03/2026,APURIMAC,PROVINCIAL,FAMILIA,FAMILIA CIVIL,EXPEDIENTE,,84,70,030101,APURIMAC,ABANCAY,ABANCAY,25/03/2026
ENERO - FEBRERO,2026,05/03/2026,APURIMAC,PROVINCIAL,FAMILIA,FAMILIA PENAL,DENUNCIA,,84,55,030101,APURIMAC,ABANCAY,ABANCAY,25/03/2026
ENERO - FEBRERO,2026,05/03/2026,APURIMAC,PROVINCIAL,FAMILIA,FAMILIA PENAL,EXPEDIENTE,,12,8,030101,APURIMAC,ABANCAY,ABANCAY,25/03/2026
ENERO - FEBRERO,2026,05/03/2026,APURIMAC,PROVINCIAL,FAMILIA,FAMILIA TUTELAR,DENUNCIA,,579,524,030101,APURIMAC,ABANCAY,ABANCAY,25/03/2026
ENERO - FEBRERO,2026,05/03/2026,APURIMAC,PROVINCIAL,FAMILIA,FAMILIA TUTELAR,EXPEDIENTE,,47,45,030101,APURIMAC,ABANCAY,ABANCAY,25/03/2026
ENERO - FEBRERO,2026,05/03/2026,APURIMAC,PROVINCIAL,FAMILIA,VIOLENCIA FAMILIAR,DENUNCIA,,4,2,030101,APURIMAC,ABANCAY,ABANCAY,25/03/2026
ENERO - FEBRERO,2026,05/03/2026,APURIMAC,PROVINCIAL,PENAL,PENAL,DENUNCIA,CONTRA LA CRIMINALIDAD ORGANIZADA,8,8,030101,APURIMAC,ABANCAY,ABANCAY,25/03/2026
ENERO - FEBRERO,2026,05/03/2026,APURIMAC,PROVINCIAL,PENAL,PENAL,DENUNCIA,DELITOS DE CORRUPCION DE FUNCIONARIOS,46,42,030101,APURIMAC,ABANCAY,ABANCAY,25/03/2026
ENERO - FEBRERO,2026,05/03/2026,APURIMAC,PROVINCIAL,PENAL,PENAL,DENUNCIA,DELITOS DE TRAFICO ILICITO DE DROGAS,7,7,030101,APURIMAC,ABANCAY,ABANCAY,25/03/2026
ENERO - FEBRERO,2026,05/03/2026,APURIMAC,PROVINCIAL,PENAL,PENAL,DENUNCIA,MATERIA AMBIENTAL,31,21,030101,APURIMAC,ABANCAY,ABANCAY,25/03/2026
ENERO - FEBRERO,2026,05/03/2026,APURIMAC,PROVINCIAL,PENAL,PENAL,DENUNCIA,,2872,2056,030101,APURIMAC,ABANCAY,ABANCAY,25/03/2026
ENERO - FEBRERO,2026,05/03/2026,APURIMAC,PROVINCIAL,PENAL,PENAL,EXPEDIENTE,,1,1,030101,APURIMAC,ABANCAY,ABANCAY,25/03/2026
ENERO - FEBRERO,2026,05/03/2026,APURIMAC,PROVINCIAL,PENAL,PENAL,INVESTIGACION PREVENTIVA,,19,13,030101,APURIMAC,ABANCAY,ABANCAY,25/03/2026
ENERO - FEBRERO,2026,05/03/2026,APURIMAC,SUPERIOR,FAMILIA,FAMILIA CIVIL,EXPEDIENTE,,17,17,030101,APURIMAC,ABANCAY,ABANCAY,25/03/2026
ENERO - FEBRERO,2026,05/03/2026,APURIMAC,SUPERIOR,FAMILIA,FAMILIA CIVIL,INCIDENTE,,6,6,030101,APURIMAC,ABANCAY,ABANCAY,25/03/2026
ENERO - FEBRERO,2026,05/03/2026,APURIMAC,SUPERIOR,FAMILIA,FAMILIA TUTELAR,EXPEDIENTE,,3,3,030101,APURIMAC,ABANCAY,ABANCAY,25/03/2026
ENERO - FEBRERO,2026,05/03/2026,APURIMAC,SUPERIOR,FAMILIA,VIOLENCIA FAMILIAR,INCIDENTE,,5,5,030101,APURIMAC,ABANCAY,ABANCAY,25/03/2026
ENERO - FEBRERO,2026,05/03/2026,APURIMAC,SUPERIOR,PENAL,PENAL,APELACION DENUNCIA,DELITOS DE CORRUPCION DE FUNCIONARIOS,18,18,030101,APURIMAC,ABANCAY,ABANCAY,25/03/2026
ENERO - FEBRERO,2026,05/03/2026,APURIMAC,SUPERIOR,PENAL,PENAL,APELACION DENUNCIA,,85,71,030101,APURIMAC,ABANCAY,ABANCAY,25/03/2026
ENERO - FEBRERO,2026,05/03/2026,APURIMAC,SUPERIOR,PENAL,PENAL,APELACION EXPEDIENTE,,1,1,030101,APURIMAC,ABANCAY,ABANCAY,25/03/2026
ENERO - FEBRERO,2026,05/03/2026,APURIMAC,SUPERIOR,PENAL,PENAL,CONSULTAS,DELITOS DE CORRUPCION DE FUNCIONARIOS,1,1,030101,APURIMAC,ABANCAY,ABANCAY,25/03/2026
ENERO - FEBRERO,2026,05/03/2026,APURIMAC,SUPERIOR,PENAL,PENAL,CONSULTAS,,20,19,030101,APURIMAC,ABANCAY,ABANCAY,25/03/2026
ENERO - FEBRERO,2026,05/03/2026,APURIMAC,SUPERIOR,PENAL,PENAL,DENUNCIA,DELITOS DE CORRUPCION DE FUNCIONARIOS,3,3,030101,APURIMAC,ABANCAY,ABANCAY,25/03/2026
ENERO - FEBRERO,2026,05/03/2026,APURIMAC,SUPERIOR,PENAL,PENAL,DENUNCIA,,11,11,030101,APURIMAC,ABANCAY,ABANCAY,25/03/2026
ENERO - FEBRERO,2026,05/03/2026,APURIMAC,SUPERIOR,PENAL,PENAL,EXCLUSION FISCAL,,1,1,030101,APURIMAC,ABANCAY,ABANCAY,25/03/2026
ENERO - FEBRERO,2026,05/03/2026,APURIMAC,SUPERIOR,PENAL,PENAL,EXPEDIENTE,,2,1,030101,APURIMAC,ABANCAY,ABANCAY,25/03/2026
ENERO - FEBRERO,2026,05/03/2026,APURIMAC,SUPERIOR,PENAL,PENAL,QUEJAS,DELITOS DE CORRUPCION DE FUNCIONARIOS,4,4,030101,APURIMAC,ABANCAY,ABANCAY,25/03/2026
ENERO - FEBRERO,2026,05/03/2026,APURIMAC,SUPERIOR,PENAL,PENAL,QUEJAS,,97,79,030101,APURIMAC,ABANCAY,ABANCAY,25/03/2026
ENERO - FEBRERO,2026,05/03/2026,AREQUIPA,PROVINCIAL,CIVIL,CIVIL,EXPEDIENTE,,19,8,040101,AREQUIPA,AREQUIPA,AREQUIPA,25/03/2026
ENERO - FEBRERO,2026,05/03/2026,AREQUIPA,PROVINCIAL,FAMILIA,FAMILIA CIVIL,EXPEDIENTE,,235,222,040101,AREQUIPA,AREQUIPA,AREQUIPA,25/03/2026
ENERO - FEBRERO,2026,05/03/2026,AREQUIPA,PROVINCIAL,FAMILIA,FAMILIA PENAL,DENUNCIA,,176,142,040101,AREQUIPA,AREQUIPA,AREQUIPA,25/03/2026
ENERO - FEBRERO,2026,05/03/2026,AREQUIPA,PROVINCIAL,FAMILIA,FAMILIA PENAL,EXPEDIENTE,,13,12,040101,AREQUIPA,AREQUIPA,AREQUIPA,25/03/2026
ENERO - FEBRERO,2026,05/03/2026,AREQUIPA,PROVINCIAL,FAMILIA,FAMILIA TUTELAR,DENUNCIA,,120,96,040101,AREQUIPA,AREQUIPA,AREQUIPA,25/03/2026
ENERO - FEBRERO,2026,05/03/2026,AREQUIPA,PROVINCIAL,FAMILIA,FAMILIA TUTELAR,EXPEDIENTE,,33,33,040101,AREQUIPA,AREQUIPA,AREQUIPA,25/03/2026
ENERO - FEBRERO,2026,05/03/2026,AREQUIPA,PROVINCIAL,PENAL,PENAL,DENUNCIA,CONTRA LA CRIMINALIDAD ORGANIZADA,14,12,040101,AREQUIPA,AREQUIPA,AREQUIPA,25/03/2026
ENERO - FEBRERO,2026,05/03/2026,AREQUIPA,PROVINCIAL,PENAL,PENAL,DENUNCIA,DELITOS DE CIBERDELINCUENCIA,333,306,040101,AREQUIPA,AREQUIPA,AREQUIPA,25/03/2026
ENERO - FEBRERO,2026,05/03/2026,AREQUIPA,PROVINCIAL,PENAL,PENAL,DENUNCIA,DELITOS DE CORRUPCION DE FUNCIONARIOS,92,34,040101,AREQUIPA,AREQUIPA,AREQUIPA,25/03/2026
ENERO - FEBRERO,2026,05/03/2026,AREQUIPA,PROVINCIAL,PENAL,PENAL,DENUNCIA,DELITOS DE TRATA DE PERSONAS,31,20,040101,AREQUIPA,AREQUIPA,AREQUIPA,25/03/2026
ENERO - FEBRERO,2026,05/03/2026,AREQUIPA,PROVINCIAL,PENAL,PENAL,DENUNCIA,LAVADO DE ACTIVOS Y PERDIDA DE DOMINIO,25,22,040101,AREQUIPA,AREQUIPA,AREQUIPA,25/03/2026
ENERO - FEBRERO,2026,05/03/2026,AREQUIPA,PROVINCIAL,PENAL,PENAL,DENUNCIA,MATERIA AMBIENTAL,61,61,040101,AREQUIPA,AREQUIPA,AREQUIPA,25/03/2026
ENERO - FEBRERO,2026,05/03/2026,AREQUIPA,PROVINCIAL,PENAL,PENAL,DENUNCIA,VIOLENCIA CONTRA LA MUJER Y LOS INTEGRANTES DEL GRUPO FAMILIAR,3064,2849,040101,AREQUIPA,AREQUIPA,AREQUIPA,25/03/2026
ENERO - FEBRERO,2026,05/03/2026,AREQUIPA,PROVINCIAL,PENAL,PENAL,DENUNCIA,,9061,6222,040101,AREQUIPA,AREQUIPA,AREQUIPA,25/03/2026
ENERO - FEBRERO,2026,05/03/2026,AREQUIPA,PROVINCIAL,PENAL,PENAL,INVESTIGACION PREVENTIVA,MATERIA AMBIENTAL,1,1,040101,AREQUIPA,AREQUIPA,AREQUIPA,25/03/2026
ENERO - FEBRERO,2026,05/03/2026,AREQUIPA,PROVINCIAL,PENAL,PENAL,INVESTIGACION PREVENTIVA,,19,17,040101,AREQUIPA,AREQUIPA,AREQUIPA,25/03/2026
ENERO - FEBRERO,2026,05/03/2026,AREQUIPA,SUPERIOR,CIVIL,CIVIL,EXPEDIENTE,,20,20,040101,AREQUIPA,AREQUIPA,AREQUIPA,25/03/2026
ENERO - FEBRERO,2026,05/03/2026,AREQUIPA,SUPERIOR,FAMILIA,FAMILIA CIVIL,EXPEDIENTE,,82,64,040101,AREQUIPA,AREQUIPA,AREQUIPA,25/03/2026
ENERO - FEBRERO,2026,05/03/2026,AREQUIPA,SUPERIOR,FAMILIA,FAMILIA CIVIL,INCIDENTE,,4,4,040101,AREQUIPA,AREQUIPA,AREQUIPA,25/03/2026
ENERO - FEBRERO,2026,05/03/2026,AREQUIPA,SUPERIOR,FAMILIA,FAMILIA PENAL,EXPEDIENTE,,7,6,040101,AREQUIPA,AREQUIPA,AREQUIPA,25/03/2026
ENERO - FEBRERO,2026,05/03/2026,AREQUIPA,SUPERIOR,FAMILIA,FAMILIA TUTELAR,EXPEDIENTE,,8,8,040101,AREQUIPA,AREQUIPA,AREQUIPA,25/03/2026
ENERO - FEBRERO,2026,05/03/2026,AREQUIPA,SUPERIOR,FAMILIA,VIOLENCIA FAMILIAR,EXPEDIENTE,,204,146,040101,AREQUIPA,AREQUIPA,AREQUIPA,25/03/2026
ENERO - FEBRERO,2026,05/03/2026,AREQUIPA,SUPERIOR,FAMILIA,VIOLENCIA FAMILIAR,INCIDENTE,,1,1,040101,AREQUIPA,AREQUIPA,AREQUIPA,25/03/2026
ENERO - FEBRERO,2026,05/03/2026,AREQUIPA,SUPERIOR,PENAL,PENAL,APELACION DENUNCIA,VIOLENCIA CONTRA LA MUJER Y LOS INTEGRANTES DEL GRUPO FAMILIAR,40,37,040101,AREQUIPA,AREQUIPA,AREQUIPA,25/03/2026
ENERO - FEBRERO,2026,05/03/2026,AREQUIPA,SUPERIOR,PENAL,PENAL,APELACION DENUNCIA,,265,190,040101,AREQUIPA,AREQUIPA,AREQUIPA,25/03/2026
ENERO - FEBRERO,2026,05/03/2026,AREQUIPA,SUPERIOR,PENAL,PENAL,CONSULTAS,VIOLENCIA CONTRA LA MUJER Y LOS INTEGRANTES DEL GRUPO FAMILIAR,32,29,040101,AREQUIPA,AREQUIPA,AREQUIPA,25/03/2026
ENERO - FEBRERO,2026,05/03/2026,AREQUIPA,SUPERIOR,PENAL,PENAL,CONSULTAS,,50,43,040101,AREQUIPA,AREQUIPA,AREQUIPA,25/03/2026
ENERO - FEBRERO,2026,05/03/2026,AREQUIPA,SUPERIOR,PENAL,PENAL,DENUNCIA,,28,21,040101,AREQUIPA,AREQUIPA,AREQUIPA,25/03/2026
ENERO - FEBRERO,2026,05/03/2026,AREQUIPA,SUPERIOR,PENAL,PENAL,EXCLUSION FISCAL,VIOLENCIA CONTRA LA MUJER Y LOS INTEGRANTES DEL GRUPO FAMILIAR,4,4,040101,AREQUIPA,AREQUIPA,AREQUIPA,25/03/2026
ENERO - FEBRERO,2026,05/03/2026,AREQUIPA,SUPERIOR,PENAL,PENAL,EXCLUSION FISCAL,,13,10,040101,AREQUIPA,AREQUIPA,AREQUIPA,25/03/2026
ENERO - FEBRERO,2026,05/03/2026,AREQUIPA,SUPERIOR,PENAL,PENAL,EXPEDIENTE,,5,2,040101,AREQUIPA,AREQUIPA,AREQUIPA,25/03/2026
ENERO - FEBRERO,2026,05/03/2026,AREQUIPA,SUPERIOR,PENAL,PENAL,INCIDENTE-EXPEDIENTE,,2,2,040101,AREQUIPA,AREQUIPA,AREQUIPA,25/03/2026
ENERO - FEBRERO,2026,05/03/2026,AREQUIPA,SUPERIOR,PENAL,PENAL,QUEJAS,VIOLENCIA CONTRA LA MUJER Y LOS INTEGRANTES DEL GRUPO FAMILIAR,84,34,040101,AREQUIPA,AREQUIPA,AREQUIPA,25/03/2026
ENERO - FEBRERO,2026,05/03/2026,AREQUIPA,SUPERIOR,PENAL,PENAL,QUEJAS,,448,445,040101,AREQUIPA,AREQUIPA,AREQUIPA,25/03/2026
ENERO - FEBRERO,2026,05/03/2026,AYACUCHO,PROVINCIAL,CIVIL,CIVIL,EXPEDIENTE,,7,6,050110,AYACUCHO,HUAMANGA,SAN JUAN BAUTISTA,25/03/2026
ENERO - FEBRERO,2026,05/03/2026,AYACUCHO,PROVINCIAL,FAMILIA,ACTOS CONTRA LA LIBERTAD SEXUAL,DENUNCIA,,15,12,050110,AYACUCHO,HUAMANGA,SAN JUAN BAUTISTA,25/03/2026
ENERO - FEBRERO,2026,05/03/2026,AYACUCHO,PROVINCIAL,FAMILIA,FAMILIA CIVIL,EXPEDIENTE,,68,54,050110,AYACUCHO,HUAMANGA,SAN JUAN BAUTISTA,25/03/2026
ENERO - FEBRERO,2026,05/03/2026,AYACUCHO,PROVINCIAL,FAMILIA,FAMILIA PENAL,DENUNCIA,,69,42,050110,AYACUCHO,HUAMANGA,SAN JUAN BAUTISTA,25/03/2026
ENERO - FEBRERO,2026,05/03/2026,AYACUCHO,PROVINCIAL,FAMILIA,FAMILIA PENAL,EXPEDIENTE,,22,15,050110,AYACUCHO,HUAMANGA,SAN JUAN BAUTISTA,25/03/2026
ENERO - FEBRERO,2026,05/03/2026,AYACUCHO,PROVINCIAL,FAMILIA,FAMILIA TUTELAR,DENUNCIA,,323,122,050110,AYACUCHO,HUAMANGA,SAN JUAN BAUTISTA,25/03/2026
ENERO - FEBRERO,2026,05/03/2026,AYACUCHO,PROVINCIAL,FAMILIA,FAMILIA TUTELAR,EXPEDIENTE,,25,15,050110,AYACUCHO,HUAMANGA,SAN JUAN BAUTISTA,25/03/2026
ENERO - FEBRERO,2026,05/03/2026,AYACUCHO,PROVINCIAL,FAMILIA,VIOLENCIA FAMILIAR,DENUNCIA,,20,14,050110,AYACUCHO,HUAMANGA,SAN JUAN BAUTISTA,25/03/2026
ENERO - FEBRERO,2026,05/03/2026,AYACUCHO,PROVINCIAL,FAMILIA,VIOLENCIA FAMILIAR,EXPEDIENTE,,5,5,050110,AYACUCHO,HUAMANGA,SAN JUAN BAUTISTA,25/03/2026
ENERO - FEBRERO,2026,05/03/2026,AYACUCHO,PROVINCIAL,PENAL,PENAL,DENUNCIA,CONTRA LA CRIMINALIDAD ORGANIZADA,24,22,050110,AYACUCHO,HUAMANGA,SAN JUAN BAUTISTA,25/03/2026
ENERO - FEBRERO,2026,05/03/2026,AYACUCHO,PROVINCIAL,PENAL,PENAL,DENUNCIA,DELITOS DE CORRUPCION DE FUNCIONARIOS,154,141,050110,AYACUCHO,HUAMANGA,SAN JUAN BAUTISTA,25/03/2026
ENERO - FEBRERO,2026,05/03/2026,AYACUCHO,PROVINCIAL,PENAL,PENAL,DENUNCIA,DELITOS DE TRAFICO ILICITO DE DROGAS,74,71,050110,AYACUCHO,HUAMANGA,SAN JUAN BAUTISTA,25/03/2026
ENERO - FEBRERO,2026,05/03/2026,AYACUCHO,PROVINCIAL,PENAL,PENAL,DENUNCIA,MATERIA AMBIENTAL,47,31,050110,AYACUCHO,HUAMANGA,SAN JUAN BAUTISTA,25/03/2026
ENERO - FEBRERO,2026,05/03/2026,AYACUCHO,PROVINCIAL,PENAL,PENAL,DENUNCIA,,4732,3375,050110,AYACUCHO,HUAMANGA,SAN JUAN BAUTISTA,25/03/2026
ENERO - FEBRERO,2026,05/03/2026,AYACUCHO,PROVINCIAL,PENAL,PENAL,EXPEDIENTE,DELITOS DE TRAFICO ILICITO DE DROGAS,1,0,050110,AYACUCHO,HUAMANGA,SAN JUAN BAUTISTA,25/03/2026
ENERO - FEBRERO,2026,05/03/2026,AYACUCHO,PROVINCIAL,PENAL,PENAL,INVESTIGACION PREVENTIVA,MATERIA AMBIENTAL,17,10,050110,AYACUCHO,HUAMANGA,SAN JUAN BAUTISTA,25/03/2026
ENERO - FEBRERO,2026,05/03/2026,AYACUCHO,PROVINCIAL,PENAL,PENAL,INVESTIGACION PREVENTIVA,,40,26,050110,AYACUCHO,HUAMANGA,SAN JUAN BAUTISTA,25/03/2026
ENERO - FEBRERO,2026,05/03/2026,AYACUCHO,PROVINCIAL,PENAL,PENAL,INVESTIGACION,,2,2,050110,AYACUCHO,HUAMANGA,SAN JUAN BAUTISTA,25/03/2026
ENERO - FEBRERO,2026,05/03/2026,AYACUCHO,SUPERIOR,FAMILIA,FAMILIA CIVIL,EXPEDIENTE,,3,3,050110,AYACUCHO,HUAMANGA,SAN JUAN BAUTISTA,25/03/2026
ENERO - FEBRERO,2026,05/03/2026,AYACUCHO,SUPERIOR,FAMILIA,FAMILIA CIVIL,INCIDENTE,,1,1,050110,AYACUCHO,HUAMANGA,SAN JUAN BAUTISTA,25/03/2026
ENERO - FEBRERO,2026,05/03/2026,AYACUCHO,SUPERIOR,FAMILIA,FAMILIA PENAL,EXPEDIENTE,,4,4,050110,AYACUCHO,HUAMANGA,SAN JUAN BAUTISTA,25/03/2026
ENERO - FEBRERO,2026,05/03/2026,AYACUCHO,SUPERIOR,FAMILIA,VIOLENCIA FAMILIAR,EXPEDIENTE,,35,35,050110,AYACUCHO,HUAMANGA,SAN JUAN BAUTISTA,25/03/2026
ENERO - FEBRERO,2026,05/03/2026,AYACUCHO,SUPERIOR,FAMILIA,VIOLENCIA FAMILIAR,INCIDENTE,,6,6,050110,AYACUCHO,HUAMANGA,SAN JUAN BAUTISTA,25/03/2026
ENERO - FEBRERO,2026,05/03/2026,AYACUCHO,SUPERIOR,PENAL,PENAL,APELACION DENUNCIA,DELITOS DE CORRUPCION DE FUNCIONARIOS,16,16,050110,AYACUCHO,HUAMANGA,SAN JUAN BAUTISTA,25/03/2026
ENERO - FEBRERO,2026,05/03/2026,AYACUCHO,SUPERIOR,PENAL,PENAL,APELACION DENUNCIA,,139,139,050110,AYACUCHO,HUAMANGA,SAN JUAN BAUTISTA,25/03/2026
ENERO - FEBRERO,2026,05/03/2026,AYACUCHO,SUPERIOR,PENAL,PENAL,CONSULTAS,DELITOS DE CORRUPCION DE FUNCIONARIOS,20,20,050110,AYACUCHO,HUAMANGA,SAN JUAN BAUTISTA,25/03/2026
ENERO - FEBRERO,2026,05/03/2026,AYACUCHO,SUPERIOR,PENAL,PENAL,CONSULTAS,,24,24,050110,AYACUCHO,HUAMANGA,SAN JUAN BAUTISTA,25/03/2026
ENERO - FEBRERO,2026,05/03/2026,AYACUCHO,SUPERIOR,PENAL,PENAL,DENUNCIA,DELITOS DE CORRUPCION DE FUNCIONARIOS,5,5,050110,AYACUCHO,HUAMANGA,SAN JUAN BAUTISTA,25/03/2026
ENERO - FEBRERO,2026,05/03/2026,AYACUCHO,SUPERIOR,PENAL,PENAL,DENUNCIA,,13,13,050110,AYACUCHO,HUAMANGA,SAN JUAN BAUTISTA,25/03/2026
ENERO - FEBRERO,2026,05/03/2026,AYACUCHO,SUPERIOR,PENAL,PENAL,EXCLUSION FISCAL,,6,6,050110,AYACUCHO,HUAMANGA,SAN JUAN BAUTISTA,25/03/2026
ENERO - FEBRERO,2026,05/03/2026,AYACUCHO,SUPERIOR,PENAL,PENAL,EXPEDIENTE,,26,21,050110,AYACUCHO,HUAMANGA,SAN JUAN BAUTISTA,25/03/2026
ENERO - FEBRERO,2026,05/03/2026,AYACUCHO,SUPERIOR,PENAL,PENAL,INCIDENTE-EXPEDIENTE,,2,2,050110,AYACUCHO,HUAMANGA,SAN JUAN BAUTISTA,25/03/2026
ENERO - FEBRERO,2026,05/03/2026,AYACUCHO,SUPERIOR,PENAL,PENAL,QUEJAS,DELITOS DE CORRUPCION DE FUNCIONARIOS,9,9,050110,AYACUCHO,HUAMANGA,SAN JUAN BAUTISTA,25/03/2026
ENERO - FEBRERO,2026,05/03/2026,AYACUCHO,SUPERIOR,PENAL,PENAL,QUEJAS,,180,175,050110,AYACUCHO,HUAMANGA,SAN JUAN BAUTISTA,25/03/2026
ENERO - FEBRERO,2026,05/03/2026,CAJAMARCA,PROVINCIAL,CIVIL,CIVIL,EXPEDIENTE,,15,12,060101,CAJAMARCA,CAJAMARCA,CAJAMARCA,25/03/2026
ENERO - FEBRERO,2026,05/03/2026,CAJAMARCA,PROVINCIAL,FAMILIA,FAMILIA CIVIL,EXPEDIENTE,,102,86,060101,CAJAMARCA,CAJAMARCA,CAJAMARCA,25/03/2026
ENERO - FEBRERO,2026,05/03/2026,CAJAMARCA,PROVINCIAL,FAMILIA,FAMILIA PENAL,DENUNCIA,,91,74,060101,CAJAMARCA,CAJAMARCA,CAJAMARCA,25/03/2026
ENERO - FEBRERO,2026,05/03/2026,CAJAMARCA,PROVINCIAL,FAMILIA,FAMILIA PENAL,EXPEDIENTE,,6,6,060101,CAJAMARCA,CAJAMARCA,CAJAMARCA,25/03/2026
ENERO - FEBRERO,2026,05/03/2026,CAJAMARCA,PROVINCIAL,FAMILIA,FAMILIA TUTELAR,DENUNCIA,,174,153,060101,CAJAMARCA,CAJAMARCA,CAJAMARCA,25/03/2026
ENERO - FEBRERO,2026,05/03/2026,CAJAMARCA,PROVINCIAL,FAMILIA,FAMILIA TUTELAR,EXPEDIENTE,,10,10,060101,CAJAMARCA,CAJAMARCA,CAJAMARCA,25/03/2026
ENERO - FEBRERO,2026,05/03/2026,CAJAMARCA,PROVINCIAL,FAMILIA,VIOLENCIA FAMILIAR,DENUNCIA,,1,1,060101,CAJAMARCA,CAJAMARCA,CAJAMARCA,25/03/2026
ENERO - FEBRERO,2026,05/03/2026,CAJAMARCA,PROVINCIAL,PENAL,PENAL,DENUNCIA,CONTRA LA CRIMINALIDAD ORGANIZADA,12,12,060101,CAJAMARCA,CAJAMARCA,CAJAMARCA,25/03/2026
ENERO - FEBRERO,2026,05/03/2026,CAJAMARCA,PROVINCIAL,PENAL,PENAL,DENUNCIA,DELITOS DE CORRUPCION DE FUNCIONARIOS,76,62,060101,CAJAMARCA,CAJAMARCA,CAJAMARCA,25/03/2026
ENERO - FEBRERO,2026,05/03/2026,CAJAMARCA,PROVINCIAL,PENAL,PENAL,DENUNCIA,MATERIA AMBIENTAL,43,40,060101,CAJAMARCA,CAJAMARCA,CAJAMARCA,25/03/2026
ENERO - FEBRERO,2026,05/03/2026,CAJAMARCA,PROVINCIAL,PENAL,PENAL,DENUNCIA,VIOLENCIA CONTRA LA MUJER Y LOS INTEGRANTES DEL GRUPO FAMILIAR,478,460,060101,CAJAMARCA,CAJAMARCA,CAJAMARCA,25/03/2026
ENERO - FEBRERO,2026,05/03/2026,CAJAMARCA,PROVINCIAL,PENAL,PENAL,DENUNCIA,,3150,2724,060101,CAJAMARCA,CAJAMARCA,CAJAMARCA,25/03/2026
ENERO - FEBRERO,2026,05/03/2026,CAJAMARCA,PROVINCIAL,PENAL,PENAL,EXPEDIENTE,,1,1,060101,CAJAMARCA,CAJAMARCA,CAJAMARCA,25/03/2026
ENERO - FEBRERO,2026,05/03/2026,CAJAMARCA,PROVINCIAL,PENAL,PENAL,INVESTIGACION PREVENTIVA,MATERIA AMBIENTAL,24,23,060101,CAJAMARCA,CAJAMARCA,CAJAMARCA,25/03/2026
ENERO - FEBRERO,2026,05/03/2026,CAJAMARCA,PROVINCIAL,PENAL,PENAL,INVESTIGACION PREVENTIVA,,21,20,060101,CAJAMARCA,CAJAMARCA,CAJAMARCA,25/03/2026
ENERO - FEBRERO,2026,05/03/2026,CAJAMARCA,SUPERIOR,FAMILIA,FAMILIA CIVIL,EXPEDIENTE,,5,5,060101,CAJAMARCA,CAJAMARCA,CAJAMARCA,25/03/2026
ENERO - FEBRERO,2026,05/03/2026,CAJAMARCA,SUPERIOR,FAMILIA,FAMILIA PENAL,EXPEDIENTE,,6,5,060101,CAJAMARCA,CAJAMARCA,CAJAMARCA,25/03/2026
ENERO - FEBRERO,2026,05/03/2026,CAJAMARCA,SUPERIOR,FAMILIA,VIOLENCIA FAMILIAR,EXPEDIENTE,,47,45,060101,CAJAMARCA,CAJAMARCA,CAJAMARCA,25/03/2026
ENERO - FEBRERO,2026,05/03/2026,CAJAMARCA,SUPERIOR,PENAL,PENAL,APELACION DENUNCIA,,91,91,060101,CAJAMARCA,CAJAMARCA,CAJAMARCA,25/03/2026
ENERO - FEBRERO,2026,05/03/2026,CAJAMARCA,SUPERIOR,PENAL,PENAL,APELACION EXPEDIENTE,,22,22,060101,CAJAMARCA,CAJAMARCA,CAJAMARCA,25/03/2026
ENERO - FEBRERO,2026,05/03/2026,CAJAMARCA,SUPERIOR,PENAL,PENAL,CONSULTAS,,40,34,060101,CAJAMARCA,CAJAMARCA,CAJAMARCA,25/03/2026
ENERO - FEBRERO,2026,05/03/2026,CAJAMARCA,SUPERIOR,PENAL,PENAL,DENUNCIA,,4,3,060101,CAJAMARCA,CAJAMARCA,CAJAMARCA,25/03/2026
ENERO - FEBRERO,2026,05/03/2026,CAJAMARCA,SUPERIOR,PENAL,PENAL,EXCLUSION FISCAL,,3,3,060101,CAJAMARCA,CAJAMARCA,CAJAMARCA,25/03/2026
ENERO - FEBRERO,2026,05/03/2026,CAJAMARCA,SUPERIOR,PENAL,PENAL,QUEJAS,,304,239,060101,CAJAMARCA,CAJAMARCA,CAJAMARCA,25/03/2026
ENERO - FEBRERO,2026,05/03/2026,CALLAO,PROVINCIAL,FAMILIA,FAMILIA CIVIL,EXPEDIENTE,,96,95,070101,CALLAO,CALLAO,CALLAO,25/03/2026
ENERO - FEBRERO,2026,05/03/2026,CALLAO,PROVINCIAL,FAMILIA,FAMILIA PENAL,DENUNCIA,,127,114,070101,CALLAO,CALLAO,CALLAO,25/03/2026
ENERO - FEBRERO,2026,05/03/2026,CALLAO,PROVINCIAL,FAMILIA,FAMILIA PENAL,EXPEDIENTE,,23,23,070101,CALLAO,CALLAO,CALLAO,25/03/2026
ENERO - FEBRERO,2026,05/03/2026,CALLAO,PROVINCIAL,FAMILIA,FAMILIA TUTELAR,DENUNCIA,,192,166,070101,CALLAO,CALLAO,CALLAO,25/03/2026
ENERO - FEBRERO,2026,05/03/2026,CALLAO,PROVINCIAL,FAMILIA,FAMILIA TUTELAR,EXPEDIENTE,,8,8,070101,CALLAO,CALLAO,CALLAO,25/03/2026
ENERO - FEBRERO,2026,05/03/2026,CALLAO,PROVINCIAL,PENAL,PENAL,DENUNCIA,CONTRA LA CRIMINALIDAD ORGANIZADA,19,15,070101,CALLAO,CALLAO,CALLAO,25/03/2026
ENERO - FEBRERO,2026,05/03/2026,CALLAO,PROVINCIAL,PENAL,PENAL,DENUNCIA,DELITOS ADUANEROS Y CONTRA LA PROPIEDAD INTELECTUAL,53,49,070101,CALLAO,CALLAO,CALLAO,25/03/2026
ENERO - FEBRERO,2026,05/03/2026,CALLAO,PROVINCIAL,PENAL,PENAL,DENUNCIA,DELITOS DE CORRUPCION DE FUNCIONARIOS,31,28,070101,CALLAO,CALLAO,CALLAO,25/03/2026
ENERO - FEBRERO,2026,05/03/2026,CALLAO,PROVINCIAL,PENAL,PENAL,DENUNCIA,DELITOS DE TRAFICO ILICITO DE DROGAS,52,50,070101,CALLAO,CALLAO,CALLAO,25/03/2026
ENERO - FEBRERO,2026,05/03/2026,CALLAO,PROVINCIAL,PENAL,PENAL,DENUNCIA,DELITOS DE TRATA DE PERSONAS,14,14,070101,CALLAO,CALLAO,CALLAO,25/03/2026
ENERO - FEBRERO,2026,05/03/2026,CALLAO,PROVINCIAL,PENAL,PENAL,DENUNCIA,LAVADO DE ACTIVOS Y PERDIDA DE DOMINIO,6,4,070101,CALLAO,CALLAO,CALLAO,25/03/2026
ENERO - FEBRERO,2026,05/03/2026,CALLAO,PROVINCIAL,PENAL,PENAL,DENUNCIA,MATERIA AMBIENTAL,19,19,070101,CALLAO,CALLAO,CALLAO,25/03/2026
ENERO - FEBRERO,2026,05/03/2026,CALLAO,PROVINCIAL,PENAL,PENAL,DENUNCIA,TRANSITO Y SEGURIDAD VIAL,324,271,070101,CALLAO,CALLAO,CALLAO,25/03/2026
ENERO - FEBRERO,2026,05/03/2026,CALLAO,PROVINCIAL,PENAL,PENAL,DENUNCIA,VIOLENCIA CONTRA LA MUJER Y LOS INTEGRANTES DEL GRUPO FAMILIAR,1296,732,070101,CALLAO,CALLAO,CALLAO,25/03/2026
ENERO - FEBRERO,2026,05/03/2026,CALLAO,PROVINCIAL,PENAL,PENAL,DENUNCIA,,3152,2344,070101,CALLAO,CALLAO,CALLAO,25/03/2026
ENERO - FEBRERO,2026,05/03/2026,CALLAO,PROVINCIAL,PENAL,PENAL,EXPEDIENTE,DELITOS DE TRAFICO ILICITO DE DROGAS,2,0,070101,CALLAO,CALLAO,CALLAO,25/03/2026
ENERO - FEBRERO,2026,05/03/2026,CALLAO,PROVINCIAL,PENAL,PENAL,EXPEDIENTE,,1,1,070101,CALLAO,CALLAO,CALLAO,25/03/2026
ENERO - FEBRERO,2026,05/03/2026,CALLAO,SUPERIOR,CIVIL,CIVIL,EXPEDIENTE,,1,1,070101,CALLAO,CALLAO,CALLAO,25/03/2026
ENERO - FEBRERO,2026,05/03/2026,CALLAO,SUPERIOR,FAMILIA,FAMILIA CIVIL,EXPEDIENTE,,22,22,070101,CALLAO,CALLAO,CALLAO,25/03/2026
ENERO - FEBRERO,2026,05/03/2026,CALLAO,SUPERIOR,FAMILIA,FAMILIA PENAL,EXPEDIENTE,,1,1,070101,CALLAO,CALLAO,CALLAO,25/03/2026
ENERO - FEBRERO,2026,05/03/2026,CALLAO,SUPERIOR,FAMILIA,VIOLENCIA FAMILIAR,EXPEDIENTE,,2,2,070101,CALLAO,CALLAO,CALLAO,25/03/2026
ENERO - FEBRERO,2026,05/03/2026,CALLAO,SUPERIOR,FAMILIA,VIOLENCIA FAMILIAR,INCIDENTE,,49,49,070101,CALLAO,CALLAO,CALLAO,25/03/2026
ENERO - FEBRERO,2026,05/03/2026,CALLAO,SUPERIOR,PENAL,PENAL,APELACION DENUNCIA,DELITOS DE CORRUPCION DE FUNCIONARIOS,20,20,070101,CALLAO,CALLAO,CALLAO,25/03/2026
ENERO - FEBRERO,2026,05/03/2026,CALLAO,SUPERIOR,PENAL,PENAL,APELACION DENUNCIA,,173,153,070101,CALLAO,CALLAO,CALLAO,25/03/2026
ENERO - FEBRERO,2026,05/03/2026,CALLAO,SUPERIOR,PENAL,PENAL,APELACION EXPEDIENTE,,7,7,070101,CALLAO,CALLAO,CALLAO,25/03/2026
ENERO - FEBRERO,2026,05/03/2026,CALLAO,SUPERIOR,PENAL,PENAL,CONSULTAS,,49,43,070101,CALLAO,CALLAO,CALLAO,25/03/2026
ENERO - FEBRERO,2026,05/03/2026,CALLAO,SUPERIOR,PENAL,PENAL,DENUNCIA,DELITOS DE CORRUPCION DE FUNCIONARIOS,1,1,070101,CALLAO,CALLAO,CALLAO,25/03/2026
ENERO - FEBRERO,2026,05/03/2026,CALLAO,SUPERIOR,PENAL,PENAL,DENUNCIA,,21,21,070101,CALLAO,CALLAO,CALLAO,25/03/2026
ENERO - FEBRERO,2026,05/03/2026,CALLAO,SUPERIOR,PENAL,PENAL,EXCLUSION FISCAL,,4,3,070101,CALLAO,CALLAO,CALLAO,25/03/2026
ENERO - FEBRERO,2026,05/03/2026,CALLAO,SUPERIOR,PENAL,PENAL,EXPEDIENTE,,61,42,070101,CALLAO,CALLAO,CALLAO,25/03/2026
ENERO - FEBRERO,2026,05/03/2026,CALLAO,SUPERIOR,PENAL,PENAL,INCIDENTE-EXPEDIENTE,,1,1,070101,CALLAO,CALLAO,CALLAO,25/03/2026
ENERO - FEBRERO,2026,05/03/2026,CALLAO,SUPERIOR,PENAL,PENAL,QUEJAS,DELITOS DE CORRUPCION DE FUNCIONARIOS,1,1,070101,CALLAO,CALLAO,CALLAO,25/03/2026
ENERO - FEBRERO,2026,05/03/2026,CALLAO,SUPERIOR,PENAL,PENAL,QUEJAS,,272,220,070101,CALLAO,CALLAO,CALLAO,25/03/2026
ENERO - FEBRERO,2026,05/03/2026,CAÑETE,PROVINCIAL,CIVIL,CIVIL,EXPEDIENTE,,2,2,150501,LIMA,CAÑETE,SAN VICENTE DE CAÑETE,25/03/2026
ENERO - FEBRERO,2026,05/03/2026,CAÑETE,PROVINCIAL,FAMILIA,FAMILIA CIVIL,EXPEDIENTE,,11,11,150501,LIMA,CAÑETE,SAN VICENTE DE CAÑETE,25/03/2026
ENERO - FEBRERO,2026,05/03/2026,CAÑETE,PROVINCIAL,FAMILIA,FAMILIA PENAL,DENUNCIA,,85,82,150501,LIMA,CAÑETE,SAN VICENTE DE CAÑETE,25/03/2026
ENERO - FEBRERO,2026,05/03/2026,CAÑETE,PROVINCIAL,FAMILIA,FAMILIA PENAL,EXPEDIENTE,,4,3,150501,LIMA,CAÑETE,SAN VICENTE DE CAÑETE,25/03/2026
ENERO - FEBRERO,2026,05/03/2026,CAÑETE,PROVINCIAL,FAMILIA,FAMILIA TUTELAR,DENUNCIA,,124,116,150501,LIMA,CAÑETE,SAN VICENTE DE CAÑETE,25/03/2026
ENERO - FEBRERO,2026,05/03/2026,CAÑETE,PROVINCIAL,FAMILIA,FAMILIA TUTELAR,EXPEDIENTE,,5,4,150501,LIMA,CAÑETE,SAN VICENTE DE CAÑETE,25/03/2026
ENERO - FEBRERO,2026,05/03/2026,CAÑETE,PROVINCIAL,FAMILIA,VIOLENCIA FAMILIAR,DENUNCIA,,16,15,150501,LIMA,CAÑETE,SAN VICENTE DE CAÑETE,25/03/2026
ENERO - FEBRERO,2026,05/03/2026,CAÑETE,PROVINCIAL,FAMILIA,VIOLENCIA FAMILIAR,EXPEDIENTE,,2,2,150501,LIMA,CAÑETE,SAN VICENTE DE CAÑETE,25/03/2026
ENERO - FEBRERO,2026,05/03/2026,CAÑETE,PROVINCIAL,PENAL,PENAL,DENUNCIA,DELITOS DE CORRUPCION DE FUNCIONARIOS,23,6,150501,LIMA,CAÑETE,SAN VICENTE DE CAÑETE,25/03/2026
ENERO - FEBRERO,2026,05/03/2026,CAÑETE,PROVINCIAL,PENAL,PENAL,DENUNCIA,,2447,1538,150501,LIMA,CAÑETE,SAN VICENTE DE CAÑETE,25/03/2026
ENERO - FEBRERO,2026,05/03/2026,CAÑETE,SUPERIOR,CIVIL,CIVIL,EXPEDIENTE,,1,1,150501,LIMA,CAÑETE,SAN VICENTE DE CAÑETE,25/03/2026
ENERO - FEBRERO,2026,05/03/2026,CAÑETE,SUPERIOR,FAMILIA,FAMILIA TUTELAR,EXPEDIENTE,,1,1,150501,LIMA,CAÑETE,SAN VICENTE DE CAÑETE,25/03/2026
ENERO - FEBRERO,2026,05/03/2026,CAÑETE,SUPERIOR,FAMILIA,VIOLENCIA FAMILIAR,INCIDENTE,,11,11,150501,LIMA,CAÑETE,SAN VICENTE DE CAÑETE,25/03/2026
ENERO - FEBRERO,2026,05/03/2026,CAÑETE,SUPERIOR,PENAL,PENAL,APELACION DENUNCIA,,60,58,150501,LIMA,CAÑETE,SAN VICENTE DE CAÑETE,25/03/2026
ENERO - FEBRERO,2026,05/03/2026,CAÑETE,SUPERIOR,PENAL,PENAL,CONSULTAS,,18,15,150501,LIMA,CAÑETE,SAN VICENTE DE CAÑETE,25/03/2026
ENERO - FEBRERO,2026,05/03/2026,CAÑETE,SUPERIOR,PENAL,PENAL,DENUNCIA,,13,10,150501,LIMA,CAÑETE,SAN VICENTE DE CAÑETE,25/03/2026
ENERO - FEBRERO,2026,05/03/2026,CAÑETE,SUPERIOR,PENAL,PENAL,EXCLUSION FISCAL,,1,1,150501,LIMA,CAÑETE,SAN VICENTE DE CAÑETE,25/03/2026
ENERO - FEBRERO,2026,05/03/2026,CAÑETE,SUPERIOR,PENAL,PENAL,EXPEDIENTE,,6,4,150501,LIMA,CAÑETE,SAN VICENTE DE CAÑETE,25/03/2026
ENERO - FEBRERO,2026,05/03/2026,CAÑETE,SUPERIOR,PENAL,PENAL,INCIDENTE-EXPEDIENTE,,7,6,150501,LIMA,CAÑETE,SAN VICENTE DE CAÑETE,25/03/2026
ENERO - FEBRERO,2026,05/03/2026,CAÑETE,SUPERIOR,PENAL,PENAL,QUEJAS,,77,49,150501,LIMA,CAÑETE,SAN VICENTE DE CAÑETE,25/03/2026
ENERO - FEBRERO,2026,05/03/2026,CUSCO,PROVINCIAL,CIVIL,CIVIL,EXPEDIENTE,,15,11,080108,CUSCO,CUSCO,WANCHAQ,25/03/2026
ENERO - FEBRERO,2026,05/03/2026,CUSCO,PROVINCIAL,FAMILIA,ACTOS CONTRA LA LIBERTAD SEXUAL,DENUNCIA,,15,2,080108,CUSCO,CUSCO,WANCHAQ,25/03/2026
ENERO - FEBRERO,2026,05/03/2026,CUSCO,PROVINCIAL,FAMILIA,FAMILIA CIVIL,EXPEDIENTE,,218,156,080108,CUSCO,CUSCO,WANCHAQ,25/03/2026
ENERO - FEBRERO,2026,05/03/2026,CUSCO,PROVINCIAL,FAMILIA,FAMILIA PENAL,DENUNCIA,,177,105,080108,CUSCO,CUSCO,WANCHAQ,25/03/2026
ENERO - FEBRERO,2026,05/03/2026,CUSCO,PROVINCIAL,FAMILIA,FAMILIA PENAL,EXPEDIENTE,,29,21,080108,CUSCO,CUSCO,WANCHAQ,25/03/2026
ENERO - FEBRERO,2026,05/03/2026,CUSCO,PROVINCIAL,FAMILIA,FAMILIA TUTELAR,DENUNCIA,,178,142,080108,CUSCO,CUSCO,WANCHAQ,25/03/2026
ENERO - FEBRERO,2026,05/03/2026,CUSCO,PROVINCIAL,FAMILIA,FAMILIA TUTELAR,EXPEDIENTE,,33,26,080108,CUSCO,CUSCO,WANCHAQ,25/03/2026
ENERO - FEBRERO,2026,05/03/2026,CUSCO,PROVINCIAL,FAMILIA,VIOLENCIA FAMILIAR,DENUNCIA,,6,3,080108,CUSCO,CUSCO,WANCHAQ,25/03/2026
ENERO - FEBRERO,2026,05/03/2026,CUSCO,PROVINCIAL,PENAL,PENAL,DENUNCIA,CONTRA LA CRIMINALIDAD ORGANIZADA,13,13,080108,CUSCO,CUSCO,WANCHAQ,25/03/2026
ENERO - FEBRERO,2026,05/03/2026,CUSCO,PROVINCIAL,PENAL,PENAL,DENUNCIA,DELITOS DE CORRUPCION DE FUNCIONARIOS,214,171,080108,CUSCO,CUSCO,WANCHAQ,25/03/2026
ENERO - FEBRERO,2026,05/03/2026,CUSCO,PROVINCIAL,PENAL,PENAL,DENUNCIA,DELITOS DE TRAFICO ILICITO DE DROGAS,20,19,080108,CUSCO,CUSCO,WANCHAQ,25/03/2026
ENERO - FEBRERO,2026,05/03/2026,CUSCO,PROVINCIAL,PENAL,PENAL,DENUNCIA,DELITOS DE TRATA DE PERSONAS,18,18,080108,CUSCO,CUSCO,WANCHAQ,25/03/2026
ENERO - FEBRERO,2026,05/03/2026,CUSCO,PROVINCIAL,PENAL,PENAL,DENUNCIA,MATERIA AMBIENTAL,48,39,080108,CUSCO,CUSCO,WANCHAQ,25/03/2026
ENERO - FEBRERO,2026,05/03/2026,CUSCO,PROVINCIAL,PENAL,PENAL,DENUNCIA,TURISMO,46,45,080108,CUSCO,CUSCO,WANCHAQ,25/03/2026
ENERO - FEBRERO,2026,05/03/2026,CUSCO,PROVINCIAL,PENAL,PENAL,DENUNCIA,VIOLENCIA CONTRA LA MUJER Y LOS INTEGRANTES DEL GRUPO FAMILIAR,1911,1718,080108,CUSCO,CUSCO,WANCHAQ,25/03/2026
ENERO - FEBRERO,2026,05/03/2026,CUSCO,PROVINCIAL,PENAL,PENAL,DENUNCIA,,5150,4405,080108,CUSCO,CUSCO,WANCHAQ,25/03/2026
ENERO - FEBRERO,2026,05/03/2026,CUSCO,PROVINCIAL,PENAL,PENAL,EXPEDIENTE,DELITOS DE TRAFICO ILICITO DE DROGAS,2,1,080108,CUSCO,CUSCO,WANCHAQ,25/03/2026
ENERO - FEBRERO,2026,05/03/2026,CUSCO,PROVINCIAL,PENAL,PENAL,EXPEDIENTE,,3,3,080108,CUSCO,CUSCO,WANCHAQ,25/03/2026
ENERO - FEBRERO,2026,05/03/2026,CUSCO,PROVINCIAL,PENAL,PENAL,INVESTIGACION PREVENTIVA,,54,29,080108,CUSCO,CUSCO,WANCHAQ,25/03/2026
ENERO - FEBRERO,2026,05/03/2026,CUSCO,SUPERIOR,CIVIL,CIVIL,EXPEDIENTE,,2,1,080108,CUSCO,CUSCO,WANCHAQ,25/03/2026
ENERO - FEBRERO,2026,05/03/2026,CUSCO,SUPERIOR,FAMILIA,FAMILIA CIVIL,EXPEDIENTE,,24,7,080108,CUSCO,CUSCO,WANCHAQ,25/03/2026
ENERO - FEBRERO,2026,05/03/2026,CUSCO,SUPERIOR,FAMILIA,FAMILIA CIVIL,INCIDENTE,,1,1,080108,CUSCO,CUSCO,WANCHAQ,25/03/2026
ENERO - FEBRERO,2026,05/03/2026,CUSCO,SUPERIOR,FAMILIA,FAMILIA PENAL,EXPEDIENTE,,9,6,080108,CUSCO,CUSCO,WANCHAQ,25/03/2026
ENERO - FEBRERO,2026,05/03/2026,CUSCO,SUPERIOR,FAMILIA,FAMILIA PENAL,INCIDENTE,,2,2,080108,CUSCO,CUSCO,WANCHAQ,25/03/2026
ENERO - FEBRERO,2026,05/03/2026,CUSCO,SUPERIOR,FAMILIA,FAMILIA TUTELAR,EXPEDIENTE,,97,28,080108,CUSCO,CUSCO,WANCHAQ,25/03/2026
ENERO - FEBRERO,2026,05/03/2026,CUSCO,SUPERIOR,FAMILIA,VIOLENCIA FAMILIAR,EXPEDIENTE,,27,13,080108,CUSCO,CUSCO,WANCHAQ,25/03/2026
ENERO - FEBRERO,2026,05/03/2026,CUSCO,SUPERIOR,FAMILIA,VIOLENCIA FAMILIAR,INCIDENTE,,13,13,080108,CUSCO,CUSCO,WANCHAQ,25/03/2026
ENERO - FEBRERO,2026,05/03/2026,CUSCO,SUPERIOR,PENAL,PENAL,APELACION DENUNCIA,VIOLENCIA CONTRA LA MUJER Y LOS INTEGRANTES DEL GRUPO FAMILIAR,249,249,080108,CUSCO,CUSCO,WANCHAQ,25/03/2026
ENERO - FEBRERO,2026,05/03/2026,CUSCO,SUPERIOR,PENAL,PENAL,APELACION DENUNCIA,,167,127,080108,CUSCO,CUSCO,WANCHAQ,25/03/2026
ENERO - FEBRERO,2026,05/03/2026,CUSCO,SUPERIOR,PENAL,PENAL,APELACION EXPEDIENTE,,2,0,080108,CUSCO,CUSCO,WANCHAQ,25/03/2026
ENERO - FEBRERO,2026,05/03/2026,CUSCO,SUPERIOR,PENAL,PENAL,CONSULTAS,VIOLENCIA CONTRA LA MUJER Y LOS INTEGRANTES DEL GRUPO FAMILIAR,18,18,080108,CUSCO,CUSCO,WANCHAQ,25/03/2026
ENERO - FEBRERO,2026,05/03/2026,CUSCO,SUPERIOR,PENAL,PENAL,CONSULTAS,,86,79,080108,CUSCO,CUSCO,WANCHAQ,25/03/2026
ENERO - FEBRERO,2026,05/03/2026,CUSCO,SUPERIOR,PENAL,PENAL,DENUNCIA,,20,16,080108,CUSCO,CUSCO,WANCHAQ,25/03/2026
ENERO - FEBRERO,2026,05/03/2026,CUSCO,SUPERIOR,PENAL,PENAL,EXCLUSION FISCAL,VIOLENCIA CONTRA LA MUJER Y LOS INTEGRANTES DEL GRUPO FAMILIAR,2,2,080108,CUSCO,CUSCO,WANCHAQ,25/03/2026
ENERO - FEBRERO,2026,05/03/2026,CUSCO,SUPERIOR,PENAL,PENAL,EXCLUSION FISCAL,,1,1,080108,CUSCO,CUSCO,WANCHAQ,25/03/2026
ENERO - FEBRERO,2026,05/03/2026,CUSCO,SUPERIOR,PENAL,PENAL,QUEJAS,VIOLENCIA CONTRA LA MUJER Y LOS INTEGRANTES DEL GRUPO FAMILIAR,44,44,080108,CUSCO,CUSCO,WANCHAQ,25/03/2026
ENERO - FEBRERO,2026,05/03/2026,CUSCO,SUPERIOR,PENAL,PENAL,QUEJAS,,362,310,080108,CUSCO,CUSCO,WANCHAQ,25/03/2026
ENERO - FEBRERO,2026,05/03/2026,HUANCAVELICA,PROVINCIAL,FAMILIA,FAMILIA CIVIL,EXPEDIENTE,,14,13,090101,HUANCAVELICA,HUANCAVELICA,HUANCAVELICA,25/03/2026
ENERO - FEBRERO,2026,05/03/2026,HUANCAVELICA,PROVINCIAL,FAMILIA,FAMILIA PENAL,DENUNCIA,,13,12,090101,HUANCAVELICA,HUANCAVELICA,HUANCAVELICA,25/03/2026
ENERO - FEBRERO,2026,05/03/2026,HUANCAVELICA,PROVINCIAL,FAMILIA,FAMILIA PENAL,EXPEDIENTE,,4,3,090101,HUANCAVELICA,HUANCAVELICA,HUANCAVELICA,25/03/2026
ENERO - FEBRERO,2026,05/03/2026,HUANCAVELICA,PROVINCIAL,FAMILIA,FAMILIA TUTELAR,DENUNCIA,,18,12,090101,HUANCAVELICA,HUANCAVELICA,HUANCAVELICA,25/03/2026
ENERO - FEBRERO,2026,05/03/2026,HUANCAVELICA,PROVINCIAL,FAMILIA,FAMILIA TUTELAR,EXPEDIENTE,,5,5,090101,HUANCAVELICA,HUANCAVELICA,HUANCAVELICA,25/03/2026
ENERO - FEBRERO,2026,05/03/2026,HUANCAVELICA,PROVINCIAL,PENAL,PENAL,DENUNCIA,CONTRA LA CRIMINALIDAD ORGANIZADA,6,6,090101,HUANCAVELICA,HUANCAVELICA,HUANCAVELICA,25/03/2026
ENERO - FEBRERO,2026,05/03/2026,HUANCAVELICA,PROVINCIAL,PENAL,PENAL,DENUNCIA,DELITOS DE CORRUPCION DE FUNCIONARIOS,48,45,090101,HUANCAVELICA,HUANCAVELICA,HUANCAVELICA,25/03/2026
ENERO - FEBRERO,2026,05/03/2026,HUANCAVELICA,PROVINCIAL,PENAL,PENAL,DENUNCIA,MATERIA AMBIENTAL,9,9,090101,HUANCAVELICA,HUANCAVELICA,HUANCAVELICA,25/03/2026
ENERO - FEBRERO,2026,05/03/2026,HUANCAVELICA,PROVINCIAL,PENAL,PENAL,DENUNCIA,VIOLENCIA CONTRA LA MUJER Y LOS INTEGRANTES DEL GRUPO FAMILIAR,106,106,090101,HUANCAVELICA,HUANCAVELICA,HUANCAVELICA,25/03/2026
ENERO - FEBRERO,2026,05/03/2026,HUANCAVELICA,PROVINCIAL,PENAL,PENAL,DENUNCIA,,411,394,090101,HUANCAVELICA,HUANCAVELICA,HUANCAVELICA,25/03/2026
ENERO - FEBRERO,2026,05/03/2026,HUANCAVELICA,SUPERIOR,FAMILIA,FAMILIA CIVIL,EXPEDIENTE,,1,1,090101,HUANCAVELICA,HUANCAVELICA,HUANCAVELICA,25/03/2026
ENERO - FEBRERO,2026,05/03/2026,HUANCAVELICA,SUPERIOR,FAMILIA,FAMILIA PENAL,EXPEDIENTE,,1,1,090101,HUANCAVELICA,HUANCAVELICA,HUANCAVELICA,25/03/2026
ENERO - FEBRERO,2026,05/03/2026,HUANCAVELICA,SUPERIOR,FAMILIA,FAMILIA TUTELAR,EXPEDIENTE,,1,1,090101,HUANCAVELICA,HUANCAVELICA,HUANCAVELICA,25/03/2026
ENERO - FEBRERO,2026,05/03/2026,HUANCAVELICA,SUPERIOR,FAMILIA,VIOLENCIA FAMILIAR,EXPEDIENTE,,1,1,090101,HUANCAVELICA,HUANCAVELICA,HUANCAVELICA,25/03/2026
ENERO - FEBRERO,2026,05/03/2026,HUANCAVELICA,SUPERIOR,FAMILIA,VIOLENCIA FAMILIAR,INCIDENTE,,3,3,090101,HUANCAVELICA,HUANCAVELICA,HUANCAVELICA,25/03/2026
ENERO - FEBRERO,2026,05/03/2026,HUANCAVELICA,SUPERIOR,PENAL,PENAL,APELACION DENUNCIA,DELITOS DE CORRUPCION DE FUNCIONARIOS,9,9,090101,HUANCAVELICA,HUANCAVELICA,HUANCAVELICA,25/03/2026
ENERO - FEBRERO,2026,05/03/2026,HUANCAVELICA,SUPERIOR,PENAL,PENAL,APELACION DENUNCIA,,55,55,090101,HUANCAVELICA,HUANCAVELICA,HUANCAVELICA,25/03/2026
ENERO - FEBRERO,2026,05/03/2026,HUANCAVELICA,SUPERIOR,PENAL,PENAL,APELACION EXPEDIENTE,,2,2,090101,HUANCAVELICA,HUANCAVELICA,HUANCAVELICA,25/03/2026
ENERO - FEBRERO,2026,05/03/2026,HUANCAVELICA,SUPERIOR,PENAL,PENAL,CONSULTAS,DELITOS DE CORRUPCION DE FUNCIONARIOS,3,3,090101,HUANCAVELICA,HUANCAVELICA,HUANCAVELICA,25/03/2026
ENERO - FEBRERO,2026,05/03/2026,HUANCAVELICA,SUPERIOR,PENAL,PENAL,CONSULTAS,,13,13,090101,HUANCAVELICA,HUANCAVELICA,HUANCAVELICA,25/03/2026
ENERO - FEBRERO,2026,05/03/2026,HUANCAVELICA,SUPERIOR,PENAL,PENAL,DENUNCIA,DELITOS DE CORRUPCION DE FUNCIONARIOS,4,4,090101,HUANCAVELICA,HUANCAVELICA,HUANCAVELICA,25/03/2026
ENERO - FEBRERO,2026,05/03/2026,HUANCAVELICA,SUPERIOR,PENAL,PENAL,DENUNCIA,,5,5,090101,HUANCAVELICA,HUANCAVELICA,HUANCAVELICA,25/03/2026
ENERO - FEBRERO,2026,05/03/2026,HUANCAVELICA,SUPERIOR,PENAL,PENAL,EXCLUSION FISCAL,,2,2,090101,HUANCAVELICA,HUANCAVELICA,HUANCAVELICA,25/03/2026
ENERO - FEBRERO,2026,05/03/2026,HUANCAVELICA,SUPERIOR,PENAL,PENAL,EXPEDIENTE,,2,2,090101,HUANCAVELICA,HUANCAVELICA,HUANCAVELICA,25/03/2026
ENERO - FEBRERO,2026,05/03/2026,HUANCAVELICA,SUPERIOR,PENAL,PENAL,QUEJAS,DELITOS DE CORRUPCION DE FUNCIONARIOS,4,4,090101,HUANCAVELICA,HUANCAVELICA,HUANCAVELICA,25/03/2026
ENERO - FEBRERO,2026,05/03/2026,HUANCAVELICA,SUPERIOR,PENAL,PENAL,QUEJAS,,58,58,090101,HUANCAVELICA,HUANCAVELICA,HUANCAVELICA,25/03/2026
ENERO - FEBRERO,2026,05/03/2026,HUANUCO,PROVINCIAL,CIVIL,CIVIL,EXPEDIENTE,,38,27,100101,HUANUCO,HUANUCO,HUANUCO,25/03/2026
ENERO - FEBRERO,2026,05/03/2026,HUANUCO,PROVINCIAL,FAMILIA,ACTOS CONTRA LA LIBERTAD SEXUAL,DENUNCIA,,27,13,100101,HUANUCO,HUANUCO,HUANUCO,25/03/2026
ENERO - FEBRERO,2026,05/03/2026,HUANUCO,PROVINCIAL,FAMILIA,FAMILIA CIVIL,EXPEDIENTE,,122,100,100101,HUANUCO,HUANUCO,HUANUCO,25/03/2026
ENERO - FEBRERO,2026,05/03/2026,HUANUCO,PROVINCIAL,FAMILIA,FAMILIA PENAL,DENUNCIA,,143,108,100101,HUANUCO,HUANUCO,HUANUCO,25/03/2026
ENERO - FEBRERO,2026,05/03/2026,HUANUCO,PROVINCIAL,FAMILIA,FAMILIA PENAL,EXPEDIENTE,,19,18,100101,HUANUCO,HUANUCO,HUANUCO,25/03/2026
ENERO - FEBRERO,2026,05/03/2026,HUANUCO,PROVINCIAL,FAMILIA,FAMILIA TUTELAR,DENUNCIA,,260,242,100101,HUANUCO,HUANUCO,HUANUCO,25/03/2026
ENERO - FEBRERO,2026,05/03/2026,HUANUCO,PROVINCIAL,FAMILIA,FAMILIA TUTELAR,EXPEDIENTE,,32,25,100101,HUANUCO,HUANUCO,HUANUCO,25/03/2026
ENERO - FEBRERO,2026,05/03/2026,HUANUCO,PROVINCIAL,FAMILIA,VIOLENCIA FAMILIAR,DENUNCIA,,102,81,100101,HUANUCO,HUANUCO,HUANUCO,25/03/2026
ENERO - FEBRERO,2026,05/03/2026,HUANUCO,PROVINCIAL,PENAL,PENAL,DENUNCIA,CONTRA LA CRIMINALIDAD ORGANIZADA,8,6,100101,HUANUCO,HUANUCO,HUANUCO,25/03/2026
ENERO - FEBRERO,2026,05/03/2026,HUANUCO,PROVINCIAL,PENAL,PENAL,DENUNCIA,DELITOS DE CORRUPCION DE FUNCIONARIOS,91,53,100101,HUANUCO,HUANUCO,HUANUCO,25/03/2026
ENERO - FEBRERO,2026,05/03/2026,HUANUCO,PROVINCIAL,PENAL,PENAL,DENUNCIA,DELITOS DE TRAFICO ILICITO DE DROGAS,116,107,100101,HUANUCO,HUANUCO,HUANUCO,25/03/2026
ENERO - FEBRERO,2026,05/03/2026,HUANUCO,PROVINCIAL,PENAL,PENAL,DENUNCIA,DELITOS DE TRATA DE PERSONAS,13,13,100101,HUANUCO,HUANUCO,HUANUCO,25/03/2026
ENERO - FEBRERO,2026,05/03/2026,HUANUCO,PROVINCIAL,PENAL,PENAL,DENUNCIA,MATERIA AMBIENTAL,89,84,100101,HUANUCO,HUANUCO,HUANUCO,25/03/2026
ENERO - FEBRERO,2026,05/03/2026,HUANUCO,PROVINCIAL,PENAL,PENAL,DENUNCIA,,5764,4701,100101,HUANUCO,HUANUCO,HUANUCO,25/03/2026
ENERO - FEBRERO,2026,05/03/2026,HUANUCO,PROVINCIAL,PENAL,PENAL,INVESTIGACION PREVENTIVA,MATERIA AMBIENTAL,5,5,100101,HUANUCO,HUANUCO,HUANUCO,25/03/2026
ENERO - FEBRERO,2026,05/03/2026,HUANUCO,PROVINCIAL,PENAL,PENAL,INVESTIGACION PREVENTIVA,,71,60,100101,HUANUCO,HUANUCO,HUANUCO,25/03/2026
ENERO - FEBRERO,2026,05/03/2026,HUANUCO,SUPERIOR,CIVIL,CIVIL,EXPEDIENTE,,6,3,100101,HUANUCO,HUANUCO,HUANUCO,25/03/2026
ENERO - FEBRERO,2026,05/03/2026,HUANUCO,SUPERIOR,FAMILIA,FAMILIA CIVIL,EXPEDIENTE,,10,10,100101,HUANUCO,HUANUCO,HUANUCO,25/03/2026
ENERO - FEBRERO,2026,05/03/2026,HUANUCO,SUPERIOR,FAMILIA,FAMILIA PENAL,EXPEDIENTE,,2,2,100101,HUANUCO,HUANUCO,HUANUCO,25/03/2026
ENERO - FEBRERO,2026,05/03/2026,HUANUCO,SUPERIOR,FAMILIA,VIOLENCIA FAMILIAR,EXPEDIENTE,,23,20,100101,HUANUCO,HUANUCO,HUANUCO,25/03/2026
ENERO - FEBRERO,2026,05/03/2026,HUANUCO,SUPERIOR,PENAL,PENAL,APELACION DENUNCIA,DELITOS DE CORRUPCION DE FUNCIONARIOS,10,3,100101,HUANUCO,HUANUCO,HUANUCO,25/03/2026
ENERO - FEBRERO,2026,05/03/2026,HUANUCO,SUPERIOR,PENAL,PENAL,APELACION DENUNCIA,,214,213,100101,HUANUCO,HUANUCO,HUANUCO,25/03/2026
ENERO - FEBRERO,2026,05/03/2026,HUANUCO,SUPERIOR,PENAL,PENAL,CONSULTAS,DELITOS DE CORRUPCION DE FUNCIONARIOS,18,18,100101,HUANUCO,HUANUCO,HUANUCO,25/03/2026
ENERO - FEBRERO,2026,05/03/2026,HUANUCO,SUPERIOR,PENAL,PENAL,CONSULTAS,,77,77,100101,HUANUCO,HUANUCO,HUANUCO,25/03/2026
ENERO - FEBRERO,2026,05/03/2026,HUANUCO,SUPERIOR,PENAL,PENAL,DENUNCIA,DELITOS DE CORRUPCION DE FUNCIONARIOS,2,2,100101,HUANUCO,HUANUCO,HUANUCO,25/03/2026
ENERO - FEBRERO,2026,05/03/2026,HUANUCO,SUPERIOR,PENAL,PENAL,DENUNCIA,,9,8,100101,HUANUCO,HUANUCO,HUANUCO,25/03/2026
ENERO - FEBRERO,2026,05/03/2026,HUANUCO,SUPERIOR,PENAL,PENAL,EXCLUSION FISCAL,DELITOS DE CORRUPCION DE FUNCIONARIOS,1,0,100101,HUANUCO,HUANUCO,HUANUCO,25/03/2026
ENERO - FEBRERO,2026,05/03/2026,HUANUCO,SUPERIOR,PENAL,PENAL,EXCLUSION FISCAL,,9,9,100101,HUANUCO,HUANUCO,HUANUCO,25/03/2026
ENERO - FEBRERO,2026,05/03/2026,HUANUCO,SUPERIOR,PENAL,PENAL,EXPEDIENTE,,20,18,100101,HUANUCO,HUANUCO,HUANUCO,25/03/2026
ENERO - FEBRERO,2026,05/03/2026,HUANUCO,SUPERIOR,PENAL,PENAL,INCIDENTE-EXPEDIENTE,,7,6,100101,HUANUCO,HUANUCO,HUANUCO,25/03/2026
ENERO - FEBRERO,2026,05/03/2026,HUANUCO,SUPERIOR,PENAL,PENAL,QUEJAS,DELITOS DE CORRUPCION DE FUNCIONARIOS,22,22,100101,HUANUCO,HUANUCO,HUANUCO,25/03/2026
ENERO - FEBRERO,2026,05/03/2026,HUANUCO,SUPERIOR,PENAL,PENAL,QUEJAS,,321,312,100101,HUANUCO,HUANUCO,HUANUCO,25/03/2026
ENERO - FEBRERO,2026,05/03/2026,HUAURA,PROVINCIAL,CIVIL,CIVIL,EXPEDIENTE,,3,2,150801,LIMA,HUAURA,HUACHO,25/03/2026
ENERO - FEBRERO,2026,05/03/2026,HUAURA,PROVINCIAL,FAMILIA,FAMILIA CIVIL,EXPEDIENTE,,107,104,150801,LIMA,HUAURA,HUACHO,25/03/2026
ENERO - FEBRERO,2026,05/03/2026,HUAURA,PROVINCIAL,FAMILIA,FAMILIA PENAL,DENUNCIA,,79,58,150801,LIMA,HUAURA,HUACHO,25/03/2026
ENERO - FEBRERO,2026,05/03/2026,HUAURA,PROVINCIAL,FAMILIA,FAMILIA PENAL,EXPEDIENTE,,16,15,150801,LIMA,HUAURA,HUACHO,25/03/2026
ENERO - FEBRERO,2026,05/03/2026,HUAURA,PROVINCIAL,FAMILIA,FAMILIA TUTELAR,DENUNCIA,,18,16,150801,LIMA,HUAURA,HUACHO,25/03/2026
ENERO - FEBRERO,2026,05/03/2026,HUAURA,PROVINCIAL,FAMILIA,FAMILIA TUTELAR,EXPEDIENTE,,18,14,150801,LIMA,HUAURA,HUACHO,25/03/2026
ENERO - FEBRERO,2026,05/03/2026,HUAURA,PROVINCIAL,FAMILIA,VIOLENCIA FAMILIAR,EXPEDIENTE,,1,0,150801,LIMA,HUAURA,HUACHO,25/03/2026
ENERO - FEBRERO,2026,05/03/2026,HUAURA,PROVINCIAL,PENAL,PENAL,DENUNCIA,CONTRA LA CRIMINALIDAD ORGANIZADA,10,7,150801,LIMA,HUAURA,HUACHO,25/03/2026
ENERO - FEBRERO,2026,05/03/2026,HUAURA,PROVINCIAL,PENAL,PENAL,DENUNCIA,DELITOS DE CORRUPCION DE FUNCIONARIOS,31,30,150801,LIMA,HUAURA,HUACHO,25/03/2026
ENERO - FEBRERO,2026,05/03/2026,HUAURA,PROVINCIAL,PENAL,PENAL,DENUNCIA,VIOLENCIA CONTRA LA MUJER Y LOS INTEGRANTES DEL GRUPO FAMILIAR,256,256,150801,LIMA,HUAURA,HUACHO,25/03/2026
ENERO - FEBRERO,2026,05/03/2026,HUAURA,PROVINCIAL,PENAL,PENAL,DENUNCIA,,2905,2118,150801,LIMA,HUAURA,HUACHO,25/03/2026
ENERO - FEBRERO,2026,05/03/2026,HUAURA,SUPERIOR,FAMILIA,FAMILIA CIVIL,EXPEDIENTE,,13,9,150801,LIMA,HUAURA,HUACHO,25/03/2026
ENERO - FEBRERO,2026,05/03/2026,HUAURA,SUPERIOR,FAMILIA,FAMILIA PENAL,EXPEDIENTE,,7,4,150801,LIMA,HUAURA,HUACHO,25/03/2026
ENERO - FEBRERO,2026,05/03/2026,HUAURA,SUPERIOR,FAMILIA,FAMILIA TUTELAR,EXPEDIENTE,,2,2,150801,LIMA,HUAURA,HUACHO,25/03/2026
ENERO - FEBRERO,2026,05/03/2026,HUAURA,SUPERIOR,FAMILIA,VIOLENCIA FAMILIAR,INCIDENTE,,33,28,150801,LIMA,HUAURA,HUACHO,25/03/2026
ENERO - FEBRERO,2026,05/03/2026,HUAURA,SUPERIOR,PENAL,PENAL,APELACION DENUNCIA,,181,181,150801,LIMA,HUAURA,HUACHO,25/03/2026
ENERO - FEBRERO,2026,05/03/2026,HUAURA,SUPERIOR,PENAL,PENAL,CONSULTAS,,20,20,150801,LIMA,HUAURA,HUACHO,25/03/2026
ENERO - FEBRERO,2026,05/03/2026,HUAURA,SUPERIOR,PENAL,PENAL,DENUNCIA,,8,8,150801,LIMA,HUAURA,HUACHO,25/03/2026
ENERO - FEBRERO,2026,05/03/2026,HUAURA,SUPERIOR,PENAL,PENAL,EXCLUSION FISCAL,,3,3,150801,LIMA,HUAURA,HUACHO,25/03/2026
ENERO - FEBRERO,2026,05/03/2026,HUAURA,SUPERIOR,PENAL,PENAL,QUEJAS,,116,115,150801,LIMA,HUAURA,HUACHO,25/03/2026
ENERO - FEBRERO,2026,05/03/2026,ICA,PROVINCIAL,CIVIL,CIVIL,EXPEDIENTE,,4,4,110101,ICA,ICA,ICA,25/03/2026
ENERO - FEBRERO,2026,05/03/2026,ICA,PROVINCIAL,FAMILIA,FAMILIA CIVIL,EXPEDIENTE,,114,107,110101,ICA,ICA,ICA,25/03/2026
ENERO - FEBRERO,2026,05/03/2026,ICA,PROVINCIAL,FAMILIA,FAMILIA PENAL,DENUNCIA,,121,95,110101,ICA,ICA,ICA,25/03/2026
ENERO - FEBRERO,2026,05/03/2026,ICA,PROVINCIAL,FAMILIA,FAMILIA PENAL,EXPEDIENTE,,38,36,110101,ICA,ICA,ICA,25/03/2026
ENERO - FEBRERO,2026,05/03/2026,ICA,PROVINCIAL,FAMILIA,FAMILIA TUTELAR,DENUNCIA,,67,44,110101,ICA,ICA,ICA,25/03/2026
ENERO - FEBRERO,2026,05/03/2026,ICA,PROVINCIAL,FAMILIA,FAMILIA TUTELAR,EXPEDIENTE,,15,13,110101,ICA,ICA,ICA,25/03/2026
ENERO - FEBRERO,2026,05/03/2026,ICA,PROVINCIAL,FAMILIA,VIOLENCIA FAMILIAR,DENUNCIA,,8,8,110101,ICA,ICA,ICA,25/03/2026
ENERO - FEBRERO,2026,05/03/2026,ICA,PROVINCIAL,FAMILIA,VIOLENCIA FAMILIAR,EXPEDIENTE,,1,1,110101,ICA,ICA,ICA,25/03/2026
ENERO - FEBRERO,2026,05/03/2026,ICA,PROVINCIAL,PENAL,PENAL,DENUNCIA,CONTRA LA CRIMINALIDAD ORGANIZADA,15,8,110101,ICA,ICA,ICA,25/03/2026
ENERO - FEBRERO,2026,05/03/2026,ICA,PROVINCIAL,PENAL,PENAL,DENUNCIA,DELITOS DE CORRUPCION DE FUNCIONARIOS,85,20,110101,ICA,ICA,ICA,25/03/2026
ENERO - FEBRERO,2026,05/03/2026,ICA,PROVINCIAL,PENAL,PENAL,DENUNCIA,MATERIA AMBIENTAL,33,14,110101,ICA,ICA,ICA,25/03/2026
ENERO - FEBRERO,2026,05/03/2026,ICA,PROVINCIAL,PENAL,PENAL,DENUNCIA,,6589,3477,110101,ICA,ICA,ICA,25/03/2026
ENERO - FEBRERO,2026,05/03/2026,ICA,PROVINCIAL,PENAL,PENAL,INVESTIGACION PREVENTIVA,,4,2,110101,ICA,ICA,ICA,25/03/2026
ENERO - FEBRERO,2026,05/03/2026,ICA,SUPERIOR,CIVIL,CIVIL,EXPEDIENTE,,4,3,110101,ICA,ICA,ICA,25/03/2026
ENERO - FEBRERO,2026,05/03/2026,ICA,SUPERIOR,FAMILIA,FAMILIA CIVIL,EXPEDIENTE,,24,22,110101,ICA,ICA,ICA,25/03/2026
ENERO - FEBRERO,2026,05/03/2026,ICA,SUPERIOR,FAMILIA,FAMILIA PENAL,EXPEDIENTE,,9,8,110101,ICA,ICA,ICA,25/03/2026
ENERO - FEBRERO,2026,05/03/2026,ICA,SUPERIOR,FAMILIA,FAMILIA PENAL,INCIDENTE,,1,1,110101,ICA,ICA,ICA,25/03/2026
ENERO - FEBRERO,2026,05/03/2026,ICA,SUPERIOR,FAMILIA,FAMILIA TUTELAR,EXPEDIENTE,,14,14,110101,ICA,ICA,ICA,25/03/2026
ENERO - FEBRERO,2026,05/03/2026,ICA,SUPERIOR,FAMILIA,VIOLENCIA FAMILIAR,EXPEDIENTE,,51,51,110101,ICA,ICA,ICA,25/03/2026
ENERO - FEBRERO,2026,05/03/2026,ICA,SUPERIOR,FAMILIA,VIOLENCIA FAMILIAR,INCIDENTE,,14,14,110101,ICA,ICA,ICA,25/03/2026
ENERO - FEBRERO,2026,05/03/2026,ICA,SUPERIOR,PENAL,PENAL,APELACION DENUNCIA,,317,314,110101,ICA,ICA,ICA,25/03/2026
ENERO - FEBRERO,2026,05/03/2026,ICA,SUPERIOR,PENAL,PENAL,APELACION EXPEDIENTE,,4,4,110101,ICA,ICA,ICA,25/03/2026
ENERO - FEBRERO,2026,05/03/2026,ICA,SUPERIOR,PENAL,PENAL,CONSULTAS,,27,25,110101,ICA,ICA,ICA,25/03/2026
ENERO - FEBRERO,2026,05/03/2026,ICA,SUPERIOR,PENAL,PENAL,DENUNCIA,,12,12,110101,ICA,ICA,ICA,25/03/2026
ENERO - FEBRERO,2026,05/03/2026,ICA,SUPERIOR,PENAL,PENAL,EXCLUSION FISCAL,,7,6,110101,ICA,ICA,ICA,25/03/2026
ENERO - FEBRERO,2026,05/03/2026,ICA,SUPERIOR,PENAL,PENAL,EXPEDIENTE,,9,8,110101,ICA,ICA,ICA,25/03/2026
ENERO - FEBRERO,2026,05/03/2026,ICA,SUPERIOR,PENAL,PENAL,QUEJAS,,276,263,110101,ICA,ICA,ICA,25/03/2026
ENERO - FEBRERO,2026,05/03/2026,JUNIN,PROVINCIAL,CIVIL,CIVIL,EXPEDIENTE,,1,1,120114,JUNIN,HUANCAYO,EL TAMBO,25/03/2026
ENERO - FEBRERO,2026,05/03/2026,JUNIN,PROVINCIAL,FAMILIA,ACTOS CONTRA LA LIBERTAD SEXUAL,DENUNCIA,,14,10,120114,JUNIN,HUANCAYO,EL TAMBO,25/03/2026
ENERO - FEBRERO,2026,05/03/2026,JUNIN,PROVINCIAL,FAMILIA,FAMILIA CIVIL,EXPEDIENTE,,216,174,120114,JUNIN,HUANCAYO,EL TAMBO,25/03/2026
ENERO - FEBRERO,2026,05/03/2026,JUNIN,PROVINCIAL,FAMILIA,FAMILIA PENAL,DENUNCIA,,158,84,120114,JUNIN,HUANCAYO,EL TAMBO,25/03/2026
ENERO - FEBRERO,2026,05/03/2026,JUNIN,PROVINCIAL,FAMILIA,FAMILIA PENAL,EXPEDIENTE,,17,16,120114,JUNIN,HUANCAYO,EL TAMBO,25/03/2026
ENERO - FEBRERO,2026,05/03/2026,JUNIN,PROVINCIAL,FAMILIA,FAMILIA TUTELAR,DENUNCIA,,47,34,120114,JUNIN,HUANCAYO,EL TAMBO,25/03/2026
ENERO - FEBRERO,2026,05/03/2026,JUNIN,PROVINCIAL,FAMILIA,FAMILIA TUTELAR,EXPEDIENTE,,33,23,120114,JUNIN,HUANCAYO,EL TAMBO,25/03/2026
ENERO - FEBRERO,2026,05/03/2026,JUNIN,PROVINCIAL,FAMILIA,VIOLENCIA FAMILIAR,DENUNCIA,,1,0,120114,JUNIN,HUANCAYO,EL TAMBO,25/03/2026
ENERO - FEBRERO,2026,05/03/2026,JUNIN,PROVINCIAL,FAMILIA,VIOLENCIA FAMILIAR,EXPEDIENTE,,1,0,120114,JUNIN,HUANCAYO,EL TAMBO,25/03/2026
ENERO - FEBRERO,2026,05/03/2026,JUNIN,PROVINCIAL,PENAL,PENAL,DENUNCIA,CONTRA LA CRIMINALIDAD ORGANIZADA,8,7,120114,JUNIN,HUANCAYO,EL TAMBO,25/03/2026
ENERO - FEBRERO,2026,05/03/2026,JUNIN,PROVINCIAL,PENAL,PENAL,DENUNCIA,DELITOS DE CORRUPCION DE FUNCIONARIOS,90,75,120114,JUNIN,HUANCAYO,EL TAMBO,25/03/2026
ENERO - FEBRERO,2026,05/03/2026,JUNIN,PROVINCIAL,PENAL,PENAL,DENUNCIA,DELITOS DE TRAFICO ILICITO DE DROGAS,14,11,120114,JUNIN,HUANCAYO,EL TAMBO,25/03/2026
ENERO - FEBRERO,2026,05/03/2026,JUNIN,PROVINCIAL,PENAL,PENAL,DENUNCIA,MATERIA AMBIENTAL,118,117,120114,JUNIN,HUANCAYO,EL TAMBO,25/03/2026
ENERO - FEBRERO,2026,05/03/2026,JUNIN,PROVINCIAL,PENAL,PENAL,DENUNCIA,VIOLENCIA CONTRA LA MUJER Y LOS INTEGRANTES DEL GRUPO FAMILIAR,1498,1388,120114,JUNIN,HUANCAYO,EL TAMBO,25/03/2026
ENERO - FEBRERO,2026,05/03/2026,JUNIN,PROVINCIAL,PENAL,PENAL,DENUNCIA,,5387,3786,120114,JUNIN,HUANCAYO,EL TAMBO,25/03/2026
ENERO - FEBRERO,2026,05/03/2026,JUNIN,PROVINCIAL,PENAL,PENAL,INVESTIGACION PREVENTIVA,MATERIA AMBIENTAL,1,1,120114,JUNIN,HUANCAYO,EL TAMBO,25/03/2026
ENERO - FEBRERO,2026,05/03/2026,JUNIN,PROVINCIAL,PENAL,PENAL,INVESTIGACION PREVENTIVA,,10,9,120114,JUNIN,HUANCAYO,EL TAMBO,25/03/2026
ENERO - FEBRERO,2026,05/03/2026,JUNIN,SUPERIOR,FAMILIA,FAMILIA PENAL,INCIDENTE,,4,4,120114,JUNIN,HUANCAYO,EL TAMBO,25/03/2026
ENERO - FEBRERO,2026,05/03/2026,JUNIN,SUPERIOR,FAMILIA,FAMILIA TUTELAR,EXPEDIENTE,,3,3,120114,JUNIN,HUANCAYO,EL TAMBO,25/03/2026
ENERO - FEBRERO,2026,05/03/2026,JUNIN,SUPERIOR,FAMILIA,VIOLENCIA FAMILIAR,EXPEDIENTE,,36,36,120114,JUNIN,HUANCAYO,EL TAMBO,25/03/2026
ENERO - FEBRERO,2026,05/03/2026,JUNIN,SUPERIOR,FAMILIA,VIOLENCIA FAMILIAR,INCIDENTE,,9,9,120114,JUNIN,HUANCAYO,EL TAMBO,25/03/2026
ENERO - FEBRERO,2026,05/03/2026,JUNIN,SUPERIOR,PENAL,PENAL,APELACION DENUNCIA,DELITOS DE CORRUPCION DE FUNCIONARIOS,14,14,120114,JUNIN,HUANCAYO,EL TAMBO,25/03/2026
ENERO - FEBRERO,2026,05/03/2026,JUNIN,SUPERIOR,PENAL,PENAL,APELACION DENUNCIA,VIOLENCIA CONTRA LA MUJER Y LOS INTEGRANTES DEL GRUPO FAMILIAR,50,48,120114,JUNIN,HUANCAYO,EL TAMBO,25/03/2026
ENERO - FEBRERO,2026,05/03/2026,JUNIN,SUPERIOR,PENAL,PENAL,APELACION DENUNCIA,,171,171,120114,JUNIN,HUANCAYO,EL TAMBO,25/03/2026
ENERO - FEBRERO,2026,05/03/2026,JUNIN,SUPERIOR,PENAL,PENAL,APELACION EXPEDIENTE,DELITOS DE CORRUPCION DE FUNCIONARIOS,13,13,120114,JUNIN,HUANCAYO,EL TAMBO,25/03/2026
ENERO - FEBRERO,2026,05/03/2026,JUNIN,SUPERIOR,PENAL,PENAL,APELACION EXPEDIENTE,VIOLENCIA CONTRA LA MUJER Y LOS INTEGRANTES DEL GRUPO FAMILIAR,17,17,120114,JUNIN,HUANCAYO,EL TAMBO,25/03/2026
ENERO - FEBRERO,2026,05/03/2026,JUNIN,SUPERIOR,PENAL,PENAL,APELACION EXPEDIENTE,,48,48,120114,JUNIN,HUANCAYO,EL TAMBO,25/03/2026
ENERO - FEBRERO,2026,05/03/2026,JUNIN,SUPERIOR,PENAL,PENAL,CONSULTAS,DELITOS DE CORRUPCION DE FUNCIONARIOS,2,2,120114,JUNIN,HUANCAYO,EL TAMBO,25/03/2026
ENERO - FEBRERO,2026,05/03/2026,JUNIN,SUPERIOR,PENAL,PENAL,CONSULTAS,VIOLENCIA CONTRA LA MUJER Y LOS INTEGRANTES DEL GRUPO FAMILIAR,11,11,120114,JUNIN,HUANCAYO,EL TAMBO,25/03/2026
ENERO - FEBRERO,2026,05/03/2026,JUNIN,SUPERIOR,PENAL,PENAL,CONSULTAS,,32,32,120114,JUNIN,HUANCAYO,EL TAMBO,25/03/2026
ENERO - FEBRERO,2026,05/03/2026,JUNIN,SUPERIOR,PENAL,PENAL,DENUNCIA,DELITOS DE CORRUPCION DE FUNCIONARIOS,4,4,120114,JUNIN,HUANCAYO,EL TAMBO,25/03/2026
ENERO - FEBRERO,2026,05/03/2026,JUNIN,SUPERIOR,PENAL,PENAL,DENUNCIA,,28,28,120114,JUNIN,HUANCAYO,EL TAMBO,25/03/2026
ENERO - FEBRERO,2026,05/03/2026,JUNIN,SUPERIOR,PENAL,PENAL,EXCLUSION FISCAL,DELITOS DE CORRUPCION DE FUNCIONARIOS,1,1,120114,JUNIN,HUANCAYO,EL TAMBO,25/03/2026
ENERO - FEBRERO,2026,05/03/2026,JUNIN,SUPERIOR,PENAL,PENAL,EXCLUSION FISCAL,,12,12,120114,JUNIN,HUANCAYO,EL TAMBO,25/03/2026
ENERO - FEBRERO,2026,05/03/2026,JUNIN,SUPERIOR,PENAL,PENAL,EXPEDIENTE,,5,5,120114,JUNIN,HUANCAYO,EL TAMBO,25/03/2026
ENERO - FEBRERO,2026,05/03/2026,JUNIN,SUPERIOR,PENAL,PENAL,INCIDENTE-EXPEDIENTE,,1,1,120114,JUNIN,HUANCAYO,EL TAMBO,25/03/2026
ENERO - FEBRERO,2026,05/03/2026,JUNIN,SUPERIOR,PENAL,PENAL,QUEJAS,DELITOS DE CORRUPCION DE FUNCIONARIOS,13,13,120114,JUNIN,HUANCAYO,EL TAMBO,25/03/2026
ENERO - FEBRERO,2026,05/03/2026,JUNIN,SUPERIOR,PENAL,PENAL,QUEJAS,VIOLENCIA CONTRA LA MUJER Y LOS INTEGRANTES DEL GRUPO FAMILIAR,32,32,120114,JUNIN,HUANCAYO,EL TAMBO,25/03/2026
ENERO - FEBRERO,2026,05/03/2026,JUNIN,SUPERIOR,PENAL,PENAL,QUEJAS,,269,268,120114,JUNIN,HUANCAYO,EL TAMBO,25/03/2026
ENERO - FEBRERO,2026,05/03/2026,LA LIBERTAD,PROVINCIAL,CIVIL,CIVIL,EXPEDIENTE,,19,1,130101,LA LIBERTAD,TRUJILLO,TRUJILLO,25/03/2026
ENERO - FEBRERO,2026,05/03/2026,LA LIBERTAD,PROVINCIAL,FAMILIA,ACTOS CONTRA LA LIBERTAD SEXUAL,DENUNCIA,,11,6,130101,LA LIBERTAD,TRUJILLO,TRUJILLO,25/03/2026
ENERO - FEBRERO,2026,05/03/2026,LA LIBERTAD,PROVINCIAL,FAMILIA,FAMILIA CIVIL,EXPEDIENTE,,147,109,130101,LA LIBERTAD,TRUJILLO,TRUJILLO,25/03/2026
ENERO - FEBRERO,2026,05/03/2026,LA LIBERTAD,PROVINCIAL,FAMILIA,FAMILIA PENAL,DENUNCIA,,318,156,130101,LA LIBERTAD,TRUJILLO,TRUJILLO,25/03/2026
ENERO - FEBRERO,2026,05/03/2026,LA LIBERTAD,PROVINCIAL,FAMILIA,FAMILIA PENAL,EXPEDIENTE,,25,23,130101,LA LIBERTAD,TRUJILLO,TRUJILLO,25/03/2026
ENERO - FEBRERO,2026,05/03/2026,LA LIBERTAD,PROVINCIAL,FAMILIA,FAMILIA TUTELAR,DENUNCIA,,167,54,130101,LA LIBERTAD,TRUJILLO,TRUJILLO,25/03/2026
ENERO - FEBRERO,2026,05/03/2026,LA LIBERTAD,PROVINCIAL,FAMILIA,FAMILIA TUTELAR,EXPEDIENTE,,7,3,130101,LA LIBERTAD,TRUJILLO,TRUJILLO,25/03/2026
ENERO - FEBRERO,2026,05/03/2026,LA LIBERTAD,PROVINCIAL,FAMILIA,VIOLENCIA FAMILIAR,DENUNCIA,,64,48,130101,LA LIBERTAD,TRUJILLO,TRUJILLO,25/03/2026
ENERO - FEBRERO,2026,05/03/2026,LA LIBERTAD,PROVINCIAL,PENAL,PENAL,DENUNCIA,CONTRA LA CRIMINALIDAD ORGANIZADA,13,13,130101,LA LIBERTAD,TRUJILLO,TRUJILLO,25/03/2026
ENERO - FEBRERO,2026,05/03/2026,LA LIBERTAD,PROVINCIAL,PENAL,PENAL,DENUNCIA,DELITOS DE CIBERDELINCUENCIA,286,157,130101,LA LIBERTAD,TRUJILLO,TRUJILLO,25/03/2026
ENERO - FEBRERO,2026,05/03/2026,LA LIBERTAD,PROVINCIAL,PENAL,PENAL,DENUNCIA,DELITOS DE CORRUPCION DE FUNCIONARIOS,110,70,130101,LA LIBERTAD,TRUJILLO,TRUJILLO,25/03/2026
ENERO - FEBRERO,2026,05/03/2026,LA LIBERTAD,PROVINCIAL,PENAL,PENAL,DENUNCIA,DELITOS DE TRAFICO ILICITO DE DROGAS,37,37,130101,LA LIBERTAD,TRUJILLO,TRUJILLO,25/03/2026
ENERO - FEBRERO,2026,05/03/2026,LA LIBERTAD,PROVINCIAL,PENAL,PENAL,DENUNCIA,DELITOS DE TRATA DE PERSONAS,10,10,130101,LA LIBERTAD,TRUJILLO,TRUJILLO,25/03/2026
ENERO - FEBRERO,2026,05/03/2026,LA LIBERTAD,PROVINCIAL,PENAL,PENAL,DENUNCIA,MATERIA AMBIENTAL,39,35,130101,LA LIBERTAD,TRUJILLO,TRUJILLO,25/03/2026
ENERO - FEBRERO,2026,05/03/2026,LA LIBERTAD,PROVINCIAL,PENAL,PENAL,DENUNCIA,VIOLENCIA CONTRA LA MUJER Y LOS INTEGRANTES DEL GRUPO FAMILIAR,626,535,130101,LA LIBERTAD,TRUJILLO,TRUJILLO,25/03/2026
ENERO - FEBRERO,2026,05/03/2026,LA LIBERTAD,PROVINCIAL,PENAL,PENAL,DENUNCIA,,8539,6189,130101,LA LIBERTAD,TRUJILLO,TRUJILLO,25/03/2026
ENERO - FEBRERO,2026,05/03/2026,LA LIBERTAD,PROVINCIAL,PENAL,PENAL,EXPEDIENTE,,2,1,130101,LA LIBERTAD,TRUJILLO,TRUJILLO,25/03/2026
ENERO - FEBRERO,2026,05/03/2026,LA LIBERTAD,PROVINCIAL,PENAL,PENAL,INVESTIGACION PREVENTIVA,MATERIA AMBIENTAL,5,4,130101,LA LIBERTAD,TRUJILLO,TRUJILLO,25/03/2026
ENERO - FEBRERO,2026,05/03/2026,LA LIBERTAD,PROVINCIAL,PENAL,PENAL,INVESTIGACION PREVENTIVA,,8,5,130101,LA LIBERTAD,TRUJILLO,TRUJILLO,25/03/2026
ENERO - FEBRERO,2026,05/03/2026,LA LIBERTAD,SUPERIOR,CIVIL,CIVIL,EXPEDIENTE,,1,1,130101,LA LIBERTAD,TRUJILLO,TRUJILLO,25/03/2026
ENERO - FEBRERO,2026,05/03/2026,LA LIBERTAD,SUPERIOR,FAMILIA,FAMILIA CIVIL,EXPEDIENTE,,7,7,130101,LA LIBERTAD,TRUJILLO,TRUJILLO,25/03/2026
ENERO - FEBRERO,2026,05/03/2026,LA LIBERTAD,SUPERIOR,FAMILIA,FAMILIA PENAL,EXPEDIENTE,,6,6,130101,LA LIBERTAD,TRUJILLO,TRUJILLO,25/03/2026
ENERO - FEBRERO,2026,05/03/2026,LA LIBERTAD,SUPERIOR,FAMILIA,VIOLENCIA FAMILIAR,EXPEDIENTE,,84,84,130101,LA LIBERTAD,TRUJILLO,TRUJILLO,25/03/2026
ENERO - FEBRERO,2026,05/03/2026,LA LIBERTAD,SUPERIOR,PENAL,PENAL,APELACION DENUNCIA,,525,511,130101,LA LIBERTAD,TRUJILLO,TRUJILLO,25/03/2026
ENERO - FEBRERO,2026,05/03/2026,LA LIBERTAD,SUPERIOR,PENAL,PENAL,CONSULTAS,,107,74,130101,LA LIBERTAD,TRUJILLO,TRUJILLO,25/03/2026
ENERO - FEBRERO,2026,05/03/2026,LA LIBERTAD,SUPERIOR,PENAL,PENAL,DENUNCIA,,19,18,130101,LA LIBERTAD,TRUJILLO,TRUJILLO,25/03/2026
ENERO - FEBRERO,2026,05/03/2026,LA LIBERTAD,SUPERIOR,PENAL,PENAL,EXCLUSION FISCAL,,13,12,130101,LA LIBERTAD,TRUJILLO,TRUJILLO,25/03/2026
ENERO - FEBRERO,2026,05/03/2026,LA LIBERTAD,SUPERIOR,PENAL,PENAL,EXPEDIENTE,,13,0,130101,LA LIBERTAD,TRUJILLO,TRUJILLO,25/03/2026
ENERO - FEBRERO,2026,05/03/2026,LA LIBERTAD,SUPERIOR,PENAL,PENAL,QUEJAS,,321,266,130101,LA LIBERTAD,TRUJILLO,TRUJILLO,25/03/2026
ENERO - FEBRERO,2026,05/03/2026,LAMBAYEQUE,PROVINCIAL,CIVIL,CIVIL,EXPEDIENTE,,2,1,140101,LAMBAYEQUE,CHICLAYO,CHICLAYO,25/03/2026
ENERO - FEBRERO,2026,05/03/2026,LAMBAYEQUE,PROVINCIAL,FAMILIA,ACTOS CONTRA LA LIBERTAD SEXUAL,DENUNCIA,,45,11,140101,LAMBAYEQUE,CHICLAYO,CHICLAYO,25/03/2026
ENERO - FEBRERO,2026,05/03/2026,LAMBAYEQUE,PROVINCIAL,FAMILIA,FAMILIA CIVIL,EXPEDIENTE,,439,194,140101,LAMBAYEQUE,CHICLAYO,CHICLAYO,25/03/2026
ENERO - FEBRERO,2026,05/03/2026,LAMBAYEQUE,PROVINCIAL,FAMILIA,FAMILIA PENAL,DENUNCIA,,311,110,140101,LAMBAYEQUE,CHICLAYO,CHICLAYO,25/03/2026
ENERO - FEBRERO,2026,05/03/2026,LAMBAYEQUE,PROVINCIAL,FAMILIA,FAMILIA PENAL,EXPEDIENTE,,45,34,140101,LAMBAYEQUE,CHICLAYO,CHICLAYO,25/03/2026
ENERO - FEBRERO,2026,05/03/2026,LAMBAYEQUE,PROVINCIAL,FAMILIA,FAMILIA TUTELAR,DENUNCIA,,68,49,140101,LAMBAYEQUE,CHICLAYO,CHICLAYO,25/03/2026
ENERO - FEBRERO,2026,05/03/2026,LAMBAYEQUE,PROVINCIAL,FAMILIA,FAMILIA TUTELAR,EXPEDIENTE,,13,5,140101,LAMBAYEQUE,CHICLAYO,CHICLAYO,25/03/2026
ENERO - FEBRERO,2026,05/03/2026,LAMBAYEQUE,PROVINCIAL,FAMILIA,VIOLENCIA FAMILIAR,DENUNCIA,,25,16,140101,LAMBAYEQUE,CHICLAYO,CHICLAYO,25/03/2026
ENERO - FEBRERO,2026,05/03/2026,LAMBAYEQUE,PROVINCIAL,FAMILIA,VIOLENCIA FAMILIAR,EXPEDIENTE,,2,2,140101,LAMBAYEQUE,CHICLAYO,CHICLAYO,25/03/2026
ENERO - FEBRERO,2026,05/03/2026,LAMBAYEQUE,PROVINCIAL,PENAL,PENAL,DENUNCIA,CONTRA LA CRIMINALIDAD ORGANIZADA,15,9,140101,LAMBAYEQUE,CHICLAYO,CHICLAYO,25/03/2026
ENERO - FEBRERO,2026,05/03/2026,LAMBAYEQUE,PROVINCIAL,PENAL,PENAL,DENUNCIA,DELITOS DE CORRUPCION DE FUNCIONARIOS,113,79,140101,LAMBAYEQUE,CHICLAYO,CHICLAYO,25/03/2026
ENERO - FEBRERO,2026,05/03/2026,LAMBAYEQUE,PROVINCIAL,PENAL,PENAL,DENUNCIA,DELITOS DE TRAFICO ILICITO DE DROGAS,24,22,140101,LAMBAYEQUE,CHICLAYO,CHICLAYO,25/03/2026
ENERO - FEBRERO,2026,05/03/2026,LAMBAYEQUE,PROVINCIAL,PENAL,PENAL,DENUNCIA,MATERIA AMBIENTAL,47,46,140101,LAMBAYEQUE,CHICLAYO,CHICLAYO,25/03/2026
ENERO - FEBRERO,2026,05/03/2026,LAMBAYEQUE,PROVINCIAL,PENAL,PENAL,DENUNCIA,VIOLENCIA CONTRA LA MUJER Y LOS INTEGRANTES DEL GRUPO FAMILIAR,1244,914,140101,LAMBAYEQUE,CHICLAYO,CHICLAYO,25/03/2026
ENERO - FEBRERO,2026,05/03/2026,LAMBAYEQUE,PROVINCIAL,PENAL,PENAL,DENUNCIA,,13513,9053,140101,LAMBAYEQUE,CHICLAYO,CHICLAYO,25/03/2026
ENERO - FEBRERO,2026,05/03/2026,LAMBAYEQUE,PROVINCIAL,PENAL,PENAL,EXPEDIENTE,,2,1,140101,LAMBAYEQUE,CHICLAYO,CHICLAYO,25/03/2026
ENERO - FEBRERO,2026,05/03/2026,LAMBAYEQUE,PROVINCIAL,PENAL,PENAL,INVESTIGACION PREVENTIVA,MATERIA AMBIENTAL,15,15,140101,LAMBAYEQUE,CHICLAYO,CHICLAYO,25/03/2026
ENERO - FEBRERO,2026,05/03/2026,LAMBAYEQUE,PROVINCIAL,PENAL,PENAL,INVESTIGACION PREVENTIVA,,41,39,140101,LAMBAYEQUE,CHICLAYO,CHICLAYO,25/03/2026
ENERO - FEBRERO,2026,05/03/2026,LAMBAYEQUE,SUPERIOR,FAMILIA,FAMILIA CIVIL,EXPEDIENTE,,20,10,140101,LAMBAYEQUE,CHICLAYO,CHICLAYO,25/03/2026
ENERO - FEBRERO,2026,05/03/2026,LAMBAYEQUE,SUPERIOR,FAMILIA,FAMILIA CIVIL,INCIDENTE,,2,2,140101,LAMBAYEQUE,CHICLAYO,CHICLAYO,25/03/2026
ENERO - FEBRERO,2026,05/03/2026,LAMBAYEQUE,SUPERIOR,FAMILIA,FAMILIA PENAL,EXPEDIENTE,,8,4,140101,LAMBAYEQUE,CHICLAYO,CHICLAYO,25/03/2026
ENERO - FEBRERO,2026,05/03/2026,LAMBAYEQUE,SUPERIOR,FAMILIA,FAMILIA TUTELAR,EXPEDIENTE,,49,12,140101,LAMBAYEQUE,CHICLAYO,CHICLAYO,25/03/2026
ENERO - FEBRERO,2026,05/03/2026,LAMBAYEQUE,SUPERIOR,FAMILIA,VIOLENCIA FAMILIAR,EXPEDIENTE,,35,18,140101,LAMBAYEQUE,CHICLAYO,CHICLAYO,25/03/2026
ENERO - FEBRERO,2026,05/03/2026,LAMBAYEQUE,SUPERIOR,PENAL,PENAL,APELACION DENUNCIA,,290,284,140101,LAMBAYEQUE,CHICLAYO,CHICLAYO,25/03/2026
ENERO - FEBRERO,2026,05/03/2026,LAMBAYEQUE,SUPERIOR,PENAL,PENAL,CONSULTAS,,86,83,140101,LAMBAYEQUE,CHICLAYO,CHICLAYO,25/03/2026
ENERO - FEBRERO,2026,05/03/2026,LAMBAYEQUE,SUPERIOR,PENAL,PENAL,DENUNCIA,,16,12,140101,LAMBAYEQUE,CHICLAYO,CHICLAYO,25/03/2026
ENERO - FEBRERO,2026,05/03/2026,LAMBAYEQUE,SUPERIOR,PENAL,PENAL,EXCLUSION FISCAL,,9,8,140101,LAMBAYEQUE,CHICLAYO,CHICLAYO,25/03/2026
ENERO - FEBRERO,2026,05/03/2026,LAMBAYEQUE,SUPERIOR,PENAL,PENAL,EXPEDIENTE,,13,10,140101,LAMBAYEQUE,CHICLAYO,CHICLAYO,25/03/2026
ENERO - FEBRERO,2026,05/03/2026,LAMBAYEQUE,SUPERIOR,PENAL,PENAL,QUEJAS,,441,439,140101,LAMBAYEQUE,CHICLAYO,CHICLAYO,25/03/2026
ENERO - FEBRERO,2026,05/03/2026,LIMA CENTRO,PROVINCIAL,CIVIL,CIVIL,EXPEDIENTE,,50,33,150101,LIMA,LIMA,LIMA,25/03/2026
ENERO - FEBRERO,2026,05/03/2026,LIMA CENTRO,PROVINCIAL,FAMILIA,ACTOS CONTRA LA LIBERTAD SEXUAL,DENUNCIA,,37,25,150101,LIMA,LIMA,LIMA,25/03/2026
ENERO - FEBRERO,2026,05/03/2026,LIMA CENTRO,PROVINCIAL,FAMILIA,FAMILIA CIVIL,EXPEDIENTE,,289,222,150101,LIMA,LIMA,LIMA,25/03/2026
ENERO - FEBRERO,2026,05/03/2026,LIMA CENTRO,PROVINCIAL,FAMILIA,FAMILIA PENAL,DENUNCIA,,242,172,150101,LIMA,LIMA,LIMA,25/03/2026
ENERO - FEBRERO,2026,05/03/2026,LIMA CENTRO,PROVINCIAL,FAMILIA,FAMILIA PENAL,EXPEDIENTE,,52,49,150101,LIMA,LIMA,LIMA,25/03/2026
ENERO - FEBRERO,2026,05/03/2026,LIMA CENTRO,PROVINCIAL,FAMILIA,FAMILIA TUTELAR,DENUNCIA,,597,403,150101,LIMA,LIMA,LIMA,25/03/2026
ENERO - FEBRERO,2026,05/03/2026,LIMA CENTRO,PROVINCIAL,FAMILIA,FAMILIA TUTELAR,EXPEDIENTE,,11,8,150101,LIMA,LIMA,LIMA,25/03/2026
ENERO - FEBRERO,2026,05/03/2026,LIMA CENTRO,PROVINCIAL,FAMILIA,VIOLENCIA FAMILIAR,DENUNCIA,,1,0,150101,LIMA,LIMA,LIMA,25/03/2026
ENERO - FEBRERO,2026,05/03/2026,LIMA CENTRO,PROVINCIAL,PENAL,PENAL,DENUNCIA,CONTRA LA CRIMINALIDAD ORGANIZADA,86,73,150101,LIMA,LIMA,LIMA,25/03/2026
ENERO - FEBRERO,2026,05/03/2026,LIMA CENTRO,PROVINCIAL,PENAL,PENAL,DENUNCIA,DELITOS ADUANEROS Y CONTRA LA PROPIEDAD INTELECTUAL,305,249,150101,LIMA,LIMA,LIMA,25/03/2026
ENERO - FEBRERO,2026,05/03/2026,LIMA CENTRO,PROVINCIAL,PENAL,PENAL,DENUNCIA,DELITOS DE CIBERDELINCUENCIA,1958,1017,150101,LIMA,LIMA,LIMA,25/03/2026
ENERO - FEBRERO,2026,05/03/2026,LIMA CENTRO,PROVINCIAL,PENAL,PENAL,DENUNCIA,DELITOS DE CORRUPCION DE FUNCIONARIOS,330,237,150101,LIMA,LIMA,LIMA,25/03/2026
ENERO - FEBRERO,2026,05/03/2026,LIMA CENTRO,PROVINCIAL,PENAL,PENAL,DENUNCIA,DELITOS DE TRAFICO ILICITO DE DROGAS,28,24,150101,LIMA,LIMA,LIMA,25/03/2026
ENERO - FEBRERO,2026,05/03/2026,LIMA CENTRO,PROVINCIAL,PENAL,PENAL,DENUNCIA,DELITOS DE TRATA DE PERSONAS,167,109,150101,LIMA,LIMA,LIMA,25/03/2026
ENERO - FEBRERO,2026,05/03/2026,LIMA CENTRO,PROVINCIAL,PENAL,PENAL,DENUNCIA,DELITOS TRIBUTARIOS,17,13,150101,LIMA,LIMA,LIMA,25/03/2026
ENERO - FEBRERO,2026,05/03/2026,LIMA CENTRO,PROVINCIAL,PENAL,PENAL,DENUNCIA,LAVADO DE ACTIVOS Y PERDIDA DE DOMINIO,73,49,150101,LIMA,LIMA,LIMA,25/03/2026
ENERO - FEBRERO,2026,05/03/2026,LIMA CENTRO,PROVINCIAL,PENAL,PENAL,DENUNCIA,MATERIA AMBIENTAL,30,22,150101,LIMA,LIMA,LIMA,25/03/2026
ENERO - FEBRERO,2026,05/03/2026,LIMA CENTRO,PROVINCIAL,PENAL,PENAL,DENUNCIA,VIOLENCIA CONTRA LA MUJER Y LOS INTEGRANTES DEL GRUPO FAMILIAR,4595,2222,150101,LIMA,LIMA,LIMA,25/03/2026
ENERO - FEBRERO,2026,05/03/2026,LIMA CENTRO,PROVINCIAL,PENAL,PENAL,DENUNCIA,,13395,8464,150101,LIMA,LIMA,LIMA,25/03/2026
ENERO - FEBRERO,2026,05/03/2026,LIMA CENTRO,PROVINCIAL,PENAL,PENAL,EXPEDIENTE,DELITOS ADUANEROS Y CONTRA LA PROPIEDAD INTELECTUAL,1,0,150101,LIMA,LIMA,LIMA,25/03/2026
ENERO - FEBRERO,2026,05/03/2026,LIMA CENTRO,PROVINCIAL,PENAL,PENAL,EXPEDIENTE,MATERIA AMBIENTAL,1,0,150101,LIMA,LIMA,LIMA,25/03/2026
ENERO - FEBRERO,2026,05/03/2026,LIMA CENTRO,PROVINCIAL,PENAL,PENAL,EXPEDIENTE,TRANSITO Y SEGURIDAD VIAL,9,9,150101,LIMA,LIMA,LIMA,25/03/2026
ENERO - FEBRERO,2026,05/03/2026,LIMA CENTRO,PROVINCIAL,PENAL,PENAL,EXPEDIENTE,,182,138,150101,LIMA,LIMA,LIMA,25/03/2026
ENERO - FEBRERO,2026,05/03/2026,LIMA CENTRO,SUPERIOR,CIVIL,CIVIL,EXPEDIENTE,,3,2,150101,LIMA,LIMA,LIMA,25/03/2026
ENERO - FEBRERO,2026,05/03/2026,LIMA CENTRO,SUPERIOR,FAMILIA,FAMILIA CIVIL,EXPEDIENTE,,156,100,150101,LIMA,LIMA,LIMA,25/03/2026
ENERO - FEBRERO,2026,05/03/2026,LIMA CENTRO,SUPERIOR,FAMILIA,FAMILIA CIVIL,INCIDENTE,,2,1,150101,LIMA,LIMA,LIMA,25/03/2026
ENERO - FEBRERO,2026,05/03/2026,LIMA CENTRO,SUPERIOR,FAMILIA,FAMILIA PENAL,EXPEDIENTE,,20,14,150101,LIMA,LIMA,LIMA,25/03/2026
ENERO - FEBRERO,2026,05/03/2026,LIMA CENTRO,SUPERIOR,FAMILIA,FAMILIA PENAL,INCIDENTE,,1,1,150101,LIMA,LIMA,LIMA,25/03/2026
ENERO - FEBRERO,2026,05/03/2026,LIMA CENTRO,SUPERIOR,FAMILIA,FAMILIA TUTELAR,EXPEDIENTE,,5,1,150101,LIMA,LIMA,LIMA,25/03/2026
ENERO - FEBRERO,2026,05/03/2026,LIMA CENTRO,SUPERIOR,FAMILIA,VIOLENCIA FAMILIAR,EXPEDIENTE,,81,49,150101,LIMA,LIMA,LIMA,25/03/2026
ENERO - FEBRERO,2026,05/03/2026,LIMA CENTRO,SUPERIOR,FAMILIA,VIOLENCIA FAMILIAR,INCIDENTE,,229,71,150101,LIMA,LIMA,LIMA,25/03/2026
ENERO - FEBRERO,2026,05/03/2026,LIMA CENTRO,SUPERIOR,PENAL,PENAL,APELACION DENUNCIA,CONTRA LA CRIMINALIDAD ORGANIZADA,43,41,150101,LIMA,LIMA,LIMA,25/03/2026
ENERO - FEBRERO,2026,05/03/2026,LIMA CENTRO,SUPERIOR,PENAL,PENAL,APELACION DENUNCIA,DELITOS DE CORRUPCION DE FUNCIONARIOS,124,116,150101,LIMA,LIMA,LIMA,25/03/2026
ENERO - FEBRERO,2026,05/03/2026,LIMA CENTRO,SUPERIOR,PENAL,PENAL,APELACION DENUNCIA,LAVADO DE ACTIVOS Y PERDIDA DE DOMINIO,7,6,150101,LIMA,LIMA,LIMA,25/03/2026
ENERO - FEBRERO,2026,05/03/2026,LIMA CENTRO,SUPERIOR,PENAL,PENAL,APELACION EXPEDIENTE,CONTRA LA CRIMINALIDAD ORGANIZADA,37,37,150101,LIMA,LIMA,LIMA,25/03/2026
ENERO - FEBRERO,2026,05/03/2026,LIMA CENTRO,SUPERIOR,PENAL,PENAL,APELACION EXPEDIENTE,LAVADO DE ACTIVOS Y PERDIDA DE DOMINIO,36,36,150101,LIMA,LIMA,LIMA,25/03/2026
ENERO - FEBRERO,2026,05/03/2026,LIMA CENTRO,SUPERIOR,PENAL,PENAL,APELACION EXPEDIENTE,,34,34,150101,LIMA,LIMA,LIMA,25/03/2026
ENERO - FEBRERO,2026,05/03/2026,LIMA CENTRO,SUPERIOR,PENAL,PENAL,CONSULTAS,CONTRA LA CRIMINALIDAD ORGANIZADA,5,5,150101,LIMA,LIMA,LIMA,25/03/2026
ENERO - FEBRERO,2026,05/03/2026,LIMA CENTRO,SUPERIOR,PENAL,PENAL,CONSULTAS,DELITOS DE CORRUPCION DE FUNCIONARIOS,21,19,150101,LIMA,LIMA,LIMA,25/03/2026
ENERO - FEBRERO,2026,05/03/2026,LIMA CENTRO,SUPERIOR,PENAL,PENAL,CONSULTAS,LAVADO DE ACTIVOS Y PERDIDA DE DOMINIO,21,14,150101,LIMA,LIMA,LIMA,25/03/2026
ENERO - FEBRERO,2026,05/03/2026,LIMA CENTRO,SUPERIOR,PENAL,PENAL,CONSULTAS,,9,9,150101,LIMA,LIMA,LIMA,25/03/2026
ENERO - FEBRERO,2026,05/03/2026,LIMA CENTRO,SUPERIOR,PENAL,PENAL,DENUNCIA,DELITOS DE CORRUPCION DE FUNCIONARIOS,12,12,150101,LIMA,LIMA,LIMA,25/03/2026
ENERO - FEBRERO,2026,05/03/2026,LIMA CENTRO,SUPERIOR,PENAL,PENAL,DENUNCIA,,73,73,150101,LIMA,LIMA,LIMA,25/03/2026
ENERO - FEBRERO,2026,05/03/2026,LIMA CENTRO,SUPERIOR,PENAL,PENAL,EXCLUSION FISCAL,CONTRA LA CRIMINALIDAD ORGANIZADA,1,1,150101,LIMA,LIMA,LIMA,25/03/2026
ENERO - FEBRERO,2026,05/03/2026,LIMA CENTRO,SUPERIOR,PENAL,PENAL,EXCLUSION FISCAL,DELITOS DE CORRUPCION DE FUNCIONARIOS,1,0,150101,LIMA,LIMA,LIMA,25/03/2026
ENERO - FEBRERO,2026,05/03/2026,LIMA CENTRO,SUPERIOR,PENAL,PENAL,EXCLUSION FISCAL,LAVADO DE ACTIVOS Y PERDIDA DE DOMINIO,4,3,150101,LIMA,LIMA,LIMA,25/03/2026
ENERO - FEBRERO,2026,05/03/2026,LIMA CENTRO,SUPERIOR,PENAL,PENAL,EXPEDIENTE,CONTRA LA CRIMINALIDAD ORGANIZADA,22,20,150101,LIMA,LIMA,LIMA,25/03/2026
ENERO - FEBRERO,2026,05/03/2026,LIMA CENTRO,SUPERIOR,PENAL,PENAL,EXPEDIENTE,DELITOS DE CORRUPCION DE FUNCIONARIOS,8,8,150101,LIMA,LIMA,LIMA,25/03/2026
ENERO - FEBRERO,2026,05/03/2026,LIMA CENTRO,SUPERIOR,PENAL,PENAL,EXPEDIENTE,LAVADO DE ACTIVOS Y PERDIDA DE DOMINIO,10,0,150101,LIMA,LIMA,LIMA,25/03/2026
ENERO - FEBRERO,2026,05/03/2026,LIMA CENTRO,SUPERIOR,PENAL,PENAL,EXPEDIENTE,VIOLENCIA CONTRA LA MUJER Y LOS INTEGRANTES DEL GRUPO FAMILIAR,3,0,150101,LIMA,LIMA,LIMA,25/03/2026
ENERO - FEBRERO,2026,05/03/2026,LIMA CENTRO,SUPERIOR,PENAL,PENAL,EXPEDIENTE,,264,168,150101,LIMA,LIMA,LIMA,25/03/2026
ENERO - FEBRERO,2026,05/03/2026,LIMA CENTRO,SUPERIOR,PENAL,PENAL,INCIDENTE-EXPEDIENTE,CONTRA LA CRIMINALIDAD ORGANIZADA,2,2,150101,LIMA,LIMA,LIMA,25/03/2026
ENERO - FEBRERO,2026,05/03/2026,LIMA CENTRO,SUPERIOR,PENAL,PENAL,INCIDENTE-EXPEDIENTE,,9,8,150101,LIMA,LIMA,LIMA,25/03/2026
ENERO - FEBRERO,2026,05/03/2026,LIMA CENTRO,SUPERIOR,PENAL,PENAL,QUEJAS,CONTRA LA CRIMINALIDAD ORGANIZADA,13,13,150101,LIMA,LIMA,LIMA,25/03/2026
ENERO - FEBRERO,2026,05/03/2026,LIMA CENTRO,SUPERIOR,PENAL,PENAL,QUEJAS,DELITOS DE CORRUPCION DE FUNCIONARIOS,48,45,150101,LIMA,LIMA,LIMA,25/03/2026
ENERO - FEBRERO,2026,05/03/2026,LIMA CENTRO,SUPERIOR,PENAL,PENAL,QUEJAS,LAVADO DE ACTIVOS Y PERDIDA DE DOMINIO,25,22,150101,LIMA,LIMA,LIMA,25/03/2026
ENERO - FEBRERO,2026,05/03/2026,LIMA CENTRO,SUPERIOR,PENAL,PENAL,QUEJAS,,151,136,150101,LIMA,LIMA,LIMA,25/03/2026
ENERO - FEBRERO,2026,05/03/2026,LIMA CENTRO,SUPERIOR,PENAL,PENAL,CONTIENDA DE COMPETENCIA,DELITOS DE CIBERDELINCUENCIA,107,107,150101,LIMA,LIMA,LIMA,25/03/2026
ENERO - FEBRERO,2026,05/03/2026,LIMA CENTRO,SUPERIOR,PENAL,PENAL,CONTIENDA DE COMPETENCIA,VIOLENCIA CONTRA LA MUJER Y LOS INTEGRANTES DEL GRUPO FAMILIAR,56,56,150101,LIMA,LIMA,LIMA,25/03/2026
ENERO - FEBRERO,2026,05/03/2026,LIMA CENTRO,SUPERIOR,PENAL,PENAL,CONTIENDA DE COMPETENCIA,,112,112,150101,LIMA,LIMA,LIMA,25/03/2026
ENERO - FEBRERO,2026,05/03/2026,LIMA CENTRO,SUPERIOR,PENAL,PENAL,APELACIÓN DE AUTO,DELITOS DE CIBERDELINCUENCIA,10,10,150101,LIMA,LIMA,LIMA,25/03/2026
ENERO - FEBRERO,2026,05/03/2026,LIMA CENTRO,SUPERIOR,PENAL,PENAL,APELACIÓN DE AUTO,VIOLENCIA CONTRA LA MUJER Y LOS INTEGRANTES DEL GRUPO FAMILIAR,4,4,150101,LIMA,LIMA,LIMA,25/03/2026
ENERO - FEBRERO,2026,05/03/2026,LIMA CENTRO,SUPERIOR,PENAL,PENAL,APELACIÓN DE AUTO,,79,79,150101,LIMA,LIMA,LIMA,25/03/2026
ENERO - FEBRERO,2026,05/03/2026,LIMA CENTRO,SUPERIOR,PENAL,PENAL,APELACIÓN DE SENTENCIA,VIOLENCIA CONTRA LA MUJER Y LOS INTEGRANTES DEL GRUPO FAMILIAR,2,2,150101,LIMA,LIMA,LIMA,25/03/2026
ENERO - FEBRERO,2026,05/03/2026,LIMA CENTRO,SUPERIOR,PENAL,PENAL,APELACIÓN DE SENTENCIA,,36,36,150101,LIMA,LIMA,LIMA,25/03/2026
ENERO - FEBRERO,2026,05/03/2026,LIMA CENTRO,SUPERIOR,PENAL,PENAL,ELEVACIÓN DE ACTUADOS,DELITOS DE CIBERDELINCUENCIA,77,77,150101,LIMA,LIMA,LIMA,25/03/2026
ENERO - FEBRERO,2026,05/03/2026,LIMA CENTRO,SUPERIOR,PENAL,PENAL,ELEVACIÓN DE ACTUADOS,DELITOS DE TRATA DE PERSONAS,1,1,150101,LIMA,LIMA,LIMA,25/03/2026
ENERO - FEBRERO,2026,05/03/2026,LIMA CENTRO,SUPERIOR,PENAL,PENAL,ELEVACIÓN DE ACTUADOS,VIOLENCIA CONTRA LA MUJER Y LOS INTEGRANTES DEL GRUPO FAMILIAR,176,176,150101,LIMA,LIMA,LIMA,25/03/2026
ENERO - FEBRERO,2026,05/03/2026,LIMA CENTRO,SUPERIOR,PENAL,PENAL,ELEVACIÓN DE ACTUADOS,,1033,1033,150101,LIMA,LIMA,LIMA,25/03/2026
ENERO - FEBRERO,2026,05/03/2026,LIMA CENTRO,SUPERIOR,PENAL,PENAL,ELEVACIÓN EN CONSULTA,DELITOS DE CIBERDELINCUENCIA,1,1,150101,LIMA,LIMA,LIMA,25/03/2026
ENERO - FEBRERO,2026,05/03/2026,LIMA CENTRO,SUPERIOR,PENAL,PENAL,ELEVACIÓN EN CONSULTA,VIOLENCIA CONTRA LA MUJER Y LOS INTEGRANTES DEL GRUPO FAMILIAR,4,4,150101,LIMA,LIMA,LIMA,25/03/2026
ENERO - FEBRERO,2026,05/03/2026,LIMA CENTRO,SUPERIOR,PENAL,PENAL,ELEVACIÓN EN CONSULTA,,12,12,150101,LIMA,LIMA,LIMA,25/03/2026
ENERO - FEBRERO,2026,05/03/2026,LIMA CENTRO,SUPREMA,FAMILIA,FAMILIA,PROCESO FAMILIA,,142,32,150101,LIMA,LIMA,LIMA,25/03/2026
ENERO - FEBRERO,2026,05/03/2026,LIMA CENTRO,SUPREMA,PENAL,PENAL,PROCESO PENAL,DELITOS DE CORRUPCION DE FUNCIONARIOS,264,252,150101,LIMA,LIMA,LIMA,25/03/2026
ENERO - FEBRERO,2026,05/03/2026,LIMA CENTRO,SUPREMA,PENAL,PENAL,PROCESO PENAL,,310,407,150101,LIMA,LIMA,LIMA,25/03/2026
ENERO - FEBRERO,2026,05/03/2026,LIMA ESTE,PROVINCIAL,CIVIL,CIVIL,EXPEDIENTE,,3,2,150137,LIMA,LIMA,SANTA ANITA,25/03/2026
ENERO - FEBRERO,2026,05/03/2026,LIMA ESTE,PROVINCIAL,FAMILIA,FAMILIA CIVIL,EXPEDIENTE,,132,130,150137,LIMA,LIMA,SANTA ANITA,25/03/2026
ENERO - FEBRERO,2026,05/03/2026,LIMA ESTE,PROVINCIAL,FAMILIA,FAMILIA PENAL,DENUNCIA,,297,198,150137,LIMA,LIMA,SANTA ANITA,25/03/2026
ENERO - FEBRERO,2026,05/03/2026,LIMA ESTE,PROVINCIAL,FAMILIA,FAMILIA PENAL,EXPEDIENTE,,49,48,150137,LIMA,LIMA,SANTA ANITA,25/03/2026
ENERO - FEBRERO,2026,05/03/2026,LIMA ESTE,PROVINCIAL,FAMILIA,FAMILIA TUTELAR,DENUNCIA,,116,78,150137,LIMA,LIMA,SANTA ANITA,25/03/2026
ENERO - FEBRERO,2026,05/03/2026,LIMA ESTE,PROVINCIAL,FAMILIA,FAMILIA TUTELAR,EXPEDIENTE,,27,26,150137,LIMA,LIMA,SANTA ANITA,25/03/2026
ENERO - FEBRERO,2026,05/03/2026,LIMA ESTE,PROVINCIAL,FAMILIA,VIOLENCIA FAMILIAR,DENUNCIA,,2,1,150137,LIMA,LIMA,SANTA ANITA,25/03/2026
ENERO - FEBRERO,2026,05/03/2026,LIMA ESTE,PROVINCIAL,PENAL,PENAL,DENUNCIA,DELITOS DE CORRUPCION DE FUNCIONARIOS,59,38,150137,LIMA,LIMA,SANTA ANITA,25/03/2026
ENERO - FEBRERO,2026,05/03/2026,LIMA ESTE,PROVINCIAL,PENAL,PENAL,DENUNCIA,VIOLENCIA CONTRA LA MUJER Y LOS INTEGRANTES DEL GRUPO FAMILIAR,4485,2503,150137,LIMA,LIMA,SANTA ANITA,25/03/2026
ENERO - FEBRERO,2026,05/03/2026,LIMA ESTE,PROVINCIAL,PENAL,PENAL,DENUNCIA,,10409,6011,150137,LIMA,LIMA,SANTA ANITA,25/03/2026
ENERO - FEBRERO,2026,05/03/2026,LIMA ESTE,PROVINCIAL,PENAL,PENAL,EXPEDIENTE,,24,17,150137,LIMA,LIMA,SANTA ANITA,25/03/2026
ENERO - FEBRERO,2026,05/03/2026,LIMA ESTE,SUPERIOR,CIVIL,CIVIL,EXPEDIENTE,,5,5,150137,LIMA,LIMA,SANTA ANITA,25/03/2026
ENERO - FEBRERO,2026,05/03/2026,LIMA ESTE,SUPERIOR,FAMILIA,FAMILIA CIVIL,EXPEDIENTE,,8,8,150137,LIMA,LIMA,SANTA ANITA,25/03/2026
ENERO - FEBRERO,2026,05/03/2026,LIMA ESTE,SUPERIOR,FAMILIA,FAMILIA CIVIL,INCIDENTE,,22,22,150137,LIMA,LIMA,SANTA ANITA,25/03/2026
ENERO - FEBRERO,2026,05/03/2026,LIMA ESTE,SUPERIOR,FAMILIA,FAMILIA PENAL,EXPEDIENTE,,7,7,150137,LIMA,LIMA,SANTA ANITA,25/03/2026
ENERO - FEBRERO,2026,05/03/2026,LIMA ESTE,SUPERIOR,FAMILIA,FAMILIA PENAL,INCIDENTE,,5,5,150137,LIMA,LIMA,SANTA ANITA,25/03/2026
ENERO - FEBRERO,2026,05/03/2026,LIMA ESTE,SUPERIOR,FAMILIA,FAMILIA TUTELAR,EXPEDIENTE,,2,2,150137,LIMA,LIMA,SANTA ANITA,25/03/2026
ENERO - FEBRERO,2026,05/03/2026,LIMA ESTE,SUPERIOR,FAMILIA,VIOLENCIA FAMILIAR,EXPEDIENTE,,7,7,150137,LIMA,LIMA,SANTA ANITA,25/03/2026
ENERO - FEBRERO,2026,05/03/2026,LIMA ESTE,SUPERIOR,FAMILIA,VIOLENCIA FAMILIAR,INCIDENTE,,48,48,150137,LIMA,LIMA,SANTA ANITA,25/03/2026
ENERO - FEBRERO,2026,05/03/2026,LIMA ESTE,SUPERIOR,PENAL,PENAL,APELACION DENUNCIA,VIOLENCIA CONTRA LA MUJER Y LOS INTEGRANTES DEL GRUPO FAMILIAR,2,0,150137,LIMA,LIMA,SANTA ANITA,25/03/2026
ENERO - FEBRERO,2026,05/03/2026,LIMA ESTE,SUPERIOR,PENAL,PENAL,APELACION DENUNCIA,,115,115,150137,LIMA,LIMA,SANTA ANITA,25/03/2026
ENERO - FEBRERO,2026,05/03/2026,LIMA ESTE,SUPERIOR,PENAL,PENAL,APELACION EXPEDIENTE,VIOLENCIA CONTRA LA MUJER Y LOS INTEGRANTES DEL GRUPO FAMILIAR,9,8,150137,LIMA,LIMA,SANTA ANITA,25/03/2026
ENERO - FEBRERO,2026,05/03/2026,LIMA ESTE,SUPERIOR,PENAL,PENAL,APELACION EXPEDIENTE,,16,10,150137,LIMA,LIMA,SANTA ANITA,25/03/2026
ENERO - FEBRERO,2026,05/03/2026,LIMA ESTE,SUPERIOR,PENAL,PENAL,CONSULTAS,VIOLENCIA CONTRA LA MUJER Y LOS INTEGRANTES DEL GRUPO FAMILIAR,11,4,150137,LIMA,LIMA,SANTA ANITA,25/03/2026
ENERO - FEBRERO,2026,05/03/2026,LIMA ESTE,SUPERIOR,PENAL,PENAL,CONSULTAS,,73,66,150137,LIMA,LIMA,SANTA ANITA,25/03/2026
ENERO - FEBRERO,2026,05/03/2026,LIMA ESTE,SUPERIOR,PENAL,PENAL,DENUNCIA,,28,11,150137,LIMA,LIMA,SANTA ANITA,25/03/2026
ENERO - FEBRERO,2026,05/03/2026,LIMA ESTE,SUPERIOR,PENAL,PENAL,EXCLUSION FISCAL,VIOLENCIA CONTRA LA MUJER Y LOS INTEGRANTES DEL GRUPO FAMILIAR,1,1,150137,LIMA,LIMA,SANTA ANITA,25/03/2026
ENERO - FEBRERO,2026,05/03/2026,LIMA ESTE,SUPERIOR,PENAL,PENAL,EXCLUSION FISCAL,,2,2,150137,LIMA,LIMA,SANTA ANITA,25/03/2026
ENERO - FEBRERO,2026,05/03/2026,LIMA ESTE,SUPERIOR,PENAL,PENAL,EXPEDIENTE,VIOLENCIA CONTRA LA MUJER Y LOS INTEGRANTES DEL GRUPO FAMILIAR,1,1,150137,LIMA,LIMA,SANTA ANITA,25/03/2026
ENERO - FEBRERO,2026,05/03/2026,LIMA ESTE,SUPERIOR,PENAL,PENAL,EXPEDIENTE,,3,2,150137,LIMA,LIMA,SANTA ANITA,25/03/2026
ENERO - FEBRERO,2026,05/03/2026,LIMA ESTE,SUPERIOR,PENAL,PENAL,QUEJAS,VIOLENCIA CONTRA LA MUJER Y LOS INTEGRANTES DEL GRUPO FAMILIAR,71,18,150137,LIMA,LIMA,SANTA ANITA,25/03/2026
ENERO - FEBRERO,2026,05/03/2026,LIMA ESTE,SUPERIOR,PENAL,PENAL,QUEJAS,,337,176,150137,LIMA,LIMA,SANTA ANITA,25/03/2026
ENERO - FEBRERO,2026,05/03/2026,LIMA NOROESTE,PROVINCIAL,CIVIL,CIVIL,EXPEDIENTE,,26,26,070106,CALLAO,CALLAO,VENTANILLA,25/03/2026
ENERO - FEBRERO,2026,05/03/2026,LIMA NOROESTE,PROVINCIAL,FAMILIA,FAMILIA CIVIL,EXPEDIENTE,,105,105,070106,CALLAO,CALLAO,VENTANILLA,25/03/2026
ENERO - FEBRERO,2026,05/03/2026,LIMA NOROESTE,PROVINCIAL,FAMILIA,FAMILIA PENAL,DENUNCIA,,107,105,070106,CALLAO,CALLAO,VENTANILLA,25/03/2026
ENERO - FEBRERO,2026,05/03/2026,LIMA NOROESTE,PROVINCIAL,FAMILIA,FAMILIA PENAL,EXPEDIENTE,,25,25,070106,CALLAO,CALLAO,VENTANILLA,25/03/2026
ENERO - FEBRERO,2026,05/03/2026,LIMA NOROESTE,PROVINCIAL,FAMILIA,FAMILIA TUTELAR,DENUNCIA,,123,116,070106,CALLAO,CALLAO,VENTANILLA,25/03/2026
ENERO - FEBRERO,2026,05/03/2026,LIMA NOROESTE,PROVINCIAL,FAMILIA,FAMILIA TUTELAR,EXPEDIENTE,,1,1,070106,CALLAO,CALLAO,VENTANILLA,25/03/2026
ENERO - FEBRERO,2026,05/03/2026,LIMA NOROESTE,PROVINCIAL,PENAL,PENAL,DENUNCIA,CONTRA LA CRIMINALIDAD ORGANIZADA,13,12,070106,CALLAO,CALLAO,VENTANILLA,25/03/2026
ENERO - FEBRERO,2026,05/03/2026,LIMA NOROESTE,PROVINCIAL,PENAL,PENAL,DENUNCIA,DELITOS ADUANEROS Y CONTRA LA PROPIEDAD INTELECTUAL,18,18,070106,CALLAO,CALLAO,VENTANILLA,25/03/2026
ENERO - FEBRERO,2026,05/03/2026,LIMA NOROESTE,PROVINCIAL,PENAL,PENAL,DENUNCIA,DELITOS DE CORRUPCION DE FUNCIONARIOS,23,22,070106,CALLAO,CALLAO,VENTANILLA,25/03/2026
ENERO - FEBRERO,2026,05/03/2026,LIMA NOROESTE,PROVINCIAL,PENAL,PENAL,DENUNCIA,DELITOS DE TRAFICO ILICITO DE DROGAS,23,21,070106,CALLAO,CALLAO,VENTANILLA,25/03/2026
ENERO - FEBRERO,2026,05/03/2026,LIMA NOROESTE,PROVINCIAL,PENAL,PENAL,DENUNCIA,MATERIA AMBIENTAL,7,6,070106,CALLAO,CALLAO,VENTANILLA,25/03/2026
ENERO - FEBRERO,2026,05/03/2026,LIMA NOROESTE,PROVINCIAL,PENAL,PENAL,DENUNCIA,VIOLENCIA CONTRA LA MUJER Y LOS INTEGRANTES DEL GRUPO FAMILIAR,1613,1225,070106,CALLAO,CALLAO,VENTANILLA,25/03/2026
ENERO - FEBRERO,2026,05/03/2026,LIMA NOROESTE,PROVINCIAL,PENAL,PENAL,DENUNCIA,,2479,1928,070106,CALLAO,CALLAO,VENTANILLA,25/03/2026
ENERO - FEBRERO,2026,05/03/2026,LIMA NOROESTE,PROVINCIAL,PENAL,PENAL,INVESTIGACION PREVENTIVA,MATERIA AMBIENTAL,23,21,070106,CALLAO,CALLAO,VENTANILLA,25/03/2026
ENERO - FEBRERO,2026,05/03/2026,LIMA NOROESTE,SUPERIOR,CIVIL,CIVIL,EXPEDIENTE,,2,0,070106,CALLAO,CALLAO,VENTANILLA,25/03/2026
ENERO - FEBRERO,2026,05/03/2026,LIMA NOROESTE,SUPERIOR,FAMILIA,FAMILIA CIVIL,EXPEDIENTE,,11,6,070106,CALLAO,CALLAO,VENTANILLA,25/03/2026
ENERO - FEBRERO,2026,05/03/2026,LIMA NOROESTE,SUPERIOR,FAMILIA,FAMILIA PENAL,EXPEDIENTE,,4,1,070106,CALLAO,CALLAO,VENTANILLA,25/03/2026
ENERO - FEBRERO,2026,05/03/2026,LIMA NOROESTE,SUPERIOR,FAMILIA,VIOLENCIA FAMILIAR,EXPEDIENTE,,14,12,070106,CALLAO,CALLAO,VENTANILLA,25/03/2026
ENERO - FEBRERO,2026,05/03/2026,LIMA NOROESTE,SUPERIOR,PENAL,PENAL,APELACION DENUNCIA,,7,7,070106,CALLAO,CALLAO,VENTANILLA,25/03/2026
ENERO - FEBRERO,2026,05/03/2026,LIMA NOROESTE,SUPERIOR,PENAL,PENAL,APELACION EXPEDIENTE,,8,8,070106,CALLAO,CALLAO,VENTANILLA,25/03/2026
ENERO - FEBRERO,2026,05/03/2026,LIMA NOROESTE,SUPERIOR,PENAL,PENAL,CONSULTAS,,3,2,070106,CALLAO,CALLAO,VENTANILLA,25/03/2026
ENERO - FEBRERO,2026,05/03/2026,LIMA NOROESTE,SUPERIOR,PENAL,PENAL,DENUNCIA,,8,6,070106,CALLAO,CALLAO,VENTANILLA,25/03/2026
ENERO - FEBRERO,2026,05/03/2026,LIMA NOROESTE,SUPERIOR,PENAL,PENAL,EXCLUSION FISCAL,,1,1,070106,CALLAO,CALLAO,VENTANILLA,25/03/2026
ENERO - FEBRERO,2026,05/03/2026,LIMA NOROESTE,SUPERIOR,PENAL,PENAL,QUEJAS,,5,5,070106,CALLAO,CALLAO,VENTANILLA,25/03/2026
ENERO - FEBRERO,2026,05/03/2026,LIMA NOROESTE,SUPERIOR,PENAL,PENAL,CONTIENDA DE COMPETENCIA,,25,25,070106,CALLAO,CALLAO,VENTANILLA,25/03/2026
ENERO - FEBRERO,2026,05/03/2026,LIMA NOROESTE,SUPERIOR,PENAL,PENAL,APELACIÓN DE AUTO,,5,5,070106,CALLAO,CALLAO,VENTANILLA,25/03/2026
ENERO - FEBRERO,2026,05/03/2026,LIMA NOROESTE,SUPERIOR,PENAL,PENAL,APELACIÓN DE SENTENCIA,,6,6,070106,CALLAO,CALLAO,VENTANILLA,25/03/2026
ENERO - FEBRERO,2026,05/03/2026,LIMA NOROESTE,SUPERIOR,PENAL,PENAL,ELEVACIÓN DE ACTUADOS,,170,170,070106,CALLAO,CALLAO,VENTANILLA,25/03/2026
ENERO - FEBRERO,2026,05/03/2026,LIMA NOROESTE,SUPERIOR,PENAL,PENAL,ELEVACIÓN EN CONSULTA,,8,8,070106,CALLAO,CALLAO,VENTANILLA,25/03/2026
ENERO - FEBRERO,2026,05/03/2026,LIMA NORTE,PROVINCIAL,CIVIL,CIVIL,EXPEDIENTE,,32,27,150112,LIMA,LIMA,INDEPENDENCIA,25/03/2026
ENERO - FEBRERO,2026,05/03/2026,LIMA NORTE,PROVINCIAL,FAMILIA,FAMILIA CIVIL,EXPEDIENTE,,325,317,150112,LIMA,LIMA,INDEPENDENCIA,25/03/2026
ENERO - FEBRERO,2026,05/03/2026,LIMA NORTE,PROVINCIAL,FAMILIA,FAMILIA PENAL,DENUNCIA,,211,181,150112,LIMA,LIMA,INDEPENDENCIA,25/03/2026
ENERO - FEBRERO,2026,05/03/2026,LIMA NORTE,PROVINCIAL,FAMILIA,FAMILIA PENAL,EXPEDIENTE,,41,41,150112,LIMA,LIMA,INDEPENDENCIA,25/03/2026
ENERO - FEBRERO,2026,05/03/2026,LIMA NORTE,PROVINCIAL,FAMILIA,FAMILIA TUTELAR,DENUNCIA,,318,280,150112,LIMA,LIMA,INDEPENDENCIA,25/03/2026
ENERO - FEBRERO,2026,05/03/2026,LIMA NORTE,PROVINCIAL,FAMILIA,FAMILIA TUTELAR,EXPEDIENTE,,3,3,150112,LIMA,LIMA,INDEPENDENCIA,25/03/2026
ENERO - FEBRERO,2026,05/03/2026,LIMA NORTE,PROVINCIAL,FAMILIA,VIOLENCIA FAMILIAR,DENUNCIA,,14,14,150112,LIMA,LIMA,INDEPENDENCIA,25/03/2026
ENERO - FEBRERO,2026,05/03/2026,LIMA NORTE,PROVINCIAL,PENAL,PENAL,DENUNCIA,DELITOS ADUANEROS Y CONTRA LA PROPIEDAD INTELECTUAL,24,24,150112,LIMA,LIMA,INDEPENDENCIA,25/03/2026
ENERO - FEBRERO,2026,05/03/2026,LIMA NORTE,PROVINCIAL,PENAL,PENAL,DENUNCIA,DELITOS DE CORRUPCION DE FUNCIONARIOS,56,31,150112,LIMA,LIMA,INDEPENDENCIA,25/03/2026
ENERO - FEBRERO,2026,05/03/2026,LIMA NORTE,PROVINCIAL,PENAL,PENAL,DENUNCIA,DELITOS DE TRAFICO ILICITO DE DROGAS,21,20,150112,LIMA,LIMA,INDEPENDENCIA,25/03/2026
ENERO - FEBRERO,2026,05/03/2026,LIMA NORTE,PROVINCIAL,PENAL,PENAL,DENUNCIA,DELITOS DE TRATA DE PERSONAS,17,13,150112,LIMA,LIMA,INDEPENDENCIA,25/03/2026
ENERO - FEBRERO,2026,05/03/2026,LIMA NORTE,PROVINCIAL,PENAL,PENAL,DENUNCIA,LAVADO DE ACTIVOS Y PERDIDA DE DOMINIO,18,16,150112,LIMA,LIMA,INDEPENDENCIA,25/03/2026
ENERO - FEBRERO,2026,05/03/2026,LIMA NORTE,PROVINCIAL,PENAL,PENAL,DENUNCIA,MATERIA AMBIENTAL,25,24,150112,LIMA,LIMA,INDEPENDENCIA,25/03/2026
ENERO - FEBRERO,2026,05/03/2026,LIMA NORTE,PROVINCIAL,PENAL,PENAL,DENUNCIA,TRANSITO Y SEGURIDAD VIAL,675,559,150112,LIMA,LIMA,INDEPENDENCIA,25/03/2026
ENERO - FEBRERO,2026,05/03/2026,LIMA NORTE,PROVINCIAL,PENAL,PENAL,DENUNCIA,VIOLENCIA CONTRA LA MUJER Y LOS INTEGRANTES DEL GRUPO FAMILIAR,5485,4360,150112,LIMA,LIMA,INDEPENDENCIA,25/03/2026
ENERO - FEBRERO,2026,05/03/2026,LIMA NORTE,PROVINCIAL,PENAL,PENAL,DENUNCIA,,7928,5229,150112,LIMA,LIMA,INDEPENDENCIA,25/03/2026
ENERO - FEBRERO,2026,05/03/2026,LIMA NORTE,PROVINCIAL,PENAL,PENAL,EXPEDIENTE,DELITOS DE TRAFICO ILICITO DE DROGAS,5,1,150112,LIMA,LIMA,INDEPENDENCIA,25/03/2026
ENERO - FEBRERO,2026,05/03/2026,LIMA NORTE,PROVINCIAL,PENAL,PENAL,EXPEDIENTE,,1,1,150112,LIMA,LIMA,INDEPENDENCIA,25/03/2026
ENERO - FEBRERO,2026,05/03/2026,LIMA NORTE,PROVINCIAL,PENAL,PENAL,INVESTIGACION PREVENTIVA,MATERIA AMBIENTAL,4,4,150112,LIMA,LIMA,INDEPENDENCIA,25/03/2026
ENERO - FEBRERO,2026,05/03/2026,LIMA NORTE,SUPERIOR,CIVIL,CIVIL,EXPEDIENTE,,7,7,150112,LIMA,LIMA,INDEPENDENCIA,25/03/2026
ENERO - FEBRERO,2026,05/03/2026,LIMA NORTE,SUPERIOR,FAMILIA,FAMILIA CIVIL,EXPEDIENTE,,156,109,150112,LIMA,LIMA,INDEPENDENCIA,25/03/2026
ENERO - FEBRERO,2026,05/03/2026,LIMA NORTE,SUPERIOR,FAMILIA,FAMILIA PENAL,EXPEDIENTE,,6,6,150112,LIMA,LIMA,INDEPENDENCIA,25/03/2026
ENERO - FEBRERO,2026,05/03/2026,LIMA NORTE,SUPERIOR,FAMILIA,FAMILIA TUTELAR,EXPEDIENTE,,1,1,150112,LIMA,LIMA,INDEPENDENCIA,25/03/2026
ENERO - FEBRERO,2026,05/03/2026,LIMA NORTE,SUPERIOR,FAMILIA,VIOLENCIA FAMILIAR,EXPEDIENTE,,260,200,150112,LIMA,LIMA,INDEPENDENCIA,25/03/2026
ENERO - FEBRERO,2026,05/03/2026,LIMA NORTE,SUPERIOR,PENAL,PENAL,APELACION DENUNCIA,DELITOS DE CORRUPCION DE FUNCIONARIOS,17,17,150112,LIMA,LIMA,INDEPENDENCIA,25/03/2026
ENERO - FEBRERO,2026,05/03/2026,LIMA NORTE,SUPERIOR,PENAL,PENAL,APELACION DENUNCIA,VIOLENCIA CONTRA LA MUJER Y LOS INTEGRANTES DEL GRUPO FAMILIAR,71,71,150112,LIMA,LIMA,INDEPENDENCIA,25/03/2026
ENERO - FEBRERO,2026,05/03/2026,LIMA NORTE,SUPERIOR,PENAL,PENAL,APELACION DENUNCIA,,216,216,150112,LIMA,LIMA,INDEPENDENCIA,25/03/2026
ENERO - FEBRERO,2026,05/03/2026,LIMA NORTE,SUPERIOR,PENAL,PENAL,APELACION EXPEDIENTE,,2,2,150112,LIMA,LIMA,INDEPENDENCIA,25/03/2026
ENERO - FEBRERO,2026,05/03/2026,LIMA NORTE,SUPERIOR,PENAL,PENAL,CONSULTAS,DELITOS DE CORRUPCION DE FUNCIONARIOS,2,1,150112,LIMA,LIMA,INDEPENDENCIA,25/03/2026
ENERO - FEBRERO,2026,05/03/2026,LIMA NORTE,SUPERIOR,PENAL,PENAL,CONSULTAS,VIOLENCIA CONTRA LA MUJER Y LOS INTEGRANTES DEL GRUPO FAMILIAR,16,16,150112,LIMA,LIMA,INDEPENDENCIA,25/03/2026
ENERO - FEBRERO,2026,05/03/2026,LIMA NORTE,SUPERIOR,PENAL,PENAL,CONSULTAS,,71,66,150112,LIMA,LIMA,INDEPENDENCIA,25/03/2026
ENERO - FEBRERO,2026,05/03/2026,LIMA NORTE,SUPERIOR,PENAL,PENAL,DENUNCIA,DELITOS DE CORRUPCION DE FUNCIONARIOS,2,2,150112,LIMA,LIMA,INDEPENDENCIA,25/03/2026
ENERO - FEBRERO,2026,05/03/2026,LIMA NORTE,SUPERIOR,PENAL,PENAL,DENUNCIA,,16,9,150112,LIMA,LIMA,INDEPENDENCIA,25/03/2026
ENERO - FEBRERO,2026,05/03/2026,LIMA NORTE,SUPERIOR,PENAL,PENAL,EXCLUSION FISCAL,VIOLENCIA CONTRA LA MUJER Y LOS INTEGRANTES DEL GRUPO FAMILIAR,2,2,150112,LIMA,LIMA,INDEPENDENCIA,25/03/2026
ENERO - FEBRERO,2026,05/03/2026,LIMA NORTE,SUPERIOR,PENAL,PENAL,EXCLUSION FISCAL,,15,12,150112,LIMA,LIMA,INDEPENDENCIA,25/03/2026
ENERO - FEBRERO,2026,05/03/2026,LIMA NORTE,SUPERIOR,PENAL,PENAL,EXPEDIENTE,,9,6,150112,LIMA,LIMA,INDEPENDENCIA,25/03/2026
ENERO - FEBRERO,2026,05/03/2026,LIMA NORTE,SUPERIOR,PENAL,PENAL,INCIDENTE-EXPEDIENTE,,16,9,150112,LIMA,LIMA,INDEPENDENCIA,25/03/2026
ENERO - FEBRERO,2026,05/03/2026,LIMA NORTE,SUPERIOR,PENAL,PENAL,QUEJAS,DELITOS DE CORRUPCION DE FUNCIONARIOS,1,1,150112,LIMA,LIMA,INDEPENDENCIA,25/03/2026
ENERO - FEBRERO,2026,05/03/2026,LIMA NORTE,SUPERIOR,PENAL,PENAL,QUEJAS,VIOLENCIA CONTRA LA MUJER Y LOS INTEGRANTES DEL GRUPO FAMILIAR,94,94,150112,LIMA,LIMA,INDEPENDENCIA,25/03/2026
ENERO - FEBRERO,2026,05/03/2026,LIMA NORTE,SUPERIOR,PENAL,PENAL,QUEJAS,,260,229,150112,LIMA,LIMA,INDEPENDENCIA,25/03/2026
ENERO - FEBRERO,2026,05/03/2026,LIMA SUR,PROVINCIAL,CIVIL,CIVIL,EXPEDIENTE,,1,1,150142,LIMA,LIMA,VILLA EL SALVADOR,25/03/2026
ENERO - FEBRERO,2026,05/03/2026,LIMA SUR,PROVINCIAL,FAMILIA,FAMILIA CIVIL,EXPEDIENTE,,124,121,150142,LIMA,LIMA,VILLA EL SALVADOR,25/03/2026
ENERO - FEBRERO,2026,05/03/2026,LIMA SUR,PROVINCIAL,FAMILIA,FAMILIA PENAL,DENUNCIA,,231,195,150142,LIMA,LIMA,VILLA EL SALVADOR,25/03/2026
ENERO - FEBRERO,2026,05/03/2026,LIMA SUR,PROVINCIAL,FAMILIA,FAMILIA PENAL,EXPEDIENTE,,18,17,150142,LIMA,LIMA,VILLA EL SALVADOR,25/03/2026
ENERO - FEBRERO,2026,05/03/2026,LIMA SUR,PROVINCIAL,FAMILIA,FAMILIA TUTELAR,DENUNCIA,,76,71,150142,LIMA,LIMA,VILLA EL SALVADOR,25/03/2026
ENERO - FEBRERO,2026,05/03/2026,LIMA SUR,PROVINCIAL,FAMILIA,FAMILIA TUTELAR,EXPEDIENTE,,7,7,150142,LIMA,LIMA,VILLA EL SALVADOR,25/03/2026
ENERO - FEBRERO,2026,05/03/2026,LIMA SUR,PROVINCIAL,PENAL,PENAL,DENUNCIA,DELITOS DE CORRUPCION DE FUNCIONARIOS,60,50,150142,LIMA,LIMA,VILLA EL SALVADOR,25/03/2026
ENERO - FEBRERO,2026,05/03/2026,LIMA SUR,PROVINCIAL,PENAL,PENAL,DENUNCIA,VIOLENCIA CONTRA LA MUJER Y LOS INTEGRANTES DEL GRUPO FAMILIAR,3617,2071,150142,LIMA,LIMA,VILLA EL SALVADOR,25/03/2026
ENERO - FEBRERO,2026,05/03/2026,LIMA SUR,PROVINCIAL,PENAL,PENAL,DENUNCIA,,6956,5218,150142,LIMA,LIMA,VILLA EL SALVADOR,25/03/2026
ENERO - FEBRERO,2026,05/03/2026,LIMA SUR,PROVINCIAL,PENAL,PENAL,EXPEDIENTE,VIOLENCIA CONTRA LA MUJER Y LOS INTEGRANTES DEL GRUPO FAMILIAR,4,2,150142,LIMA,LIMA,VILLA EL SALVADOR,25/03/2026
ENERO - FEBRERO,2026,05/03/2026,LIMA SUR,PROVINCIAL,PENAL,PENAL,EXPEDIENTE,,65,41,150142,LIMA,LIMA,VILLA EL SALVADOR,25/03/2026
ENERO - FEBRERO,2026,05/03/2026,LIMA SUR,SUPERIOR,CIVIL,CIVIL,EXPEDIENTE,,1,1,150142,LIMA,LIMA,VILLA EL SALVADOR,25/03/2026
ENERO - FEBRERO,2026,05/03/2026,LIMA SUR,SUPERIOR,FAMILIA,FAMILIA CIVIL,EXPEDIENTE,,66,56,150142,LIMA,LIMA,VILLA EL SALVADOR,25/03/2026
ENERO - FEBRERO,2026,05/03/2026,LIMA SUR,SUPERIOR,FAMILIA,FAMILIA PENAL,EXPEDIENTE,,3,2,150142,LIMA,LIMA,VILLA EL SALVADOR,25/03/2026
ENERO - FEBRERO,2026,05/03/2026,LIMA SUR,SUPERIOR,FAMILIA,VIOLENCIA FAMILIAR,EXPEDIENTE,,30,30,150142,LIMA,LIMA,VILLA EL SALVADOR,25/03/2026
ENERO - FEBRERO,2026,05/03/2026,LIMA SUR,SUPERIOR,PENAL,PENAL,APELACION DENUNCIA,DELITOS DE CORRUPCION DE FUNCIONARIOS,9,9,150142,LIMA,LIMA,VILLA EL SALVADOR,25/03/2026
ENERO - FEBRERO,2026,05/03/2026,LIMA SUR,SUPERIOR,PENAL,PENAL,APELACION DENUNCIA,,19,19,150142,LIMA,LIMA,VILLA EL SALVADOR,25/03/2026
ENERO - FEBRERO,2026,05/03/2026,LIMA SUR,SUPERIOR,PENAL,PENAL,CONSULTAS,DELITOS DE CORRUPCION DE FUNCIONARIOS,2,2,150142,LIMA,LIMA,VILLA EL SALVADOR,25/03/2026
ENERO - FEBRERO,2026,05/03/2026,LIMA SUR,SUPERIOR,PENAL,PENAL,CONSULTAS,,51,30,150142,LIMA,LIMA,VILLA EL SALVADOR,25/03/2026
ENERO - FEBRERO,2026,05/03/2026,LIMA SUR,SUPERIOR,PENAL,PENAL,DENUNCIA,DELITOS DE CORRUPCION DE FUNCIONARIOS,2,2,150142,LIMA,LIMA,VILLA EL SALVADOR,25/03/2026
ENERO - FEBRERO,2026,05/03/2026,LIMA SUR,SUPERIOR,PENAL,PENAL,DENUNCIA,,12,10,150142,LIMA,LIMA,VILLA EL SALVADOR,25/03/2026
ENERO - FEBRERO,2026,05/03/2026,LIMA SUR,SUPERIOR,PENAL,PENAL,EXCLUSION FISCAL,,1,1,150142,LIMA,LIMA,VILLA EL SALVADOR,25/03/2026
ENERO - FEBRERO,2026,05/03/2026,LIMA SUR,SUPERIOR,PENAL,PENAL,EXPEDIENTE,,45,35,150142,LIMA,LIMA,VILLA EL SALVADOR,25/03/2026
ENERO - FEBRERO,2026,05/03/2026,LIMA SUR,SUPERIOR,PENAL,PENAL,INCIDENTE-EXPEDIENTE,,2,2,150142,LIMA,LIMA,VILLA EL SALVADOR,25/03/2026
ENERO - FEBRERO,2026,05/03/2026,LIMA SUR,SUPERIOR,PENAL,PENAL,QUEJAS,DELITOS DE CORRUPCION DE FUNCIONARIOS,9,9,150142,LIMA,LIMA,VILLA EL SALVADOR,25/03/2026
ENERO - FEBRERO,2026,05/03/2026,LIMA SUR,SUPERIOR,PENAL,PENAL,QUEJAS,,453,242,150142,LIMA,LIMA,VILLA EL SALVADOR,25/03/2026
ENERO - FEBRERO,2026,05/03/2026,LORETO,PROVINCIAL,CIVIL,CIVIL,EXPEDIENTE,,6,6,160101,LORETO,MAYNAS,IQUITOS,25/03/2026
ENERO - FEBRERO,2026,05/03/2026,LORETO,PROVINCIAL,FAMILIA,FAMILIA CIVIL,EXPEDIENTE,,54,52,160101,LORETO,MAYNAS,IQUITOS,25/03/2026
ENERO - FEBRERO,2026,05/03/2026,LORETO,PROVINCIAL,FAMILIA,FAMILIA PENAL,DENUNCIA,,87,64,160101,LORETO,MAYNAS,IQUITOS,25/03/2026
ENERO - FEBRERO,2026,05/03/2026,LORETO,PROVINCIAL,FAMILIA,FAMILIA PENAL,EXPEDIENTE,,8,5,160101,LORETO,MAYNAS,IQUITOS,25/03/2026
ENERO - FEBRERO,2026,05/03/2026,LORETO,PROVINCIAL,FAMILIA,FAMILIA TUTELAR,DENUNCIA,,96,85,160101,LORETO,MAYNAS,IQUITOS,25/03/2026
ENERO - FEBRERO,2026,05/03/2026,LORETO,PROVINCIAL,FAMILIA,FAMILIA TUTELAR,EXPEDIENTE,,1,0,160101,LORETO,MAYNAS,IQUITOS,25/03/2026
ENERO - FEBRERO,2026,05/03/2026,LORETO,PROVINCIAL,FAMILIA,VIOLENCIA FAMILIAR,DENUNCIA,,20,20,160101,LORETO,MAYNAS,IQUITOS,25/03/2026
ENERO - FEBRERO,2026,05/03/2026,LORETO,PROVINCIAL,PENAL,PENAL,DENUNCIA,DELITOS DE CORRUPCION DE FUNCIONARIOS,137,88,160101,LORETO,MAYNAS,IQUITOS,25/03/2026
ENERO - FEBRERO,2026,05/03/2026,LORETO,PROVINCIAL,PENAL,PENAL,DENUNCIA,DELITOS DE TRAFICO ILICITO DE DROGAS,39,39,160101,LORETO,MAYNAS,IQUITOS,25/03/2026
ENERO - FEBRERO,2026,05/03/2026,LORETO,PROVINCIAL,PENAL,PENAL,DENUNCIA,DELITOS DE TRATA DE PERSONAS,20,19,160101,LORETO,MAYNAS,IQUITOS,25/03/2026
ENERO - FEBRERO,2026,05/03/2026,LORETO,PROVINCIAL,PENAL,PENAL,DENUNCIA,MATERIA AMBIENTAL,84,67,160101,LORETO,MAYNAS,IQUITOS,25/03/2026
ENERO - FEBRERO,2026,05/03/2026,LORETO,PROVINCIAL,PENAL,PENAL,DENUNCIA,VIOLENCIA CONTRA LA MUJER Y LOS INTEGRANTES DEL GRUPO FAMILIAR,696,636,160101,LORETO,MAYNAS,IQUITOS,25/03/2026
ENERO - FEBRERO,2026,05/03/2026,LORETO,PROVINCIAL,PENAL,PENAL,DENUNCIA,,2102,1539,160101,LORETO,MAYNAS,IQUITOS,25/03/2026
ENERO - FEBRERO,2026,05/03/2026,LORETO,PROVINCIAL,PENAL,PENAL,EXPEDIENTE,,1,0,160101,LORETO,MAYNAS,IQUITOS,25/03/2026
ENERO - FEBRERO,2026,05/03/2026,LORETO,PROVINCIAL,PENAL,PENAL,INVESTIGACION PREVENTIVA,MATERIA AMBIENTAL,3,2,160101,LORETO,MAYNAS,IQUITOS,25/03/2026
ENERO - FEBRERO,2026,05/03/2026,LORETO,PROVINCIAL,PENAL,PENAL,INVESTIGACION PREVENTIVA,,2,2,160101,LORETO,MAYNAS,IQUITOS,25/03/2026
ENERO - FEBRERO,2026,05/03/2026,LORETO,SUPERIOR,FAMILIA,FAMILIA CIVIL,EXPEDIENTE,,3,3,160101,LORETO,MAYNAS,IQUITOS,25/03/2026
ENERO - FEBRERO,2026,05/03/2026,LORETO,SUPERIOR,FAMILIA,VIOLENCIA FAMILIAR,EXPEDIENTE,,10,10,160101,LORETO,MAYNAS,IQUITOS,25/03/2026
ENERO - FEBRERO,2026,05/03/2026,LORETO,SUPERIOR,PENAL,PENAL,APELACION DENUNCIA,,104,99,160101,LORETO,MAYNAS,IQUITOS,25/03/2026
ENERO - FEBRERO,2026,05/03/2026,LORETO,SUPERIOR,PENAL,PENAL,CONSULTAS,DELITOS DE CORRUPCION DE FUNCIONARIOS,62,58,160101,LORETO,MAYNAS,IQUITOS,25/03/2026
ENERO - FEBRERO,2026,05/03/2026,LORETO,SUPERIOR,PENAL,PENAL,CONSULTAS,,40,40,160101,LORETO,MAYNAS,IQUITOS,25/03/2026
ENERO - FEBRERO,2026,05/03/2026,LORETO,SUPERIOR,PENAL,PENAL,DENUNCIA,DELITOS DE CORRUPCION DE FUNCIONARIOS,11,3,160101,LORETO,MAYNAS,IQUITOS,25/03/2026
ENERO - FEBRERO,2026,05/03/2026,LORETO,SUPERIOR,PENAL,PENAL,DENUNCIA,,21,21,160101,LORETO,MAYNAS,IQUITOS,25/03/2026
ENERO - FEBRERO,2026,05/03/2026,LORETO,SUPERIOR,PENAL,PENAL,EXCLUSION FISCAL,,5,5,160101,LORETO,MAYNAS,IQUITOS,25/03/2026
ENERO - FEBRERO,2026,05/03/2026,LORETO,SUPERIOR,PENAL,PENAL,EXPEDIENTE,,8,7,160101,LORETO,MAYNAS,IQUITOS,25/03/2026
ENERO - FEBRERO,2026,05/03/2026,LORETO,SUPERIOR,PENAL,PENAL,QUEJAS,DELITOS DE CORRUPCION DE FUNCIONARIOS,10,7,160101,LORETO,MAYNAS,IQUITOS,25/03/2026
ENERO - FEBRERO,2026,05/03/2026,LORETO,SUPERIOR,PENAL,PENAL,QUEJAS,,118,118,160101,LORETO,MAYNAS,IQUITOS,25/03/2026
ENERO - FEBRERO,2026,05/03/2026,MADRE DE DIOS,PROVINCIAL,FAMILIA,FAMILIA CIVIL,EXPEDIENTE,,62,20,170101,MADRE DE DIOS,TAMBOPATA,TAMBOPATA,25/03/2026
ENERO - FEBRERO,2026,05/03/2026,MADRE DE DIOS,PROVINCIAL,FAMILIA,FAMILIA PENAL,DENUNCIA,,34,9,170101,MADRE DE DIOS,TAMBOPATA,TAMBOPATA,25/03/2026
ENERO - FEBRERO,2026,05/03/2026,MADRE DE DIOS,PROVINCIAL,FAMILIA,FAMILIA PENAL,EXPEDIENTE,,6,4,170101,MADRE DE DIOS,TAMBOPATA,TAMBOPATA,25/03/2026
ENERO - FEBRERO,2026,05/03/2026,MADRE DE DIOS,PROVINCIAL,FAMILIA,FAMILIA TUTELAR,DENUNCIA,,10,1,170101,MADRE DE DIOS,TAMBOPATA,TAMBOPATA,25/03/2026
ENERO - FEBRERO,2026,05/03/2026,MADRE DE DIOS,PROVINCIAL,FAMILIA,FAMILIA TUTELAR,EXPEDIENTE,,10,1,170101,MADRE DE DIOS,TAMBOPATA,TAMBOPATA,25/03/2026
ENERO - FEBRERO,2026,05/03/2026,MADRE DE DIOS,PROVINCIAL,FAMILIA,VIOLENCIA FAMILIAR,DENUNCIA,,2,2,170101,MADRE DE DIOS,TAMBOPATA,TAMBOPATA,25/03/2026
ENERO - FEBRERO,2026,05/03/2026,MADRE DE DIOS,PROVINCIAL,PENAL,PENAL,DENUNCIA,CONTRA LA CRIMINALIDAD ORGANIZADA,3,1,170101,MADRE DE DIOS,TAMBOPATA,TAMBOPATA,25/03/2026
ENERO - FEBRERO,2026,05/03/2026,MADRE DE DIOS,PROVINCIAL,PENAL,PENAL,DENUNCIA,DELITOS DE CORRUPCION DE FUNCIONARIOS,29,27,170101,MADRE DE DIOS,TAMBOPATA,TAMBOPATA,25/03/2026
ENERO - FEBRERO,2026,05/03/2026,MADRE DE DIOS,PROVINCIAL,PENAL,PENAL,DENUNCIA,DELITOS DE TRAFICO ILICITO DE DROGAS,14,14,170101,MADRE DE DIOS,TAMBOPATA,TAMBOPATA,25/03/2026
ENERO - FEBRERO,2026,05/03/2026,MADRE DE DIOS,PROVINCIAL,PENAL,PENAL,DENUNCIA,DELITOS DE TRATA DE PERSONAS,25,25,170101,MADRE DE DIOS,TAMBOPATA,TAMBOPATA,25/03/2026
ENERO - FEBRERO,2026,05/03/2026,MADRE DE DIOS,PROVINCIAL,PENAL,PENAL,DENUNCIA,MATERIA AMBIENTAL,224,214,170101,MADRE DE DIOS,TAMBOPATA,TAMBOPATA,25/03/2026
ENERO - FEBRERO,2026,05/03/2026,MADRE DE DIOS,PROVINCIAL,PENAL,PENAL,DENUNCIA,,1645,1577,170101,MADRE DE DIOS,TAMBOPATA,TAMBOPATA,25/03/2026
ENERO - FEBRERO,2026,05/03/2026,MADRE DE DIOS,PROVINCIAL,PENAL,PENAL,INVESTIGACION PREVENTIVA,,1,1,170101,MADRE DE DIOS,TAMBOPATA,TAMBOPATA,25/03/2026
ENERO - FEBRERO,2026,05/03/2026,MADRE DE DIOS,SUPERIOR,FAMILIA,FAMILIA CIVIL,EXPEDIENTE,,4,4,170101,MADRE DE DIOS,TAMBOPATA,TAMBOPATA,25/03/2026
ENERO - FEBRERO,2026,05/03/2026,MADRE DE DIOS,SUPERIOR,FAMILIA,FAMILIA PENAL,EXPEDIENTE,,7,4,170101,MADRE DE DIOS,TAMBOPATA,TAMBOPATA,25/03/2026
ENERO - FEBRERO,2026,05/03/2026,MADRE DE DIOS,SUPERIOR,FAMILIA,VIOLENCIA FAMILIAR,EXPEDIENTE,,10,6,170101,MADRE DE DIOS,TAMBOPATA,TAMBOPATA,25/03/2026
ENERO - FEBRERO,2026,05/03/2026,MADRE DE DIOS,SUPERIOR,PENAL,PENAL,APELACION DENUNCIA,,70,70,170101,MADRE DE DIOS,TAMBOPATA,TAMBOPATA,25/03/2026
ENERO - FEBRERO,2026,05/03/2026,MADRE DE DIOS,SUPERIOR,PENAL,PENAL,CONSULTAS,,11,11,170101,MADRE DE DIOS,TAMBOPATA,TAMBOPATA,25/03/2026
ENERO - FEBRERO,2026,05/03/2026,MADRE DE DIOS,SUPERIOR,PENAL,PENAL,DENUNCIA,,17,17,170101,MADRE DE DIOS,TAMBOPATA,TAMBOPATA,25/03/2026
ENERO - FEBRERO,2026,05/03/2026,MADRE DE DIOS,SUPERIOR,PENAL,PENAL,EXCLUSION FISCAL,,2,2,170101,MADRE DE DIOS,TAMBOPATA,TAMBOPATA,25/03/2026
ENERO - FEBRERO,2026,05/03/2026,MADRE DE DIOS,SUPERIOR,PENAL,PENAL,EXPEDIENTE,,2,1,170101,MADRE DE DIOS,TAMBOPATA,TAMBOPATA,25/03/2026
ENERO - FEBRERO,2026,05/03/2026,MADRE DE DIOS,SUPERIOR,PENAL,PENAL,INCIDENTE-EXPEDIENTE,,6,6,170101,MADRE DE DIOS,TAMBOPATA,TAMBOPATA,25/03/2026
ENERO - FEBRERO,2026,05/03/2026,MADRE DE DIOS,SUPERIOR,PENAL,PENAL,QUEJAS,,56,56,170101,MADRE DE DIOS,TAMBOPATA,TAMBOPATA,25/03/2026
ENERO - FEBRERO,2026,05/03/2026,MOQUEGUA,PROVINCIAL,FAMILIA,FAMILIA CIVIL,EXPEDIENTE,,44,41,180101,MOQUEGUA,MARISCAL NIETO,MOQUEGUA,25/03/2026
ENERO - FEBRERO,2026,05/03/2026,MOQUEGUA,PROVINCIAL,FAMILIA,FAMILIA PENAL,DENUNCIA,,13,10,180101,MOQUEGUA,MARISCAL NIETO,MOQUEGUA,25/03/2026
ENERO - FEBRERO,2026,05/03/2026,MOQUEGUA,PROVINCIAL,FAMILIA,FAMILIA PENAL,EXPEDIENTE,,1,1,180101,MOQUEGUA,MARISCAL NIETO,MOQUEGUA,25/03/2026
ENERO - FEBRERO,2026,05/03/2026,MOQUEGUA,PROVINCIAL,FAMILIA,FAMILIA TUTELAR,DENUNCIA,,37,36,180101,MOQUEGUA,MARISCAL NIETO,MOQUEGUA,25/03/2026
ENERO - FEBRERO,2026,05/03/2026,MOQUEGUA,PROVINCIAL,FAMILIA,FAMILIA TUTELAR,EXPEDIENTE,,8,8,180101,MOQUEGUA,MARISCAL NIETO,MOQUEGUA,25/03/2026
ENERO - FEBRERO,2026,05/03/2026,MOQUEGUA,PROVINCIAL,FAMILIA,VIOLENCIA FAMILIAR,DENUNCIA,,5,5,180101,MOQUEGUA,MARISCAL NIETO,MOQUEGUA,25/03/2026
ENERO - FEBRERO,2026,05/03/2026,MOQUEGUA,PROVINCIAL,FAMILIA,VIOLENCIA FAMILIAR,EXPEDIENTE,,1,1,180101,MOQUEGUA,MARISCAL NIETO,MOQUEGUA,25/03/2026
ENERO - FEBRERO,2026,05/03/2026,MOQUEGUA,PROVINCIAL,PENAL,PENAL,DENUNCIA,DELITOS DE CORRUPCION DE FUNCIONARIOS,89,73,180101,MOQUEGUA,MARISCAL NIETO,MOQUEGUA,25/03/2026
ENERO - FEBRERO,2026,05/03/2026,MOQUEGUA,PROVINCIAL,PENAL,PENAL,DENUNCIA,VIOLENCIA CONTRA LA MUJER Y LOS INTEGRANTES DEL GRUPO FAMILIAR,456,446,180101,MOQUEGUA,MARISCAL NIETO,MOQUEGUA,25/03/2026
ENERO - FEBRERO,2026,05/03/2026,MOQUEGUA,PROVINCIAL,PENAL,PENAL,DENUNCIA,,1249,1017,180101,MOQUEGUA,MARISCAL NIETO,MOQUEGUA,25/03/2026
ENERO - FEBRERO,2026,05/03/2026,MOQUEGUA,PROVINCIAL,PENAL,PENAL,INVESTIGACION PREVENTIVA,,2,1,180101,MOQUEGUA,MARISCAL NIETO,MOQUEGUA,25/03/2026
ENERO - FEBRERO,2026,05/03/2026,MOQUEGUA,SUPERIOR,FAMILIA,FAMILIA CIVIL,EXPEDIENTE,,7,7,180101,MOQUEGUA,MARISCAL NIETO,MOQUEGUA,25/03/2026
ENERO - FEBRERO,2026,05/03/2026,MOQUEGUA,SUPERIOR,FAMILIA,FAMILIA TUTELAR,EXPEDIENTE,,2,2,180101,MOQUEGUA,MARISCAL NIETO,MOQUEGUA,25/03/2026
ENERO - FEBRERO,2026,05/03/2026,MOQUEGUA,SUPERIOR,FAMILIA,VIOLENCIA FAMILIAR,EXPEDIENTE,,9,9,180101,MOQUEGUA,MARISCAL NIETO,MOQUEGUA,25/03/2026
ENERO - FEBRERO,2026,05/03/2026,MOQUEGUA,SUPERIOR,PENAL,PENAL,APELACION DENUNCIA,,39,32,180101,MOQUEGUA,MARISCAL NIETO,MOQUEGUA,25/03/2026
ENERO - FEBRERO,2026,05/03/2026,MOQUEGUA,SUPERIOR,PENAL,PENAL,CONSULTAS,,43,43,180101,MOQUEGUA,MARISCAL NIETO,MOQUEGUA,25/03/2026
ENERO - FEBRERO,2026,05/03/2026,MOQUEGUA,SUPERIOR,PENAL,PENAL,DENUNCIA,,2,2,180101,MOQUEGUA,MARISCAL NIETO,MOQUEGUA,25/03/2026
ENERO - FEBRERO,2026,05/03/2026,MOQUEGUA,SUPERIOR,PENAL,PENAL,EXPEDIENTE,,1,0,180101,MOQUEGUA,MARISCAL NIETO,MOQUEGUA,25/03/2026
ENERO - FEBRERO,2026,05/03/2026,MOQUEGUA,SUPERIOR,PENAL,PENAL,QUEJAS,,145,145,180101,MOQUEGUA,MARISCAL NIETO,MOQUEGUA,25/03/2026
ENERO - FEBRERO,2026,05/03/2026,PASCO,PROVINCIAL,FAMILIA,FAMILIA CIVIL,EXPEDIENTE,,24,21,190113,PASCO,PASCO,YANACANCHA,25/03/2026
ENERO - FEBRERO,2026,05/03/2026,PASCO,PROVINCIAL,FAMILIA,FAMILIA PENAL,DENUNCIA,,14,9,190113,PASCO,PASCO,YANACANCHA,25/03/2026
ENERO - FEBRERO,2026,05/03/2026,PASCO,PROVINCIAL,FAMILIA,FAMILIA TUTELAR,DENUNCIA,,47,33,190113,PASCO,PASCO,YANACANCHA,25/03/2026
ENERO - FEBRERO,2026,05/03/2026,PASCO,PROVINCIAL,PENAL,PENAL,DENUNCIA,DELITOS DE CORRUPCION DE FUNCIONARIOS,40,27,190113,PASCO,PASCO,YANACANCHA,25/03/2026
ENERO - FEBRERO,2026,05/03/2026,PASCO,PROVINCIAL,PENAL,PENAL,DENUNCIA,MATERIA AMBIENTAL,15,13,190113,PASCO,PASCO,YANACANCHA,25/03/2026
ENERO - FEBRERO,2026,05/03/2026,PASCO,PROVINCIAL,PENAL,PENAL,DENUNCIA,,662,510,190113,PASCO,PASCO,YANACANCHA,25/03/2026
ENERO - FEBRERO,2026,05/03/2026,PASCO,PROVINCIAL,PENAL,PENAL,INVESTIGACION PREVENTIVA,,1,1,190113,PASCO,PASCO,YANACANCHA,25/03/2026
ENERO - FEBRERO,2026,05/03/2026,PASCO,SUPERIOR,FAMILIA,FAMILIA CIVIL,EXPEDIENTE,,4,3,190113,PASCO,PASCO,YANACANCHA,25/03/2026
ENERO - FEBRERO,2026,05/03/2026,PASCO,SUPERIOR,FAMILIA,VIOLENCIA FAMILIAR,EXPEDIENTE,,12,12,190113,PASCO,PASCO,YANACANCHA,25/03/2026
ENERO - FEBRERO,2026,05/03/2026,PASCO,SUPERIOR,PENAL,PENAL,APELACION DENUNCIA,DELITOS DE CORRUPCION DE FUNCIONARIOS,6,6,190113,PASCO,PASCO,YANACANCHA,25/03/2026
ENERO - FEBRERO,2026,05/03/2026,PASCO,SUPERIOR,PENAL,PENAL,APELACION DENUNCIA,,19,19,190113,PASCO,PASCO,YANACANCHA,25/03/2026
ENERO - FEBRERO,2026,05/03/2026,PASCO,SUPERIOR,PENAL,PENAL,APELACION EXPEDIENTE,,1,1,190113,PASCO,PASCO,YANACANCHA,25/03/2026
ENERO - FEBRERO,2026,05/03/2026,PASCO,SUPERIOR,PENAL,PENAL,CONSULTAS,DELITOS DE CORRUPCION DE FUNCIONARIOS,2,2,190113,PASCO,PASCO,YANACANCHA,25/03/2026
ENERO - FEBRERO,2026,05/03/2026,PASCO,SUPERIOR,PENAL,PENAL,CONSULTAS,,20,19,190113,PASCO,PASCO,YANACANCHA,25/03/2026
ENERO - FEBRERO,2026,05/03/2026,PASCO,SUPERIOR,PENAL,PENAL,EXCLUSION FISCAL,,5,4,190113,PASCO,PASCO,YANACANCHA,25/03/2026
ENERO - FEBRERO,2026,05/03/2026,PASCO,SUPERIOR,PENAL,PENAL,EXPEDIENTE,DELITOS DE CORRUPCION DE FUNCIONARIOS,1,1,190113,PASCO,PASCO,YANACANCHA,25/03/2026
ENERO - FEBRERO,2026,05/03/2026,PASCO,SUPERIOR,PENAL,PENAL,QUEJAS,DELITOS DE CORRUPCION DE FUNCIONARIOS,6,6,190113,PASCO,PASCO,YANACANCHA,25/03/2026
ENERO - FEBRERO,2026,05/03/2026,PASCO,SUPERIOR,PENAL,PENAL,QUEJAS,,33,33,190113,PASCO,PASCO,YANACANCHA,25/03/2026
ENERO - FEBRERO,2026,05/03/2026,PIURA,PROVINCIAL,FAMILIA,ACTOS CONTRA LA LIBERTAD SEXUAL,DENUNCIA,,6,3,200101,PIURA,PIURA,PIURA,25/03/2026
ENERO - FEBRERO,2026,05/03/2026,PIURA,PROVINCIAL,FAMILIA,FAMILIA CIVIL,EXPEDIENTE,,52,47,200101,PIURA,PIURA,PIURA,25/03/2026
ENERO - FEBRERO,2026,05/03/2026,PIURA,PROVINCIAL,FAMILIA,FAMILIA PENAL,DENUNCIA,,132,92,200101,PIURA,PIURA,PIURA,25/03/2026
ENERO - FEBRERO,2026,05/03/2026,PIURA,PROVINCIAL,FAMILIA,FAMILIA PENAL,EXPEDIENTE,,32,32,200101,PIURA,PIURA,PIURA,25/03/2026
ENERO - FEBRERO,2026,05/03/2026,PIURA,PROVINCIAL,FAMILIA,FAMILIA TUTELAR,DENUNCIA,,19,9,200101,PIURA,PIURA,PIURA,25/03/2026
ENERO - FEBRERO,2026,05/03/2026,PIURA,PROVINCIAL,FAMILIA,FAMILIA TUTELAR,EXPEDIENTE,,6,6,200101,PIURA,PIURA,PIURA,25/03/2026
ENERO - FEBRERO,2026,05/03/2026,PIURA,PROVINCIAL,FAMILIA,VIOLENCIA FAMILIAR,DENUNCIA,,18,18,200101,PIURA,PIURA,PIURA,25/03/2026
ENERO - FEBRERO,2026,05/03/2026,PIURA,PROVINCIAL,PENAL,PENAL,DENUNCIA,CONTRA LA CRIMINALIDAD ORGANIZADA,19,6,200101,PIURA,PIURA,PIURA,25/03/2026
ENERO - FEBRERO,2026,05/03/2026,PIURA,PROVINCIAL,PENAL,PENAL,DENUNCIA,DELITOS DE CORRUPCION DE FUNCIONARIOS,90,62,200101,PIURA,PIURA,PIURA,25/03/2026
ENERO - FEBRERO,2026,05/03/2026,PIURA,PROVINCIAL,PENAL,PENAL,DENUNCIA,DELITOS DE TRAFICO ILICITO DE DROGAS,34,34,200101,PIURA,PIURA,PIURA,25/03/2026
ENERO - FEBRERO,2026,05/03/2026,PIURA,PROVINCIAL,PENAL,PENAL,DENUNCIA,DELITOS DE TRATA DE PERSONAS,44,41,200101,PIURA,PIURA,PIURA,25/03/2026
ENERO - FEBRERO,2026,05/03/2026,PIURA,PROVINCIAL,PENAL,PENAL,DENUNCIA,MATERIA AMBIENTAL,28,28,200101,PIURA,PIURA,PIURA,25/03/2026
ENERO - FEBRERO,2026,05/03/2026,PIURA,PROVINCIAL,PENAL,PENAL,DENUNCIA,VIOLENCIA CONTRA LA MUJER Y LOS INTEGRANTES DEL GRUPO FAMILIAR,1843,1359,200101,PIURA,PIURA,PIURA,25/03/2026
ENERO - FEBRERO,2026,05/03/2026,PIURA,PROVINCIAL,PENAL,PENAL,DENUNCIA,,4685,2998,200101,PIURA,PIURA,PIURA,25/03/2026
ENERO - FEBRERO,2026,05/03/2026,PIURA,PROVINCIAL,PENAL,PENAL,INVESTIGACION PREVENTIVA,MATERIA AMBIENTAL,39,39,200101,PIURA,PIURA,PIURA,25/03/2026
ENERO - FEBRERO,2026,05/03/2026,PIURA,SUPERIOR,FAMILIA,FAMILIA CIVIL,EXPEDIENTE,,12,12,200101,PIURA,PIURA,PIURA,25/03/2026
ENERO - FEBRERO,2026,05/03/2026,PIURA,SUPERIOR,FAMILIA,FAMILIA PENAL,EXPEDIENTE,,6,6,200101,PIURA,PIURA,PIURA,25/03/2026
ENERO - FEBRERO,2026,05/03/2026,PIURA,SUPERIOR,FAMILIA,FAMILIA TUTELAR,EXPEDIENTE,,2,2,200101,PIURA,PIURA,PIURA,25/03/2026
ENERO - FEBRERO,2026,05/03/2026,PIURA,SUPERIOR,FAMILIA,VIOLENCIA FAMILIAR,EXPEDIENTE,,69,69,200101,PIURA,PIURA,PIURA,25/03/2026
ENERO - FEBRERO,2026,05/03/2026,PIURA,SUPERIOR,PENAL,PENAL,APELACION DENUNCIA,,134,130,200101,PIURA,PIURA,PIURA,25/03/2026
ENERO - FEBRERO,2026,05/03/2026,PIURA,SUPERIOR,PENAL,PENAL,APELACION EXPEDIENTE,,243,238,200101,PIURA,PIURA,PIURA,25/03/2026
ENERO - FEBRERO,2026,05/03/2026,PIURA,SUPERIOR,PENAL,PENAL,CONSULTAS,,36,36,200101,PIURA,PIURA,PIURA,25/03/2026
ENERO - FEBRERO,2026,05/03/2026,PIURA,SUPERIOR,PENAL,PENAL,DENUNCIA,,25,24,200101,PIURA,PIURA,PIURA,25/03/2026
ENERO - FEBRERO,2026,05/03/2026,PIURA,SUPERIOR,PENAL,PENAL,EXCLUSION FISCAL,,3,3,200101,PIURA,PIURA,PIURA,25/03/2026
ENERO - FEBRERO,2026,05/03/2026,PIURA,SUPERIOR,PENAL,PENAL,EXPEDIENTE,,4,4,200101,PIURA,PIURA,PIURA,25/03/2026
ENERO - FEBRERO,2026,05/03/2026,PIURA,SUPERIOR,PENAL,PENAL,QUEJAS,,289,184,200101,PIURA,PIURA,PIURA,25/03/2026
ENERO - FEBRERO,2026,05/03/2026,PUNO,PROVINCIAL,CIVIL,CIVIL,EXPEDIENTE,,7,3,210101,PUNO,PUNO,PUNO,25/03/2026
ENERO - FEBRERO,2026,05/03/2026,PUNO,PROVINCIAL,FAMILIA,FAMILIA CIVIL,EXPEDIENTE,,125,90,210101,PUNO,PUNO,PUNO,25/03/2026
ENERO - FEBRERO,2026,05/03/2026,PUNO,PROVINCIAL,FAMILIA,FAMILIA PENAL,DENUNCIA,,59,37,210101,PUNO,PUNO,PUNO,25/03/2026
ENERO - FEBRERO,2026,05/03/2026,PUNO,PROVINCIAL,FAMILIA,FAMILIA PENAL,EXPEDIENTE,,15,10,210101,PUNO,PUNO,PUNO,25/03/2026
ENERO - FEBRERO,2026,05/03/2026,PUNO,PROVINCIAL,FAMILIA,FAMILIA TUTELAR,DENUNCIA,,66,51,210101,PUNO,PUNO,PUNO,25/03/2026
ENERO - FEBRERO,2026,05/03/2026,PUNO,PROVINCIAL,FAMILIA,FAMILIA TUTELAR,EXPEDIENTE,,32,24,210101,PUNO,PUNO,PUNO,25/03/2026
ENERO - FEBRERO,2026,05/03/2026,PUNO,PROVINCIAL,FAMILIA,VIOLENCIA FAMILIAR,DENUNCIA,,1,1,210101,PUNO,PUNO,PUNO,25/03/2026
ENERO - FEBRERO,2026,05/03/2026,PUNO,PROVINCIAL,PENAL,PENAL,DENUNCIA,CONTRA LA CRIMINALIDAD ORGANIZADA,7,5,210101,PUNO,PUNO,PUNO,25/03/2026
ENERO - FEBRERO,2026,05/03/2026,PUNO,PROVINCIAL,PENAL,PENAL,DENUNCIA,DELITOS ADUANEROS Y CONTRA LA PROPIEDAD INTELECTUAL,57,53,210101,PUNO,PUNO,PUNO,25/03/2026
ENERO - FEBRERO,2026,05/03/2026,PUNO,PROVINCIAL,PENAL,PENAL,DENUNCIA,DELITOS DE CORRUPCION DE FUNCIONARIOS,104,55,210101,PUNO,PUNO,PUNO,25/03/2026
ENERO - FEBRERO,2026,05/03/2026,PUNO,PROVINCIAL,PENAL,PENAL,DENUNCIA,DELITOS DE TRAFICO ILICITO DE DROGAS,37,36,210101,PUNO,PUNO,PUNO,25/03/2026
ENERO - FEBRERO,2026,05/03/2026,PUNO,PROVINCIAL,PENAL,PENAL,DENUNCIA,DELITOS DE TRATA DE PERSONAS,17,16,210101,PUNO,PUNO,PUNO,25/03/2026
ENERO - FEBRERO,2026,05/03/2026,PUNO,PROVINCIAL,PENAL,PENAL,DENUNCIA,LAVADO DE ACTIVOS Y PERDIDA DE DOMINIO,14,10,210101,PUNO,PUNO,PUNO,25/03/2026
ENERO - FEBRERO,2026,05/03/2026,PUNO,PROVINCIAL,PENAL,PENAL,DENUNCIA,MATERIA AMBIENTAL,34,18,210101,PUNO,PUNO,PUNO,25/03/2026
ENERO - FEBRERO,2026,05/03/2026,PUNO,PROVINCIAL,PENAL,PENAL,DENUNCIA,,3439,2152,210101,PUNO,PUNO,PUNO,25/03/2026
ENERO - FEBRERO,2026,05/03/2026,PUNO,PROVINCIAL,PENAL,PENAL,EXPEDIENTE,DELITOS DE TRAFICO ILICITO DE DROGAS,5,0,210101,PUNO,PUNO,PUNO,25/03/2026
ENERO - FEBRERO,2026,05/03/2026,PUNO,PROVINCIAL,PENAL,PENAL,EXPEDIENTE,,3,2,210101,PUNO,PUNO,PUNO,25/03/2026
ENERO - FEBRERO,2026,05/03/2026,PUNO,PROVINCIAL,PENAL,PENAL,INVESTIGACION PREVENTIVA,DELITOS ADUANEROS Y CONTRA LA PROPIEDAD INTELECTUAL,1,1,210101,PUNO,PUNO,PUNO,25/03/2026
ENERO - FEBRERO,2026,05/03/2026,PUNO,PROVINCIAL,PENAL,PENAL,INVESTIGACION PREVENTIVA,MATERIA AMBIENTAL,5,5,210101,PUNO,PUNO,PUNO,25/03/2026
ENERO - FEBRERO,2026,05/03/2026,PUNO,PROVINCIAL,PENAL,PENAL,INVESTIGACION PREVENTIVA,,55,51,210101,PUNO,PUNO,PUNO,25/03/2026
ENERO - FEBRERO,2026,05/03/2026,PUNO,SUPERIOR,FAMILIA,FAMILIA CIVIL,EXPEDIENTE,,26,17,210101,PUNO,PUNO,PUNO,25/03/2026
ENERO - FEBRERO,2026,05/03/2026,PUNO,SUPERIOR,FAMILIA,FAMILIA PENAL,EXPEDIENTE,,6,5,210101,PUNO,PUNO,PUNO,25/03/2026
ENERO - FEBRERO,2026,05/03/2026,PUNO,SUPERIOR,FAMILIA,FAMILIA TUTELAR,EXPEDIENTE,,8,8,210101,PUNO,PUNO,PUNO,25/03/2026
ENERO - FEBRERO,2026,05/03/2026,PUNO,SUPERIOR,FAMILIA,VIOLENCIA FAMILIAR,EXPEDIENTE,,12,5,210101,PUNO,PUNO,PUNO,25/03/2026
ENERO - FEBRERO,2026,05/03/2026,PUNO,SUPERIOR,PENAL,PENAL,APELACION DENUNCIA,,115,114,210101,PUNO,PUNO,PUNO,25/03/2026
ENERO - FEBRERO,2026,05/03/2026,PUNO,SUPERIOR,PENAL,PENAL,CONSULTAS,,82,67,210101,PUNO,PUNO,PUNO,25/03/2026
ENERO - FEBRERO,2026,05/03/2026,PUNO,SUPERIOR,PENAL,PENAL,DENUNCIA,,64,64,210101,PUNO,PUNO,PUNO,25/03/2026
ENERO - FEBRERO,2026,05/03/2026,PUNO,SUPERIOR,PENAL,PENAL,EXCLUSION FISCAL,,3,2,210101,PUNO,PUNO,PUNO,25/03/2026
ENERO - FEBRERO,2026,05/03/2026,PUNO,SUPERIOR,PENAL,PENAL,EXPEDIENTE,,3,0,210101,PUNO,PUNO,PUNO,25/03/2026
ENERO - FEBRERO,2026,05/03/2026,PUNO,SUPERIOR,PENAL,PENAL,INCIDENTE-EXPEDIENTE,,2,1,210101,PUNO,PUNO,PUNO,25/03/2026
ENERO - FEBRERO,2026,05/03/2026,PUNO,SUPERIOR,PENAL,PENAL,QUEJAS,,240,182,210101,PUNO,PUNO,PUNO,25/03/2026
ENERO - FEBRERO,2026,05/03/2026,SAN MARTIN,PROVINCIAL,CIVIL,CIVIL,EXPEDIENTE,,4,2,220101,SAN MARTIN,MOYOBAMBA,MOYOBAMBA,25/03/2026
ENERO - FEBRERO,2026,05/03/2026,SAN MARTIN,PROVINCIAL,FAMILIA,ACTOS CONTRA LA LIBERTAD SEXUAL,DENUNCIA,,3,3,220101,SAN MARTIN,MOYOBAMBA,MOYOBAMBA,25/03/2026
ENERO - FEBRERO,2026,05/03/2026,SAN MARTIN,PROVINCIAL,FAMILIA,FAMILIA CIVIL,EXPEDIENTE,,54,43,220101,SAN MARTIN,MOYOBAMBA,MOYOBAMBA,25/03/2026
ENERO - FEBRERO,2026,05/03/2026,SAN MARTIN,PROVINCIAL,FAMILIA,FAMILIA PENAL,DENUNCIA,,124,69,220101,SAN MARTIN,MOYOBAMBA,MOYOBAMBA,25/03/2026
ENERO - FEBRERO,2026,05/03/2026,SAN MARTIN,PROVINCIAL,FAMILIA,FAMILIA PENAL,EXPEDIENTE,,13,13,220101,SAN MARTIN,MOYOBAMBA,MOYOBAMBA,25/03/2026
ENERO - FEBRERO,2026,05/03/2026,SAN MARTIN,PROVINCIAL,FAMILIA,FAMILIA TUTELAR,DENUNCIA,,183,112,220101,SAN MARTIN,MOYOBAMBA,MOYOBAMBA,25/03/2026
ENERO - FEBRERO,2026,05/03/2026,SAN MARTIN,PROVINCIAL,FAMILIA,FAMILIA TUTELAR,EXPEDIENTE,,29,28,220101,SAN MARTIN,MOYOBAMBA,MOYOBAMBA,25/03/2026
ENERO - FEBRERO,2026,05/03/2026,SAN MARTIN,PROVINCIAL,FAMILIA,VIOLENCIA FAMILIAR,DENUNCIA,,3,3,220101,SAN MARTIN,MOYOBAMBA,MOYOBAMBA,25/03/2026
ENERO - FEBRERO,2026,05/03/2026,SAN MARTIN,PROVINCIAL,PENAL,PENAL,DENUNCIA,CONTRA LA CRIMINALIDAD ORGANIZADA,8,8,220101,SAN MARTIN,MOYOBAMBA,MOYOBAMBA,25/03/2026
ENERO - FEBRERO,2026,05/03/2026,SAN MARTIN,PROVINCIAL,PENAL,PENAL,DENUNCIA,DELITOS DE CORRUPCION DE FUNCIONARIOS,69,48,220101,SAN MARTIN,MOYOBAMBA,MOYOBAMBA,25/03/2026
ENERO - FEBRERO,2026,05/03/2026,SAN MARTIN,PROVINCIAL,PENAL,PENAL,DENUNCIA,DELITOS DE TRAFICO ILICITO DE DROGAS,17,17,220101,SAN MARTIN,MOYOBAMBA,MOYOBAMBA,25/03/2026
ENERO - FEBRERO,2026,05/03/2026,SAN MARTIN,PROVINCIAL,PENAL,PENAL,DENUNCIA,MATERIA AMBIENTAL,135,110,220101,SAN MARTIN,MOYOBAMBA,MOYOBAMBA,25/03/2026
ENERO - FEBRERO,2026,05/03/2026,SAN MARTIN,PROVINCIAL,PENAL,PENAL,DENUNCIA,,3592,2783,220101,SAN MARTIN,MOYOBAMBA,MOYOBAMBA,25/03/2026
ENERO - FEBRERO,2026,05/03/2026,SAN MARTIN,PROVINCIAL,PENAL,PENAL,EXPEDIENTE,,1,1,220101,SAN MARTIN,MOYOBAMBA,MOYOBAMBA,25/03/2026
ENERO - FEBRERO,2026,05/03/2026,SAN MARTIN,PROVINCIAL,PENAL,PENAL,INVESTIGACION PREVENTIVA,MATERIA AMBIENTAL,3,1,220101,SAN MARTIN,MOYOBAMBA,MOYOBAMBA,25/03/2026
ENERO - FEBRERO,2026,05/03/2026,SAN MARTIN,PROVINCIAL,PENAL,PENAL,INVESTIGACION PREVENTIVA,,1,0,220101,SAN MARTIN,MOYOBAMBA,MOYOBAMBA,25/03/2026
ENERO - FEBRERO,2026,05/03/2026,SAN MARTIN,SUPERIOR,FAMILIA,FAMILIA CIVIL,EXPEDIENTE,,4,4,220101,SAN MARTIN,MOYOBAMBA,MOYOBAMBA,25/03/2026
ENERO - FEBRERO,2026,05/03/2026,SAN MARTIN,SUPERIOR,FAMILIA,FAMILIA PENAL,EXPEDIENTE,,1,1,220101,SAN MARTIN,MOYOBAMBA,MOYOBAMBA,25/03/2026
ENERO - FEBRERO,2026,05/03/2026,SAN MARTIN,SUPERIOR,FAMILIA,FAMILIA PENAL,INCIDENTE,,1,1,220101,SAN MARTIN,MOYOBAMBA,MOYOBAMBA,25/03/2026
ENERO - FEBRERO,2026,05/03/2026,SAN MARTIN,SUPERIOR,FAMILIA,FAMILIA TUTELAR,EXPEDIENTE,,21,19,220101,SAN MARTIN,MOYOBAMBA,MOYOBAMBA,25/03/2026
ENERO - FEBRERO,2026,05/03/2026,SAN MARTIN,SUPERIOR,FAMILIA,VIOLENCIA FAMILIAR,EXPEDIENTE,,14,14,220101,SAN MARTIN,MOYOBAMBA,MOYOBAMBA,25/03/2026
ENERO - FEBRERO,2026,05/03/2026,SAN MARTIN,SUPERIOR,PENAL,PENAL,APELACION DENUNCIA,,217,153,220101,SAN MARTIN,MOYOBAMBA,MOYOBAMBA,25/03/2026
ENERO - FEBRERO,2026,05/03/2026,SAN MARTIN,SUPERIOR,PENAL,PENAL,APELACION EXPEDIENTE,,1,0,220101,SAN MARTIN,MOYOBAMBA,MOYOBAMBA,25/03/2026
ENERO - FEBRERO,2026,05/03/2026,SAN MARTIN,SUPERIOR,PENAL,PENAL,CONSULTAS,,27,24,220101,SAN MARTIN,MOYOBAMBA,MOYOBAMBA,25/03/2026
ENERO - FEBRERO,2026,05/03/2026,SAN MARTIN,SUPERIOR,PENAL,PENAL,DENUNCIA,,9,8,220101,SAN MARTIN,MOYOBAMBA,MOYOBAMBA,25/03/2026
ENERO - FEBRERO,2026,05/03/2026,SAN MARTIN,SUPERIOR,PENAL,PENAL,EXCLUSION FISCAL,,6,3,220101,SAN MARTIN,MOYOBAMBA,MOYOBAMBA,25/03/2026
ENERO - FEBRERO,2026,05/03/2026,SAN MARTIN,SUPERIOR,PENAL,PENAL,EXPEDIENTE,,4,3,220101,SAN MARTIN,MOYOBAMBA,MOYOBAMBA,25/03/2026
ENERO - FEBRERO,2026,05/03/2026,SAN MARTIN,SUPERIOR,PENAL,PENAL,QUEJAS,,174,139,220101,SAN MARTIN,MOYOBAMBA,MOYOBAMBA,25/03/2026
ENERO - FEBRERO,2026,05/03/2026,SANTA,PROVINCIAL,CIVIL,CIVIL,EXPEDIENTE,,15,15,021801,ANCASH,SANTA,CHIMBOTE,25/03/2026
ENERO - FEBRERO,2026,05/03/2026,SANTA,PROVINCIAL,FAMILIA,ACTOS CONTRA LA LIBERTAD SEXUAL,DENUNCIA,,3,3,021801,ANCASH,SANTA,CHIMBOTE,25/03/2026
ENERO - FEBRERO,2026,05/03/2026,SANTA,PROVINCIAL,FAMILIA,FAMILIA CIVIL,EXPEDIENTE,,127,109,021801,ANCASH,SANTA,CHIMBOTE,25/03/2026
ENERO - FEBRERO,2026,05/03/2026,SANTA,PROVINCIAL,FAMILIA,FAMILIA PENAL,DENUNCIA,,126,86,021801,ANCASH,SANTA,CHIMBOTE,25/03/2026
ENERO - FEBRERO,2026,05/03/2026,SANTA,PROVINCIAL,FAMILIA,FAMILIA PENAL,EXPEDIENTE,,3,1,021801,ANCASH,SANTA,CHIMBOTE,25/03/2026
ENERO - FEBRERO,2026,05/03/2026,SANTA,PROVINCIAL,FAMILIA,FAMILIA TUTELAR,DENUNCIA,,63,58,021801,ANCASH,SANTA,CHIMBOTE,25/03/2026
ENERO - FEBRERO,2026,05/03/2026,SANTA,PROVINCIAL,FAMILIA,FAMILIA TUTELAR,EXPEDIENTE,,16,10,021801,ANCASH,SANTA,CHIMBOTE,25/03/2026
ENERO - FEBRERO,2026,05/03/2026,SANTA,PROVINCIAL,FAMILIA,VIOLENCIA FAMILIAR,DENUNCIA,,6,6,021801,ANCASH,SANTA,CHIMBOTE,25/03/2026
ENERO - FEBRERO,2026,05/03/2026,SANTA,PROVINCIAL,PENAL,PENAL,DENUNCIA,CONTRA LA CRIMINALIDAD ORGANIZADA,7,7,021801,ANCASH,SANTA,CHIMBOTE,25/03/2026
ENERO - FEBRERO,2026,05/03/2026,SANTA,PROVINCIAL,PENAL,PENAL,DENUNCIA,DELITOS DE CORRUPCION DE FUNCIONARIOS,53,27,021801,ANCASH,SANTA,CHIMBOTE,25/03/2026
ENERO - FEBRERO,2026,05/03/2026,SANTA,PROVINCIAL,PENAL,PENAL,DENUNCIA,DELITOS DE TRAFICO ILICITO DE DROGAS,25,24,021801,ANCASH,SANTA,CHIMBOTE,25/03/2026
ENERO - FEBRERO,2026,05/03/2026,SANTA,PROVINCIAL,PENAL,PENAL,DENUNCIA,LAVADO DE ACTIVOS Y PERDIDA DE DOMINIO,5,2,021801,ANCASH,SANTA,CHIMBOTE,25/03/2026
ENERO - FEBRERO,2026,05/03/2026,SANTA,PROVINCIAL,PENAL,PENAL,DENUNCIA,MATERIA AMBIENTAL,30,10,021801,ANCASH,SANTA,CHIMBOTE,25/03/2026
ENERO - FEBRERO,2026,05/03/2026,SANTA,PROVINCIAL,PENAL,PENAL,DENUNCIA,,4461,3309,021801,ANCASH,SANTA,CHIMBOTE,25/03/2026
ENERO - FEBRERO,2026,05/03/2026,SANTA,PROVINCIAL,PENAL,PENAL,INVESTIGACION PREVENTIVA,MATERIA AMBIENTAL,4,0,021801,ANCASH,SANTA,CHIMBOTE,25/03/2026
ENERO - FEBRERO,2026,05/03/2026,SANTA,SUPERIOR,FAMILIA,FAMILIA CIVIL,EXPEDIENTE,,5,5,021801,ANCASH,SANTA,CHIMBOTE,25/03/2026
ENERO - FEBRERO,2026,05/03/2026,SANTA,SUPERIOR,FAMILIA,FAMILIA PENAL,EXPEDIENTE,,3,3,021801,ANCASH,SANTA,CHIMBOTE,25/03/2026
ENERO - FEBRERO,2026,05/03/2026,SANTA,SUPERIOR,FAMILIA,VIOLENCIA FAMILIAR,EXPEDIENTE,,28,28,021801,ANCASH,SANTA,CHIMBOTE,25/03/2026
ENERO - FEBRERO,2026,05/03/2026,SANTA,SUPERIOR,FAMILIA,VIOLENCIA FAMILIAR,INCIDENTE,,22,22,021801,ANCASH,SANTA,CHIMBOTE,25/03/2026
ENERO - FEBRERO,2026,05/03/2026,SANTA,SUPERIOR,PENAL,PENAL,APELACION DENUNCIA,DELITOS DE CORRUPCION DE FUNCIONARIOS,6,6,021801,ANCASH,SANTA,CHIMBOTE,25/03/2026
ENERO - FEBRERO,2026,05/03/2026,SANTA,SUPERIOR,PENAL,PENAL,APELACION DENUNCIA,,151,150,021801,ANCASH,SANTA,CHIMBOTE,25/03/2026
ENERO - FEBRERO,2026,05/03/2026,SANTA,SUPERIOR,PENAL,PENAL,APELACION EXPEDIENTE,,1,1,021801,ANCASH,SANTA,CHIMBOTE,25/03/2026
ENERO - FEBRERO,2026,05/03/2026,SANTA,SUPERIOR,PENAL,PENAL,CONSULTAS,DELITOS DE CORRUPCION DE FUNCIONARIOS,1,1,021801,ANCASH,SANTA,CHIMBOTE,25/03/2026
ENERO - FEBRERO,2026,05/03/2026,SANTA,SUPERIOR,PENAL,PENAL,CONSULTAS,,40,37,021801,ANCASH,SANTA,CHIMBOTE,25/03/2026
ENERO - FEBRERO,2026,05/03/2026,SANTA,SUPERIOR,PENAL,PENAL,DENUNCIA,DELITOS DE CORRUPCION DE FUNCIONARIOS,1,1,021801,ANCASH,SANTA,CHIMBOTE,25/03/2026
ENERO - FEBRERO,2026,05/03/2026,SANTA,SUPERIOR,PENAL,PENAL,DENUNCIA,,19,9,021801,ANCASH,SANTA,CHIMBOTE,25/03/2026
ENERO - FEBRERO,2026,05/03/2026,SANTA,SUPERIOR,PENAL,PENAL,EXCLUSION FISCAL,,4,4,021801,ANCASH,SANTA,CHIMBOTE,25/03/2026
ENERO - FEBRERO,2026,05/03/2026,SANTA,SUPERIOR,PENAL,PENAL,EXPEDIENTE,,3,1,021801,ANCASH,SANTA,CHIMBOTE,25/03/2026
ENERO - FEBRERO,2026,05/03/2026,SANTA,SUPERIOR,PENAL,PENAL,INCIDENTE-EXPEDIENTE,,1,1,021801,ANCASH,SANTA,CHIMBOTE,25/03/2026
ENERO - FEBRERO,2026,05/03/2026,SANTA,SUPERIOR,PENAL,PENAL,QUEJAS,DELITOS DE CORRUPCION DE FUNCIONARIOS,12,12,021801,ANCASH,SANTA,CHIMBOTE,25/03/2026
ENERO - FEBRERO,2026,05/03/2026,SANTA,SUPERIOR,PENAL,PENAL,QUEJAS,,265,199,021801,ANCASH,SANTA,CHIMBOTE,25/03/2026
ENERO - FEBRERO,2026,05/03/2026,SELVA CENTRAL,PROVINCIAL,FAMILIA,FAMILIA CIVIL,EXPEDIENTE,,78,57,120301,JUNIN,CHANCHAMAYO,CHANCHAMAYO,25/03/2026
ENERO - FEBRERO,2026,05/03/2026,SELVA CENTRAL,PROVINCIAL,FAMILIA,FAMILIA PENAL,DENUNCIA,,65,52,120301,JUNIN,CHANCHAMAYO,CHANCHAMAYO,25/03/2026
ENERO - FEBRERO,2026,05/03/2026,SELVA CENTRAL,PROVINCIAL,FAMILIA,FAMILIA PENAL,EXPEDIENTE,,5,5,120301,JUNIN,CHANCHAMAYO,CHANCHAMAYO,25/03/2026
ENERO - FEBRERO,2026,05/03/2026,SELVA CENTRAL,PROVINCIAL,FAMILIA,FAMILIA TUTELAR,DENUNCIA,,58,48,120301,JUNIN,CHANCHAMAYO,CHANCHAMAYO,25/03/2026
ENERO - FEBRERO,2026,05/03/2026,SELVA CENTRAL,PROVINCIAL,FAMILIA,FAMILIA TUTELAR,EXPEDIENTE,,7,5,120301,JUNIN,CHANCHAMAYO,CHANCHAMAYO,25/03/2026
ENERO - FEBRERO,2026,05/03/2026,SELVA CENTRAL,PROVINCIAL,FAMILIA,VIOLENCIA FAMILIAR,EXPEDIENTE,,3,1,120301,JUNIN,CHANCHAMAYO,CHANCHAMAYO,25/03/2026
ENERO - FEBRERO,2026,05/03/2026,SELVA CENTRAL,PROVINCIAL,PENAL,PENAL,DENUNCIA,DELITOS DE CORRUPCION DE FUNCIONARIOS,47,39,120301,JUNIN,CHANCHAMAYO,CHANCHAMAYO,25/03/2026
ENERO - FEBRERO,2026,05/03/2026,SELVA CENTRAL,PROVINCIAL,PENAL,PENAL,DENUNCIA,DELITOS DE TRAFICO ILICITO DE DROGAS,31,25,120301,JUNIN,CHANCHAMAYO,CHANCHAMAYO,25/03/2026
ENERO - FEBRERO,2026,05/03/2026,SELVA CENTRAL,PROVINCIAL,PENAL,PENAL,DENUNCIA,MATERIA AMBIENTAL,120,63,120301,JUNIN,CHANCHAMAYO,CHANCHAMAYO,25/03/2026
ENERO - FEBRERO,2026,05/03/2026,SELVA CENTRAL,PROVINCIAL,PENAL,PENAL,DENUNCIA,,3694,2727,120301,JUNIN,CHANCHAMAYO,CHANCHAMAYO,25/03/2026
ENERO - FEBRERO,2026,05/03/2026,SELVA CENTRAL,PROVINCIAL,PENAL,PENAL,INVESTIGACION PREVENTIVA,,32,14,120301,JUNIN,CHANCHAMAYO,CHANCHAMAYO,25/03/2026
ENERO - FEBRERO,2026,05/03/2026,SELVA CENTRAL,SUPERIOR,FAMILIA,FAMILIA CIVIL,EXPEDIENTE,,9,9,120301,JUNIN,CHANCHAMAYO,CHANCHAMAYO,25/03/2026
ENERO - FEBRERO,2026,05/03/2026,SELVA CENTRAL,SUPERIOR,FAMILIA,FAMILIA CIVIL,INCIDENTE,,2,2,120301,JUNIN,CHANCHAMAYO,CHANCHAMAYO,25/03/2026
ENERO - FEBRERO,2026,05/03/2026,SELVA CENTRAL,SUPERIOR,FAMILIA,FAMILIA PENAL,EXPEDIENTE,,1,1,120301,JUNIN,CHANCHAMAYO,CHANCHAMAYO,25/03/2026
ENERO - FEBRERO,2026,05/03/2026,SELVA CENTRAL,SUPERIOR,FAMILIA,VIOLENCIA FAMILIAR,EXPEDIENTE,,2,2,120301,JUNIN,CHANCHAMAYO,CHANCHAMAYO,25/03/2026
ENERO - FEBRERO,2026,05/03/2026,SELVA CENTRAL,SUPERIOR,FAMILIA,VIOLENCIA FAMILIAR,INCIDENTE,,35,32,120301,JUNIN,CHANCHAMAYO,CHANCHAMAYO,25/03/2026
ENERO - FEBRERO,2026,05/03/2026,SELVA CENTRAL,SUPERIOR,PENAL,PENAL,APELACION DENUNCIA,,135,119,120301,JUNIN,CHANCHAMAYO,CHANCHAMAYO,25/03/2026
ENERO - FEBRERO,2026,05/03/2026,SELVA CENTRAL,SUPERIOR,PENAL,PENAL,CONSULTAS,,24,22,120301,JUNIN,CHANCHAMAYO,CHANCHAMAYO,25/03/2026
ENERO - FEBRERO,2026,05/03/2026,SELVA CENTRAL,SUPERIOR,PENAL,PENAL,DENUNCIA,,7,7,120301,JUNIN,CHANCHAMAYO,CHANCHAMAYO,25/03/2026
ENERO - FEBRERO,2026,05/03/2026,SELVA CENTRAL,SUPERIOR,PENAL,PENAL,EXCLUSION FISCAL,,2,2,120301,JUNIN,CHANCHAMAYO,CHANCHAMAYO,25/03/2026
ENERO - FEBRERO,2026,05/03/2026,SELVA CENTRAL,SUPERIOR,PENAL,PENAL,EXPEDIENTE,,2,2,120301,JUNIN,CHANCHAMAYO,CHANCHAMAYO,25/03/2026
ENERO - FEBRERO,2026,05/03/2026,SELVA CENTRAL,SUPERIOR,PENAL,PENAL,INCIDENTE-EXPEDIENTE,,1,1,120301,JUNIN,CHANCHAMAYO,CHANCHAMAYO,25/03/2026
ENERO - FEBRERO,2026,05/03/2026,SELVA CENTRAL,SUPERIOR,PENAL,PENAL,QUEJAS,,94,91,120301,JUNIN,CHANCHAMAYO,CHANCHAMAYO,25/03/2026
ENERO - FEBRERO,2026,05/03/2026,SULLANA,PROVINCIAL,FAMILIA,FAMILIA CIVIL,EXPEDIENTE,,67,65,200601,PIURA,SULLANA,SULLANA,25/03/2026
ENERO - FEBRERO,2026,05/03/2026,SULLANA,PROVINCIAL,FAMILIA,FAMILIA PENAL,DENUNCIA,,66,60,200601,PIURA,SULLANA,SULLANA,25/03/2026
ENERO - FEBRERO,2026,05/03/2026,SULLANA,PROVINCIAL,FAMILIA,FAMILIA PENAL,EXPEDIENTE,,6,6,200601,PIURA,SULLANA,SULLANA,25/03/2026
ENERO - FEBRERO,2026,05/03/2026,SULLANA,PROVINCIAL,FAMILIA,FAMILIA TUTELAR,DENUNCIA,,14,13,200601,PIURA,SULLANA,SULLANA,25/03/2026
ENERO - FEBRERO,2026,05/03/2026,SULLANA,PROVINCIAL,FAMILIA,FAMILIA TUTELAR,EXPEDIENTE,,3,3,200601,PIURA,SULLANA,SULLANA,25/03/2026
ENERO - FEBRERO,2026,05/03/2026,SULLANA,PROVINCIAL,PENAL,PENAL,DENUNCIA,DELITOS DE CORRUPCION DE FUNCIONARIOS,27,21,200601,PIURA,SULLANA,SULLANA,25/03/2026
ENERO - FEBRERO,2026,05/03/2026,SULLANA,PROVINCIAL,PENAL,PENAL,DENUNCIA,MATERIA AMBIENTAL,30,18,200601,PIURA,SULLANA,SULLANA,25/03/2026
ENERO - FEBRERO,2026,05/03/2026,SULLANA,PROVINCIAL,PENAL,PENAL,DENUNCIA,,2417,1922,200601,PIURA,SULLANA,SULLANA,25/03/2026
ENERO - FEBRERO,2026,05/03/2026,SULLANA,PROVINCIAL,PENAL,PENAL,EXPEDIENTE,,2,2,200601,PIURA,SULLANA,SULLANA,25/03/2026
ENERO - FEBRERO,2026,05/03/2026,SULLANA,SUPERIOR,FAMILIA,FAMILIA CIVIL,EXPEDIENTE,,1,1,200601,PIURA,SULLANA,SULLANA,25/03/2026
ENERO - FEBRERO,2026,05/03/2026,SULLANA,SUPERIOR,FAMILIA,FAMILIA CIVIL,INCIDENTE,,1,1,200601,PIURA,SULLANA,SULLANA,25/03/2026
ENERO - FEBRERO,2026,05/03/2026,SULLANA,SUPERIOR,FAMILIA,FAMILIA PENAL,EXPEDIENTE,,8,8,200601,PIURA,SULLANA,SULLANA,25/03/2026
ENERO - FEBRERO,2026,05/03/2026,SULLANA,SUPERIOR,FAMILIA,VIOLENCIA FAMILIAR,EXPEDIENTE,,4,4,200601,PIURA,SULLANA,SULLANA,25/03/2026
ENERO - FEBRERO,2026,05/03/2026,SULLANA,SUPERIOR,PENAL,PENAL,APELACION DENUNCIA,,240,240,200601,PIURA,SULLANA,SULLANA,25/03/2026
ENERO - FEBRERO,2026,05/03/2026,SULLANA,SUPERIOR,PENAL,PENAL,APELACION EXPEDIENTE,,3,3,200601,PIURA,SULLANA,SULLANA,25/03/2026
ENERO - FEBRERO,2026,05/03/2026,SULLANA,SUPERIOR,PENAL,PENAL,CONSULTAS,,29,29,200601,PIURA,SULLANA,SULLANA,25/03/2026
ENERO - FEBRERO,2026,05/03/2026,SULLANA,SUPERIOR,PENAL,PENAL,DENUNCIA,,11,3,200601,PIURA,SULLANA,SULLANA,25/03/2026
ENERO - FEBRERO,2026,05/03/2026,SULLANA,SUPERIOR,PENAL,PENAL,EXCLUSION FISCAL,,3,3,200601,PIURA,SULLANA,SULLANA,25/03/2026
ENERO - FEBRERO,2026,05/03/2026,SULLANA,SUPERIOR,PENAL,PENAL,QUEJAS,,130,130,200601,PIURA,SULLANA,SULLANA,25/03/2026
ENERO - FEBRERO,2026,05/03/2026,TACNA,PROVINCIAL,CIVIL,CIVIL,EXPEDIENTE,,11,11,230101,TACNA,TACNA,TACNA,25/03/2026
ENERO - FEBRERO,2026,05/03/2026,TACNA,PROVINCIAL,FAMILIA,FAMILIA CIVIL,EXPEDIENTE,,91,87,230101,TACNA,TACNA,TACNA,25/03/2026
ENERO - FEBRERO,2026,05/03/2026,TACNA,PROVINCIAL,FAMILIA,FAMILIA PENAL,DENUNCIA,,41,31,230101,TACNA,TACNA,TACNA,25/03/2026
ENERO - FEBRERO,2026,05/03/2026,TACNA,PROVINCIAL,FAMILIA,FAMILIA PENAL,EXPEDIENTE,,10,10,230101,TACNA,TACNA,TACNA,25/03/2026
ENERO - FEBRERO,2026,05/03/2026,TACNA,PROVINCIAL,FAMILIA,FAMILIA TUTELAR,DENUNCIA,,5,5,230101,TACNA,TACNA,TACNA,25/03/2026
ENERO - FEBRERO,2026,05/03/2026,TACNA,PROVINCIAL,FAMILIA,FAMILIA TUTELAR,EXPEDIENTE,,14,11,230101,TACNA,TACNA,TACNA,25/03/2026
ENERO - FEBRERO,2026,05/03/2026,TACNA,PROVINCIAL,PENAL,PENAL,DENUNCIA,DELITOS ADUANEROS Y CONTRA LA PROPIEDAD INTELECTUAL,48,43,230101,TACNA,TACNA,TACNA,25/03/2026
ENERO - FEBRERO,2026,05/03/2026,TACNA,PROVINCIAL,PENAL,PENAL,DENUNCIA,DELITOS DE CORRUPCION DE FUNCIONARIOS,63,54,230101,TACNA,TACNA,TACNA,25/03/2026
ENERO - FEBRERO,2026,05/03/2026,TACNA,PROVINCIAL,PENAL,PENAL,DENUNCIA,DELITOS DE TRAFICO ILICITO DE DROGAS,11,11,230101,TACNA,TACNA,TACNA,25/03/2026
ENERO - FEBRERO,2026,05/03/2026,TACNA,PROVINCIAL,PENAL,PENAL,DENUNCIA,DELITOS DE TRATA DE PERSONAS,20,20,230101,TACNA,TACNA,TACNA,25/03/2026
ENERO - FEBRERO,2026,05/03/2026,TACNA,PROVINCIAL,PENAL,PENAL,DENUNCIA,LAVADO DE ACTIVOS Y PERDIDA DE DOMINIO,10,5,230101,TACNA,TACNA,TACNA,25/03/2026
ENERO - FEBRERO,2026,05/03/2026,TACNA,PROVINCIAL,PENAL,PENAL,DENUNCIA,MATERIA AMBIENTAL,24,24,230101,TACNA,TACNA,TACNA,25/03/2026
ENERO - FEBRERO,2026,05/03/2026,TACNA,PROVINCIAL,PENAL,PENAL,DENUNCIA,VIOLENCIA CONTRA LA MUJER Y LOS INTEGRANTES DEL GRUPO FAMILIAR,264,263,230101,TACNA,TACNA,TACNA,25/03/2026
ENERO - FEBRERO,2026,05/03/2026,TACNA,PROVINCIAL,PENAL,PENAL,DENUNCIA,,2556,2129,230101,TACNA,TACNA,TACNA,25/03/2026
ENERO - FEBRERO,2026,05/03/2026,TACNA,PROVINCIAL,PENAL,PENAL,INVESTIGACION PREVENTIVA,MATERIA AMBIENTAL,1,1,230101,TACNA,TACNA,TACNA,25/03/2026
ENERO - FEBRERO,2026,05/03/2026,TACNA,PROVINCIAL,PENAL,PENAL,INVESTIGACION PREVENTIVA,,1,1,230101,TACNA,TACNA,TACNA,25/03/2026
ENERO - FEBRERO,2026,05/03/2026,TACNA,SUPERIOR,CIVIL,CIVIL,EXPEDIENTE,,5,5,230101,TACNA,TACNA,TACNA,25/03/2026
ENERO - FEBRERO,2026,05/03/2026,TACNA,SUPERIOR,FAMILIA,FAMILIA CIVIL,EXPEDIENTE,,22,22,230101,TACNA,TACNA,TACNA,25/03/2026
ENERO - FEBRERO,2026,05/03/2026,TACNA,SUPERIOR,FAMILIA,VIOLENCIA FAMILIAR,EXPEDIENTE,,33,33,230101,TACNA,TACNA,TACNA,25/03/2026
ENERO - FEBRERO,2026,05/03/2026,TACNA,SUPERIOR,PENAL,PENAL,APELACION DENUNCIA,,155,155,230101,TACNA,TACNA,TACNA,25/03/2026
ENERO - FEBRERO,2026,05/03/2026,TACNA,SUPERIOR,PENAL,PENAL,CONSULTAS,,41,41,230101,TACNA,TACNA,TACNA,25/03/2026
ENERO - FEBRERO,2026,05/03/2026,TACNA,SUPERIOR,PENAL,PENAL,DENUNCIA,,6,6,230101,TACNA,TACNA,TACNA,25/03/2026
ENERO - FEBRERO,2026,05/03/2026,TACNA,SUPERIOR,PENAL,PENAL,EXCLUSION FISCAL,,5,3,230101,TACNA,TACNA,TACNA,25/03/2026
ENERO - FEBRERO,2026,05/03/2026,TACNA,SUPERIOR,PENAL,PENAL,EXPEDIENTE,,1,1,230101,TACNA,TACNA,TACNA,25/03/2026
ENERO - FEBRERO,2026,05/03/2026,TACNA,SUPERIOR,PENAL,PENAL,QUEJAS,,297,297,230101,TACNA,TACNA,TACNA,25/03/2026
ENERO - FEBRERO,2026,05/03/2026,TUMBES,PROVINCIAL,CIVIL,CIVIL,EXPEDIENTE,,4,4,240101,TUMBES,TUMBES,TUMBES,25/03/2026
ENERO - FEBRERO,2026,05/03/2026,TUMBES,PROVINCIAL,FAMILIA,FAMILIA CIVIL,EXPEDIENTE,,58,55,240101,TUMBES,TUMBES,TUMBES,25/03/2026
ENERO - FEBRERO,2026,05/03/2026,TUMBES,PROVINCIAL,FAMILIA,FAMILIA PENAL,DENUNCIA,,47,39,240101,TUMBES,TUMBES,TUMBES,25/03/2026
ENERO - FEBRERO,2026,05/03/2026,TUMBES,PROVINCIAL,FAMILIA,FAMILIA PENAL,EXPEDIENTE,,5,5,240101,TUMBES,TUMBES,TUMBES,25/03/2026
ENERO - FEBRERO,2026,05/03/2026,TUMBES,PROVINCIAL,FAMILIA,FAMILIA TUTELAR,DENUNCIA,,6,6,240101,TUMBES,TUMBES,TUMBES,25/03/2026
ENERO - FEBRERO,2026,05/03/2026,TUMBES,PROVINCIAL,FAMILIA,FAMILIA TUTELAR,EXPEDIENTE,,14,13,240101,TUMBES,TUMBES,TUMBES,25/03/2026
ENERO - FEBRERO,2026,05/03/2026,TUMBES,PROVINCIAL,PENAL,PENAL,DENUNCIA,CONTRA LA CRIMINALIDAD ORGANIZADA,2,1,240101,TUMBES,TUMBES,TUMBES,25/03/2026
ENERO - FEBRERO,2026,05/03/2026,TUMBES,PROVINCIAL,PENAL,PENAL,DENUNCIA,DELITOS ADUANEROS Y CONTRA LA PROPIEDAD INTELECTUAL,40,37,240101,TUMBES,TUMBES,TUMBES,25/03/2026
ENERO - FEBRERO,2026,05/03/2026,TUMBES,PROVINCIAL,PENAL,PENAL,DENUNCIA,DELITOS DE CORRUPCION DE FUNCIONARIOS,53,49,240101,TUMBES,TUMBES,TUMBES,25/03/2026
ENERO - FEBRERO,2026,05/03/2026,TUMBES,PROVINCIAL,PENAL,PENAL,DENUNCIA,DELITOS DE TRAFICO ILICITO DE DROGAS,4,4,240101,TUMBES,TUMBES,TUMBES,25/03/2026
ENERO - FEBRERO,2026,05/03/2026,TUMBES,PROVINCIAL,PENAL,PENAL,DENUNCIA,DELITOS DE TRATA DE PERSONAS,18,17,240101,TUMBES,TUMBES,TUMBES,25/03/2026
ENERO - FEBRERO,2026,05/03/2026,TUMBES,PROVINCIAL,PENAL,PENAL,DENUNCIA,LAVADO DE ACTIVOS Y PERDIDA DE DOMINIO,1,1,240101,TUMBES,TUMBES,TUMBES,25/03/2026
ENERO - FEBRERO,2026,05/03/2026,TUMBES,PROVINCIAL,PENAL,PENAL,DENUNCIA,MATERIA AMBIENTAL,32,32,240101,TUMBES,TUMBES,TUMBES,25/03/2026
ENERO - FEBRERO,2026,05/03/2026,TUMBES,PROVINCIAL,PENAL,PENAL,DENUNCIA,VIOLENCIA CONTRA LA MUJER Y LOS INTEGRANTES DEL GRUPO FAMILIAR,245,243,240101,TUMBES,TUMBES,TUMBES,25/03/2026
ENERO - FEBRERO,2026,05/03/2026,TUMBES,PROVINCIAL,PENAL,PENAL,DENUNCIA,,951,798,240101,TUMBES,TUMBES,TUMBES,25/03/2026
ENERO - FEBRERO,2026,05/03/2026,TUMBES,PROVINCIAL,PENAL,PENAL,INVESTIGACION PREVENTIVA,MATERIA AMBIENTAL,6,6,240101,TUMBES,TUMBES,TUMBES,25/03/2026
ENERO - FEBRERO,2026,05/03/2026,TUMBES,PROVINCIAL,PENAL,PENAL,INVESTIGACION PREVENTIVA,,4,4,240101,TUMBES,TUMBES,TUMBES,25/03/2026
ENERO - FEBRERO,2026,05/03/2026,TUMBES,SUPERIOR,FAMILIA,FAMILIA CIVIL,EXPEDIENTE,,1,1,240101,TUMBES,TUMBES,TUMBES,25/03/2026
ENERO - FEBRERO,2026,05/03/2026,TUMBES,SUPERIOR,FAMILIA,FAMILIA TUTELAR,EXPEDIENTE,,10,10,240101,TUMBES,TUMBES,TUMBES,25/03/2026
ENERO - FEBRERO,2026,05/03/2026,TUMBES,SUPERIOR,PENAL,PENAL,APELACION DENUNCIA,,114,97,240101,TUMBES,TUMBES,TUMBES,25/03/2026
ENERO - FEBRERO,2026,05/03/2026,TUMBES,SUPERIOR,PENAL,PENAL,CONSULTAS,,20,20,240101,TUMBES,TUMBES,TUMBES,25/03/2026
ENERO - FEBRERO,2026,05/03/2026,TUMBES,SUPERIOR,PENAL,PENAL,DENUNCIA,,3,3,240101,TUMBES,TUMBES,TUMBES,25/03/2026
ENERO - FEBRERO,2026,05/03/2026,TUMBES,SUPERIOR,PENAL,PENAL,EXCLUSION FISCAL,,1,1,240101,TUMBES,TUMBES,TUMBES,25/03/2026
ENERO - FEBRERO,2026,05/03/2026,TUMBES,SUPERIOR,PENAL,PENAL,QUEJAS,,83,83,240101,TUMBES,TUMBES,TUMBES,25/03/2026
ENERO - FEBRERO,2026,05/03/2026,UCAYALI,PROVINCIAL,CIVIL,CIVIL,EXPEDIENTE,,5,4,250101,UCAYALI,CORONEL PORTILLO,CALLERIA,25/03/2026
ENERO - FEBRERO,2026,05/03/2026,UCAYALI,PROVINCIAL,FAMILIA,ACTOS CONTRA LA LIBERTAD SEXUAL,DENUNCIA,,1,0,250101,UCAYALI,CORONEL PORTILLO,CALLERIA,25/03/2026
ENERO - FEBRERO,2026,05/03/2026,UCAYALI,PROVINCIAL,FAMILIA,FAMILIA CIVIL,EXPEDIENTE,,61,45,250101,UCAYALI,CORONEL PORTILLO,CALLERIA,25/03/2026
ENERO - FEBRERO,2026,05/03/2026,UCAYALI,PROVINCIAL,FAMILIA,FAMILIA PENAL,DENUNCIA,,209,116,250101,UCAYALI,CORONEL PORTILLO,CALLERIA,25/03/2026
ENERO - FEBRERO,2026,05/03/2026,UCAYALI,PROVINCIAL,FAMILIA,FAMILIA PENAL,EXPEDIENTE,,24,23,250101,UCAYALI,CORONEL PORTILLO,CALLERIA,25/03/2026
ENERO - FEBRERO,2026,05/03/2026,UCAYALI,PROVINCIAL,FAMILIA,FAMILIA TUTELAR,DENUNCIA,,79,40,250101,UCAYALI,CORONEL PORTILLO,CALLERIA,25/03/2026
ENERO - FEBRERO,2026,05/03/2026,UCAYALI,PROVINCIAL,FAMILIA,FAMILIA TUTELAR,EXPEDIENTE,,27,24,250101,UCAYALI,CORONEL PORTILLO,CALLERIA,25/03/2026
ENERO - FEBRERO,2026,05/03/2026,UCAYALI,PROVINCIAL,FAMILIA,VIOLENCIA FAMILIAR,DENUNCIA,,1,0,250101,UCAYALI,CORONEL PORTILLO,CALLERIA,25/03/2026
ENERO - FEBRERO,2026,05/03/2026,UCAYALI,PROVINCIAL,FAMILIA,VIOLENCIA FAMILIAR,EXPEDIENTE,,1,1,250101,UCAYALI,CORONEL PORTILLO,CALLERIA,25/03/2026
ENERO - FEBRERO,2026,05/03/2026,UCAYALI,PROVINCIAL,PENAL,PENAL,DENUNCIA,CONTRA LA CRIMINALIDAD ORGANIZADA,9,8,250101,UCAYALI,CORONEL PORTILLO,CALLERIA,25/03/2026
ENERO - FEBRERO,2026,05/03/2026,UCAYALI,PROVINCIAL,PENAL,PENAL,DENUNCIA,DELITOS DE CORRUPCION DE FUNCIONARIOS,96,45,250101,UCAYALI,CORONEL PORTILLO,CALLERIA,25/03/2026
ENERO - FEBRERO,2026,05/03/2026,UCAYALI,PROVINCIAL,PENAL,PENAL,DENUNCIA,DELITOS DE TRAFICO ILICITO DE DROGAS,87,83,250101,UCAYALI,CORONEL PORTILLO,CALLERIA,25/03/2026
ENERO - FEBRERO,2026,05/03/2026,UCAYALI,PROVINCIAL,PENAL,PENAL,DENUNCIA,MATERIA AMBIENTAL,148,103,250101,UCAYALI,CORONEL PORTILLO,CALLERIA,25/03/2026
ENERO - FEBRERO,2026,05/03/2026,UCAYALI,PROVINCIAL,PENAL,PENAL,DENUNCIA,,2882,2157,250101,UCAYALI,CORONEL PORTILLO,CALLERIA,25/03/2026
ENERO - FEBRERO,2026,05/03/2026,UCAYALI,PROVINCIAL,PENAL,PENAL,INVESTIGACION PREVENTIVA,,6,4,250101,UCAYALI,CORONEL PORTILLO,CALLERIA,25/03/2026
ENERO - FEBRERO,2026,05/03/2026,UCAYALI,SUPERIOR,CIVIL,CIVIL,EXPEDIENTE,,1,1,250101,UCAYALI,CORONEL PORTILLO,CALLERIA,25/03/2026
ENERO - FEBRERO,2026,05/03/2026,UCAYALI,SUPERIOR,FAMILIA,FAMILIA CIVIL,EXPEDIENTE,,10,10,250101,UCAYALI,CORONEL PORTILLO,CALLERIA,25/03/2026
ENERO - FEBRERO,2026,05/03/2026,UCAYALI,SUPERIOR,FAMILIA,FAMILIA PENAL,EXPEDIENTE,,8,8,250101,UCAYALI,CORONEL PORTILLO,CALLERIA,25/03/2026
ENERO - FEBRERO,2026,05/03/2026,UCAYALI,SUPERIOR,FAMILIA,FAMILIA TUTELAR,EXPEDIENTE,,11,9,250101,UCAYALI,CORONEL PORTILLO,CALLERIA,25/03/2026
ENERO - FEBRERO,2026,05/03/2026,UCAYALI,SUPERIOR,FAMILIA,VIOLENCIA FAMILIAR,EXPEDIENTE,,5,5,250101,UCAYALI,CORONEL PORTILLO,CALLERIA,25/03/2026
ENERO - FEBRERO,2026,05/03/2026,UCAYALI,SUPERIOR,FAMILIA,VIOLENCIA FAMILIAR,INCIDENTE,,4,4,250101,UCAYALI,CORONEL PORTILLO,CALLERIA,25/03/2026
ENERO - FEBRERO,2026,05/03/2026,UCAYALI,SUPERIOR,PENAL,PENAL,APELACION DENUNCIA,DELITOS DE CORRUPCION DE FUNCIONARIOS,10,10,250101,UCAYALI,CORONEL PORTILLO,CALLERIA,25/03/2026
ENERO - FEBRERO,2026,05/03/2026,UCAYALI,SUPERIOR,PENAL,PENAL,APELACION DENUNCIA,,152,97,250101,UCAYALI,CORONEL PORTILLO,CALLERIA,25/03/2026
ENERO - FEBRERO,2026,05/03/2026,UCAYALI,SUPERIOR,PENAL,PENAL,APELACION EXPEDIENTE,,4,4,250101,UCAYALI,CORONEL PORTILLO,CALLERIA,25/03/2026
ENERO - FEBRERO,2026,05/03/2026,UCAYALI,SUPERIOR,PENAL,PENAL,CONSULTAS,DELITOS DE CORRUPCION DE FUNCIONARIOS,1,1,250101,UCAYALI,CORONEL PORTILLO,CALLERIA,25/03/2026
ENERO - FEBRERO,2026,05/03/2026,UCAYALI,SUPERIOR,PENAL,PENAL,CONSULTAS,,33,30,250101,UCAYALI,CORONEL PORTILLO,CALLERIA,25/03/2026
ENERO - FEBRERO,2026,05/03/2026,UCAYALI,SUPERIOR,PENAL,PENAL,DENUNCIA,DELITOS DE CORRUPCION DE FUNCIONARIOS,6,6,250101,UCAYALI,CORONEL PORTILLO,CALLERIA,25/03/2026
ENERO - FEBRERO,2026,05/03/2026,UCAYALI,SUPERIOR,PENAL,PENAL,DENUNCIA,,19,17,250101,UCAYALI,CORONEL PORTILLO,CALLERIA,25/03/2026
ENERO - FEBRERO,2026,05/03/2026,UCAYALI,SUPERIOR,PENAL,PENAL,EXCLUSION FISCAL,,2,2,250101,UCAYALI,CORONEL PORTILLO,CALLERIA,25/03/2026
ENERO - FEBRERO,2026,05/03/2026,UCAYALI,SUPERIOR,PENAL,PENAL,EXPEDIENTE,DELITOS DE CORRUPCION DE FUNCIONARIOS,1,0,250101,UCAYALI,CORONEL PORTILLO,CALLERIA,25/03/2026
ENERO - FEBRERO,2026,05/03/2026,UCAYALI,SUPERIOR,PENAL,PENAL,EXPEDIENTE,,7,6,250101,UCAYALI,CORONEL PORTILLO,CALLERIA,25/03/2026
ENERO - FEBRERO,2026,05/03/2026,UCAYALI,SUPERIOR,PENAL,PENAL,QUEJAS,DELITOS DE CORRUPCION DE FUNCIONARIOS,14,14,250101,UCAYALI,CORONEL PORTILLO,CALLERIA,25/03/2026
ENERO - FEBRERO,2026,05/03/2026,UCAYALI,SUPERIOR,PENAL,PENAL,QUEJAS,,166,86,250101,UCAYALI,CORONEL PORTILLO,CALLERIA,25/03/2026
