año,mes,fecha_proceso,distrito_fiscal,tipo_fiscalia,fiscalia,especialidad
2026,2,05/03/2026,AMAZONAS,PROVINCIAL,FISCALÍA ESPECIALIZADA EN MATERIA AMBIENTAL DE AMAZONAS,MATERIA AMBIENTAL
2026,2,05/03/2026,AMAZONAS,PROVINCIAL,FISCALÍA PROVINCIAL DE FAMILIA DE BAGUA,FAMILIA
2026,2,05/03/2026,AMAZONAS,PROVINCIAL,FISCALÍA PROVINCIAL DE FAMILIA DE BONGARÁ,FAMILIA
2026,2,05/03/2026,AMAZONAS,PROVINCIAL,FISCALÍA PROVINCIAL DE FAMILIA DE CHACHAPOYAS,FAMILIA
2026,2,05/03/2026,AMAZONAS,PROVINCIAL,FISCALÍA PROVINCIAL DE FAMILIA DE CONDORCANQUI,FAMILIA
2026,2,05/03/2026,AMAZONAS,PROVINCIAL,FISCALÍA PROVINCIAL DE FAMILIA DE LUYA,FAMILIA
2026,2,05/03/2026,AMAZONAS,PROVINCIAL,FISCALÍA PROVINCIAL DE FAMILIA DE RODRÍGUEZ DE MENDOZA,FAMILIA
2026,2,05/03/2026,AMAZONAS,PROVINCIAL,FISCALÍA PROVINCIAL DE FAMILIA DE UTCUBAMBA,FAMILIA
2026,2,05/03/2026,AMAZONAS,PROVINCIAL,FISCALIA PROVINCIAL ESPECIALIZADA CONTRA LA CRIMINALIDAD ORGANIZADA DE BAGUA,CRIMINALIDAD ORGANIZADA
2026,2,05/03/2026,AMAZONAS,PROVINCIAL,FISCALÍA PROVINCIAL ESPECIALIZADA DE PREVENCIÓN DEL DELITO DE AMAZONAS,PREVENCIÓN DEL DELITO
2026,2,05/03/2026,AMAZONAS,PROVINCIAL,FISCALÍA PROVINCIAL ESPECIALIZADA EN DELITOS DE CORRUPCIÓN DE FUNCIONARIOS DE AMAZONAS,CORRUPCIÓN DE FUNCIONARIOS
2026,2,05/03/2026,AMAZONAS,PROVINCIAL,FISCALIA PROVINCIAL ESPECIALIZADA EN DELITOS DE CORRUPCIÓN DE FUNCIONARIOS DE BAGUA,CORRUPCIÓN DE FUNCIONARIOS
2026,2,05/03/2026,AMAZONAS,PROVINCIAL,FISCALIA PROVINCIAL ESPECIALIZADA EN DELITOS DE VIOLENCIA CONTRA LA MUJER Y LOS INTEGRANTES DEL GRUPO FAMILIAR DE BAGUA,VIOLENCIA CONTRA LA MUJER Y LOS INTEGRANTES DEL GRUPO FAMILIAR
2026,2,05/03/2026,AMAZONAS,PROVINCIAL,FISCALIA PROVINCIAL ESPECIALIZADA EN DELITOS DE VIOLENCIA CONTRA LA MUJER Y LOS INTEGRANTES DEL GRUPO FAMILIAR DE UTCUBAMBA,VIOLENCIA CONTRA LA MUJER Y LOS INTEGRANTES DEL GRUPO FAMILIAR
2026,2,05/03/2026,AMAZONAS,PROVINCIAL,FISCALÍA PROVINCIAL ESPECIALIZADA EN MATERIA AMBIENTAL DE BAGUA,MATERIA AMBIENTAL
2026,2,05/03/2026,AMAZONAS,PROVINCIAL,FISCALÍA PROVINCIAL ESPECIALIZADA EN PREVENCIÓN DEL DELITO DE BAGUA,PREVENCIÓN DEL DELITO
2026,2,05/03/2026,AMAZONAS,PROVINCIAL,FISCALÍA PROVINCIAL ESPECIALIZADA EN PREVENCIÓN DEL DELITO DE BAGUA-UTCUBAMBA,PREVENCIÓN DEL DELITO
2026,2,05/03/2026,AMAZONAS,PROVINCIAL,FISCALÍA PROVINCIAL ESPECIALIZADA EN TRÁFICO ILÍCITO DE DROGAS DE AMAZONAS - SEDE CHACHAPOYAS,TRÁFICO ILÍCITO DE DROGAS
2026,2,05/03/2026,AMAZONAS,PROVINCIAL,FISCALÍA PROVINCIAL MIXTA DE CAJARURO,MIXTA
2026,2,05/03/2026,AMAZONAS,PROVINCIAL,FISCALÍA PROVINCIAL MIXTA DE CUMBA,MIXTA
2026,2,05/03/2026,AMAZONAS,PROVINCIAL,FISCALÍA PROVINCIAL MIXTA DE IMAZA,MIXTA
2026,2,05/03/2026,AMAZONAS,PROVINCIAL,FISCALÍA PROVINCIAL MIXTA DE LA JALCA,MIXTA
2026,2,05/03/2026,AMAZONAS,PROVINCIAL,FISCALÍA PROVINCIAL MIXTA DE LEIMEBAMBA,MIXTA
2026,2,05/03/2026,AMAZONAS,PROVINCIAL,FISCALIA PROVINCIAL MIXTA DE LONYA GRANDE,MIXTA
2026,2,05/03/2026,AMAZONAS,PROVINCIAL,FISCALÍA PROVINCIAL MIXTA DE MOLINOPAMPA,MIXTA
2026,2,05/03/2026,AMAZONAS,PROVINCIAL,FISCALÍA PROVINCIAL MIXTA DE OCALLI,MIXTA
2026,2,05/03/2026,AMAZONAS,PROVINCIAL,FISCALIA PROVINCIAL MIXTA DE RIO SANTIAGO,MIXTA
2026,2,05/03/2026,AMAZONAS,PROVINCIAL,FISCALÍA PROVINCIAL MIXTA DE TINGO,MIXTA
2026,2,05/03/2026,AMAZONAS,PROVINCIAL,FISCALIA PROVINCIAL PENAL CORPORATIVA DE BAGUA,PENAL
2026,2,05/03/2026,AMAZONAS,PROVINCIAL,FISCALIA PROVINCIAL PENAL CORPORATIVA DE CHACHAPOYAS,PENAL
2026,2,05/03/2026,AMAZONAS,PROVINCIAL,FISCALIA PROVINCIAL PENAL CORPORATIVA DE JAZAN,PENAL
2026,2,05/03/2026,AMAZONAS,PROVINCIAL,FISCALÍA PROVINCIAL PENAL CORPORATIVA DE RODRÍGUEZ  DE MENDOZA,PENAL
2026,2,05/03/2026,AMAZONAS,PROVINCIAL,FISCALIA PROVINCIAL PENAL CORPORATIVA DE UTCUBAMBA,PENAL
2026,2,05/03/2026,AMAZONAS,PROVINCIAL,FISCALIA PROVINCIAL PENAL DE BONGARA,PENAL
2026,2,05/03/2026,AMAZONAS,PROVINCIAL,FISCALIA PROVINCIAL PENAL DE CONDORCANQUI,PENAL
2026,2,05/03/2026,AMAZONAS,PROVINCIAL,FISCALIA PROVINCIAL PENAL DE FLORIDA,PENAL
2026,2,05/03/2026,AMAZONAS,PROVINCIAL,FISCALIA PROVINCIAL PENAL DE LUYA,PENAL
2026,2,05/03/2026,AMAZONAS,PROVINCIAL,FISCALIA PROVINCIAL ESPECIALIZADA EN DELITOS DE VIOLENCIA CONTRA LAS MUJERES Y LOS INTEGRANTES DEL GRUPO FAMILIAR DE CONDORCANQUI,VIOLENCIA CONTRA LA MUJER Y LOS INTEGRANTES DEL GRUPO FAMILIAR
2026,2,05/03/2026,AMAZONAS,PROVINCIAL,FISCALIA PROVINCIAL ESPECIALIZADA DE VIOLENCIA CONTRA LAS MUJERES Y LOS INTEGRANTES DEL GRUPO FAMILIAR DE CENEPA-HUAMPAMI,VIOLENCIA CONTRA LA MUJER Y LOS INTEGRANTES DEL GRUPO FAMILIAR
2026,2,05/03/2026,AMAZONAS,PROVINCIAL,FISCALIA PROVINCIAL ESPECIALIZADA DE VIOLENCIA CONTRA LAS MUJERES Y LOS INTEGRANTES DEL GRUPO FAMILIAR DE RIO SANTIAGO-YUTUPIS,VIOLENCIA CONTRA LA MUJER Y LOS INTEGRANTES DEL GRUPO FAMILIAR
2026,2,05/03/2026,AMAZONAS,PROVINCIAL,FISCALÍA PENAL SUPRAPROVINCIAL ESPECIALIZADA EN DERECHOS HUMANOS Y CONTRA EL TERRORISMO DE AMAZONAS,SUPRAPROVINCIAL ESPECIALIZADA EN DERECHOS HUMANOS Y CONTRA EL TERRORISMO
2026,2,05/03/2026,AMAZONAS,SUPERIOR,FISCALÍA SUPERIOR MIXTA DE AMAZONAS,MIXTA
2026,2,05/03/2026,AMAZONAS,SUPERIOR,FISCALÍA SUPERIOR MIXTA DESCENTRALIZADA DE UTCUBAMBA,MIXTA
2026,2,05/03/2026,AMAZONAS,SUPERIOR,FISCALÍA SUPERIOR PENAL DE AMAZONAS,PENAL
2026,2,05/03/2026,AMAZONAS,SUPERIOR,FISCALÍA SUPERIOR PENAL DE BAGUA,PENAL
2026,2,05/03/2026,ANCASH,PROVINCIAL,1ª FISCALÍA PROVINCIAL DE FAMILIA DE HUARAZ,FAMILIA
2026,2,05/03/2026,ANCASH,PROVINCIAL,1º FISCALIA PROVINCIAL PENAL CORPORATIVA DE CARHUAZ,PENAL
2026,2,05/03/2026,ANCASH,PROVINCIAL,1º FISCALIA PROVINCIAL PENAL CORPORATIVA DE HUARAZ,PENAL
2026,2,05/03/2026,ANCASH,PROVINCIAL,1º FISCALIA PROVINCIAL PENAL CORPORATIVA DE HUAYLAS,PENAL
2026,2,05/03/2026,ANCASH,PROVINCIAL,1º FISCALIA PROVINCIAL PENAL CORPORATIVA DE YUNGAY,PENAL
2026,2,05/03/2026,ANCASH,PROVINCIAL,2ª FISCALÍA PROVINCIAL DE FAMILIA DE HUARAZ,FAMILIA
2026,2,05/03/2026,ANCASH,PROVINCIAL,2º FISCALIA PROVINCIAL PENAL CORPORATIVA DE CARHUAZ,PENAL
2026,2,05/03/2026,ANCASH,PROVINCIAL,2º FISCALIA PROVINCIAL PENAL CORPORATIVA DE HUARAZ,PENAL
2026,2,05/03/2026,ANCASH,PROVINCIAL,2º FISCALIA PROVINCIAL PENAL CORPORATIVA DE HUAYLAS,PENAL
2026,2,05/03/2026,ANCASH,PROVINCIAL,2º FISCALIA PROVINCIAL PENAL CORPORATIVA DE YUNGAY,PENAL
2026,2,05/03/2026,ANCASH,PROVINCIAL,3º FISCALIA PROVINCIAL PENAL CORPORATIVA DE CARHUAZ,PENAL
2026,2,05/03/2026,ANCASH,PROVINCIAL,3º FISCALIA PROVINCIAL PENAL CORPORATIVA DE HUARAZ,PENAL
2026,2,05/03/2026,ANCASH,PROVINCIAL,4º FISCALIA PROVINCIAL PENAL CORPORATIVA DE HUARAZ,PENAL
2026,2,05/03/2026,ANCASH,PROVINCIAL,5º FISCALIA PROVINCIAL PENAL CORPORATIVA DE HUARAZ,PENAL
2026,2,05/03/2026,ANCASH,PROVINCIAL,6º FISCALIA PROVINCIAL PENAL CORPORATIVA DE HUARAZ,PENAL
2026,2,05/03/2026,ANCASH,PROVINCIAL,FISCALIA PROVINCIAL CORPORATIVA ESPECIALIZADA EN DELITOS DE CORRUPCION DE FUNCIONARIOS DE ANCASH,CORRUPCIÓN DE FUNCIONARIOS
2026,2,05/03/2026,ANCASH,PROVINCIAL,FISCALÍA PROVINCIAL CORPORATIVA ESPECIALIZADA EN VIOLENCIA CONTRA LA MUJER Y LOS INTEGRANTES DEL GRUPO FAMILIAR DE HUARAZ,VIOLENCIA CONTRA LA MUJER Y LOS INTEGRANTES DEL GRUPO FAMILIAR
2026,2,05/03/2026,ANCASH,PROVINCIAL,FISCALÍA PROVINCIAL DE FAMILIA DE AIJA,FAMILIA
2026,2,05/03/2026,ANCASH,PROVINCIAL,FISCALÍA PROVINCIAL DE FAMILIA DE ANTONIO RAYMONDI,FAMILIA
2026,2,05/03/2026,ANCASH,PROVINCIAL,FISCALÍA PROVINCIAL DE FAMILIA DE ASUNCIÓN,FAMILIA
2026,2,05/03/2026,ANCASH,PROVINCIAL,FISCALÍA PROVINCIAL DE FAMILIA DE BOLOGNESI,FAMILIA
2026,2,05/03/2026,ANCASH,PROVINCIAL,FISCALÍA PROVINCIAL DE FAMILIA DE CARHUAZ,FAMILIA
2026,2,05/03/2026,ANCASH,PROVINCIAL,FISCALÍA PROVINCIAL DE FAMILIA DE CARLOS FERMÍN FITZCARRALD,FAMILIA
2026,2,05/03/2026,ANCASH,PROVINCIAL,FISCALÍA PROVINCIAL DE FAMILIA DE HUACAYBAMBA,FAMILIA
2026,2,05/03/2026,ANCASH,PROVINCIAL,FISCALÍA PROVINCIAL DE FAMILIA DE HUARI,FAMILIA
2026,2,05/03/2026,ANCASH,PROVINCIAL,FISCALÍA PROVINCIAL DE FAMILIA DE HUAYLAS,FAMILIA
2026,2,05/03/2026,ANCASH,PROVINCIAL,FISCALÍA PROVINCIAL DE FAMILIA DE MARISCAL LUZURIAGA,FAMILIA
2026,2,05/03/2026,ANCASH,PROVINCIAL,FISCALÍA PROVINCIAL DE FAMILIA DE OCROS,FAMILIA
2026,2,05/03/2026,ANCASH,PROVINCIAL,FISCALÍA PROVINCIAL DE FAMILIA DE POMABAMBA,FAMILIA
2026,2,05/03/2026,ANCASH,PROVINCIAL,FISCALÍA PROVINCIAL DE FAMILIA DE RECUAY,FAMILIA
2026,2,05/03/2026,ANCASH,PROVINCIAL,FISCALÍA PROVINCIAL DE FAMILIA DE SAN MARCOS - HUARI,FAMILIA
2026,2,05/03/2026,ANCASH,PROVINCIAL,FISCALÍA PROVINCIAL DE FAMILIA DE SIHUAS,FAMILIA
2026,2,05/03/2026,ANCASH,PROVINCIAL,FISCALÍA PROVINCIAL DE FAMILIA DE YUNGAY,FAMILIA
2026,2,05/03/2026,ANCASH,PROVINCIAL,FISCALÍA PROVINCIAL ESPECIALIZADA DE PREVENCIÓN DEL DELITO DE ANCASH,PREVENCIÓN DEL DELITO
2026,2,05/03/2026,ANCASH,PROVINCIAL,FISCALIA PROVINCIAL ESPECIALIZADA EN MATERIA AMBIENTAL DE ANCASH,MATERIA AMBIENTAL
2026,2,05/03/2026,ANCASH,PROVINCIAL,FISCALÍA PROVINCIAL ESPECIALIZADA EN VIOLENCIA CONTRA LA MUJER Y LOS INTEGRANTES DEL GRUPO FAMILIAR DE HUARI,VIOLENCIA CONTRA LA MUJER Y LOS INTEGRANTES DEL GRUPO FAMILIAR
2026,2,05/03/2026,ANCASH,PROVINCIAL,FISCALÍA PROVINCIAL ESPECIALIZADA EN VIOLENCIA CONTRA LA MUJER Y LOS INTEGRANTES DEL GRUPO FAMILIAR DE HUAYLAS,VIOLENCIA CONTRA LA MUJER Y LOS INTEGRANTES DEL GRUPO FAMILIAR
2026,2,05/03/2026,ANCASH,PROVINCIAL,FISCALÍA PROVINCIAL ESPECIALIZADA EN VIOLENCIA CONTRA LA MUJER Y LOS INTEGRANTES DEL GRUPO FAMILIAR DE POMABAMBA,VIOLENCIA CONTRA LA MUJER Y LOS INTEGRANTES DEL GRUPO FAMILIAR
2026,2,05/03/2026,ANCASH,PROVINCIAL,FISCALÍA PROVINCIAL ESPECIALIZADA EN VIOLENCIA CONTRA LA MUJER Y LOS INTEGRANTES DEL GRUPO FAMILIAR DE RECUAY,VIOLENCIA CONTRA LA MUJER Y LOS INTEGRANTES DEL GRUPO FAMILIAR
2026,2,05/03/2026,ANCASH,PROVINCIAL,FISCALIA PROVINCIAL MIXTA DE HUALLANCA - BOLOGNESI,MIXTA
2026,2,05/03/2026,ANCASH,PROVINCIAL,FISCALIA PROVINCIAL MIXTA DE INDEPENDENCIA,MIXTA
2026,2,05/03/2026,ANCASH,PROVINCIAL,FISCALIA PROVINCIAL MIXTA DE MARCARA - CARHUAZ,MIXTA
2026,2,05/03/2026,ANCASH,PROVINCIAL,FISCALIA PROVINCIAL PENAL CORPORATIVA DE ANTONIO RAYMONDI,PENAL
2026,2,05/03/2026,ANCASH,PROVINCIAL,FISCALIA PROVINCIAL PENAL CORPORATIVA DE BOLOGNESI,PENAL
2026,2,05/03/2026,ANCASH,PROVINCIAL,FISCALIA PROVINCIAL PENAL CORPORATIVA DE HUACAYBAMBA,PENAL
2026,2,05/03/2026,ANCASH,PROVINCIAL,FISCALIA PROVINCIAL PENAL CORPORATIVA DE HUARI,PENAL
2026,2,05/03/2026,ANCASH,PROVINCIAL,FISCALÍA PROVINCIAL PENAL CORPORATIVA DE SAN MARCOS - HUARI,PENAL
2026,2,05/03/2026,ANCASH,PROVINCIAL,FISCALIA PROVINCIAL PENAL DE AIJA,PENAL
2026,2,05/03/2026,ANCASH,PROVINCIAL,FISCALIA PROVINCIAL PENAL DE ASUNCIÓN,PENAL
2026,2,05/03/2026,ANCASH,PROVINCIAL,FISCALIA PROVINCIAL PENAL DE CARLOS FERMÍN FITZACARRALD,PENAL
2026,2,05/03/2026,ANCASH,PROVINCIAL,FISCALIA PROVINCIAL PENAL DE MARISCAL LUZURIAGA,PENAL
2026,2,05/03/2026,ANCASH,PROVINCIAL,FISCALIA PROVINCIAL PENAL DE OCROS,PENAL
2026,2,05/03/2026,ANCASH,PROVINCIAL,FISCALIA PROVINCIAL PENAL DE POMABAMBA,PENAL
2026,2,05/03/2026,ANCASH,PROVINCIAL,FISCALIA PROVINCIAL PENAL DE RECUAY,PENAL
2026,2,05/03/2026,ANCASH,PROVINCIAL,FISCALIA PROVINCIAL PENAL DE SIHUAS,PENAL
2026,2,05/03/2026,ANCASH,PROVINCIAL,FISCALIA PROVINCIAL TRANSITORIA DE EXTINCION DE DOMINIO DE ANCASH,EXTINCIÓN DE DOMINIO
2026,2,05/03/2026,ANCASH,PROVINCIAL,FISCALÍA PENAL SUPRAPROVINCIAL ESPECIALIZADA EN DERECHOS HUMANOS Y CONTRA EL TERRORISMO DE SANTA Y ANCASH,SUPRAPROVINCIAL ESPECIALIZADA EN DERECHOS HUMANOS Y CONTRA EL TERRORISMO
2026,2,05/03/2026,ANCASH,SUPERIOR,1º FISCALIA SUPERIOR ESPECIALIZADA EN DELITOS DE CORRUPCION DE FUNCIONARIOS DE ANCASH,CORRUPCIÓN DE FUNCIONARIOS
2026,2,05/03/2026,ANCASH,SUPERIOR,1º FISCALIA SUPERIOR PENAL DE ANCASH,PENAL
2026,2,05/03/2026,ANCASH,SUPERIOR,2º FISCALIA SUPERIOR ESPECIALIZADA EN DELITOS DE CORRUPCION DE FUNCIONARIOS DE ANCASH,CORRUPCIÓN DE FUNCIONARIOS
2026,2,05/03/2026,ANCASH,SUPERIOR,2º FISCALIA SUPERIOR PENAL DE ANCASH,PENAL
2026,2,05/03/2026,ANCASH,SUPERIOR,3º FISCALIA SUPERIOR PENAL DE ANCASH,PENAL
2026,2,05/03/2026,ANCASH,SUPERIOR,FISCALÍA SUPERIOR DE FAMILIA DE ANCASH,FAMILIA
2026,2,05/03/2026,ANCASH,SUPERIOR,FISCALIA SUPERIOR MIXTA DE HUARI,MIXTA
2026,2,05/03/2026,APURIMAC,PROVINCIAL,1º FISCALÍA PROVINCIAL DE FAMILIA DE  ABANCAY,FAMILIA
2026,2,05/03/2026,APURIMAC,PROVINCIAL,1º FISCALÍA PROVINCIAL DE FAMILIA DE ANDAHUAYLAS,FAMILIA
2026,2,05/03/2026,APURIMAC,PROVINCIAL,1º FISCALIA PROVINCIAL PENAL CORPORATIVA DE ABANCAY,PENAL
2026,2,05/03/2026,APURIMAC,PROVINCIAL,1º FISCALIA PROVINCIAL PENAL CORPORATIVA DE ANDAHUAYLAS,PENAL
2026,2,05/03/2026,APURIMAC,PROVINCIAL,2º FISCALÍA PROVINCIAL DE FAMILIA DE ABANCAY,FAMILIA
2026,2,05/03/2026,APURIMAC,PROVINCIAL,2º FISCALÍA PROVINCIAL DE FAMILIA DE ANDAHUAYLAS,FAMILIA
2026,2,05/03/2026,APURIMAC,PROVINCIAL,2º FISCALIA PROVINCIAL PENAL CORPORATIVA DE ABANCAY,PENAL
2026,2,05/03/2026,APURIMAC,PROVINCIAL,2º FISCALIA PROVINCIAL PENAL CORPORATIVA DE ANDAHUAYLAS,PENAL
2026,2,05/03/2026,APURIMAC,PROVINCIAL,FISCALIA PROVINCIAL CORPORATIVA ESPECIALIZADA EN DELITOS DE CORRUPCION DE FUNCIONARIOS DE APURIMAC,CORRUPCIÓN DE FUNCIONARIOS
2026,2,05/03/2026,APURIMAC,PROVINCIAL,FISCALÍA PROVINCIAL DE FAMILIA DE ANTABAMBA,FAMILIA
2026,2,05/03/2026,APURIMAC,PROVINCIAL,FISCALÍA PROVINCIAL DE FAMILIA DE AYMARAES,FAMILIA
2026,2,05/03/2026,APURIMAC,PROVINCIAL,FISCALÍA PROVINCIAL DE FAMILIA DE CHINCHEROS,FAMILIA
2026,2,05/03/2026,APURIMAC,PROVINCIAL,FISCALÍA PROVINCIAL DE FAMILIA DE COTABAMBAS,FAMILIA
2026,2,05/03/2026,APURIMAC,PROVINCIAL,FISCALÍA PROVINCIAL DE FAMILIA DE GRAÚ,FAMILIA
2026,2,05/03/2026,APURIMAC,PROVINCIAL,FISCALIA PROVINCIAL DE PREVENCIÓN DEL DELITO DE ANDAHUAYLAS,PREVENCIÓN DEL DELITO
2026,2,05/03/2026,APURIMAC,PROVINCIAL,FISCALIA PROVINCIAL ESPECIALIZADA CONTRA LA CRIMINALIDAD ORGANIZADA DE ABANCAY,CRIMINALIDAD ORGANIZADA
2026,2,05/03/2026,APURIMAC,PROVINCIAL,FISCALIA PROVINCIAL ESPECIALIZADA CONTRA LA CRIMINALIDAD ORGANIZADA DE ANDAHUAYLAS,CRIMINALIDAD ORGANIZADA
2026,2,05/03/2026,APURIMAC,PROVINCIAL,FISCALÍA PROVINCIAL ESPECIALIZADA DE PREVENCIÓN DEL DELITO - APURÍMAC,PREVENCIÓN DEL DELITO
2026,2,05/03/2026,APURIMAC,PROVINCIAL,FISCALÍA PROVINCIAL ESPECIALIZADA EN DELITO DE TRÁFICO ILÍCITO DE DROGAS - SEDE ANDAHUAYLAS,TRÁFICO ILÍCITO DE DROGAS
2026,2,05/03/2026,APURIMAC,PROVINCIAL,FISCALIA PROVINCIAL ESPECIALIZADA EN DELITOS DE CORRUPCION DE FUNCIONARIOS DE ANDAHUAYLAS,CORRUPCIÓN DE FUNCIONARIOS
2026,2,05/03/2026,APURIMAC,PROVINCIAL,FISCALIA PROVINCIAL ESPECIALIZADA EN MATERIA AMBIENTAL DE APURÍMAC,MATERIA AMBIENTAL
2026,2,05/03/2026,APURIMAC,PROVINCIAL,FISCALIA PROVINCIAL MIXTA DE CHALHUAHUACHO - COTABAMBAS,MIXTA
2026,2,05/03/2026,APURIMAC,PROVINCIAL,FISCALIA PROVINCIAL MIXTA DE CURAHUASI - ABANCAY,MIXTA
2026,2,05/03/2026,APURIMAC,PROVINCIAL,FISCALIA PROVINCIAL MIXTA DE HUANCARAMA,MIXTA
2026,2,05/03/2026,APURIMAC,PROVINCIAL,FISCALIA PROVINCIAL MIXTA DE OCABAMBA - CHINCHEROS,MIXTA
2026,2,05/03/2026,APURIMAC,PROVINCIAL,FISCALIA PROVINCIAL PENAL CORPORATIVA DE ANTABAMBA,PENAL
2026,2,05/03/2026,APURIMAC,PROVINCIAL,FISCALIA PROVINCIAL PENAL CORPORATIVA DE AYMARAES,PENAL
2026,2,05/03/2026,APURIMAC,PROVINCIAL,FISCALIA PROVINCIAL PENAL CORPORATIVA DE CHINCHEROS,PENAL
2026,2,05/03/2026,APURIMAC,PROVINCIAL,FISCALIA PROVINCIAL PENAL CORPORATIVA DE COTABAMBAS,PENAL
2026,2,05/03/2026,APURIMAC,PROVINCIAL,FISCALIA PROVINCIAL PENAL CORPORATIVA DE GRAÚ,PENAL
2026,2,05/03/2026,APURIMAC,PROVINCIAL,FISCALIA PROVINCIAL TRANSITORIA DE EXTINCION DE DOMINIO DE APURIMAC,EXTINCIÓN DE DOMINIO
2026,2,05/03/2026,APURIMAC,PROVINCIAL,FISCALÍA PENAL SUPRAPROVINCIAL ESPECIALIZADA EN DERECHOS HUMANOS Y CONTRA EL TERRORISMO DE APURÍMAC,SUPRAPROVINCIAL ESPECIALIZADA EN DERECHOS HUMANOS Y CONTRA EL TERRORISMO
2026,2,05/03/2026,APURIMAC,PROVINCIAL,1° FISCALÍA PENAL SUPRAPROVINCIAL TRANSITORIA  ESPECIALIZADA EN DERECHOS HUMANOS Y CONTRA EL TERRORISMO DE APURÍMAC,SUPRAPROVINCIAL ESPECIALIZADA EN DERECHOS HUMANOS Y CONTRA EL TERRORISMO
2026,2,05/03/2026,APURIMAC,PROVINCIAL,2° FISCALÍA PENAL SUPRAPROVINCIAL TRANSITORIA  ESPECIALIZADA EN DERECHOS HUMANOS Y CONTRA EL TERRORISMO DE APURÍMAC,SUPRAPROVINCIAL ESPECIALIZADA EN DERECHOS HUMANOS Y CONTRA EL TERRORISMO
2026,2,05/03/2026,APURIMAC,SUPERIOR,1º FISCALIA SUPERIOR PENAL DE ABANCAY,PENAL
2026,2,05/03/2026,APURIMAC,SUPERIOR,1º FISCALIA SUPERIOR PENAL DE ANDAHUAYLAS,PENAL
2026,2,05/03/2026,APURIMAC,SUPERIOR,2º FISCALIA SUPERIOR PENAL DE ABANCAY,PENAL
2026,2,05/03/2026,APURIMAC,SUPERIOR,2º FISCALIA SUPERIOR PENAL DE ANDAHUAYLAS,PENAL
2026,2,05/03/2026,APURIMAC,SUPERIOR,FISCALÍA SUPERIOR DE FAMILIA DE ABANCAY,FAMILIA
2026,2,05/03/2026,APURIMAC,SUPERIOR,FISCALÍA SUPERIOR DE FAMILIA DE ANDAHUAYLAS,FAMILIA
2026,2,05/03/2026,APURIMAC,SUPERIOR,FISCALIA SUPERIOR ESPECIALIZADA EN DELITOS DE CORRUPCION DE FUNCIONARIOS DE APURIMAC,CORRUPCIÓN DE FUNCIONARIOS
2026,2,05/03/2026,AREQUIPA,PROVINCIAL,1° FISCALIA PROVINCIAL CORPORATIVA ESPECIALIZADA EN DELITOS CONTRA LA MUJER E INTEGRANTES DEL GRUPO FAMILIAR DE AREQUIPA,VIOLENCIA CONTRA LA MUJER Y LOS INTEGRANTES DEL GRUPO FAMILIAR
2026,2,05/03/2026,AREQUIPA,PROVINCIAL,1ª FISCALÍA PROVINCIAL ESPECIALIZADA DE PREVENCIÓN DEL DELITO DE AREQUIPA,PREVENCIÓN DEL DELITO
2026,2,05/03/2026,AREQUIPA,PROVINCIAL,1º FISCALÍA PROVINCIAL DE FAMILIA DE AREQUIPA,FAMILIA
2026,2,05/03/2026,AREQUIPA,PROVINCIAL,1º FISCALÍA PROVINCIAL PENAL CORPORATIVA DE AREQUIPA,PENAL
2026,2,05/03/2026,AREQUIPA,PROVINCIAL,1º FISCALÍA PROVINCIAL PENAL CORPORATIVA DE CAMANA,PENAL
2026,2,05/03/2026,AREQUIPA,PROVINCIAL,1º FISCALÍA PROVINCIAL PENAL CORPORATIVA DE MARIANO MELGAR,PENAL
2026,2,05/03/2026,AREQUIPA,PROVINCIAL,1º FISCALÍA PROVINCIAL PENAL CORPORATIVA DE PAUCARPATA,PENAL
2026,2,05/03/2026,AREQUIPA,PROVINCIAL,2° FISCALIA PROVINCIAL CORPORATIVA ESPECIALIZADA EN DELITOS CONTRA LA MUJER E INTEGRANTES DEL GRUPO FAMILIAR DE AREQUIPA,VIOLENCIA CONTRA LA MUJER Y LOS INTEGRANTES DEL GRUPO FAMILIAR
2026,2,05/03/2026,AREQUIPA,PROVINCIAL,2ª FISCALÍA PROVINCIAL ESPECIALIZADA DE PREVENCIÓN DEL DELITO DE AREQUIPA,PREVENCIÓN DEL DELITO
2026,2,05/03/2026,AREQUIPA,PROVINCIAL,2º FISCALÍA PROVINCIAL DE FAMILIA DE AREQUIPA,FAMILIA
2026,2,05/03/2026,AREQUIPA,PROVINCIAL,2º FISCALÍA PROVINCIAL PENAL CORPORATIVA DE AREQUIPA,PENAL
2026,2,05/03/2026,AREQUIPA,PROVINCIAL,2º FISCALÍA PROVINCIAL PENAL CORPORATIVA DE CAMANA,PENAL
2026,2,05/03/2026,AREQUIPA,PROVINCIAL,2º FISCALÍA PROVINCIAL PENAL CORPORATIVA DE MARIANO MELGAR,PENAL
2026,2,05/03/2026,AREQUIPA,PROVINCIAL,2º FISCALÍA PROVINCIAL PENAL CORPORATIVA DE PAUCARPATA,PENAL
2026,2,05/03/2026,AREQUIPA,PROVINCIAL,3ª FISCALÍA PROVINCIAL ESPECIALIZADA DE PREVENCIÓN DEL DELITO DE AREQUIPA,PREVENCIÓN DEL DELITO
2026,2,05/03/2026,AREQUIPA,PROVINCIAL,3º FISCALÍA PROVINCIAL CORPORATIVA ESPECIALIZADA EN VIOLENCIA CONTRA LA MUJER Y LOS INTEGRANTES DEL GRUPO FAMILIAR DE AREQUIPA,VIOLENCIA CONTRA LA MUJER Y LOS INTEGRANTES DEL GRUPO FAMILIAR
2026,2,05/03/2026,AREQUIPA,PROVINCIAL,3º FISCALÍA PROVINCIAL DE FAMILIA DE AREQUIPA,FAMILIA
2026,2,05/03/2026,AREQUIPA,PROVINCIAL,3º FISCALÍA PROVINCIAL PENAL CORPORATIVA DE AREQUIPA,PENAL
2026,2,05/03/2026,AREQUIPA,PROVINCIAL,4º FISCALÍA PROVINCIAL CORPORATIVA ESPECIALIZADA EN VIOLENCIA CONTRA LA MUJER Y LOS INTEGRANTES DEL GRUPO FAMILIAR DE AREQUIPA,VIOLENCIA CONTRA LA MUJER Y LOS INTEGRANTES DEL GRUPO FAMILIAR
2026,2,05/03/2026,AREQUIPA,PROVINCIAL,FISCALÍA ESPECIALIZADA EN MATERIA AMBIENTAL DE AREQUIPA,MATERIA AMBIENTAL
2026,2,05/03/2026,AREQUIPA,PROVINCIAL,FISCALIA PROVINCIAL CORPORATIVA ESPECIALIZADA CONTRA LA CRIMINALIDAD ORGANIZADA DE AREQUIPA,CRIMINALIDAD ORGANIZADA
2026,2,05/03/2026,AREQUIPA,PROVINCIAL,FISCALIA PROVINCIAL CORPORATIVA ESPECIALIZADA EN DELITOS DE CORRUPCION DE FUNCIONARIOS DE AREQUIPA,CORRUPCIÓN DE FUNCIONARIOS
2026,2,05/03/2026,AREQUIPA,PROVINCIAL,FISCALIA PROVINCIAL CORPORATIVA ESPECIALIZADA EN DELITOS DE LAVADO DE ACTIVOS Y PERDIDA DE DOMINIO EN AREQUIPA,LAVADO DE ACTIVOS Y PERDIDA DE DOMINIO
2026,2,05/03/2026,AREQUIPA,PROVINCIAL,FISCALÍA PROVINCIAL CORPORATIVA ESPECIALIZADA EN VIOLENCIA CONTRA LA MUJER Y LOS INTEGRANTES DEL GRUPO FAMILIAR DE PEDREGAL,VIOLENCIA CONTRA LA MUJER Y LOS INTEGRANTES DEL GRUPO FAMILIAR
2026,2,05/03/2026,AREQUIPA,PROVINCIAL,FISCALÍA PROVINCIAL DE FAMILIA DE CAMANA,FAMILIA
2026,2,05/03/2026,AREQUIPA,PROVINCIAL,FISCALÍA PROVINCIAL DE FAMILIA DE CHIVAY,FAMILIA
2026,2,05/03/2026,AREQUIPA,PROVINCIAL,FISCALÍA PROVINCIAL DE FAMILIA DE EL PEDREGAL,FAMILIA
2026,2,05/03/2026,AREQUIPA,PROVINCIAL,FISCALÍA PROVINCIAL DE FAMILIA DE ISLAY,FAMILIA
2026,2,05/03/2026,AREQUIPA,PROVINCIAL,FISCALÍA PROVINCIAL DE FAMILIA DE JACOBO HUNTER,FAMILIA
2026,2,05/03/2026,AREQUIPA,PROVINCIAL,FISCALÍA PROVINCIAL DE FAMILIA DE MARIANO MELGAR,FAMILIA
2026,2,05/03/2026,AREQUIPA,PROVINCIAL,FISCALÍA PROVINCIAL DE FAMILIA DE PAUCARPATA,FAMILIA
2026,2,05/03/2026,AREQUIPA,PROVINCIAL,FISCALÍA PROVINCIAL ESPECIALIZADA EN DELITOS DE TRATA DE PERSONAS DE AREQUIPA,TRATA DE PERSONAS
2026,2,05/03/2026,AREQUIPA,PROVINCIAL,FISCALÍA PROVINCIAL ESPECIALIZADA EN VIOLENCIA CONTRA LA MUJER Y LOS INTEGRANTES DEL GRUPO FAMILIAR DE CAMANÁ,VIOLENCIA CONTRA LA MUJER Y LOS INTEGRANTES DEL GRUPO FAMILIAR
2026,2,05/03/2026,AREQUIPA,PROVINCIAL,FISCALÍA PROVINCIAL ESPECIALIZADA EN VIOLENCIA CONTRA LA MUJER Y LOS INTEGRANTES DEL GRUPO FAMILIAR DE ISLAY,VIOLENCIA CONTRA LA MUJER Y LOS INTEGRANTES DEL GRUPO FAMILIAR
2026,2,05/03/2026,AREQUIPA,PROVINCIAL,FISCALÍA PROVINCIAL ESPECIALIZADA EN VIOLENCIA CONTRA LA MUJER Y LOS INTEGRANTES DEL GRUPO FAMILIAR DE JACOBO HUNTER,VIOLENCIA CONTRA LA MUJER Y LOS INTEGRANTES DEL GRUPO FAMILIAR
2026,2,05/03/2026,AREQUIPA,PROVINCIAL,FISCALÍA PROVINCIAL ESPECIALIZADA EN VIOLENCIA CONTRA LA MUJER Y LOS INTEGRANTES DEL GRUPO FAMILIAR DE MARIANO MELGAR,VIOLENCIA CONTRA LA MUJER Y LOS INTEGRANTES DEL GRUPO FAMILIAR
2026,2,05/03/2026,AREQUIPA,PROVINCIAL,FISCALÍA PROVINCIAL ESPECIALIZADA EN VIOLENCIA CONTRA LA MUJER Y LOS INTEGRANTES DEL GRUPO FAMILIAR DE PAUCARPATA,VIOLENCIA CONTRA LA MUJER Y LOS INTEGRANTES DEL GRUPO FAMILIAR
2026,2,05/03/2026,AREQUIPA,PROVINCIAL,FISCALÍA PROVINCIAL MIXTA DE ACARI,MIXTA
2026,2,05/03/2026,AREQUIPA,PROVINCIAL,FISCALÍA PROVINCIAL MIXTA DE CONDESUYOS,MIXTA
2026,2,05/03/2026,AREQUIPA,PROVINCIAL,FISCALÍA PROVINCIAL MIXTA DE LA UNIÓN,MIXTA
2026,2,05/03/2026,AREQUIPA,PROVINCIAL,FISCALÍA PROVINCIAL PENAL CORPORATIVA DE CARAVELI,PENAL
2026,2,05/03/2026,AREQUIPA,PROVINCIAL,FISCALÍA PROVINCIAL PENAL CORPORATIVA DE CHIVAY,PENAL
2026,2,05/03/2026,AREQUIPA,PROVINCIAL,FISCALÍA PROVINCIAL PENAL CORPORATIVA DE EL PEDREGAL,PENAL
2026,2,05/03/2026,AREQUIPA,PROVINCIAL,FISCALÍA PROVINCIAL PENAL CORPORATIVA DE ISLAY,PENAL
2026,2,05/03/2026,AREQUIPA,PROVINCIAL,FISCALIA PROVINCIAL PENAL CORPORATIVA DE JACOBO HUNTER,PENAL
2026,2,05/03/2026,AREQUIPA,PROVINCIAL,FISCALIA PROVINCIAL TRANSITORIA DE EXTINCION DE DOMINIO DE AREQUIPA,EXTINCIÓN DE DOMINIO
2026,2,05/03/2026,AREQUIPA,PROVINCIAL,FISCALIA PROVINCIAL TRANSITORIA ESPECIALIZADA EN DELITOS DE CIBERDELINCUENCIA DE AREQUIPA,CIBERDELINCUENCIA
2026,2,05/03/2026,AREQUIPA,PROVINCIAL,FISCALÍA PROVINCIAL PENAL CORPORATIVA DE CASTILLA - AREQUIPA,PENAL
2026,2,05/03/2026,AREQUIPA,PROVINCIAL,1° FISCALÍA PROVINCIAL PENAL DE FLAGRANCIA DELICTIVA DEL DF AREQUIPA,PENAL DE FLAGRANCIA DELICTIVA
2026,2,05/03/2026,AREQUIPA,PROVINCIAL,2° FISCALÍA PROVINCIAL PENAL DE FLAGRANCIA DELICTIVA DEL DF AREQUIPA,PENAL DE FLAGRANCIA DELICTIVA
2026,2,05/03/2026,AREQUIPA,PROVINCIAL,3° FISCALÍA PROVINCIAL PENAL DE FLAGRANCIA DELICTIVA DEL DF AREQUIPA,PENAL DE FLAGRANCIA DELICTIVA
2026,2,05/03/2026,AREQUIPA,PROVINCIAL,FISCALÍA PENAL SUPRAPROVINCIAL ESPECIALIZADA EN DERECHOS HUMANOS Y CONTRA EL TERRORISMO DE AREQUIPA,SUPRAPROVINCIAL ESPECIALIZADA EN DERECHOS HUMANOS Y CONTRA EL TERRORISMO
2026,2,05/03/2026,AREQUIPA,SUPERIOR,1ª FISCALÍA SUPERIOR PENAL DE LIQUIDACION DE AREQUIPA,PENAL
2026,2,05/03/2026,AREQUIPA,SUPERIOR,1º FISCALÍA SUPERIOR DE FAMILIA DE AREQUIPA,FAMILIA
2026,2,05/03/2026,AREQUIPA,SUPERIOR,2ª FISCALÍA SUPERIOR PENAL DE APELACIONES DE AREQUIPA,PENAL
2026,2,05/03/2026,AREQUIPA,SUPERIOR,2º FISCALÍA SUPERIOR DE FAMILIA DE AREQUIPA,FAMILIA
2026,2,05/03/2026,AREQUIPA,SUPERIOR,3ª FISCALÍA SUPERIOR PENAL DE APELACIONES DE AREQUIPA,PENAL
2026,2,05/03/2026,AREQUIPA,SUPERIOR,4ª FISCALÍA SUPERIOR PENAL DE APELACIONES DE AREQUIPA,PENAL
2026,2,05/03/2026,AREQUIPA,SUPERIOR,5ª FISCALÍA SUPERIOR PENAL DE APELACIONES DE AREQUIPA,PENAL
2026,2,05/03/2026,AREQUIPA,SUPERIOR,FISCALÍA SUPERIOR MIXTA DESCENTRALIZADA TRANSITORIA E ITINERANTE DE CAMANA,MIXTA
2026,2,05/03/2026,AREQUIPA,SUPERIOR,FISCALIA SUPERIOR TRANSITORIA DE EXTINCION DE DOMINIO DE AREQUIPA,EXTINCIÓN DE DOMINIO
2026,2,05/03/2026,AREQUIPA,SUPERIOR,"FISCALÍAS SUPERIOR  ESPECIALIZADAS EN VIOLENCIA CONTRA LA MUJER E INTEGRANTES DEL GRUPO FAMILIAR, EN SEGUNDA INSTANCIA-AREQUIPA",VIOLENCIA CONTRA LA MUJER Y LOS INTEGRANTES DEL GRUPO FAMILIAR
2026,2,05/03/2026,AYACUCHO,PROVINCIAL,1° FISCALÍA PROVINCIAL ESPECIALIZADA EN PREVENCIÓN DEL DELITO DE AYACUCHO,PREVENCIÓN DEL DELITO
2026,2,05/03/2026,AYACUCHO,PROVINCIAL,1° FISCALÍA PROVINCIAL ESPECIALIZADA EN TRÁFICO ILÍCITO DE DROGAS - SEDE HUAMANGA,TRÁFICO ILÍCITO DE DROGAS
2026,2,05/03/2026,AYACUCHO,PROVINCIAL,1° FISCALÍA PROVINCIAL PENAL CORPORATIVA DE HUAMANGA,PENAL
2026,2,05/03/2026,AYACUCHO,PROVINCIAL,1º FISCALÍA PROVINCIAL DE FAMILIA DE  HUAMANGA,FAMILIA
2026,2,05/03/2026,AYACUCHO,PROVINCIAL,2° FISCALÍA PROVINCIAL ESPECIALIZADA EN DELITOS TRÁFICO ILÍCITO DE DROGAS - SEDE HUAMANGA,TRÁFICO ILÍCITO DE DROGAS
2026,2,05/03/2026,AYACUCHO,PROVINCIAL,2° FISCALÍA PROVINCIAL ESPECIALIZADA EN PREVENCIÓN DEL DELITO DE AYACUCHO,PREVENCIÓN DEL DELITO
2026,2,05/03/2026,AYACUCHO,PROVINCIAL,2° FISCALÍA PROVINCIAL PENAL CORPORATIVA DE HUAMANGA,PENAL
2026,2,05/03/2026,AYACUCHO,PROVINCIAL,2º FISCALÍA PROVINCIAL DE FAMILIA DE HUAMANGA,FAMILIA
2026,2,05/03/2026,AYACUCHO,PROVINCIAL,3° FISCALÍA PROVINCIAL PENAL CORPORATIVA DE HUAMANGA,PENAL
2026,2,05/03/2026,AYACUCHO,PROVINCIAL,3º FISCALÍA PROVINCIAL DE FAMILIA DE HUAMANGA,FAMILIA
2026,2,05/03/2026,AYACUCHO,PROVINCIAL,4° FISCALÍA PROVINCIAL PENAL CORPORATIVA DE HUAMANGA,PENAL
2026,2,05/03/2026,AYACUCHO,PROVINCIAL,5° FISCALÍA PROVINCIAL PENAL CORPORATIVA DE HUAMANGA,PENAL
2026,2,05/03/2026,AYACUCHO,PROVINCIAL,6° FISCALÍA PROVINCIAL PENAL CORPORATIVA DE HUAMANGA,PENAL
2026,2,05/03/2026,AYACUCHO,PROVINCIAL,FISCALÍA ESPECIALIZADA EN MATERIA AMBIENTAL DE AYACUCHO,MATERIA AMBIENTAL
2026,2,05/03/2026,AYACUCHO,PROVINCIAL,FISCALIA PROVINCIAL CORPORATIVA ESPECIALIZADA CONTRA LA CRIMINALIDAD ORGANIZADA DE AYACUCHO,CRIMINALIDAD ORGANIZADA
2026,2,05/03/2026,AYACUCHO,PROVINCIAL,FISCALIA PROVINCIAL CORPORATIVA ESPECIALIZADA EN DELITOS DE CORRUPCION DE FUNCIONARIOS DE AYACUCHO,CORRUPCIÓN DE FUNCIONARIOS
2026,2,05/03/2026,AYACUCHO,PROVINCIAL,FISCALÍA PROVINCIAL DE FAMILIA DE AYNA,FAMILIA
2026,2,05/03/2026,AYACUCHO,PROVINCIAL,FISCALÍA PROVINCIAL DE FAMILIA DE CANGALLO,FAMILIA
2026,2,05/03/2026,AYACUCHO,PROVINCIAL,FISCALÍA PROVINCIAL DE FAMILIA DE CHUNGUI,FAMILIA
2026,2,05/03/2026,AYACUCHO,PROVINCIAL,FISCALÍA PROVINCIAL DE FAMILIA DE CHURCAMPA,FAMILIA
2026,2,05/03/2026,AYACUCHO,PROVINCIAL,FISCALÍA PROVINCIAL DE FAMILIA DE HUANCASANCOS,FAMILIA
2026,2,05/03/2026,AYACUCHO,PROVINCIAL,FISCALÍA PROVINCIAL DE FAMILIA DE HUANTA,FAMILIA
2026,2,05/03/2026,AYACUCHO,PROVINCIAL,FISCALÍA PROVINCIAL DE FAMILIA DE LA MAR,FAMILIA
2026,2,05/03/2026,AYACUCHO,PROVINCIAL,FISCALÍA PROVINCIAL DE FAMILIA DE PAUCAR DEL SARA SARA,FAMILIA
2026,2,05/03/2026,AYACUCHO,PROVINCIAL,FISCALÍA PROVINCIAL DE FAMILIA DE SUCRE,FAMILIA
2026,2,05/03/2026,AYACUCHO,PROVINCIAL,FISCALÍA PROVINCIAL DE FAMILIA DE VÍCTOR FAJARDO,FAMILIA
2026,2,05/03/2026,AYACUCHO,PROVINCIAL,FISCALÍA PROVINCIAL DE FAMILIA DE VILCASHUAMAN,FAMILIA
2026,2,05/03/2026,AYACUCHO,PROVINCIAL,FISCALÍA PROVINCIAL ESPECIALIZADA EN DELITO DE TRÁFICO ILÍCITO DE DROGAS - SEDE PALMAPAMPA,TRÁFICO ILÍCITO DE DROGAS
2026,2,05/03/2026,AYACUCHO,PROVINCIAL,FISCALÍA PROVINCIAL ESPECIALIZADA EN DELITOS DE TRÁFICO ILÍCITO DE DROGAS - SEDE AYNA - SAN FRANCISCO,TRÁFICO ILÍCITO DE DROGAS
2026,2,05/03/2026,AYACUCHO,PROVINCIAL,FISCALÍA PROVINCIAL ESPECIALIZADA EN MATERIA AMBIENTAL - SEDE AYNA - SAN FRANCISCO,MATERIA AMBIENTAL
2026,2,05/03/2026,AYACUCHO,PROVINCIAL,FISCALÍA PROVINCIAL ESPECIALIZADA EN MATERIA AMBIENTAL - SEDE PUQUIO,MATERIA AMBIENTAL
2026,2,05/03/2026,AYACUCHO,PROVINCIAL,FISCALÍA PROVINCIAL ESPECIALIZADA EN PREVENCIÓN DEL DELITO DE AYNA,PREVENCIÓN DEL DELITO
2026,2,05/03/2026,AYACUCHO,PROVINCIAL,FISCALÍA PROVINCIAL ESPECIALIZADA EN PREVENCIÓN DEL DELITO DE HUANTA,PREVENCIÓN DEL DELITO
2026,2,05/03/2026,AYACUCHO,PROVINCIAL,FISCALÍA PROVINCIAL MIXTA DE LUCANAS,MIXTA
2026,2,05/03/2026,AYACUCHO,PROVINCIAL,FISCALÍA PROVINCIAL MIXTA DE PARINACOCHAS,MIXTA
2026,2,05/03/2026,AYACUCHO,PROVINCIAL,FISCALÍA PROVINCIAL MIXTA DE PICHARI,MIXTA
2026,2,05/03/2026,AYACUCHO,PROVINCIAL,FISCALÍA PROVINCIAL PENAL CORPORATIVA DE AYNA - SAN FRANCISCO,PENAL
2026,2,05/03/2026,AYACUCHO,PROVINCIAL,FISCALÍA PROVINCIAL PENAL CORPORATIVA DE HUANTA,PENAL
2026,2,05/03/2026,AYACUCHO,PROVINCIAL,FISCALÍA PROVINCIAL PENAL DE CANGALLO,PENAL
2026,2,05/03/2026,AYACUCHO,PROVINCIAL,FISCALÍA PROVINCIAL PENAL DE CHUNGUI,PENAL
2026,2,05/03/2026,AYACUCHO,PROVINCIAL,FISCALÍA PROVINCIAL PENAL DE CHURCAMPA,PENAL
2026,2,05/03/2026,AYACUCHO,PROVINCIAL,FISCALÍA PROVINCIAL PENAL DE HUANCASANCOS,PENAL
2026,2,05/03/2026,AYACUCHO,PROVINCIAL,FISCALÍA PROVINCIAL PENAL DE LA MAR,PENAL
2026,2,05/03/2026,AYACUCHO,PROVINCIAL,FISCALÍA PROVINCIAL PENAL DE PAUCAR DEL SARA SARA,PENAL
2026,2,05/03/2026,AYACUCHO,PROVINCIAL,FISCALÍA PROVINCIAL PENAL DE SUCRE,PENAL
2026,2,05/03/2026,AYACUCHO,PROVINCIAL,FISCALÍA PROVINCIAL PENAL DE VÍCTOR FAJARDO,PENAL
2026,2,05/03/2026,AYACUCHO,PROVINCIAL,FISCALÍA PROVINCIAL PENAL DE VILCASHUAMÁN,PENAL
2026,2,05/03/2026,AYACUCHO,PROVINCIAL,FISCALIA PROVINCIAL TRANSITORIA DE EXTINCION DE DOMINIO DE AYACUCHO,EXTINCIÓN DE DOMINIO
2026,2,05/03/2026,AYACUCHO,PROVINCIAL,1° FISCALÍA PENAL SUPRAPROVINCIAL ESPECIALIZADA EN DERECHOS HUMANOS Y CONTRA EL TERRORISMO DE AYACUCHO,SUPRAPROVINCIAL ESPECIALIZADA EN DERECHOS HUMANOS Y CONTRA EL TERRORISMO
2026,2,05/03/2026,AYACUCHO,PROVINCIAL,2° FISCALÍA PENAL SUPRAPROVINCIAL ESPECIALIZADA EN DERECHOS HUMANOS Y CONTRA EL TERRORISMO DE AYACUCHO,SUPRAPROVINCIAL ESPECIALIZADA EN DERECHOS HUMANOS Y CONTRA EL TERRORISMO
2026,2,05/03/2026,AYACUCHO,PROVINCIAL,3° FISCALÍA PENAL SUPRAPROVINCIAL ESPECIALIZADA EN DERECHOS HUMANOS Y CONTRA EL TERRORISMO DE AYACUCHO,SUPRAPROVINCIAL ESPECIALIZADA EN DERECHOS HUMANOS Y CONTRA EL TERRORISMO
2026,2,05/03/2026,AYACUCHO,PROVINCIAL,4° FISCALÍA PENAL SUPREPROVINCIAL ESPECIALIZADA EN DERECHOS HUMANOS Y CONTRA EL TERRORISMO DE AYACUCHO,SUPRAPROVINCIAL ESPECIALIZADA EN DERECHOS HUMANOS Y CONTRA EL TERRORISMO
2026,2,05/03/2026,AYACUCHO,PROVINCIAL,5° FISCALÍA PENAL SUPRAPROVINCIAL ESPECIALIZADA EN DERECHOS HUMANOS Y CONTRA EL TERRORISMO DE AYACUCHO,SUPRAPROVINCIAL ESPECIALIZADA EN DERECHOS HUMANOS Y CONTRA EL TERRORISMO
2026,2,05/03/2026,AYACUCHO,SUPERIOR,1° FISCALÍA SUPERIOR PENAL DE AYACUCHO,PENAL
2026,2,05/03/2026,AYACUCHO,SUPERIOR,2° FISCALÍA SUPERIOR PENAL DE AYACUCHO,PENAL
2026,2,05/03/2026,AYACUCHO,SUPERIOR,3° FISCALÍA SUPERIOR PENAL DE AYACUCHO,PENAL
2026,2,05/03/2026,AYACUCHO,SUPERIOR,4° FISCALÍA SUPERIOR PENAL DE AYACUCHO,PENAL
2026,2,05/03/2026,AYACUCHO,SUPERIOR,5° FISCALÍA SUPERIOR PENAL DE AYACUCHO,PENAL
2026,2,05/03/2026,AYACUCHO,SUPERIOR,FISCALÍA SUPERIOR DE FAMILIA DE AYACUCHO,FAMILIA
2026,2,05/03/2026,AYACUCHO,SUPERIOR,FISCALIA SUPERIOR ESPECIALIZADA EN DELITOS DE CORRUPCION DE FUNCIONARIOS DE AYACUCHO,CORRUPCIÓN DE FUNCIONARIOS
2026,2,05/03/2026,AYACUCHO,SUPERIOR,FISCALÍA SUPERIOR MIXTA TRANSITORIA DE PICHARI,MIXTA
2026,2,05/03/2026,AYACUCHO,SUPERIOR,FISCALIA SUPERIOR MIXTA TRANSITORIA DE PUQUIO,MIXTA
2026,2,05/03/2026,CAJAMARCA,PROVINCIAL,1° FISCALÍA PROVINCIAL ESPECIALIZADA EN PREVENCIÓN DEL DELITO DE CAJAMARCA,PREVENCIÓN DEL DELITO
2026,2,05/03/2026,CAJAMARCA,PROVINCIAL,1ª FISCALÍA PROVINCIAL DE FAMILIA DE CAJAMARCA,FAMILIA
2026,2,05/03/2026,CAJAMARCA,PROVINCIAL,1º FISCALÍA PROVINCIAL PENAL CORPORATIVA DE CAJABAMBA,PENAL
2026,2,05/03/2026,CAJAMARCA,PROVINCIAL,1º FISCALÍA PROVINCIAL PENAL CORPORATIVA DE CAJAMARCA,PENAL
2026,2,05/03/2026,CAJAMARCA,PROVINCIAL,1º FISCALÍA PROVINCIAL PENAL CORPORATIVA DE CELENDÍN,PENAL
2026,2,05/03/2026,CAJAMARCA,PROVINCIAL,1º FISCALÍA PROVINCIAL PENAL CORPORATIVA DE HUALGAYOC,PENAL
2026,2,05/03/2026,CAJAMARCA,PROVINCIAL,1º FISCALÍA PROVINCIAL PENAL DE CHOTA,PENAL
2026,2,05/03/2026,CAJAMARCA,PROVINCIAL,1º FISCALÍA PROVINCIAL PENAL DE SAN MIGUEL,PENAL
2026,2,05/03/2026,CAJAMARCA,PROVINCIAL,1º FISCALÍA PROVINCIAL PENAL DE SANTA CRUZ,PENAL
2026,2,05/03/2026,CAJAMARCA,PROVINCIAL,2° FISCALÍA PROVINCIAL DE FAMILIA DE CAJAMARCA,FAMILIA
2026,2,05/03/2026,CAJAMARCA,PROVINCIAL,2° FISCALÍA PROVINCIAL DE PREVENCIÓN DEL DELITO DE CAJAMARCA,PREVENCIÓN DEL DELITO
2026,2,05/03/2026,CAJAMARCA,PROVINCIAL,2º FISCALÍA PROVINCIAL PENAL CORPORATIVA DE CAJABAMBA,PENAL
2026,2,05/03/2026,CAJAMARCA,PROVINCIAL,2º FISCALÍA PROVINCIAL PENAL CORPORATIVA DE CAJAMARCA,PENAL
2026,2,05/03/2026,CAJAMARCA,PROVINCIAL,2º FISCALÍA PROVINCIAL PENAL CORPORATIVA DE CELENDÍN,PENAL
2026,2,05/03/2026,CAJAMARCA,PROVINCIAL,2º FISCALÍA PROVINCIAL PENAL CORPORATIVA DE CHOTA,PENAL
2026,2,05/03/2026,CAJAMARCA,PROVINCIAL,2º FISCALÍA PROVINCIAL PENAL CORPORATIVA DE HUALGAYOC,PENAL
2026,2,05/03/2026,CAJAMARCA,PROVINCIAL,2º FISCALÍA PROVINCIAL PENAL DE SAN MIGUEL,PENAL
2026,2,05/03/2026,CAJAMARCA,PROVINCIAL,2º FISCALÍA PROVINCIAL PENAL DE SANTA CRUZ,PENAL
2026,2,05/03/2026,CAJAMARCA,PROVINCIAL,3ª FISCALÍA PROVINCIAL DE FAMILIA DE CAJAMARCA,FAMILIA
2026,2,05/03/2026,CAJAMARCA,PROVINCIAL,3º FISCALÍA PROVINCIAL PENAL CORPORATIVA DE CAJAMARCA,PENAL
2026,2,05/03/2026,CAJAMARCA,PROVINCIAL,FISCALIA PROVINCIAL CORPORATIVA ESPECIALIZADA EN DELITOS DE CORRUPCION DE FUNCIONARIOS DE CAJAMARCA,CORRUPCIÓN DE FUNCIONARIOS
2026,2,05/03/2026,CAJAMARCA,PROVINCIAL,FISCALÍA PROVINCIAL CORPORATIVA ESPECIALIZADA EN VIOLENCIA CONTRA LAS MUJERES Y LOS INTEGRANTES DEL GRUPO FAMILIAR DE CAJAMARCA,VIOLENCIA CONTRA LA MUJER Y LOS INTEGRANTES DEL GRUPO FAMILIAR
2026,2,05/03/2026,CAJAMARCA,PROVINCIAL,FISCALÍA PROVINCIAL DE FAMILIA DE CAJABAMBA,FAMILIA
2026,2,05/03/2026,CAJAMARCA,PROVINCIAL,FISCALÍA PROVINCIAL DE FAMILIA DE CELENDÍN,FAMILIA
2026,2,05/03/2026,CAJAMARCA,PROVINCIAL,FISCALÍA PROVINCIAL DE FAMILIA DE CHOTA,FAMILIA
2026,2,05/03/2026,CAJAMARCA,PROVINCIAL,FISCALÍA PROVINCIAL DE FAMILIA DE CONTUMAZA,FAMILIA
2026,2,05/03/2026,CAJAMARCA,PROVINCIAL,FISCALÍA PROVINCIAL DE FAMILIA DE HUALGAYOC,FAMILIA
2026,2,05/03/2026,CAJAMARCA,PROVINCIAL,FISCALÍA PROVINCIAL DE FAMILIA DE SAN MARCOS,FAMILIA
2026,2,05/03/2026,CAJAMARCA,PROVINCIAL,FISCALÍA PROVINCIAL DE FAMILIA DE SAN MIGUEL,FAMILIA
2026,2,05/03/2026,CAJAMARCA,PROVINCIAL,FISCALÍA PROVINCIAL DE FAMILIA DE SAN PABLO,FAMILIA
2026,2,05/03/2026,CAJAMARCA,PROVINCIAL,FISCALÍA PROVINCIAL DE FAMILIA DE SANTA CRUZ,FAMILIA
2026,2,05/03/2026,CAJAMARCA,PROVINCIAL,FISCALIA PROVINCIAL ESPECIALIZADA CONTRA LA CRIMINALIDAD ORGANIZADA DE CAJAMARCA,CRIMINALIDAD ORGANIZADA
2026,2,05/03/2026,CAJAMARCA,PROVINCIAL,FISCALÍA PROVINCIAL ESPECIALIZADA EN MATERIA AMBIENTAL DE CAJAMARCA,MATERIA AMBIENTAL
2026,2,05/03/2026,CAJAMARCA,PROVINCIAL,FISCALÍA PROVINCIAL MIXTA DE ASUNCIÓN,MIXTA
2026,2,05/03/2026,CAJAMARCA,PROVINCIAL,FISCALÍA PROVINCIAL MIXTA DE BOLÍVAR,MIXTA
2026,2,05/03/2026,CAJAMARCA,PROVINCIAL,FISCALÍA PROVINCIAL MIXTA DE ENCAÑADA,MIXTA
2026,2,05/03/2026,CAJAMARCA,PROVINCIAL,FISCALÍA PROVINCIAL MIXTA DE HUAMBOS,MIXTA
2026,2,05/03/2026,CAJAMARCA,PROVINCIAL,FISCALÍA PROVINCIAL MIXTA DE MIGUEL IGLESIAS,MIXTA
2026,2,05/03/2026,CAJAMARCA,PROVINCIAL,FISCALIA PROVINCIAL MIXTA DE SAN MIGUEL,MIXTA
2026,2,05/03/2026,CAJAMARCA,PROVINCIAL,FISCALÍA PROVINCIAL MIXTA DE TACABAMBA,MIXTA
2026,2,05/03/2026,CAJAMARCA,PROVINCIAL,FISCALÍA PROVINCIAL MIXTA DE YONAN - TEMBLADERA,MIXTA
2026,2,05/03/2026,CAJAMARCA,PROVINCIAL,FISCALÍA PROVINCIAL PENAL DE CONTUMAZA,PENAL
2026,2,05/03/2026,CAJAMARCA,PROVINCIAL,FISCALÍA PROVINCIAL PENAL DE SAN MARCOS,PENAL
2026,2,05/03/2026,CAJAMARCA,PROVINCIAL,FISCALÍA PROVINCIAL PENAL DE SAN PABLO,PENAL
2026,2,05/03/2026,CAJAMARCA,PROVINCIAL,FISCALIA PROVINCIAL TRANSITORIA DE EXTINCION DE DOMINIO DE CAJAMARCA,EXTINCIÓN DE DOMINIO
2026,2,05/03/2026,CAJAMARCA,PROVINCIAL,FISCALÍA PENAL SUPRAPROVINCIAL ESPECIALIZADA EN DERECHOS HUMANOS Y CONTRA EL TERRORISMO DE CAJAMARCA,SUPRAPROVINCIAL ESPECIALIZADA EN DERECHOS HUMANOS Y CONTRA EL TERRORISMO
2026,2,05/03/2026,CAJAMARCA,SUPERIOR,1º FISCALÍA SUPERIOR PENAL DE CAJAMARCA,PENAL
2026,2,05/03/2026,CAJAMARCA,SUPERIOR,2ª FISCALÍA SUPERIOR PENAL - CAJAMARCA,PENAL
2026,2,05/03/2026,CAJAMARCA,SUPERIOR,3º FISCALÍA SUPERIOR PENAL DE CAJAMARCA,PENAL
2026,2,05/03/2026,CAJAMARCA,SUPERIOR,FISCALÍA SUPERIOR DE FAMILIA DE CAJAMARCA,FAMILIA
2026,2,05/03/2026,CAJAMARCA,SUPERIOR,FISCALÍA SUPERIOR MIXTA DE CHOTA,MIXTA
2026,2,05/03/2026,CALLAO,PROVINCIAL,1° FISCALÍA PROVINCIAL CORPORATIVA ESPECIALIZADA EN DELITOS DE TRÁFICO ILÍCITO DE DROGAS - SEDE CALLAO,TRÁFICO ILÍCITO DE DROGAS
2026,2,05/03/2026,CALLAO,PROVINCIAL,1° FISCALIA PROVINCIAL CORPORATIVA TRANSITORIA ESPECIALIZADA EN VIOLENCIA CONTRA LA MUJER Y LOS INTEGRANTES DEL GRUPO FAMILIAR DEL CALLAO,VIOLENCIA CONTRA LA MUJER Y LOS INTEGRANTES DEL GRUPO FAMILIAR
2026,2,05/03/2026,CALLAO,PROVINCIAL,1° FISCALÍA PROVINCIAL PENAL CORPORATIVA DEL CALLAO,PENAL
2026,2,05/03/2026,CALLAO,PROVINCIAL,10° FISCALIA PROVINCIAL PENAL CORPORATIVA DEL CALLAO,PENAL
2026,2,05/03/2026,CALLAO,PROVINCIAL,11° FISCALIA PROVINCIAL PENAL CORPORATIVA DEL CALLAO,PENAL
2026,2,05/03/2026,CALLAO,PROVINCIAL,12° FISCALIA PROVINCIAL PENAL CORPORATIVA DEL CALLAO,PENAL
2026,2,05/03/2026,CALLAO,PROVINCIAL,13° FISCALIA PROVINCIAL PENAL CORPORATIVA DEL CALLAO,PENAL
2026,2,05/03/2026,CALLAO,PROVINCIAL,14° FISCALIA PROVINCIAL PENAL CORPORATIVA DEL CALLAO,PENAL
2026,2,05/03/2026,CALLAO,PROVINCIAL,1ª FISCALÍA PROVINCIAL DE FAMILIA DEL CALLAO,FAMILIA
2026,2,05/03/2026,CALLAO,PROVINCIAL,2° FISCALÍA PROVINCIAL CORPORATIVA ESPECIALIZADA EN DELITOS DE TRÁFICO ILÍCITO DE DROGAS - SEDE CALLAO,TRÁFICO ILÍCITO DE DROGAS
2026,2,05/03/2026,CALLAO,PROVINCIAL,2° FISCALIA PROVINCIAL CORPORATIVA ESPECIALIZADA EN VIOLENCIA CONTRA LA MUJER Y LOS INTEGRANTES DEL GRUPO FAMILIAR DEL CALLAO,VIOLENCIA CONTRA LA MUJER Y LOS INTEGRANTES DEL GRUPO FAMILIAR
2026,2,05/03/2026,CALLAO,PROVINCIAL,2° FISCALÍA PROVINCIAL PENAL CORPORATIVA DEL CALLAO,PENAL
2026,2,05/03/2026,CALLAO,PROVINCIAL,2ª FISCALÍA PROVINCIAL DE FAMILIA DEL CALLAO,FAMILIA
2026,2,05/03/2026,CALLAO,PROVINCIAL,3° FISCALIA PROVINCIAL CORPORATIVA ESPECIALIZADA EN DELITOS DE TRAFICO ILICITO DE DROGAS DEL CALLAO,TRÁFICO ILÍCITO DE DROGAS
2026,2,05/03/2026,CALLAO,PROVINCIAL,3° FISCALÍA PROVINCIAL PENAL CORPORATIVA DEL CALLAO,PENAL
2026,2,05/03/2026,CALLAO,PROVINCIAL,3ª FISCALÍA PROVINCIAL DE FAMILIA DEL CALLAO,FAMILIA
2026,2,05/03/2026,CALLAO,PROVINCIAL,4° FISCALÍA PROVINCIAL PENAL CORPORATIVA DEL CALLAO,PENAL
2026,2,05/03/2026,CALLAO,PROVINCIAL,4ª FISCALÍA PROVINCIAL DE FAMILIA DEL CALLAO,FAMILIA
2026,2,05/03/2026,CALLAO,PROVINCIAL,5° FISCALÍA PROVINCIAL PENAL CORPORATIVA DEL CALLAO,PENAL
2026,2,05/03/2026,CALLAO,PROVINCIAL,5ª FISCALÍA PROVINCIAL DE FAMILIA DEL CALLAO,FAMILIA
2026,2,05/03/2026,CALLAO,PROVINCIAL,6° FISCALÍA PROVINCIAL PENAL CORPORATIVA DEL CALLAO,PENAL
2026,2,05/03/2026,CALLAO,PROVINCIAL,7° FISCALÍA PROVINCIAL PENAL CORPORATIVA DEL CALLAO,PENAL
2026,2,05/03/2026,CALLAO,PROVINCIAL,8° FISCALÍA PROVINCIAL PENAL CORPORATIVA DEL CALLAO,PENAL
2026,2,05/03/2026,CALLAO,PROVINCIAL,9° FISCALÍA PROVINCIAL PENAL CORPORATIVA DEL CALLAO,PENAL
2026,2,05/03/2026,CALLAO,PROVINCIAL,FISCALÍA PROVINCIAL CORPORATIVA DE TRÁNSITO Y SEGURIDAD VIAL DEL CALLAO,TRÁNSITO Y SEGURIDAD VIAL
2026,2,05/03/2026,CALLAO,PROVINCIAL,FISCALÍA PROVINCIAL CORPORATIVA ESPECIALIZADA EN DELITOS ADUANEROS Y CONTRA LA PROPIEDAD INTELECTUAL DEL CALLAO,ADUANEROS Y CONTRA LA PROPIEDAD INTELECTUAL
2026,2,05/03/2026,CALLAO,PROVINCIAL,FISCALIA PROVINCIAL CORPORATIVA ESPECIALIZADA EN DELITOS DE CORRUPCION DE FUNCIONARIOS DEL CALLAO,CORRUPCIÓN DE FUNCIONARIOS
2026,2,05/03/2026,CALLAO,PROVINCIAL,FISCALIA PROVINCIAL CORPORATIVA ESPECIALIZADA EN DELITOS DE LAVADO DE ACTIVOS DEL CALLAO,LAVADO DE ACTIVOS Y PERDIDA DE DOMINIO
2026,2,05/03/2026,CALLAO,PROVINCIAL,FISCALÍA PROVINCIAL ESPECIALIZADA CONTRA LA CRIMINALIDAD ORGANIZADA DEL CALLAO,CRIMINALIDAD ORGANIZADA
2026,2,05/03/2026,CALLAO,PROVINCIAL,FISCALÍA PROVINCIAL ESPECIALIZADA DE PREVENCIÓN DEL DELITO - CALLAO,PREVENCIÓN DEL DELITO
2026,2,05/03/2026,CALLAO,PROVINCIAL,FISCALIA PROVINCIAL ESPECIALIZADA EN DELITOS DE TRATA DE PERSONAS DEL CALLAO,TRATA DE PERSONAS
2026,2,05/03/2026,CALLAO,PROVINCIAL,FISCALÍA PROVINCIAL ESPECIALIZADA EN MATERIA AMBIENTAL DEL CALLAO,MATERIA AMBIENTAL
2026,2,05/03/2026,CALLAO,PROVINCIAL,1° FISCALÍA PROVINCIAL PENAL DE FLAGRANCIA DELICTIVA DEL DF CALLAO,PENAL DE FLAGRANCIA DELICTIVA
2026,2,05/03/2026,CALLAO,PROVINCIAL,2° FISCALÍA PROVINCIAL PENAL DE FLAGRANCIA DELICTIVA DEL DF CALLAO,PENAL DE FLAGRANCIA DELICTIVA
2026,2,05/03/2026,CALLAO,PROVINCIAL,3° FISCALÍA PROVINCIAL PENAL DE FLAGRANCIA DELICTIVA DEL DF CALLAO,PENAL DE FLAGRANCIA DELICTIVA
2026,2,05/03/2026,CALLAO,SUPERIOR,1° FISCALIA SUPERIOR EN LO PENAL DEL CALLAO -NCPP 2017,PENAL
2026,2,05/03/2026,CALLAO,SUPERIOR,2° FISCALIA SUPERIOR EN LO PENAL DEL CALLAO - NCPP 2017,PENAL
2026,2,05/03/2026,CALLAO,SUPERIOR,3ª FISCALÍA SUPERIOR EN LO PENAL DEL CALLAO,PENAL
2026,2,05/03/2026,CALLAO,SUPERIOR,4° FISCALIA SUPERIOR EN LO PENAL DEL CALLAO - NCPP 2017,PENAL
2026,2,05/03/2026,CALLAO,SUPERIOR,5° FISCALÍA SUPERIOR PENAL DEL CALLAO,PENAL
2026,2,05/03/2026,CALLAO,SUPERIOR,6° FISCALÍA SUPERIOR EN LO PENAL DEL CALLAO,PENAL
2026,2,05/03/2026,CALLAO,SUPERIOR,7° FISCALIA SUPERIOR PENAL DEL CALLAO,PENAL
2026,2,05/03/2026,CALLAO,SUPERIOR,FISCALÍA SUPERIOR DE FAMILIA DEL CALLAO,FAMILIA
2026,2,05/03/2026,CALLAO,SUPERIOR,FISCALIA SUPERIOR ESPECIALIZADA EN DELITOS DE CORRUPCION DE FUNCIONARIOS DEL CALLAO,CORRUPCIÓN DE FUNCIONARIOS
2026,2,05/03/2026,CAÑETE,PROVINCIAL,1º FISCALÍA PROVINCIAL DE FAMILIA DE CAÑETE,FAMILIA
2026,2,05/03/2026,CAÑETE,PROVINCIAL,1º FISCALÍA PROVINCIAL PENAL CORPORATIVA DE CAÑETE,PENAL
2026,2,05/03/2026,CAÑETE,PROVINCIAL,2º FISCALÍA PROVINCIAL DE FAMILIA DE CAÑETE,FAMILIA
2026,2,05/03/2026,CAÑETE,PROVINCIAL,2º FISCALÍA PROVINCIAL PENAL CORPORATIVA DE CAÑETE,PENAL
2026,2,05/03/2026,CAÑETE,PROVINCIAL,FISCALIA PROVINCIAL CORPORATIVA ESPECIALIZADA EN DELITOS DE CORRUPCION DE FUNCIONARIOS DE CAÑETE,CORRUPCIÓN DE FUNCIONARIOS
2026,2,05/03/2026,CAÑETE,PROVINCIAL,FISCALÍA PROVINCIAL DE FAMILIA DE MALA,FAMILIA
2026,2,05/03/2026,CAÑETE,PROVINCIAL,FISCALÍA PROVINCIAL DE FAMILIA DE YAUYOS,FAMILIA
2026,2,05/03/2026,CAÑETE,PROVINCIAL,FISCALÍA PROVINCIAL ESPECIALIZADA DE PREVENCIÓN DEL DELITO DE CAÑETE,PREVENCIÓN DEL DELITO
2026,2,05/03/2026,CAÑETE,PROVINCIAL,FISCALIA PROVINCIAL PENAL CORPORATIVA DE MALA,PENAL
2026,2,05/03/2026,CAÑETE,PROVINCIAL,FISCALÍA PROVINCIAL PENAL CORPORATIVA DE YAUYOS,PENAL
2026,2,05/03/2026,CAÑETE,PROVINCIAL,FISCALÍA PROVINCIAL TRANSITORIA ESPECIALIZADA EN PREVENCIÓN DEL DELITO DE CAÑETE,PREVENCIÓN DEL DELITO
2026,2,05/03/2026,CAÑETE,SUPERIOR,1º FISCALÍA SUPERIOR PENAL DE CAÑETE,PENAL
2026,2,05/03/2026,CAÑETE,SUPERIOR,2º FISCALÍA SUPERIOR PENAL DE CAÑETE,PENAL
2026,2,05/03/2026,CAÑETE,SUPERIOR,FISCALÍA SUPERIOR DE FAMILIA DE CAÑETE,FAMILIA
2026,2,05/03/2026,CUSCO,PROVINCIAL,1° FISCALIA PROVINCIAL DE PREVENCION DEL DELITO DE CUSCO,PREVENCIÓN DEL DELITO
2026,2,05/03/2026,CUSCO,PROVINCIAL,1º FISCALÍA PROVINCIAL DE FAMILIA DEL CUSCO,FAMILIA
2026,2,05/03/2026,CUSCO,PROVINCIAL,1º FISCALÍA PROVINCIAL PENAL CORPORATIVA DE CANCHIS,PENAL
2026,2,05/03/2026,CUSCO,PROVINCIAL,1º FISCALÍA PROVINCIAL PENAL CORPORATIVA DE CUSCO,PENAL
2026,2,05/03/2026,CUSCO,PROVINCIAL,1º FISCALÍA PROVINCIAL PENAL CORPORATIVA DE LA CONVENCIÓN,PENAL
2026,2,05/03/2026,CUSCO,PROVINCIAL,1º FISCALÍA PROVINCIAL PENAL CORPORATIVA DE SANTIAGO,PENAL
2026,2,05/03/2026,CUSCO,PROVINCIAL,1º FISCALÍA PROVINCIAL PENAL DE ANTA,PENAL
2026,2,05/03/2026,CUSCO,PROVINCIAL,1º FISCALÍA PROVINCIAL PENAL DE CALCA,PENAL
2026,2,05/03/2026,CUSCO,PROVINCIAL,1º FISCALÍA PROVINCIAL PENAL DE QUISPICANCHI,PENAL
2026,2,05/03/2026,CUSCO,PROVINCIAL,1º FISCALÍA PROVINCIAL PENAL DE URUBAMBA,PENAL
2026,2,05/03/2026,CUSCO,PROVINCIAL,2° FISCALIA PROVINCIAL TRANSITORIA DE PREVENCION DEL DELITO DE CUSCO,PREVENCIÓN DEL DELITO
2026,2,05/03/2026,CUSCO,PROVINCIAL,2º FISCALÍA PROVINCIAL DE FAMILIA DEL CUSCO,FAMILIA
2026,2,05/03/2026,CUSCO,PROVINCIAL,2º FISCALÍA PROVINCIAL PENAL CORPORATIVA DE CALCA,PENAL
2026,2,05/03/2026,CUSCO,PROVINCIAL,2º FISCALÍA PROVINCIAL PENAL CORPORATIVA DE CANCHIS,PENAL
2026,2,05/03/2026,CUSCO,PROVINCIAL,2º FISCALÍA PROVINCIAL PENAL CORPORATIVA DE CUSCO,PENAL
2026,2,05/03/2026,CUSCO,PROVINCIAL,2º FISCALÍA PROVINCIAL PENAL CORPORATIVA DE LA CONVENCIÓN,PENAL
2026,2,05/03/2026,CUSCO,PROVINCIAL,2º FISCALÍA PROVINCIAL PENAL CORPORATIVA DE SANTIAGO,PENAL
2026,2,05/03/2026,CUSCO,PROVINCIAL,2º FISCALÍA PROVINCIAL PENAL DE ANTA,PENAL
2026,2,05/03/2026,CUSCO,PROVINCIAL,2º FISCALÍA PROVINCIAL PENAL DE QUISPICANCHI,PENAL
2026,2,05/03/2026,CUSCO,PROVINCIAL,2º FISCALÍA PROVINCIAL PENAL DE URUBAMBA,PENAL
2026,2,05/03/2026,CUSCO,PROVINCIAL,3º FISCALÍA PROVINCIAL DE FAMILIA DEL CUSCO,FAMILIA
2026,2,05/03/2026,CUSCO,PROVINCIAL,3º FISCALÍA PROVINCIAL PENAL CORPORATIVA DE CUSCO,PENAL
2026,2,05/03/2026,CUSCO,PROVINCIAL,FISCALÍA ESPECIALIZADA EN MATERIA AMBIENTAL DE CUSCO,MATERIA AMBIENTAL
2026,2,05/03/2026,CUSCO,PROVINCIAL,FISCALÍA PROVINCIAL CORPORATIVA ESPECIALIZADA EN DELITOS DE CORRUPCIÓN DE FUNCIONARIOS DE LA CONVENCIÓN,CORRUPCIÓN DE FUNCIONARIOS
2026,2,05/03/2026,CUSCO,PROVINCIAL,FISCALIA PROVINCIAL CORPORATIVA ESPECIALIZADA EN DELITOS DE CORRUPCION DE FUNCIONARIOS DEL CUSCO,CORRUPCIÓN DE FUNCIONARIOS
2026,2,05/03/2026,CUSCO,PROVINCIAL,FISCALÍA PROVINCIAL CORPORATIVA ESPECIALIZADA EN VIOLENCIA CONTRA LAS MUJERES Y LOS INTEGRANTES DEL GRUPO FAMILIAR DE ANTA,VIOLENCIA CONTRA LA MUJER Y LOS INTEGRANTES DEL GRUPO FAMILIAR
2026,2,05/03/2026,CUSCO,PROVINCIAL,FISCALÍA PROVINCIAL CORPORATIVA ESPECIALIZADA EN VIOLENCIA CONTRA LAS MUJERES Y LOS INTEGRANTES DEL GRUPO FAMILIAR DE CALCA,VIOLENCIA CONTRA LA MUJER Y LOS INTEGRANTES DEL GRUPO FAMILIAR
2026,2,05/03/2026,CUSCO,PROVINCIAL,FISCALÍA PROVINCIAL CORPORATIVA ESPECIALIZADA EN VIOLENCIA CONTRA LAS MUJERES Y LOS INTEGRANTES DEL GRUPO FAMILIAR DE CANCHIS,VIOLENCIA CONTRA LA MUJER Y LOS INTEGRANTES DEL GRUPO FAMILIAR
2026,2,05/03/2026,CUSCO,PROVINCIAL,FISCALÍA PROVINCIAL CORPORATIVA ESPECIALIZADA EN VIOLENCIA CONTRA LAS MUJERES Y LOS INTEGRANTES DEL GRUPO FAMILIAR DE CHUMBIVILCAS,VIOLENCIA CONTRA LA MUJER Y LOS INTEGRANTES DEL GRUPO FAMILIAR
2026,2,05/03/2026,CUSCO,PROVINCIAL,FISCALÍA PROVINCIAL CORPORATIVA ESPECIALIZADA EN VIOLENCIA CONTRA LAS MUJERES Y LOS INTEGRANTES DEL GRUPO FAMILIAR DE ECHARATE,VIOLENCIA CONTRA LA MUJER Y LOS INTEGRANTES DEL GRUPO FAMILIAR
2026,2,05/03/2026,CUSCO,PROVINCIAL,FISCALÍA PROVINCIAL CORPORATIVA ESPECIALIZADA EN VIOLENCIA CONTRA LAS MUJERES Y LOS INTEGRANTES DEL GRUPO FAMILIAR DE ESPINAR,VIOLENCIA CONTRA LA MUJER Y LOS INTEGRANTES DEL GRUPO FAMILIAR
2026,2,05/03/2026,CUSCO,PROVINCIAL,FISCALÍA PROVINCIAL CORPORATIVA ESPECIALIZADA EN VIOLENCIA CONTRA LAS MUJERES Y LOS INTEGRANTES DEL GRUPO FAMILIAR DE LA CONVENCIÓN,VIOLENCIA CONTRA LA MUJER Y LOS INTEGRANTES DEL GRUPO FAMILIAR
2026,2,05/03/2026,CUSCO,PROVINCIAL,FISCALÍA PROVINCIAL CORPORATIVA ESPECIALIZADA EN VIOLENCIA CONTRA LAS MUJERES Y LOS INTEGRANTES DEL GRUPO FAMILIAR DE PAUCARTAMBO,VIOLENCIA CONTRA LA MUJER Y LOS INTEGRANTES DEL GRUPO FAMILIAR
2026,2,05/03/2026,CUSCO,PROVINCIAL,FISCALÍA PROVINCIAL CORPORATIVA ESPECIALIZADA EN VIOLENCIA CONTRA LAS MUJERES Y LOS INTEGRANTES DEL GRUPO FAMILIAR DE QUISPICANCHI,VIOLENCIA CONTRA LA MUJER Y LOS INTEGRANTES DEL GRUPO FAMILIAR
2026,2,05/03/2026,CUSCO,PROVINCIAL,FISCALÍA PROVINCIAL CORPORATIVA ESPECIALIZADA EN VIOLENCIA CONTRA LAS MUJERES Y LOS INTEGRANTES DEL GRUPO FAMILIAR DE SANTIAGO,VIOLENCIA CONTRA LA MUJER Y LOS INTEGRANTES DEL GRUPO FAMILIAR
2026,2,05/03/2026,CUSCO,PROVINCIAL,FISCALÍA PROVINCIAL CORPORATIVA ESPECIALIZADA EN VIOLENCIA CONTRA LAS MUJERES Y LOS INTEGRANTES DEL GRUPO FAMILIAR DE URUBAMBA,VIOLENCIA CONTRA LA MUJER Y LOS INTEGRANTES DEL GRUPO FAMILIAR
2026,2,05/03/2026,CUSCO,PROVINCIAL,FISCALÍA PROVINCIAL CORPORATIVA ESPECIALIZADA EN VIOLENCIA CONTRA LAS MUJERES Y LOS INTEGRANTES DEL GRUPO FAMILIAR DE WANCHAQ,VIOLENCIA CONTRA LA MUJER Y LOS INTEGRANTES DEL GRUPO FAMILIAR
2026,2,05/03/2026,CUSCO,PROVINCIAL,FISCALÍA PROVINCIAL CORPORATIVA ESPECIALIZADA EN VIOLENCIA CONTRA LAS MUJERES Y LOS INTEGRANTES DEL GRUPO FAMILIAR DEL CUSCO,VIOLENCIA CONTRA LA MUJER Y LOS INTEGRANTES DEL GRUPO FAMILIAR
2026,2,05/03/2026,CUSCO,PROVINCIAL,FISCALÍA PROVINCIAL DE FAMILIA DE ANTA,FAMILIA
2026,2,05/03/2026,CUSCO,PROVINCIAL,FISCALÍA PROVINCIAL DE FAMILIA DE CALCA,FAMILIA
2026,2,05/03/2026,CUSCO,PROVINCIAL,FISCALÍA PROVINCIAL DE FAMILIA DE CANAS,FAMILIA
2026,2,05/03/2026,CUSCO,PROVINCIAL,FISCALÍA PROVINCIAL DE FAMILIA DE CANCHIS,FAMILIA
2026,2,05/03/2026,CUSCO,PROVINCIAL,FISCALÍA PROVINCIAL DE FAMILIA DE CHUMBIVILCAS,FAMILIA
2026,2,05/03/2026,CUSCO,PROVINCIAL,FISCALÍA PROVINCIAL DE FAMILIA DE EL ESPINAR,FAMILIA
2026,2,05/03/2026,CUSCO,PROVINCIAL,FISCALÍA PROVINCIAL DE FAMILIA DE LA CONVENCIÓN,FAMILIA
2026,2,05/03/2026,CUSCO,PROVINCIAL,FISCALÍA PROVINCIAL DE FAMILIA DE PARURO,FAMILIA
2026,2,05/03/2026,CUSCO,PROVINCIAL,FISCALÍA PROVINCIAL DE FAMILIA DE QUIPICANCHIS,FAMILIA
2026,2,05/03/2026,CUSCO,PROVINCIAL,FISCALÍA PROVINCIAL DE FAMILIA DE SANTIAGO,FAMILIA
2026,2,05/03/2026,CUSCO,PROVINCIAL,FISCALÍA PROVINCIAL DE FAMILIA DE URUBAMBA,FAMILIA
2026,2,05/03/2026,CUSCO,PROVINCIAL,FISCALÍA PROVINCIAL DE FAMILIA DE WANCHAQ,FAMILIA
2026,2,05/03/2026,CUSCO,PROVINCIAL,FISCALÍA PROVINCIAL DE TURISMO DEL CUSCO,TURISMO
2026,2,05/03/2026,CUSCO,PROVINCIAL,FISCALIA PROVINCIAL ESPECIALIZADA CONTRA LA CRIMINALIDAD ORGANIZADA CUSCO,CRIMINALIDAD ORGANIZADA
2026,2,05/03/2026,CUSCO,PROVINCIAL,FISCALÍA PROVINCIAL ESPECIALIZADA EN DELITO DE TRÁFICO ILÍCITO DE DROGAS - SEDE CUSCO,TRÁFICO ILÍCITO DE DROGAS
2026,2,05/03/2026,CUSCO,PROVINCIAL,FISCALIA PROVINCIAL ESPECIALIZADA EN DELITOS DE TRÁFICO ILÍCITO DE DROGAS DE CUSCO SEDE QUILLABAMBA,TRÁFICO ILÍCITO DE DROGAS
2026,2,05/03/2026,CUSCO,PROVINCIAL,FISCALIA PROVINCIAL ESPECIALIZADA EN DELITOS DE TRATA DE PERSONAS DE CUSCO,TRATA DE PERSONAS
2026,2,05/03/2026,CUSCO,PROVINCIAL,FISCALÍA PROVINCIAL MIXTA DE ACOMAYO (MBJ),MIXTA
2026,2,05/03/2026,CUSCO,PROVINCIAL,FISCALÍA PROVINCIAL MIXTA DE ECHARATE,MIXTA
2026,2,05/03/2026,CUSCO,PROVINCIAL,FISCALÍA PROVINCIAL MIXTA DE MACHU PICCHU,MIXTA
2026,2,05/03/2026,CUSCO,PROVINCIAL,FISCALÍA PROVINCIAL MIXTA DE PAUCARTAMBO,MIXTA
2026,2,05/03/2026,CUSCO,PROVINCIAL,FISCALÍA PROVINCIAL PENAL CORPORATIVA DE ESPINAR,PENAL
2026,2,05/03/2026,CUSCO,PROVINCIAL,FISCALÍA PROVINCIAL PENAL CORPORATIVA DE WANCHAQ,PENAL
2026,2,05/03/2026,CUSCO,PROVINCIAL,FISCALÍA PROVINCIAL PENAL DE CANAS,PENAL
2026,2,05/03/2026,CUSCO,PROVINCIAL,FISCALÍA PROVINCIAL PENAL DE CHUMBIVILCAS,PENAL
2026,2,05/03/2026,CUSCO,PROVINCIAL,FISCALÍA PROVINCIAL PENAL DE PARURO,PENAL
2026,2,05/03/2026,CUSCO,PROVINCIAL,FISCALIA PROVINCIAL TRANSITORIA DE EXTINCION DE DOMINIO DE CUSCO,EXTINCIÓN DE DOMINIO
2026,2,05/03/2026,CUSCO,PROVINCIAL,1° FISCALÍA PROVINCIAL PENAL DE FLAGRANCIA DELICTIVA DEL DF CUSCO,PENAL DE FLAGRANCIA DELICTIVA
2026,2,05/03/2026,CUSCO,PROVINCIAL,2° FISCALÍA PROVINCIAL PENAL DE FLAGRANCIA DELICTIVA DEL DF CUSCO,PENAL DE FLAGRANCIA DELICTIVA
2026,2,05/03/2026,CUSCO,PROVINCIAL,3° FISCALÍA PROVINCIAL PENAL DE FLAGRANCIA DELICTIVA DEL DF CUSCO,PENAL DE FLAGRANCIA DELICTIVA
2026,2,05/03/2026,CUSCO,PROVINCIAL,FISCALÍA PENAL SUPRAPROVINCIAL ESPECIALIZADA EN DERECHOS HUMANOS Y CONTRA EL TERRORISMO DE CUSCO,SUPRAPROVINCIAL ESPECIALIZADA EN DERECHOS HUMANOS Y CONTRA EL TERRORISMO
2026,2,05/03/2026,CUSCO,SUPERIOR,1º FISCALÍA SUPERIOR ESPECIALIZADA EN VIOLENCIA CONTRA LAS MUJERES Y LOS INTEGRANTES DEL GRUPO FAMILIAR DEL CUSCO,VIOLENCIA CONTRA LA MUJER Y LOS INTEGRANTES DEL GRUPO FAMILIAR
2026,2,05/03/2026,CUSCO,SUPERIOR,1º FISCALIA SUPERIOR PENAL DE APELACIONES DE CUSCO,PENAL
2026,2,05/03/2026,CUSCO,SUPERIOR,2º FISCALÍA SUPERIOR ESPECIALIZADA EN VIOLENCIA CONTRA LAS MUJERES Y LOS INTEGRANTES DEL GRUPO FAMILIAR DEL CUSCO,VIOLENCIA CONTRA LA MUJER Y LOS INTEGRANTES DEL GRUPO FAMILIAR
2026,2,05/03/2026,CUSCO,SUPERIOR,2º FISCALÍA SUPERIOR PENAL DE CUSCO,PENAL
2026,2,05/03/2026,CUSCO,SUPERIOR,3º FISCALÍA SUPERIOR PENAL DE CUSCO,PENAL
2026,2,05/03/2026,CUSCO,SUPERIOR,4º FISCALÍA SUPERIOR PENAL DE CUSCO,PENAL
2026,2,05/03/2026,CUSCO,SUPERIOR,FISCALÍA SUPERIOR DE FAMILIA DEL CUSCO,FAMILIA
2026,2,05/03/2026,CUSCO,SUPERIOR,FISCALÍA SUPERIOR MIXTA DE LA CONVENCIÓN,MIXTA
2026,2,05/03/2026,CUSCO,SUPERIOR,FISCALÍA SUPERIOR MIXTA DESCENTRALIZADA DE SICUANI,MIXTA
2026,2,05/03/2026,HUANCAVELICA,PROVINCIAL,1º FISCALÍA PROVINCIAL DE FAMILIA DE HUANCAVELICA,FAMILIA
2026,2,05/03/2026,HUANCAVELICA,PROVINCIAL,1º FISCALIA PROVINCIAL DE PREVENCIÓN DEL DELITO DE HUANCAVELICA,PREVENCIÓN DEL DELITO
2026,2,05/03/2026,HUANCAVELICA,PROVINCIAL,1º FISCALIA PROVINCIAL PENAL CORPORATIVA DE HUANCAVELICA,PENAL
2026,2,05/03/2026,HUANCAVELICA,PROVINCIAL,2º FISCALÍA PROVINCIAL DE FAMILIA DE HUANCAVELICA,FAMILIA
2026,2,05/03/2026,HUANCAVELICA,PROVINCIAL,2º FISCALIA PROVINCIAL DE PREVENCIÓN DEL DELITO DE HUANCAVELICA,PREVENCIÓN DEL DELITO
2026,2,05/03/2026,HUANCAVELICA,PROVINCIAL,2º FISCALIA PROVINCIAL PENAL CORPORATIVA DE HUANCAVELICA,PENAL
2026,2,05/03/2026,HUANCAVELICA,PROVINCIAL,3º FISCALIA PROVINCIAL PENAL CORPORATIVA DE HUANCAVELICA,PENAL
2026,2,05/03/2026,HUANCAVELICA,PROVINCIAL,FISCALIA PROVINCIAL CORPORATIVA ESPECIALIZADA CONTRA LA CRIMINALIDAD ORGANIZADA DE HUANCAVELICA,CRIMINALIDAD ORGANIZADA
2026,2,05/03/2026,HUANCAVELICA,PROVINCIAL,FISCALIA PROVINCIAL CORPORATIVA ESPECIALIZADA EN DELITOS DE CORRUPCION DE FUNCIONARIOS DE HUANCAVELICA,CORRUPCIÓN DE FUNCIONARIOS
2026,2,05/03/2026,HUANCAVELICA,PROVINCIAL,FISCALÍA PROVINCIAL DE FAMILIA DE ANGARAES,FAMILIA
2026,2,05/03/2026,HUANCAVELICA,PROVINCIAL,FISCALÍA PROVINCIAL DE FAMILIA DE CASTROVIRREYNA,FAMILIA
2026,2,05/03/2026,HUANCAVELICA,PROVINCIAL,FISCALÍA PROVINCIAL ESPECIALIZADA EN DELITOS DE AGRESIONES CONTRA LAS MUJERES E INTEGRANTES DEL GRUPO FAMILIAR DE HUANCAVELICA,VIOLENCIA CONTRA LA MUJER Y LOS INTEGRANTES DEL GRUPO FAMILIAR
2026,2,05/03/2026,HUANCAVELICA,PROVINCIAL,FISCALIA PROVINCIAL ESPECIALIZADA EN MATERIA AMBIENTAL DE HUANCAVELICA,MATERIA AMBIENTAL
2026,2,05/03/2026,HUANCAVELICA,PROVINCIAL,FISCALIA PROVINCIAL MIXTA DE IZCUCHACA - HUANCAVELICA,MIXTA
2026,2,05/03/2026,HUANCAVELICA,PROVINCIAL,FISCALIA PROVINCIAL MIXTA DE PAUCARÁ - HUANCAVELICA,MIXTA
2026,2,05/03/2026,HUANCAVELICA,PROVINCIAL,FISCALIA PROVINCIAL MIXTA DE TANTARÁ - CASTROVIRREYNA,MIXTA
2026,2,05/03/2026,HUANCAVELICA,PROVINCIAL,FISCALIA PROVINCIAL PENAL CORPORATIVA DE ACOBAMBA,PENAL
2026,2,05/03/2026,HUANCAVELICA,PROVINCIAL,FISCALIA PROVINCIAL PENAL CORPORATIVA DE CASTROVIRREYNA,PENAL
2026,2,05/03/2026,HUANCAVELICA,PROVINCIAL,FISCALIA PROVINCIAL PENAL CORPORATIVA DE ANGARAES,PENAL
2026,2,05/03/2026,HUANCAVELICA,PROVINCIAL,1° FISCALÍA PENAL SUPRAPROVINCIAL TRANSITORIA  ESPECIALIZADA EN DERECHOS HUMANOS Y CONTRA EL TERRORISMO DE HUANCAVELICA,SUPRAPROVINCIAL ESPECIALIZADA EN DERECHOS HUMANOS Y CONTRA EL TERRORISMO
2026,2,05/03/2026,HUANCAVELICA,PROVINCIAL,2° FISCALÍA PENAL SUPRAPROVINCIAL TRANSITORIA  ESPECIALIZADA EN DERECHOS HUMANOS Y CONTRA EL TERRORISMO DE HUANCAVELICA,SUPRAPROVINCIAL ESPECIALIZADA EN DERECHOS HUMANOS Y CONTRA EL TERRORISMO
2026,2,05/03/2026,HUANCAVELICA,SUPERIOR,1º FISCALIA SUPERIOR PENAL DE HUANCAVELICA,PENAL
2026,2,05/03/2026,HUANCAVELICA,SUPERIOR,2º FISCALIA SUPERIOR PENAL DE HUANCAVELICA,PENAL
2026,2,05/03/2026,HUANCAVELICA,SUPERIOR,FISCALÍA SUPERIOR DE FAMILIA DE HUANCAVELICA,FAMILIA
2026,2,05/03/2026,HUANCAVELICA,SUPERIOR,FISCALIA SUPERIOR ESPECIALIZADA EN DELITOS DE CORRUPCIÓN DE FUNCIONARIOS DE HUANCAVELICA,CORRUPCIÓN DE FUNCIONARIOS
2026,2,05/03/2026,HUANUCO,PROVINCIAL,1º FISCALÍA PROVINCIAL DE FAMILIA DE HUÁNUCO,FAMILIA
2026,2,05/03/2026,HUANUCO,PROVINCIAL,1º FISCALÍA PROVINCIAL DE FAMILIA DE LEONCIO PRADO,FAMILIA
2026,2,05/03/2026,HUANUCO,PROVINCIAL,1º FISCALIA PROVINCIAL PENAL CORPORATIVA DE AMBO,PENAL
2026,2,05/03/2026,HUANUCO,PROVINCIAL,1º FISCALIA PROVINCIAL PENAL CORPORATIVA DE DOS DE MAYO,PENAL
2026,2,05/03/2026,HUANUCO,PROVINCIAL,1º FISCALIA PROVINCIAL PENAL CORPORATIVA DE HUAMALÍES,PENAL
2026,2,05/03/2026,HUANUCO,PROVINCIAL,1º FISCALIA PROVINCIAL PENAL CORPORATIVA DE HUÁNUCO,PENAL
2026,2,05/03/2026,HUANUCO,PROVINCIAL,1º FISCALIA PROVINCIAL PENAL CORPORATIVA DE LAURICOCHA,PENAL
2026,2,05/03/2026,HUANUCO,PROVINCIAL,1º FISCALIA PROVINCIAL PENAL CORPORATIVA DE LEONCIO PRADO,PENAL
2026,2,05/03/2026,HUANUCO,PROVINCIAL,1º FISCALIA PROVINCIAL PENAL CORPORATIVA DE LEONCIO PRADO - AUCAYACU,PENAL
2026,2,05/03/2026,HUANUCO,PROVINCIAL,1º FISCALIA PROVINCIAL PENAL CORPORATIVA DE PACHITEA,PENAL
2026,2,05/03/2026,HUANUCO,PROVINCIAL,1º FISCALIA PROVINCIAL PENAL CORPORATIVA DE YAROWILCA,PENAL
2026,2,05/03/2026,HUANUCO,PROVINCIAL,2º FISCALÍA PROVINCIAL DE FAMILIA DE HUÁNUCO,FAMILIA
2026,2,05/03/2026,HUANUCO,PROVINCIAL,2º FISCALÍA PROVINCIAL DE FAMILIA DE LEONCIO PRADO,FAMILIA
2026,2,05/03/2026,HUANUCO,PROVINCIAL,2º FISCALIA PROVINCIAL PENAL CORPORATIVA DE AMBO,PENAL
2026,2,05/03/2026,HUANUCO,PROVINCIAL,2º FISCALIA PROVINCIAL PENAL CORPORATIVA DE DOS DE MAYO,PENAL
2026,2,05/03/2026,HUANUCO,PROVINCIAL,2º FISCALIA PROVINCIAL PENAL CORPORATIVA DE HUAMALÍES,PENAL
2026,2,05/03/2026,HUANUCO,PROVINCIAL,2º FISCALIA PROVINCIAL PENAL CORPORATIVA DE HUÁNUCO,PENAL
2026,2,05/03/2026,HUANUCO,PROVINCIAL,2º FISCALIA PROVINCIAL PENAL CORPORATIVA DE LAURICOCHA,PENAL
2026,2,05/03/2026,HUANUCO,PROVINCIAL,2º FISCALIA PROVINCIAL PENAL CORPORATIVA DE LEONCIO PRADO,PENAL
2026,2,05/03/2026,HUANUCO,PROVINCIAL,2º FISCALIA PROVINCIAL PENAL CORPORATIVA DE LEONCIO PRADO - AUCAYACU,PENAL
2026,2,05/03/2026,HUANUCO,PROVINCIAL,2º FISCALIA PROVINCIAL PENAL CORPORATIVA DE PACHITEA,PENAL
2026,2,05/03/2026,HUANUCO,PROVINCIAL,2º FISCALIA PROVINCIAL PENAL CORPORATIVA DE YAROWILCA,PENAL
2026,2,05/03/2026,HUANUCO,PROVINCIAL,3º FISCALIA PROVINCIAL PENAL CORPORATIVA DE HUÁNUCO,PENAL
2026,2,05/03/2026,HUANUCO,PROVINCIAL,4º FISCALIA PROVINCIAL PENAL CORPORATIVA DE HUÁNUCO,PENAL
2026,2,05/03/2026,HUANUCO,PROVINCIAL,5º FISCALIA PROVINCIAL PENAL CORPORATIVA DE HUÁNUCO,PENAL
2026,2,05/03/2026,HUANUCO,PROVINCIAL,6º FISCALIA PROVINCIAL PENAL CORPORATIVA DE HUÁNUCO,PENAL
2026,2,05/03/2026,HUANUCO,PROVINCIAL,FISCALIA PROVINCIAL CORPORATIVA ESPECIALIZADA EN DELITOS DE CORRUPCION DE FUNCIONARIOS DE HUÁNUCO,CORRUPCIÓN DE FUNCIONARIOS
2026,2,05/03/2026,HUANUCO,PROVINCIAL,FISCALÍA PROVINCIAL DE FAMILIA DE AMBO,FAMILIA
2026,2,05/03/2026,HUANUCO,PROVINCIAL,FISCALÍA PROVINCIAL DE FAMILIA DE DOS DE MAYO,FAMILIA
2026,2,05/03/2026,HUANUCO,PROVINCIAL,FISCALÍA PROVINCIAL DE FAMILIA DE HUAMALIES,FAMILIA
2026,2,05/03/2026,HUANUCO,PROVINCIAL,FISCALÍA PROVINCIAL DE FAMILIA DE LAURICOCHA,FAMILIA
2026,2,05/03/2026,HUANUCO,PROVINCIAL,FISCALÍA PROVINCIAL DE FAMILIA DE LEONCIO PRADO - AUCAYACU,FAMILIA
2026,2,05/03/2026,HUANUCO,PROVINCIAL,FISCALÍA PROVINCIAL DE FAMILIA DE MARAÑON,FAMILIA
2026,2,05/03/2026,HUANUCO,PROVINCIAL,FISCALÍA PROVINCIAL DE FAMILIA DE PACHITEA,FAMILIA
2026,2,05/03/2026,HUANUCO,PROVINCIAL,FISCALÍA PROVINCIAL DE FAMILIA DE YAROWILCA,FAMILIA
2026,2,05/03/2026,HUANUCO,PROVINCIAL,FISCALIA PROVINCIAL ESPECIALIZADA CONTRA LA CRIMINALIDAD ORGANIZADA DE HUÁNUCO,CRIMINALIDAD ORGANIZADA
2026,2,05/03/2026,HUANUCO,PROVINCIAL,FISCALÍA PROVINCIAL ESPECIALIZADA DE PREVENCIÓN DEL DELITO DE HUÁNUCO,PREVENCIÓN DEL DELITO
2026,2,05/03/2026,HUANUCO,PROVINCIAL,FISCALÍA PROVINCIAL ESPECIALIZADA EN DELITO DE TRÁFICO ILÍCITO DE DROGAS - SEDE HUÁNUCO,TRÁFICO ILÍCITO DE DROGAS
2026,2,05/03/2026,HUANUCO,PROVINCIAL,FISCALÍA PROVINCIAL ESPECIALIZADA EN DELITO DE TRÁFICO ILÍCITO DE DROGAS - SEDE TINGO MARÍA,TRÁFICO ILÍCITO DE DROGAS
2026,2,05/03/2026,HUANUCO,PROVINCIAL,FISCALÍA PROVINCIAL ESPECIALIZADA EN DELITOS DE TRATA DE PERSONAS DE HUÁNUCO,TRATA DE PERSONAS
2026,2,05/03/2026,HUANUCO,PROVINCIAL,FISCALIA PROVINCIAL ESPECIALIZADA EN MATERIA AMBIENTAL DE HUÁNUCO,MATERIA AMBIENTAL
2026,2,05/03/2026,HUANUCO,PROVINCIAL,FISCALIA PROVINCIAL ESPECIALIZADA EN MATERIA AMBIENTAL DE LEONCIO PRADO,MATERIA AMBIENTAL
2026,2,05/03/2026,HUANUCO,PROVINCIAL,FISCALIA PROVINCIAL ESPECIALIZADA EN PREVENCIÓN DEL DELITO DE LEONCIO PRADO,PREVENCIÓN DEL DELITO
2026,2,05/03/2026,HUANUCO,PROVINCIAL,FISCALIA PROVINCIAL MIXTA DE MONZÓN,MIXTA
2026,2,05/03/2026,HUANUCO,PROVINCIAL,FISCALIA PROVINCIAL PENAL DE AMARILIS,PENAL
2026,2,05/03/2026,HUANUCO,PROVINCIAL,FISCALIA PROVINCIAL PENAL DE MARAÑON,PENAL
2026,2,05/03/2026,HUANUCO,PROVINCIAL,FISCALIA PROVINCIAL TRANSITORIA DE EXTINCION DE DOMINIO DE HUANUCO,EXTINCIÓN DE DOMINIO
2026,2,05/03/2026,HUANUCO,PROVINCIAL,FISCALÍA PENAL SUPRAPROVINCIAL ESPECIALIZADA EN DERECHOS HUMANOS Y CONTRA EL TERRORISMO DE PASCO Y HUÁNUCO,SUPRAPROVINCIAL ESPECIALIZADA EN DERECHOS HUMANOS Y CONTRA EL TERRORISMO
2026,2,05/03/2026,HUANUCO,SUPERIOR,1ª FISCALÍA SUPERIOR PENAL DE HUÁNUCO,PENAL
2026,2,05/03/2026,HUANUCO,SUPERIOR,2ª FISCALÍA SUPERIOR PENAL DE HUÁNUCO,PENAL
2026,2,05/03/2026,HUANUCO,SUPERIOR,3º FISCALIA SUPERIOR PENAL DE HUÁNUCO,PENAL
2026,2,05/03/2026,HUANUCO,SUPERIOR,4º FISCALIA SUPERIOR PENAL DE HUÁNUCO,PENAL
2026,2,05/03/2026,HUANUCO,SUPERIOR,FISCALÍA SUPERIOR DE FAMILIA DE HUÁNUCO,FAMILIA
2026,2,05/03/2026,HUANUCO,SUPERIOR,FISCALIA SUPERIOR ESPECIALIZADA EN DELITOS DE CORRUPCION DE FUNCIONARIOS DE HUÁNUCO,CORRUPCIÓN DE FUNCIONARIOS
2026,2,05/03/2026,HUANUCO,SUPERIOR,FISCALIA SUPERIOR MIXTA DE LEONCIO PRADO,MIXTA
2026,2,05/03/2026,HUAURA,PROVINCIAL,2ª FISCALÍA PROVINCIAL DE FAMILIA DE HUAURA,FAMILIA
2026,2,05/03/2026,HUAURA,PROVINCIAL,2ª FISCALÍA PROVINCIAL MIXTA DE HUARAL,MIXTA
2026,2,05/03/2026,HUAURA,PROVINCIAL,FISCALIA PROVINCIAL CORPORATIVA ESPECIALIZADA CONTRA LA CRIMINALIDAD ORGANIZADA DE HUAURA,CRIMINALIDAD ORGANIZADA
2026,2,05/03/2026,HUAURA,PROVINCIAL,FISCALIA PROVINCIAL CORPORATIVA ESPECIALIZADA EN DELITOS DE CORRUPCION DE FUNCIONARIOS DE HUAURA,CORRUPCIÓN DE FUNCIONARIOS
2026,2,05/03/2026,HUAURA,PROVINCIAL,FISCALÍA PROVINCIAL DE FAMILIA DE BARRANCA,FAMILIA
2026,2,05/03/2026,HUAURA,PROVINCIAL,FISCALÍA PROVINCIAL DE FAMILIA DE HUAURA,FAMILIA
2026,2,05/03/2026,HUAURA,PROVINCIAL,FISCALIA PROVINCIAL DE PREVENCION DEL DELITO DE BARRANCA,PREVENCIÓN DEL DELITO
2026,2,05/03/2026,HUAURA,PROVINCIAL,FISCALIA PROVINCIAL DE PREVENCION DEL DELITO DE HUARAL,PREVENCIÓN DEL DELITO
2026,2,05/03/2026,HUAURA,PROVINCIAL,FISCALÍA PROVINCIAL ESPECIALIZADA DE PREVENCIÓN DEL DELITO DE HUAURA,PREVENCIÓN DEL DELITO
2026,2,05/03/2026,HUAURA,PROVINCIAL,FISCALÍA PROVINCIAL ESPECIALIZADA EN DELITOS DE AGRESIONES CONTRA LAS MUJERES E INTEGRANTES DEL GRUPO FAMILIAR DE HUAURA,VIOLENCIA CONTRA LA MUJER Y LOS INTEGRANTES DEL GRUPO FAMILIAR
2026,2,05/03/2026,HUAURA,PROVINCIAL,FISCALÍA PROVINCIAL MIXTA DE CAJATAMBO,MIXTA
2026,2,05/03/2026,HUAURA,PROVINCIAL,FISCALÍA PROVINCIAL MIXTA DE HUARAL,MIXTA
2026,2,05/03/2026,HUAURA,PROVINCIAL,FISCALÍA PROVINCIAL MIXTA DE OYON,MIXTA
2026,2,05/03/2026,HUAURA,PROVINCIAL,FISCALÍA PROVINCIAL PENAL CORPORATIVA DE BARRANCA,PENAL
2026,2,05/03/2026,HUAURA,PROVINCIAL,FISCALÍA PROVINCIAL PENAL CORPORATIVA DE HUARAL,PENAL
2026,2,05/03/2026,HUAURA,PROVINCIAL,FISCALÍA PROVINCIAL PENAL CORPORATIVA DE HUAURA,PENAL
2026,2,05/03/2026,HUAURA,PROVINCIAL,FISCALÍA PENAL SUPRAPROVINCIAL ESPECIALIZADA EN DERECHOS HUMANOS Y CONTRA EL TERRORISMO DE HUAURA,SUPRAPROVINCIAL ESPECIALIZADA EN DERECHOS HUMANOS Y CONTRA EL TERRORISMO
2026,2,05/03/2026,HUAURA,SUPERIOR,1ª FISCALÍA SUPERIOR EN LO PENAL DE HUAURA,PENAL
2026,2,05/03/2026,HUAURA,SUPERIOR,2ª FISCALÍA SUPERIOR EN LO PENAL DE HUAURA,PENAL
2026,2,05/03/2026,HUAURA,SUPERIOR,FISCALÍA SUPERIOR DE FAMILIA DE HUAURA,FAMILIA
2026,2,05/03/2026,ICA,PROVINCIAL,1° FISCALÍA PROVINCIAL PENAL CORPORATIVA DE PARCONA,PENAL
2026,2,05/03/2026,ICA,PROVINCIAL,1º FISCALÍA PROVINCIAL DE FAMILIA DE ICA,FAMILIA
2026,2,05/03/2026,ICA,PROVINCIAL,1º FISCALÍA PROVINCIAL PENAL CORPORATIVA DE CHINCHA,PENAL
2026,2,05/03/2026,ICA,PROVINCIAL,1º FISCALÍA PROVINCIAL PENAL CORPORATIVA DE ICA,PENAL
2026,2,05/03/2026,ICA,PROVINCIAL,1º FISCALÍA PROVINCIAL PENAL CORPORATIVA DE PISCO,PENAL
2026,2,05/03/2026,ICA,PROVINCIAL,1º FISCALÍA PROVINCIAL PENAL DE NAZCA,PENAL
2026,2,05/03/2026,ICA,PROVINCIAL,2º FISCALÍA PROVINCIAL DE FAMILIA DE ICA,FAMILIA
2026,2,05/03/2026,ICA,PROVINCIAL,2º FISCALÍA PROVINCIAL PENAL CORPORATIVA DE CHINCHA,PENAL
2026,2,05/03/2026,ICA,PROVINCIAL,2º FISCALÍA PROVINCIAL PENAL CORPORATIVA DE ICA,PENAL
2026,2,05/03/2026,ICA,PROVINCIAL,2º FISCALÍA PROVINCIAL PENAL CORPORATIVA DE NAZCA,PENAL
2026,2,05/03/2026,ICA,PROVINCIAL,2º FISCALÍA PROVINCIAL PENAL CORPORATIVA DE PARCONA,PENAL
2026,2,05/03/2026,ICA,PROVINCIAL,2º FISCALÍA PROVINCIAL PENAL CORPORATIVA DE PISCO,PENAL
2026,2,05/03/2026,ICA,PROVINCIAL,3º FISCALÍA PROVINCIAL DE FAMILIA DE ICA,FAMILIA
2026,2,05/03/2026,ICA,PROVINCIAL,FISCALIA PROVINCIAL CORPORATIVA ESPECIALIZADA CONTRA LA CRIMINALIDAD ORGANIZADA DE ICA,CRIMINALIDAD ORGANIZADA
2026,2,05/03/2026,ICA,PROVINCIAL,FISCALIA PROVINCIAL CORPORATIVA ESPECIALIZADA EN DELITOS DE CORRUPCION DE FUNCIONARIOS DE ICA,CORRUPCIÓN DE FUNCIONARIOS
2026,2,05/03/2026,ICA,PROVINCIAL,FISCALÍA PROVINCIAL DE FAMILIA DE CHINCHA,FAMILIA
2026,2,05/03/2026,ICA,PROVINCIAL,FISCALÍA PROVINCIAL DE FAMILIA DE HUAYTARA,FAMILIA
2026,2,05/03/2026,ICA,PROVINCIAL,FISCALÍA PROVINCIAL DE FAMILIA DE NAZCA,FAMILIA
2026,2,05/03/2026,ICA,PROVINCIAL,FISCALÍA PROVINCIAL DE FAMILIA DE PARCONA,FAMILIA
2026,2,05/03/2026,ICA,PROVINCIAL,FISCALÍA PROVINCIAL DE FAMILIA DE PISCO,FAMILIA
2026,2,05/03/2026,ICA,PROVINCIAL,FISCALIA PROVINCIAL ESPECIALIZADA EN MATERIA AMBIENTAL DE ICA,MATERIA AMBIENTAL
2026,2,05/03/2026,ICA,PROVINCIAL,FISCALÍA PROVINCIAL MIXTA DE PALPA,MIXTA
2026,2,05/03/2026,ICA,PROVINCIAL,FISCALÍA PROVINCIAL MIXTA DE VISTA ALEGRE,MIXTA
2026,2,05/03/2026,ICA,PROVINCIAL,FISCALÍA PROVINCIAL PENAL DE HUAYTARA,PENAL
2026,2,05/03/2026,ICA,PROVINCIAL,FISCALÍA PROVINCIAL TRANSITORIA ESPECIALIZADA EN PREVENCION DEL DELITO DE ICA,PREVENCIÓN DEL DELITO
2026,2,05/03/2026,ICA,PROVINCIAL,FISCALÍA PENAL SUPRAPROVINCIAL ESPECIALIZADA EN DERECHOS HUMANOS Y CONTRA EL TERRORISMO DE ICA Y CAÑETE,SUPRAPROVINCIAL ESPECIALIZADA EN DERECHOS HUMANOS Y CONTRA EL TERRORISMO
2026,2,05/03/2026,ICA,SUPERIOR,1ª FISCALÍA SUPERIOR EN LO PENAL DE ICA,PENAL
2026,2,05/03/2026,ICA,SUPERIOR,1º FISCALÍA SUPERIOR DE FAMILIA DE ICA,FAMILIA
2026,2,05/03/2026,ICA,SUPERIOR,2ª FISCALÍA SUPERIOR EN LO PENAL DE ICA,PENAL
2026,2,05/03/2026,ICA,SUPERIOR,2º FISCALÍA SUPERIOR DE FAMILIA DE ICA,FAMILIA
2026,2,05/03/2026,ICA,SUPERIOR,2º FISCALÍA SUPERIOR PENAL TRANSITORIA  DE CHINCHA,PENAL
2026,2,05/03/2026,ICA,SUPERIOR,FISCALÍA SUPERIOR DE FAMILIA DE CHINCHA,FAMILIA
2026,2,05/03/2026,ICA,SUPERIOR,FISCALÍA SUPERIOR DE FAMILIA DE PISCO,FAMILIA
2026,2,05/03/2026,ICA,SUPERIOR,FISCALÍA SUPERIOR MIXTA DE NAZCA,MIXTA
2026,2,05/03/2026,ICA,SUPERIOR,FISCALÍA SUPERIOR PENAL DE CHINCHA,PENAL
2026,2,05/03/2026,ICA,SUPERIOR,FISCALÍA SUPERIOR PENAL DE PISCO,PENAL
2026,2,05/03/2026,JUNIN,PROVINCIAL,1° FISCALÍA PROVINCIAL ESPECIALIZADA EN PREVENCIÓN DEL DELITO DE HUANCAYO,PREVENCIÓN DEL DELITO
2026,2,05/03/2026,JUNIN,PROVINCIAL,1° FISCALÍA PROVINCIAL PENAL CORPORATIVA DE HUANCAYO,PENAL
2026,2,05/03/2026,JUNIN,PROVINCIAL,1º FISCALÍA PROVINCIAL CORPORATIVA ESPECIALIZADA EN VIOLENCIA CONTRA LAS MUJERES Y LOS INTEGRANTES DEL GRUPO FAMILIAR DE HUANCAYO,VIOLENCIA CONTRA LA MUJER Y LOS INTEGRANTES DEL GRUPO FAMILIAR
2026,2,05/03/2026,JUNIN,PROVINCIAL,1º FISCALÍA PROVINCIAL DE FAMILIA DE HUANCAYO,FAMILIA
2026,2,05/03/2026,JUNIN,PROVINCIAL,2° FISCALÍA PROVINCIAL ESPECIALIZADA EN PREVENCIÓN DEL DELITO DE HUANCAYO,PREVENCIÓN DEL DELITO
2026,2,05/03/2026,JUNIN,PROVINCIAL,2° FISCALÍA PROVINCIAL PENAL CORPORATIVA DE HUANCAYO,PENAL
2026,2,05/03/2026,JUNIN,PROVINCIAL,2º FISCALÍA PROVINCIAL CORPORATIVA ESPECIALIZADA EN VIOLENCIA CONTRA LAS MUJERES Y LOS INTEGRANTES DEL GRUPO FAMILIAR DE HUANCAYO,VIOLENCIA CONTRA LA MUJER Y LOS INTEGRANTES DEL GRUPO FAMILIAR
2026,2,05/03/2026,JUNIN,PROVINCIAL,2º FISCALÍA PROVINCIAL DE FAMILIA DE HUANCAYO,FAMILIA
2026,2,05/03/2026,JUNIN,PROVINCIAL,3° FISCALÍA PROVINCIAL PENAL CORPORATIVA DE HUANCAYO,PENAL
2026,2,05/03/2026,JUNIN,PROVINCIAL,3º FISCALÍA PROVINCIAL DE FAMILIA DE HUANCAYO,FAMILIA
2026,2,05/03/2026,JUNIN,PROVINCIAL,4° FISCALÍA PROVINCIAL PENAL CORPORATIVA DE HUANCAYO,PENAL
2026,2,05/03/2026,JUNIN,PROVINCIAL,5° FISCALÍA PROVINCIAL PENAL CORPORATIVA DE HUANCAYO,PENAL
2026,2,05/03/2026,JUNIN,PROVINCIAL,6° FISCALÍA PROVINCIAL PENAL CORPORATIVA DE HUANCAYO,PENAL
2026,2,05/03/2026,JUNIN,PROVINCIAL,FISCALÍA ESPECIALIZADA EN MATERIA AMBIENTAL DE HUANCAYO,MATERIA AMBIENTAL
2026,2,05/03/2026,JUNIN,PROVINCIAL,FISCALIA PROVINCIAL CORPORATIVA ESPECIALIZADA CONTRA LA CRIMINIALIDAD ORGANIZADA DE JUNIN,CRIMINALIDAD ORGANIZADA
2026,2,05/03/2026,JUNIN,PROVINCIAL,FISCALIA PROVINCIAL CORPORATIVA ESPECIALIZADA EN DELITOS DE CORRUPCION DE FUNCIONARIOS DE JUNÍN,CORRUPCIÓN DE FUNCIONARIOS
2026,2,05/03/2026,JUNIN,PROVINCIAL,FISCALÍA PROVINCIAL CORPORATIVA ESPECIALIZADA EN VIOLENCIA CONTRA LAS MUJERES Y LOS INTEGRANTES DEL GRUPO FAMILIAR DE CHUPACA,VIOLENCIA CONTRA LA MUJER Y LOS INTEGRANTES DEL GRUPO FAMILIAR
2026,2,05/03/2026,JUNIN,PROVINCIAL,FISCALÍA PROVINCIAL CORPORATIVA ESPECIALIZADA EN VIOLENCIA CONTRA LAS MUJERES Y LOS INTEGRANTES DEL GRUPO FAMILIAR DE CONCEPCIÓN,VIOLENCIA CONTRA LA MUJER Y LOS INTEGRANTES DEL GRUPO FAMILIAR
2026,2,05/03/2026,JUNIN,PROVINCIAL,FISCALÍA PROVINCIAL CORPORATIVA ESPECIALIZADA EN VIOLENCIA CONTRA LAS MUJERES Y LOS INTEGRANTES DEL GRUPO FAMILIAR DE JAUJA,VIOLENCIA CONTRA LA MUJER Y LOS INTEGRANTES DEL GRUPO FAMILIAR
2026,2,05/03/2026,JUNIN,PROVINCIAL,FISCALÍA PROVINCIAL CORPORATIVA ESPECIALIZADA EN VIOLENCIA CONTRA LAS MUJERES Y LOS INTEGRANTES DEL GRUPO FAMILIAR DE TARMA,VIOLENCIA CONTRA LA MUJER Y LOS INTEGRANTES DEL GRUPO FAMILIAR
2026,2,05/03/2026,JUNIN,PROVINCIAL,FISCALÍA PROVINCIAL CORPORATIVA ESPECIALIZADA EN VIOLENCIA CONTRA LAS MUJERES Y LOS INTEGRANTES DEL GRUPO FAMILIAR DE TAYACAJA,VIOLENCIA CONTRA LA MUJER Y LOS INTEGRANTES DEL GRUPO FAMILIAR
2026,2,05/03/2026,JUNIN,PROVINCIAL,FISCALÍA PROVINCIAL CORPORATIVA ESPECIALIZADA EN VIOLENCIA CONTRA LAS MUJERES Y LOS INTEGRANTES DEL GRUPO FAMILIAR DE YAULI,VIOLENCIA CONTRA LA MUJER Y LOS INTEGRANTES DEL GRUPO FAMILIAR
2026,2,05/03/2026,JUNIN,PROVINCIAL,FISCALÍA PROVINCIAL DE FAMILIA DE CHUPACA,FAMILIA
2026,2,05/03/2026,JUNIN,PROVINCIAL,FISCALÍA PROVINCIAL DE FAMILIA DE CONCEPCIÓN,FAMILIA
2026,2,05/03/2026,JUNIN,PROVINCIAL,FISCALÍA PROVINCIAL DE FAMILIA DE JAUJA,FAMILIA
2026,2,05/03/2026,JUNIN,PROVINCIAL,FISCALÍA PROVINCIAL DE FAMILIA DE JUNÍN,FAMILIA
2026,2,05/03/2026,JUNIN,PROVINCIAL,FISCALÍA PROVINCIAL DE FAMILIA DE TAMBO,FAMILIA
2026,2,05/03/2026,JUNIN,PROVINCIAL,FISCALÍA PROVINCIAL DE FAMILIA DE TARMA,FAMILIA
2026,2,05/03/2026,JUNIN,PROVINCIAL,FISCALÍA PROVINCIAL DE FAMILIA DE TAYACAJA,FAMILIA
2026,2,05/03/2026,JUNIN,PROVINCIAL,FISCALÍA PROVINCIAL DE FAMILIA DE YAULI,FAMILIA
2026,2,05/03/2026,JUNIN,PROVINCIAL,FISCALÍA PROVINCIAL ESPECIALIZADA EN DELITOS DE TRÁFICO ILÍCITO DE DROGAS SEDE HUANCAYO,TRÁFICO ILÍCITO DE DROGAS
2026,2,05/03/2026,JUNIN,PROVINCIAL,FISCALÍA PROVINCIAL MIXTA DE SANTO DOMINGO,MIXTA
2026,2,05/03/2026,JUNIN,PROVINCIAL,FISCALÍA PROVINCIAL MIXTA DE SURCUBAMBA,MIXTA
2026,2,05/03/2026,JUNIN,PROVINCIAL,FISCALÍA PROVINCIAL PENAL CORPORATIVA DE CHUPACA,PENAL
2026,2,05/03/2026,JUNIN,PROVINCIAL,FISCALÍA PROVINCIAL PENAL CORPORATIVA DE CONCEPCIÓN,PENAL
2026,2,05/03/2026,JUNIN,PROVINCIAL,FISCALÍA PROVINCIAL PENAL CORPORATIVA DE JAUJA,PENAL
2026,2,05/03/2026,JUNIN,PROVINCIAL,FISCALÍA PROVINCIAL PENAL CORPORATIVA DE JUNÍN,PENAL
2026,2,05/03/2026,JUNIN,PROVINCIAL,FISCALIA PROVINCIAL PENAL CORPORATIVA DE TARMA,PENAL
2026,2,05/03/2026,JUNIN,PROVINCIAL,FISCALÍA PROVINCIAL PENAL CORPORATIVA DE TAYACAJA,PENAL
2026,2,05/03/2026,JUNIN,PROVINCIAL,FISCALIA PROVINCIAL PENAL CORPORATIVA DE YAULI,PENAL
2026,2,05/03/2026,JUNIN,PROVINCIAL,FISCALIA PROVINCIAL TRANSITORIA DE EXTINCION DE DOMINIO DE JUNIN,EXTINCIÓN DE DOMINIO
2026,2,05/03/2026,JUNIN,PROVINCIAL,1° FISCALÍA PENAL SUPRAPROVINCIAL TRANSITORIA  ESPECIALIZADA EN DERECHOS HUMANOS Y CONTRA EL TERRORISMO DE JUNÍN,SUPRAPROVINCIAL ESPECIALIZADA EN DERECHOS HUMANOS Y CONTRA EL TERRORISMO
2026,2,05/03/2026,JUNIN,PROVINCIAL,FISCALÍA PENAL SUPRAPROVINCIAL ESPECIALIZADA EN DERECHOS HUMANOS Y CONTRA EL TERRORISMO DE JUNÍN,SUPRAPROVINCIAL ESPECIALIZADA EN DERECHOS HUMANOS Y CONTRA EL TERRORISMO
2026,2,05/03/2026,JUNIN,PROVINCIAL,2° FISCALÍA PENAL SUPRAPROVINCIAL TRANSITORIA  ESPECIALIZADA EN DERECHOS HUMANOS Y CONTRA EL TERRORISMO DE JUNÍN,SUPRAPROVINCIAL ESPECIALIZADA EN DERECHOS HUMANOS Y CONTRA EL TERRORISMO
2026,2,05/03/2026,JUNIN,SUPERIOR,1ª FISCALÍA SUPERIOR EN LO PENAL DE JUNÍN,PENAL
2026,2,05/03/2026,JUNIN,SUPERIOR,2ª FISCALÍA SUPERIOR EN LO PENAL DE JUNÍN,PENAL
2026,2,05/03/2026,JUNIN,SUPERIOR,3ª FISCALÍA SUPERIOR EN LO PENAL DE JUNÍN,PENAL
2026,2,05/03/2026,JUNIN,SUPERIOR,4° FISCALIA SUPERIOR PENAL DE JUNÍN,PENAL
2026,2,05/03/2026,JUNIN,SUPERIOR,5° FISCALÍA SUPERIOR PENAL DE JUNIN,PENAL
2026,2,05/03/2026,JUNIN,SUPERIOR,FISCALÍA SUPERIOR DE FAMILIA DE JUNÍN,FAMILIA
2026,2,05/03/2026,JUNIN,SUPERIOR,FISCALÍA SUPERIOR DE FAMILIA DE TARMA,FAMILIA
2026,2,05/03/2026,JUNIN,SUPERIOR,FISCALIA SUPERIOR ESPECIALIZADA EN DELITOS DE CORRUPCION DE FUNCIONARIOS DE JUNÍN,CORRUPCIÓN DE FUNCIONARIOS
2026,2,05/03/2026,JUNIN,SUPERIOR,FISCALÍA SUPERIOR ESPECIALIZADA EN VIOLENCIA CONTRA LAS MUJERES Y LOS INTEGRANTES DEL GRUPO FAMILIAR DE JUNÍN,VIOLENCIA CONTRA LA MUJER Y LOS INTEGRANTES DEL GRUPO FAMILIAR
2026,2,05/03/2026,JUNIN,SUPERIOR,FISCALÍA SUPERIOR PENAL DE TARMA,PENAL
2026,2,05/03/2026,LA LIBERTAD,PROVINCIAL,1ª FISCALÍA PROVINCIAL ESPECIALIZADA DE PREVENCIÓN DEL DELITO DE TRUJILLO,PREVENCIÓN DEL DELITO
2026,2,05/03/2026,LA LIBERTAD,PROVINCIAL,1º FISCALÍA PROVINCIAL DE FAMILIA DE TRUJILLO,FAMILIA
2026,2,05/03/2026,LA LIBERTAD,PROVINCIAL,1º FISCALIA PROVINCIAL PENAL CORPORATIVA DE TRUJILLO,PENAL
2026,2,05/03/2026,LA LIBERTAD,PROVINCIAL,2ª FISCALÍA PROVINCIAL ESPECIALIZADA DE PREVENCIÓN DEL DELITO DE TRUJILLO,PREVENCIÓN DEL DELITO
2026,2,05/03/2026,LA LIBERTAD,PROVINCIAL,2º FISCALÍA PROVINCIAL DE FAMILIA DE TRUJILLO,FAMILIA
2026,2,05/03/2026,LA LIBERTAD,PROVINCIAL,2º FISCALÍA PROVINCIAL MIXTA TRANSITORIA DE PAIJAN,MIXTA
2026,2,05/03/2026,LA LIBERTAD,PROVINCIAL,2º FISCALIA PROVINCIAL PENAL CORPORATIVA DE TRUJILLO,PENAL
2026,2,05/03/2026,LA LIBERTAD,PROVINCIAL,3º FISCALÍA PROVINCIAL DE FAMILIA DE TRUJILLO,FAMILIA
2026,2,05/03/2026,LA LIBERTAD,PROVINCIAL,3º FISCALIA PROVINCIAL PENAL CORPORATIVA DE TRUJILLO,PENAL
2026,2,05/03/2026,LA LIBERTAD,PROVINCIAL,FISCALIA  PROVINCIAL TRANSITORIA ESPECIALIZADA EN MATERIA AMBIENTAL DE LA LIBERTAD,MATERIA AMBIENTAL
2026,2,05/03/2026,LA LIBERTAD,PROVINCIAL,FISCALIA PROVINCIAL CORPORATIVA ESPECIALIZADA CONTRA LA CRIMINALIDAD ORGANIZADA DE LA LIBERTAD,CRIMINALIDAD ORGANIZADA
2026,2,05/03/2026,LA LIBERTAD,PROVINCIAL,FISCALIA PROVINCIAL CORPORATIVA ESPECIALIZADA EN DELITOS DE CORRUPCIÓN DE FUNCIONARIOS DE LA LIBERTAD - SEDE TRUJILLO,CORRUPCIÓN DE FUNCIONARIOS
2026,2,05/03/2026,LA LIBERTAD,PROVINCIAL,FISCALIA PROVINCIAL CORPORATIVA ESPECIALIZADA EN DELITOS DE LESIONES Y AGRESIONES EN CONTRA DE LAS MUJERES E INTEGRANTES DEL GRUPO FAMILIAR DE LA LIBERTAD,VIOLENCIA CONTRA LA MUJER Y LOS INTEGRANTES DEL GRUPO FAMILIAR
2026,2,05/03/2026,LA LIBERTAD,PROVINCIAL,FISCALÍA PROVINCIAL DE FAMILIA DE ASCOPE,FAMILIA
2026,2,05/03/2026,LA LIBERTAD,PROVINCIAL,FISCALIA PROVINCIAL ESPECIALIZADA EN DELITOS DE TRAFICO ILICITO DE DROGAS - SEDE TRUJILLO,TRÁFICO ILÍCITO DE DROGAS
2026,2,05/03/2026,LA LIBERTAD,PROVINCIAL,FISCALÍA PROVINCIAL ESPECIALIZADA EN DELITOS DE TRATA DE PERSONAS DE LA LIBERTAD,TRATA DE PERSONAS
2026,2,05/03/2026,LA LIBERTAD,PROVINCIAL,FISCALIA PROVINCIAL ESPECIALIZADA EN MATERIA AMBIENTAL DE LA LIBERTAD,MATERIA AMBIENTAL
2026,2,05/03/2026,LA LIBERTAD,PROVINCIAL,FISCALÍA PROVINCIAL MIXTA CORPORATIVA  DE PATAZ,MIXTA
2026,2,05/03/2026,LA LIBERTAD,PROVINCIAL,FISCALÍA PROVINCIAL MIXTA CORPORATIVA  DE VIRU,MIXTA
2026,2,05/03/2026,LA LIBERTAD,PROVINCIAL,FISCALIA PROVINCIAL MIXTA CORPORATIVA DE EL PORVENIR - TRUJILLO,MIXTA
2026,2,05/03/2026,LA LIBERTAD,PROVINCIAL,FISCALÍA PROVINCIAL MIXTA CORPORATIVA DE OTUZCO,MIXTA
2026,2,05/03/2026,LA LIBERTAD,PROVINCIAL,FISCALÍA PROVINCIAL MIXTA CORPORATIVA DE PACASMAYO,MIXTA
2026,2,05/03/2026,LA LIBERTAD,PROVINCIAL,FISCALÍA PROVINCIAL MIXTA CORPORATIVA DE SÁNCHEZ CARRIÓN,MIXTA
2026,2,05/03/2026,LA LIBERTAD,PROVINCIAL,FISCALÍA PROVINCIAL MIXTA CORPORATIVA DE SANTIAGO DE CHUCO,MIXTA
2026,2,05/03/2026,LA LIBERTAD,PROVINCIAL,FISCALÍA PROVINCIAL MIXTA CORPORATIVA DEL MÓDULO BÁSICO DE JUSTICIA DE LA ESPERANZA,MIXTA
2026,2,05/03/2026,LA LIBERTAD,PROVINCIAL,FISCALÍA PROVINCIAL MIXTA DE GRAN CHIMÚ,MIXTA
2026,2,05/03/2026,LA LIBERTAD,PROVINCIAL,FISCALÍA PROVINCIAL MIXTA DE JULCAN,MIXTA
2026,2,05/03/2026,LA LIBERTAD,PROVINCIAL,FISCALÍA PROVINCIAL MIXTA DE PAIJAN,MIXTA
2026,2,05/03/2026,LA LIBERTAD,PROVINCIAL,FISCALÍA PROVINCIAL PENAL CORPORATIVA DE ASCOPE,PENAL
2026,2,05/03/2026,LA LIBERTAD,PROVINCIAL,FISCALÍA PROVINCIAL PENAL CORPORATIVA DE CHEPEN,PENAL
2026,2,05/03/2026,LA LIBERTAD,PROVINCIAL,FISCALIA PROVINCIAL TRANSITORIA DE EXTINCION DE DOMINIO DE LA LIBERTAD,EXTINCIÓN DE DOMINIO
2026,2,05/03/2026,LA LIBERTAD,PROVINCIAL,1° FISCALÍA PROVINCIAL PENAL DE FLAGRANCIA DELICTIVA DEL DF LA LIBERTAD,PENAL DE FLAGRANCIA DELICTIVA
2026,2,05/03/2026,LA LIBERTAD,PROVINCIAL,2° FISCALÍA PROVINCIAL PENAL DE FLAGRANCIA DELICTIVA DEL DF LA LIBERTAD,PENAL DE FLAGRANCIA DELICTIVA
2026,2,05/03/2026,LA LIBERTAD,PROVINCIAL,3° FISCALÍA PROVINCIAL PENAL DE FLAGRANCIA DELICTIVA DEL DF LA LIBERTAD,PENAL DE FLAGRANCIA DELICTIVA
2026,2,05/03/2026,LA LIBERTAD,PROVINCIAL,FISCALÍA PENAL SUPRAPROVINCIAL ESPECIALIZADA EN DERECHOS HUMANOS Y CONTRA EL TERRORISMO DE LA LIBERTAD,SUPRAPROVINCIAL ESPECIALIZADA EN DERECHOS HUMANOS Y CONTRA EL TERRORISMO
2026,2,05/03/2026,LA LIBERTAD,PROVINCIAL,FISCALÍA PROVINCIAL TRANSITORIA ESPECIALIZADA EN DELITOS DE CIBERDELINCUENCIA DE LA LIBERTAD,CIBERDELINCUENCIA
2026,2,05/03/2026,LA LIBERTAD,SUPERIOR,1ª FISCALÍA SUPERIOR EN LO PENAL DE LA LIBERTAD,PENAL
2026,2,05/03/2026,LA LIBERTAD,SUPERIOR,2ª FISCALÍA SUPERIOR EN LO PENAL DE LA LIBERTAD,PENAL
2026,2,05/03/2026,LA LIBERTAD,SUPERIOR,3ª FISCALÍA SUPERIOR EN LO PENAL DE LA LIBERTAD,PENAL
2026,2,05/03/2026,LA LIBERTAD,SUPERIOR,4ª FISCALÍA SUPERIOR EN LO PENAL DE LA LIBERTAD,PENAL
2026,2,05/03/2026,LA LIBERTAD,SUPERIOR,5° FISCALÍA SUPERIOR PENAL DE LA LIBERTAD,PENAL
2026,2,05/03/2026,LA LIBERTAD,SUPERIOR,6° FISCALIA SUPERIIOR PENAL DE LA LIBERTAD,PENAL
2026,2,05/03/2026,LA LIBERTAD,SUPERIOR,7° FISCALIA SUPERIOR PENAL DE LA LIBERTAD,PENAL
2026,2,05/03/2026,LA LIBERTAD,SUPERIOR,FISCALÍA SUPERIOR DE FAMILIA DE LA LIBERTAD,FAMILIA
2026,2,05/03/2026,LA LIBERTAD,SUPERIOR,FISCALÍA SUPERIOR MIXTA DE SÁNCHEZ CARRIÓN HUAMACHUCO,MIXTA
2026,2,05/03/2026,LAMBAYEQUE,PROVINCIAL,1º FISCALÍA PROVINCIAL DE PREVENCIÓN DEL DELITO DE CHICLAYO,PREVENCIÓN DEL DELITO
2026,2,05/03/2026,LAMBAYEQUE,PROVINCIAL,1º FISCALÍA PROVINCIAL PENAL CORPORATIVA DE CHICLAYO,PENAL
2026,2,05/03/2026,LAMBAYEQUE,PROVINCIAL,1º FISCALÍA PROVINCIAL PENAL CORPORATIVA DE FERREÑAFE,PENAL
2026,2,05/03/2026,LAMBAYEQUE,PROVINCIAL,1º FISCALÍA PROVINCIAL PENAL CORPORATIVA DE JAÉN,PENAL
2026,2,05/03/2026,LAMBAYEQUE,PROVINCIAL,1º FISCALÍA PROVINCIAL PENAL CORPORATIVA DE JOSÉ LEONARDO ORTIZ,PENAL
2026,2,05/03/2026,LAMBAYEQUE,PROVINCIAL,1º FISCALÍA PROVINCIAL PENAL CORPORATIVA DE LAMBAYEQUE,PENAL
2026,2,05/03/2026,LAMBAYEQUE,PROVINCIAL,1º FISCALÍA PROVINCIAL PENAL CORPORATIVA DE MOTUPE,PENAL
2026,2,05/03/2026,LAMBAYEQUE,PROVINCIAL,2º FISCALÍA PROVINCIAL DE PREVENCIÓN DEL DELITO DE CHICLAYO,PREVENCIÓN DEL DELITO
2026,2,05/03/2026,LAMBAYEQUE,PROVINCIAL,2º FISCALÍA PROVINCIAL PENAL CORPORATIVA DE CHICLAYO,PENAL
2026,2,05/03/2026,LAMBAYEQUE,PROVINCIAL,2º FISCALÍA PROVINCIAL PENAL CORPORATIVA DE FERREÑAFE,PENAL
2026,2,05/03/2026,LAMBAYEQUE,PROVINCIAL,2º FISCALÍA PROVINCIAL PENAL CORPORATIVA DE JAÉN,PENAL
2026,2,05/03/2026,LAMBAYEQUE,PROVINCIAL,2º FISCALÍA PROVINCIAL PENAL CORPORATIVA DE LAMBAYEQUE,PENAL
2026,2,05/03/2026,LAMBAYEQUE,PROVINCIAL,2º FISCALÍA PROVINCIAL PENAL CORPORATIVA DE LEONARDO ORTIZ,PENAL
2026,2,05/03/2026,LAMBAYEQUE,PROVINCIAL,2º FISCALÍA PROVINCIAL PENAL CORPORATIVA DE MOTUPE,PENAL
2026,2,05/03/2026,LAMBAYEQUE,PROVINCIAL,3º FISCALÍA PROVINCIAL PENAL CORPORATIVA DE CHICLAYO,PENAL
2026,2,05/03/2026,LAMBAYEQUE,PROVINCIAL,FISCALIA PROVINCIAL CORPORATIVA ESPECIALIZADA EN DELITOS DE CORRUPCION DE FUNCIONARIOS DE LAMBAYEQUE,CORRUPCIÓN DE FUNCIONARIOS
2026,2,05/03/2026,LAMBAYEQUE,PROVINCIAL,FISCALIA PROVINCIAL CORPORATIVA ESPECIALIZADA EN DELITOS DE LESIONES Y AGRESIONES EN CONTRA DE LAS MUJERES Y LOS INTEGRANTES DEL GRUPO FAMILIAR - SEDE CHICLAYO,VIOLENCIA CONTRA LA MUJER Y LOS INTEGRANTES DEL GRUPO FAMILIAR
2026,2,05/03/2026,LAMBAYEQUE,PROVINCIAL,FISCALIA PROVINCIAL CORPORATIVA ESPECIALIZADA EN DELITOS DE LESIONES Y AGRESIONES EN CONTRA DE LAS MUJERES Y LOS INTEGRANTES DEL GRUPO FAMILIAR - SEDE JOSE LEONARDO ORTIZ,VIOLENCIA CONTRA LA MUJER Y LOS INTEGRANTES DEL GRUPO FAMILIAR
2026,2,05/03/2026,LAMBAYEQUE,PROVINCIAL,FISCALÍA PROVINCIAL DE FAMILIA DE CHICLAYO,FAMILIA
2026,2,05/03/2026,LAMBAYEQUE,PROVINCIAL,FISCALÍA PROVINCIAL DE FAMILIA DE JAÉN,FAMILIA
2026,2,05/03/2026,LAMBAYEQUE,PROVINCIAL,FISCALÍA PROVINCIAL DE FAMILIA DE LAMBAYEQUE,FAMILIA
2026,2,05/03/2026,LAMBAYEQUE,PROVINCIAL,FISCALIA PROVINCIAL ESPECIALIZADA CONTRA LA CRIMINALIDAD ORGANIZADA DE LAMBAYEQUE,CRIMINALIDAD ORGANIZADA
2026,2,05/03/2026,LAMBAYEQUE,PROVINCIAL,FISCALÍA PROVINCIAL ESPECIALIZADA EN DELITO DE TRÁFICO ILÍCITO DE DROGAS - SEDE CHICLAYO,TRÁFICO ILÍCITO DE DROGAS
2026,2,05/03/2026,LAMBAYEQUE,PROVINCIAL,FISCALÍA PROVINCIAL ESPECIALIZADA EN MATERIA AMBIENTAL DE LAMBAYEQUE,MATERIA AMBIENTAL
2026,2,05/03/2026,LAMBAYEQUE,PROVINCIAL,FISCALÍA PROVINCIAL MIXTA CORPORATIVA DE CAYALTÍ,MIXTA
2026,2,05/03/2026,LAMBAYEQUE,PROVINCIAL,FISCALIA PROVINCIAL MIXTA CORPORATIVA DE CUTERVO,MIXTA
2026,2,05/03/2026,LAMBAYEQUE,PROVINCIAL,FISCALÍA PROVINCIAL MIXTA CORPORATIVA DE LA VICTORIA,MIXTA
2026,2,05/03/2026,LAMBAYEQUE,PROVINCIAL,FISCALÍA PROVINCIAL MIXTA CORPORATIVA DE OLMOS,MIXTA
2026,2,05/03/2026,LAMBAYEQUE,PROVINCIAL,FISCALÍA PROVINCIAL MIXTA DE FERREÑAFE,MIXTA
2026,2,05/03/2026,LAMBAYEQUE,PROVINCIAL,FISCALÍA PROVINCIAL MIXTA DE JOSÉ LEONARDO ORTIZ,MIXTA
2026,2,05/03/2026,LAMBAYEQUE,PROVINCIAL,FISCALIA PROVINCIAL TRANSITORIA DE EXTINCION DE DOMINIO DE LAMBAYEQUE,EXTINCIÓN DE DOMINIO
2026,2,05/03/2026,LAMBAYEQUE,PROVINCIAL,1° FISCALÍA PROVINCIAL PENAL DE FLAGRANCIA DELICTIVA DEL DF LAMBAYEQUE,PENAL DE FLAGRANCIA DELICTIVA
2026,2,05/03/2026,LAMBAYEQUE,PROVINCIAL,FISCALÍA PENAL SUPRAPROVINCIAL ESPECIALIZADA EN DERECHOS HUMANOS Y CONTRA EL TERRORISMO DE LAMBAYEQUE,SUPRAPROVINCIAL ESPECIALIZADA EN DERECHOS HUMANOS Y CONTRA EL TERRORISMO
2026,2,05/03/2026,LAMBAYEQUE,PROVINCIAL,2° FISCALÍA PROVINCIAL PENAL DE FLAGRANCIA DELICTIVA DEL DF LAMBAYEQUE,PENAL DE FLAGRANCIA DELICTIVA
2026,2,05/03/2026,LAMBAYEQUE,PROVINCIAL,3° FISCALÍA PROVINCIAL PENAL DE FLAGRANCIA DELICTIVA DEL DF LAMBAYEQUE,PENAL DE FLAGRANCIA DELICTIVA
2026,2,05/03/2026,LAMBAYEQUE,PROVINCIAL,FISCALÍA PROVINCIAL ESPECIALIZADA EN MATERIA AMBIENTAL DE SAN IGNACIO,MATERIA AMBIENTAL
2026,2,05/03/2026,LAMBAYEQUE,PROVINCIAL,FISCALÍA PROVINCIAL MIXTA CORPORATIVA DE SAN IGNACIO,MIXTA
2026,2,05/03/2026,LAMBAYEQUE,SUPERIOR,1ª FISCALIA SUPERIOR PENAL DE APELACIONES DE LAMBAYEQUE,PENAL
2026,2,05/03/2026,LAMBAYEQUE,SUPERIOR,2ª FISCALIA SUPERIOR PENAL DE APELACIONES DE LAMBAYEQUE,PENAL
2026,2,05/03/2026,LAMBAYEQUE,SUPERIOR,3º FISCALIA SUPERIOR PENAL DE APELACIONES DE LAMBAYEQUE,PENAL
2026,2,05/03/2026,LAMBAYEQUE,SUPERIOR,FISCALÍA SUPERIOR DE FAMILIA DE LAMBAYEQUE,FAMILIA
2026,2,05/03/2026,LAMBAYEQUE,SUPERIOR,FISCALIA SUPERIOR MIXTA DE JAÉN,MIXTA
2026,2,05/03/2026,LAMBAYEQUE,SUPERIOR,FISCALIA SUPERIOR PENAL DE LIQUIDACIÓN DE LAMBAYEQUE,PENAL
2026,2,05/03/2026,LAMBAYEQUE,SUPERIOR,FISCALIA SUPERIOR PENAL TRANSITORIA DE APELACIONES DE LAMBAYEQUE,PENAL
2026,2,05/03/2026,LIMA CENTRO,DESPACHO FN,DESPACHO DE LA FISCALÍA DE LA NACIÓN,DESPACHO DE LA FISCALIA DE LA NACIÓN
2026,2,05/03/2026,LIMA CENTRO,PROVINCIAL,1° FISCALIA PROVINCIAL DE FAMILIA DE LIMA CENTRO,FAMILIA
2026,2,05/03/2026,LIMA CENTRO,PROVINCIAL,1° FISCALIA PROVINCIAL DE FAMILIA ESPECIALIZADA EN PREVENCION DE VIOLENCIA DE GENERO Y PERSONAS EN CONDICION DE VULNERABILIDAD DE LIMA CENTRO,PREVENCIÓN DE VIOLENCIA DE GÉNERO Y PERSONAS EN CONDICIÓN DE VULNERABILIDAD
2026,2,05/03/2026,LIMA CENTRO,PROVINCIAL,1° FISCALÍA PROVINCIAL ESPECIALIZADA DE PREVENCIÓN DEL DELITO DE LIMA CENTRO,PREVENCIÓN DEL DELITO
2026,2,05/03/2026,LIMA CENTRO,PROVINCIAL,1° FISCALIA PROVINCIAL ESPECIALIZADA EN DELITOS DE LAVADO DE ACTIVOS DE LIMA CENTRO,LAVADO DE ACTIVOS Y PERDIDA DE DOMINIO
2026,2,05/03/2026,LIMA CENTRO,PROVINCIAL,1° FISCALÍA PROVINCIAL PENAL ESPECIALIZADA EN DELITOS ADUANEROS Y CONTRA LA PROPIEDAD INTELECTUAL - LIMA CENTRO,ADUANEROS Y CONTRA LA PROPIEDAD INTELECTUAL
2026,2,05/03/2026,LIMA CENTRO,PROVINCIAL,1° FISCALIA PROVINCIAL TRANSITORIA CORPORATIVA ESPECIALIZADA EN VIOLENCIA CONTRA LA MUJER Y LOS INTEGRANTES DEL GRUPO FAMILIAR DE LIMA CENTRO,VIOLENCIA CONTRA LA MUJER Y LOS INTEGRANTES DEL GRUPO FAMILIAR
2026,2,05/03/2026,LIMA CENTRO,PROVINCIAL,1° FISCALIA PROVINCIAL TRANSITORIA DE EXTINCION DE DOMINIO DE LIMA CENTRO,EXTINCIÓN DE DOMINIO
2026,2,05/03/2026,LIMA CENTRO,PROVINCIAL,10° FISCALIA PROVINCIAL DE FAMILIA DE LIMA CENTRO,FAMILIA
2026,2,05/03/2026,LIMA CENTRO,PROVINCIAL,11° FISCALIA PROVINCIAL DE FAMILIA DE LIMA CENTRO,FAMILIA
2026,2,05/03/2026,LIMA CENTRO,PROVINCIAL,1º FISCALIA PROVINCIAL CORPORATIVA ESPECIALIZADA EN DELITOS DE CORRUPCION DE FUNCIONARIOS,CORRUPCIÓN DE FUNCIONARIOS
2026,2,05/03/2026,LIMA CENTRO,PROVINCIAL,1º FISCALIA SUPRAPROVINCIAL CORPORATIVA ESPECIALIZADA CONTRA LA CRIMINALIDAD ORGANIZADA,SUPRAPROVINCIAL ESPECIALIZADA CONTRA LA CRIMINALIDAD ORGANIZADA
2026,2,05/03/2026,LIMA CENTRO,PROVINCIAL,1º FISCALIA SUPRAPROVINCIAL CORPORATIVA ESPECIALIZADA EN DELITOS DE LAVADO DE ACTIVOS,SUPRAPROVINCIAL ESPECIALIZADA EN DELITOS DE LAVADO DE ACTIVOS Y PERDIDA DE DOMINIO
2026,2,05/03/2026,LIMA CENTRO,PROVINCIAL,2° FISCALIA PROVINCIAL CORPORATIVA TRANSITORIA ESPECIALIZADA EN VIOLENCIA CONTRA LA MUJER Y LOS INTEGRANTES DEL GRUPO FAMILIAR DE LIMA CENTRO,VIOLENCIA CONTRA LA MUJER Y LOS INTEGRANTES DEL GRUPO FAMILIAR
2026,2,05/03/2026,LIMA CENTRO,PROVINCIAL,2° FISCALIA PROVINCIAL DE FAMILIA DE LIMA CENTRO,FAMILIA
2026,2,05/03/2026,LIMA CENTRO,PROVINCIAL,2° FISCALIA PROVINCIAL DE FAMILIA ESPECIALIZADA EN PREVENCION DE VIOLENCIA DE GENERO Y PERSONAS EN CONDICION DE VULNERABILIDAD DE LIMA CENTRO,PREVENCIÓN DE VIOLENCIA DE GÉNERO Y PERSONAS EN CONDICIÓN DE VULNERABILIDAD
2026,2,05/03/2026,LIMA CENTRO,PROVINCIAL,2° FISCALÍA PROVINCIAL ESPECIALIZADA DE PREVENCIÓN DEL DELITO DE LIMA CENTRO,PREVENCIÓN DEL DELITO
2026,2,05/03/2026,LIMA CENTRO,PROVINCIAL,2° FISCALIA PROVINCIAL ESPECIALIZADA EN DELITOS DE LAVADO DE ACTIVOS DE LIMA CENTRO,LAVADO DE ACTIVOS Y PERDIDA DE DOMINIO
2026,2,05/03/2026,LIMA CENTRO,PROVINCIAL,2° FISCALÍA PROVINCIAL PENAL ESPECIALIZADA EN DELITOS ADUANEROS Y CONTRA LA PROPIEDAD INTELECTUAL - LIMA CENTRO,ADUANEROS Y CONTRA LA PROPIEDAD INTELECTUAL
2026,2,05/03/2026,LIMA CENTRO,PROVINCIAL,2° FISCALIA PROVINCIAL TRANSITORIA DE EXTINCION DE DOMINIO DE LIMA CENTRO,EXTINCIÓN DE DOMINIO
2026,2,05/03/2026,LIMA CENTRO,PROVINCIAL,2º FISCALIA PROVINCIAL CORPORATIVA ESPECIALIZADA EN DELITOS DE CORRUPCION DE FUNCIONARIOS,CORRUPCIÓN DE FUNCIONARIOS
2026,2,05/03/2026,LIMA CENTRO,PROVINCIAL,2º FISCALIA SUPRAPROVINCIAL CORPORATIVA ESPECIALIZADA CONTRA LA CRIMINALIDAD ORGANIZADA,SUPRAPROVINCIAL ESPECIALIZADA CONTRA LA CRIMINALIDAD ORGANIZADA
2026,2,05/03/2026,LIMA CENTRO,PROVINCIAL,2º FISCALIA SUPRAPROVINCIAL CORPORATIVA ESPECIALIZADA EN DELITOS DE LAVADO DE ACTIVOS,SUPRAPROVINCIAL ESPECIALIZADA EN DELITOS DE LAVADO DE ACTIVOS Y PERDIDA DE DOMINIO
2026,2,05/03/2026,LIMA CENTRO,PROVINCIAL,3° FISCALIA PROVINCIAL CORPORATIVA TRANSITORIA ESPECIALIZADA EN VIOLENCIA CONTRA LA MUJER Y LOS INTEGRANTES DEL GRUPO FAMILIAR DE LIMA CENTRO,VIOLENCIA CONTRA LA MUJER Y LOS INTEGRANTES DEL GRUPO FAMILIAR
2026,2,05/03/2026,LIMA CENTRO,PROVINCIAL,3° FISCALÍA PROVINCIAL ESPECIALIZADA DE PREVENCIÓN DEL DELITO DE LIMA CENTRO,PREVENCIÓN DEL DELITO
2026,2,05/03/2026,LIMA CENTRO,PROVINCIAL,3° FISCALÍA PROVINCIAL PENAL ESPECIALIZADA EN DELITOS ADUANEROS Y CONTRA LA PROPIEDAD INTELECTUAL - LIMA CENTRO,ADUANEROS Y CONTRA LA PROPIEDAD INTELECTUAL
2026,2,05/03/2026,LIMA CENTRO,PROVINCIAL,3° FISCALIA PROVINCIAL TRANSITORIA DE EXTINCION DE DOMINIO DE LIMA CENTRO,EXTINCIÓN DE DOMINIO
2026,2,05/03/2026,LIMA CENTRO,PROVINCIAL,3ª FISCALIA PROVINCIAL DE FAMILIA DE LIMA CENTRO,FAMILIA
2026,2,05/03/2026,LIMA CENTRO,PROVINCIAL,3º FISCALIA SUPRAPROVINCIAL CORPORATIVA ESPECIALIZADA CONTRA LA CRIMINALIDAD ORGANIZADA,SUPRAPROVINCIAL ESPECIALIZADA CONTRA LA CRIMINALIDAD ORGANIZADA
2026,2,05/03/2026,LIMA CENTRO,PROVINCIAL,4° FISCALIA PROVINCIAL CORPORATIVA TRANSITORIA ESPECIALIZADA EN VIOLENCIA CONTRA LA MUJER Y LOS INTEGRANTES DEL GRUPO FAMILIAR DE LIMA CENTRO,VIOLENCIA CONTRA LA MUJER Y LOS INTEGRANTES DEL GRUPO FAMILIAR
2026,2,05/03/2026,LIMA CENTRO,PROVINCIAL,4° FISCALIA PROVINCIAL DE FAMILIA DE LIMA CENTRO,FAMILIA
2026,2,05/03/2026,LIMA CENTRO,PROVINCIAL,4° FISCALÍA PROVINCIAL ESPECIALIZADA DE PREVENCIÓN DEL DELITO DE LIMA CENTRO,PREVENCIÓN DEL DELITO
2026,2,05/03/2026,LIMA CENTRO,PROVINCIAL,4° FISCALIA PROVINCIAL TRANSITORIA DE EXTINCION DE DOMINIO DE LIMA,EXTINCIÓN DE DOMINIO
2026,2,05/03/2026,LIMA CENTRO,PROVINCIAL,4º FISCALIA SUPRAPROVINCIAL CORPORATIVA ESPECIALIZADA CONTRA LA CRIMINALIDAD ORGANIZADA,SUPRAPROVINCIAL ESPECIALIZADA CONTRA LA CRIMINALIDAD ORGANIZADA
2026,2,05/03/2026,LIMA CENTRO,PROVINCIAL,5° FISCALIA PROVINCIAL CORPORATIVA TRANSITORIA ESPECIALIZADA EN VIOLENCIA CONTRA LA MUJER Y LOS INTEGRANTES DEL GRUPO FAMILIAR DE LIMA CENTRO,VIOLENCIA CONTRA LA MUJER Y LOS INTEGRANTES DEL GRUPO FAMILIAR
2026,2,05/03/2026,LIMA CENTRO,PROVINCIAL,5° FISCALÍA PROVINCIAL DE PREVENCIÓN DEL DELITO DE LIMA CENTRO,PREVENCIÓN DEL DELITO
2026,2,05/03/2026,LIMA CENTRO,PROVINCIAL,5° FISCALIA PROVINCIAL TRANSITORIA DE EXTINCION DE DOMINIO DE LIMA,EXTINCIÓN DE DOMINIO
2026,2,05/03/2026,LIMA CENTRO,PROVINCIAL,5ª FISCALÍA PROVINCIAL DE FAMILIA DE LIMA CENTRO,FAMILIA
2026,2,05/03/2026,LIMA CENTRO,PROVINCIAL,6° FISCALIA PROVINCIAL DE FAMILIA DE LIMA CENTRO,FAMILIA
2026,2,05/03/2026,LIMA CENTRO,PROVINCIAL,6° FISCALIA PROVINCIAL TRANSITORIA DE EXTINCION DE DOMINIO DE LIMA,EXTINCIÓN DE DOMINIO
2026,2,05/03/2026,LIMA CENTRO,PROVINCIAL,6º FISCALÍA PROVINCIAL CORPORATIVA ESPECIALIZADA EN VIOLENCIA CONTRA LAS MUJERES Y LOS INTEGRANTES DEL GRUPO FAMILIAR DE LIMA CENTRO,VIOLENCIA CONTRA LA MUJER Y LOS INTEGRANTES DEL GRUPO FAMILIAR
2026,2,05/03/2026,LIMA CENTRO,PROVINCIAL,7° FISCALIA PROVINCIAL DE FAMILIA DE LIMA CENTRO,FAMILIA
2026,2,05/03/2026,LIMA CENTRO,PROVINCIAL,8° FISCALIA PROVINCIAL DE FAMILIA DE LIMA CENTRO,FAMILIA
2026,2,05/03/2026,LIMA CENTRO,PROVINCIAL,9° FISCALIA PROVINCIAL DE FAMILIA DE LIMA CENTRO,FAMILIA
2026,2,05/03/2026,LIMA CENTRO,PROVINCIAL,FISCALÍA ESPECIALIZADA EN MATERIA AMBIENTAL DE LIMA,MATERIA AMBIENTAL
2026,2,05/03/2026,LIMA CENTRO,PROVINCIAL,FISCALÍA PROVINCIAL CORPORATIVA ESPECIALIZADA EN DELITOS DE CIBERDELINCUENCIA DE LIMA CENTRO,CIBERDELINCUENCIA
2026,2,05/03/2026,LIMA CENTRO,PROVINCIAL,FISCALIA PROVINCIAL CORPORATIVA ESPECIALIZADA EN DELITOS DE TRATA DE PERSONAS DE LIMA CENTRO,TRATA DE PERSONAS
2026,2,05/03/2026,LIMA CENTRO,PROVINCIAL,FISCALÍA PROVINCIAL PENAL ESPECIALIZADA EN DELITOS TRIBUTARIOS - LIMA CENTRO,DELITOS TRIBUTARIOS
2026,2,05/03/2026,LIMA CENTRO,PROVINCIAL,FISCALÍA PROVINCIAL TRANSITORIA CORPORATIVA ESPECIALIZADA EN DELITOS DE CORRUPCIÓN DE FUNCIONARIOS DE LIMA,CORRUPCIÓN DE FUNCIONARIOS
2026,2,05/03/2026,LIMA CENTRO,PROVINCIAL,FISCALIA SUPRAPROVINCIAL CORPORATIVA ESPECIALIZADA EN DELITOS DE CORRUPCION DE FUNCIONARIOS,SUPRAPROVINCIAL ESPECIALIZADA EN DELITOS DE CORRUPCIÓN DE FUNCIONARIOS
2026,2,05/03/2026,LIMA CENTRO,PROVINCIAL,FISCALÍA SUPRAPROVINCIAL ESPECIALIZADA EN MATERIA AMBIENTAL SEDE LIMA CENTRO CON COMPETENCIA NACIONAL,SUPRAPROVINCIAL ESPECIALIZADA EN MATERIA AMBIENTAL
2026,2,05/03/2026,LIMA CENTRO,PROVINCIAL,FISCALÍA SUPRAPROVINCIAL CORPORATIVA TRANSITORIA ESPECIALIZADA EN DELITOS DE TRÁFICO ILÍCITO DE DROGAS,SUPRAPROVINCIAL ESPECIALIZADA EN DELITOS DE TRÁFICO ILÍCITO DE DROGAS
2026,2,05/03/2026,LIMA CENTRO,PROVINCIAL,SEGUNDA FISCALÍA CORPORATIVA PENAL DE SAN ISIDRO - LINCE,PENAL
2026,2,05/03/2026,LIMA CENTRO,PROVINCIAL,SEGUNDA FISCALÍA CORPORATIVA ESPECIALIZADA EN CIBERDELINCUENCIA DE LIMA CENTRO,CIBERDELINCUENCIA
2026,2,05/03/2026,LIMA CENTRO,PROVINCIAL,1° FISCALÍA PROVINCIAL PENAL DE FLAGRANCIA DELICTIVA DEL DF LIMA CENTRO,PENAL DE FLAGRANCIA DELICTIVA
2026,2,05/03/2026,LIMA CENTRO,PROVINCIAL,2° FISCALÍA PROVINCIAL PENAL DE FLAGRANCIA DELICTIVA DEL DF LIMA CENTRO,PENAL DE FLAGRANCIA DELICTIVA
2026,2,05/03/2026,LIMA CENTRO,PROVINCIAL,3° FISCALÍA PROVINCIAL PENAL DE FLAGRANCIA DELICTIVA DEL DF LIMA CENTRO,PENAL DE FLAGRANCIA DELICTIVA
2026,2,05/03/2026,LIMA CENTRO,PROVINCIAL,4° FISCALÍA PROVINCIAL PENAL DE FLAGRANCIA DELICTIVA DEL DF LIMA CENTRO,PENAL DE FLAGRANCIA DELICTIVA
2026,2,05/03/2026,LIMA CENTRO,PROVINCIAL,5° FISCALÍA PROVINCIAL PENAL DE FLAGRANCIA DELICTIVA DEL DF LIMA CENTRO,PENAL DE FLAGRANCIA DELICTIVA
2026,2,05/03/2026,LIMA CENTRO,PROVINCIAL,6° FISCALÍA PROVINCIAL PENAL DE FLAGRANCIA DELICTIVA DEL DF LIMA CENTRO,PENAL DE FLAGRANCIA DELICTIVA
2026,2,05/03/2026,LIMA CENTRO,PROVINCIAL,7° FISCALÍA PROVINCIAL PENAL DE FLAGRANCIA DELICTIVA DEL DF LIMA CENTRO,PENAL DE FLAGRANCIA DELICTIVA
2026,2,05/03/2026,LIMA CENTRO,PROVINCIAL,8° FISCALÍA PROVINCIAL PENAL DE FLAGRANCIA DELICTIVA DEL DF LIMA CENTRO,PENAL DE FLAGRANCIA DELICTIVA
2026,2,05/03/2026,LIMA CENTRO,PROVINCIAL,9° FISCALÍA PROVINCIAL PENAL DE FLAGRANCIA DELICTIVA DEL DF LIMA CENTRO,PENAL DE FLAGRANCIA DELICTIVA
2026,2,05/03/2026,LIMA CENTRO,PROVINCIAL,"1° FISCALÍA PENAL SUPRAPROVINCIAL ESPECIALIZADA EN DERECHOS HUMANOS Y CONTRA EL TERRORISMO DE CALLAO, LIMA CENTRO, LIMA ESTE, LIMA NORTE, LIMA NOROESTE Y LIMA SUR",SUPRAPROVINCIAL ESPECIALIZADA EN DERECHOS HUMANOS Y CONTRA EL TERRORISMO
2026,2,05/03/2026,LIMA CENTRO,PROVINCIAL,"2° FISCALÍA PENAL SUPRAPROVINCIAL ESPECIALIZADA EN DERECHOS HUMANOS Y CONTRA EL TERRORISMO DE CALLAO, LIMA CENTRO, LIMA ESTE, LIMA NORTE, LIMA NOROESTE Y LIMA SUR",SUPRAPROVINCIAL ESPECIALIZADA EN DERECHOS HUMANOS Y CONTRA EL TERRORISMO
2026,2,05/03/2026,LIMA CENTRO,PROVINCIAL,"3° FISCALÍA PENAL SUPRAPROVINCIAL ESPECIALIZADA EN DERECHOS HUMANOS Y CONTRA EL TERRORISMO DE CALLAO, LIMA CENTRO, LIMA ESTE, LIMA NORTE, LIMA NOROESTE Y LIMA SUR",SUPRAPROVINCIAL ESPECIALIZADA EN DERECHOS HUMANOS Y CONTRA EL TERRORISMO
2026,2,05/03/2026,LIMA CENTRO,PROVINCIAL,"4° FISCALÍA PENAL SUPRAPROVINCIAL ESPECIALIZADA EN DERECHOS HUMANOS Y CONTRA EL TERRORISMO DE CALLAO, LIMA CENTRO, LIMA ESTE, LIMA NORTE, LIMA NOROESTE Y LIMA SUR",SUPRAPROVINCIAL ESPECIALIZADA EN DERECHOS HUMANOS Y CONTRA EL TERRORISMO
2026,2,05/03/2026,LIMA CENTRO,PROVINCIAL,"5° FISCALÍA PENAL SUPRAPROVINCIAL ESPECIALIZADA EN DERECHOS HUMANOS Y CONTRA EL TERRORISMO DE CALLAO, LIMA CENTRO, LIMA ESTE, LIMA NORTE, LIMA NOROESTE Y LIMA SUR",SUPRAPROVINCIAL ESPECIALIZADA EN DERECHOS HUMANOS Y CONTRA EL TERRORISMO
2026,2,05/03/2026,LIMA CENTRO,PROVINCIAL,PRIMERA FISCALÍA CORPORATIVA PENAL DE MAGDALENA DEL MAR-SAN MIGUEL-PUEBLO LIBRE,PENAL
2026,2,05/03/2026,LIMA CENTRO,PROVINCIAL,CUARTA FISCALÍA CORPORATIVA PENAL DE CERCADO DE LIMA-BREÑA-RÍMAC-JESÚS MARÍA,PENAL
2026,2,05/03/2026,LIMA CENTRO,PROVINCIAL,OCTAVA FISCALÍA CORPORATIVA PENAL DE CERCADO DE LIMA-BREÑA-RÍMAC-JESÚS MARÍA,PENAL
2026,2,05/03/2026,LIMA CENTRO,PROVINCIAL,PRIMERA FISCALÍA CORPORATIVA PENAL DE CERCADO DE LIMA-BREÑA-RÍMAC-JESÚS MARÍA,PENAL
2026,2,05/03/2026,LIMA CENTRO,PROVINCIAL,PRIMERA FISCALÍA CORPORATIVA PENAL DE LA VICTORIA-SAN LUIS,PENAL
2026,2,05/03/2026,LIMA CENTRO,PROVINCIAL,PRIMERA FISCALÍA CORPORATIVA PENAL DE MIRAFLORES-SURQUILLO-SAN BORJA,PENAL
2026,2,05/03/2026,LIMA CENTRO,PROVINCIAL,PRIMERA FISCALÍA CORPORATIVA PENAL DE SAN ISIDRO-LINCE,PENAL
2026,2,05/03/2026,LIMA CENTRO,PROVINCIAL,PRIMERA FISCALÍA CORPORATIVA PENAL DE SANTIAGO DE SURCO-BARRANCO,PENAL
2026,2,05/03/2026,LIMA CENTRO,PROVINCIAL,QUINTA FISCALÍA CORPORATIVA PENAL DE CERCADO DE LIMA-BREÑA-RÍMAC-JESÚS MARÍA,PENAL
2026,2,05/03/2026,LIMA CENTRO,PROVINCIAL,SEGUNDA FISCALÍA CORPORATIVA PENAL DE CERCADO DE LIMA-BREÑA-RÍMAC-JESÚS MARÍA,PENAL
2026,2,05/03/2026,LIMA CENTRO,PROVINCIAL,SEGUNDA FISCALÍA CORPORATIVA PENAL DE LA VICTORIA-SAN LUIS,PENAL
2026,2,05/03/2026,LIMA CENTRO,PROVINCIAL,SEGUNDA FISCALÍA CORPORATIVA PENAL DE MIRAFLORES-SURQUILLO-SAN BORJA,PENAL
2026,2,05/03/2026,LIMA CENTRO,PROVINCIAL,SEGUNDA FISCALÍA CORPORATIVA PENAL DE SANTIAGO DE SURCO-BARRANCO,PENAL
2026,2,05/03/2026,LIMA CENTRO,PROVINCIAL,SÉPTIMA FISCALÍA CORPORATIVA PENAL DE CERCADO DE LIMA-BREÑA-RÍMAC-JESÚS MARÍA,PENAL
2026,2,05/03/2026,LIMA CENTRO,PROVINCIAL,SEXTA FISCALÍA CORPORATIVA PENAL DE CERCADO DE LIMA-BREÑA-RÍMAC-JESÚS MARÍA,PENAL
2026,2,05/03/2026,LIMA CENTRO,PROVINCIAL,TERCERA FISCALÍA CORPORATIVA PENAL DE CERCADO DE LIMA-BREÑA-RÍMAC-JESÚS MARÍA,PENAL
2026,2,05/03/2026,LIMA CENTRO,SUPERIOR,1º FISCALÍA SUPERIOR DE FAMILIA DE LIMA CENTRO,FAMILIA
2026,2,05/03/2026,LIMA CENTRO,SUPERIOR,1º FISCALIA SUPERIOR ESPECIALIZADA EN DELITOS DE CORRUPCIÓN DE FUNCIONARIOS,CORRUPCIÓN DE FUNCIONARIOS
2026,2,05/03/2026,LIMA CENTRO,SUPERIOR,1º FISCALIA SUPERIOR NACIONAL ESPECIALIZADA CONTRA LA CRIMINALIDAD ORGANIZADA,NACIONAL ESPECIALIZADA CONTRA LA CRIMINALIDAD ORGANIZADA
2026,2,05/03/2026,LIMA CENTRO,SUPERIOR,1º FISCALIA SUPERIOR NACIONAL ESPECIALIZADA EN DELITOS DE CORRUPCION DE FUNCIONARIOS,NACIONAL ESPECIALIZADA EN DELITOS DE CORRUPCIÓN DE FUNCIONARIOS
2026,2,05/03/2026,LIMA CENTRO,SUPERIOR,1º FISCALIA SUPERIOR NACIONAL ESPECIALIZADA EN DELITOS DE LAVADO DE ACTIVOS,NACIONAL ESPECIALIZADA EN DELITOS DE LAVADO DE ACTIVOS Y PERDIDA DE DOMINIO
2026,2,05/03/2026,LIMA CENTRO,SUPERIOR,2ª FISCALÍA SUPERIOR ESPECIALIZADA EN DELITOS DE CORRUPCIÓN DE FUNCIONARIOS,CORRUPCIÓN DE FUNCIONARIOS
2026,2,05/03/2026,LIMA CENTRO,SUPERIOR,2º FISCALÍA SUPERIOR DE FAMILIA DE LIMA CENTRO,FAMILIA
2026,2,05/03/2026,LIMA CENTRO,SUPERIOR,2º FISCALIA SUPERIOR NACIONAL ESPECIALIZADA  EN DELITOS DE LAVADO DE ACTIVOS,NACIONAL ESPECIALIZADA EN DELITOS DE LAVADO DE ACTIVOS Y PERDIDA DE DOMINIO
2026,2,05/03/2026,LIMA CENTRO,SUPERIOR,2º FISCALIA SUPERIOR NACIONAL ESPECIALIZADA CONTRA LA CRIMINALIDAD ORGANIZADA,NACIONAL ESPECIALIZADA CONTRA LA CRIMINALIDAD ORGANIZADA
2026,2,05/03/2026,LIMA CENTRO,SUPERIOR,2º FISCALIA SUPERIOR NACIONAL ESPECIALIZADA EN DELITOS DE CORRUPCION DE FUNCIONARIOS,NACIONAL ESPECIALIZADA EN DELITOS DE CORRUPCIÓN DE FUNCIONARIOS
2026,2,05/03/2026,LIMA CENTRO,SUPERIOR,3° FISCALÍA SUPERIOR NACIONAL ESPECIALIZADA EN DELITOS DE LAVADO DE ACTIVOS,NACIONAL ESPECIALIZADA EN DELITOS DE LAVADO DE ACTIVOS Y PERDIDA DE DOMINIO
2026,2,05/03/2026,LIMA CENTRO,SUPERIOR,3ª FISCALÍA SUPERIOR ESPECIALIZADA EN DELITOS DE CORRUPCIÓN DE FUNCIONARIOS,CORRUPCIÓN DE FUNCIONARIOS
2026,2,05/03/2026,LIMA CENTRO,SUPERIOR,3º FISCALIA SUPERIOR NACIONAL ESPECIALIZADA CONTRA LA CRIMINALIDAD ORGANIZADA,NACIONAL ESPECIALIZADA CONTRA LA CRIMINALIDAD ORGANIZADA
2026,2,05/03/2026,LIMA CENTRO,SUPERIOR,4º FISCALIA SUPERIOR ESPECIALIZADA EN DELITOS DE CORRUPCIÓN DE FUNCIONARIOS,CORRUPCIÓN DE FUNCIONARIOS
2026,2,05/03/2026,LIMA CENTRO,SUPERIOR,FISCALÍA SUPERIOR DE LA FISCALÍA CORPORATIVA ESPECIALIZADA EN CIBERDELINCUENCIA DE LIMA CENTRO,CIBERDELINCUENCIA
2026,2,05/03/2026,LIMA CENTRO,SUPERIOR,FISCALIA SUPERIOR ESPECIALIZADA EN DELITOS DE TRATA DE PERSONAS,TRATA DE PERSONAS
2026,2,05/03/2026,LIMA CENTRO,SUPERIOR,FISCALIA SUPERIOR ESPECIALIZADA EN VIOLENCIA CONTRA LA MUJER Y LOS INTEGRANTES DEL GRUPO FAMILIAR DE LIMA CENTRO,VIOLENCIA CONTRA LA MUJER Y LOS INTEGRANTES DEL GRUPO FAMILIAR
2026,2,05/03/2026,LIMA CENTRO,SUPERIOR,FISCALÍA SUPERIOR PENAL DE LA 1º FISCALÍA CORPORATIVA PENAL DE CERCADO DE LIMA-BREÑA-RÍMAC-JESÚS MARÍA,PENAL
2026,2,05/03/2026,LIMA CENTRO,SUPERIOR,FISCALÍA SUPERIOR PENAL DE LA 1º FISCALÍA CORPORATIVA PENAL DE LA VICTORIA-SAN LUIS,PENAL
2026,2,05/03/2026,LIMA CENTRO,SUPERIOR,FISCALÍA SUPERIOR PENAL DE LA 1º FISCALÍA CORPORATIVA PENAL DE MAGDALENA DEL MAR-SAN MIGUEL-PUEBLO LIBRE,PENAL
2026,2,05/03/2026,LIMA CENTRO,SUPERIOR,FISCALÍA SUPERIOR PENAL DE LA 1º FISCALÍA CORPORATIVA PENAL DE SAN ISIDRO-LINCE,PENAL
2026,2,05/03/2026,LIMA CENTRO,SUPERIOR,FISCALÍA SUPERIOR PENAL DE LA 1º FISCALÍA CORPORATIVA PENAL DE SANTIAGO DE SURCO-BARRANCO,PENAL
2026,2,05/03/2026,LIMA CENTRO,SUPERIOR,FISCALÍA SUPERIOR PENAL DE LA 2º FISCALÍA CORPORATIVA PENAL DE CERCADO DE LIMA-BREÑA-RÍMAC-JESÚS MARÍA,PENAL
2026,2,05/03/2026,LIMA CENTRO,SUPERIOR,FISCALÍA SUPERIOR PENAL DE LA 3º FISCALÍA CORPORATIVA PENAL DE CERCADO DE LIMA-BREÑA-RÍMAC-JESÚS MARÍA.,PENAL
2026,2,05/03/2026,LIMA CENTRO,SUPERIOR,FISCALÍA SUPERIOR PENAL DE LA 4º FISCALÍA CORPORATIVA PENAL DE CERCADO DE LIMA-BREÑA-RÍMAC-JESÚS MARÍA,PENAL
2026,2,05/03/2026,LIMA CENTRO,SUPERIOR,FISCALÍA SUPERIOR PENAL DE LA 5º FISCALÍA CORPORATIVA PENAL DE CERCADO DE LIMA-BREÑA-RÍMAC-JESÚS MARÍA,PENAL
2026,2,05/03/2026,LIMA CENTRO,SUPERIOR,FISCALÍA SUPERIOR PENAL DE LA 6º FISCALÍA CORPORATIVA PENAL DE CERCADO DE LIMA-BREÑA-RÍMAC-JESÚS MARÍA,PENAL
2026,2,05/03/2026,LIMA CENTRO,SUPERIOR,FISCALÍA SUPERIOR PENAL DE LA 7º FISCALÍA CORPORATIVA PENAL DE CERCADO DE LIMA-BREÑA-RÍMAC-JESÚS MARÍA,PENAL
2026,2,05/03/2026,LIMA CENTRO,SUPERIOR,FISCALÍA SUPERIOR PENAL DE LA 8º FISCALÍA CORPORATIVA PENAL DE CERCADO DE LIMA-BREÑA-RÍMAC-JESÚS MARÍA,PENAL
2026,2,05/03/2026,LIMA CENTRO,SUPERIOR,FISCALÍA SUPERIOR PENAL DE LA PRIMERA FISCALÍA CORPORATIVA PENAL DE MIRAFLORES-SURQUILLO-SAN BORJA,PENAL
2026,2,05/03/2026,LIMA CENTRO,SUPERIOR,FISCALÍA SUPERIOR PENAL DE LA SEGUNDA FISCALÍA CORPORATIVA PENAL DE LA VICTORIA-SAN LUIS,PENAL
2026,2,05/03/2026,LIMA CENTRO,SUPERIOR,FISCALÍA SUPERIOR PENAL DE LA SEGUNDA FISCALÍA CORPORATIVA PENAL DE MIRAFLORES-SURQUILLO-SAN BORJA,PENAL
2026,2,05/03/2026,LIMA CENTRO,SUPERIOR,FISCALÍA SUPERIOR PENAL DE LA SEGUNDA FISCALÍA CORPORATIVA PENAL DE SANTIAGO DE SURCO-BARRANCO,PENAL
2026,2,05/03/2026,LIMA CENTRO,SUPERIOR,FISCALIA SUPERIOR TRANSITORIA DE EXTINCION DE DOMINIO DE LIMA,EXTINCIÓN DE DOMINIO
2026,2,05/03/2026,LIMA CENTRO,SUPERIOR,FISCALIA SUPERIOR TRANSITORIA ESPECIALIZADA EN PREVENCION DEL DELITO CON COMPETENCIA NACIONAL,PREVENCIÓN DEL DELITO
2026,2,05/03/2026,LIMA CENTRO,SUPERIOR,"FISCALÍA SUPERIOR PENAL ESPECIALIZADA EN DELITOS TRIBUTARIOS, ADUANEROS Y CONTRA LA PROPIEDAD INTELECTUAL DE LIMA CENTRO","ESPECIALIZADA EN DELITOS TRIBUTARIOS, ADUANEROS Y CONTRA LA PROPIEDAD INTELECTUAL"
2026,2,05/03/2026,LIMA CENTRO,SUPERIOR,FISCALÍA SUPERIOR PENAL DE LA 2° FISCALÍA CORPORATIVA PENAL DE SAN ISIDRO - LINCE,PENAL
2026,2,05/03/2026,LIMA CENTRO,SUPERIOR,FISCALÍA SUPERIOR PENAL DE LA 2° FISCALÍA CORPORATIVA ESPECIALIZADA EN CIBERDELINCUENCIA DE LIMA CENTRO,CIBERDELINCUENCIA
2026,2,05/03/2026,LIMA CENTRO,SUPERIOR,"FISCALÍA SUPERIOR ESPECIALIZADA EN DELITOS DE TRÁFICO ILÍCITO DE DROGAS (LIMA CENTRO, ESTE Y SUR)",TRÁFICO ILÍCITO DE DROGAS
2026,2,05/03/2026,LIMA CENTRO,SUPERIOR,1° FISCALÍA SUPERIOR PENAL NACIONAL ESPECIALIZADA EN DERECHOS HUMANOS Y CONTRA EL TERRORISMO,NACIONAL ESPECIALIZADA EN DERECHOS HUMANOS Y CONTRA EL TERRORISMO
2026,2,05/03/2026,LIMA CENTRO,SUPERIOR,2° FISCALÍA SUPERIOR PENAL NACIONAL ESPECIALIZADA EN DERECHOS HUMANOS Y CONTRA EL TERRORISMO,NACIONAL ESPECIALIZADA EN DERECHOS HUMANOS Y CONTRA EL TERRORISMO
2026,2,05/03/2026,LIMA CENTRO,SUPERIOR,3° FISCALÍA SUPERIOR PENAL NACIONAL ESPECIALIZADA EN DERECHOS HUMANOS Y CONTRA EL TERRORISMO,NACIONAL ESPECIALIZADA EN DERECHOS HUMANOS Y CONTRA EL TERRORISMO
2026,2,05/03/2026,LIMA CENTRO,SUPREMA,1º FISCALÍA SUPREMA EN LO PENAL,PENAL
2026,2,05/03/2026,LIMA CENTRO,SUPREMA,2º FISCALÍA SUPREMA EN LO PENAL,PENAL
2026,2,05/03/2026,LIMA CENTRO,SUPREMA,FISCALÍA SUPREMA DE FAMILIA,FAMILIA
2026,2,05/03/2026,LIMA CENTRO,SUPREMA,FISCALÍA SUPREMA ESPECIALIZADA EN DELITOS COMETIDOS POR FUNCIONARIOS PÚBLICOS,CORRUPCIÓN DE FUNCIONARIOS
2026,2,05/03/2026,LIMA CENTRO,SUPREMA,1° FISCALIA SUPREMA ESPECIALIZADA EN DELITOS COMETIDOS POR FUNCIONARIOS PUBLICOS,CORRUPCIÓN DE FUNCIONARIOS
2026,2,05/03/2026,LIMA CENTRO,SUPREMA,2° FISCALIA SUPREMA ESPECIALIZADA EN DELITOS COMETIDOS POR FUNCIONARIO PUBLICOS,CORRUPCIÓN DE FUNCIONARIOS
2026,2,05/03/2026,LIMA ESTE,PROVINCIAL,1° FISCALIA PROVINCIAL CORPORATIVA ESPECIALIZADA EN VIOLENCIA CONTRA LA MUJER Y LOS INTEGRANTES DEL GRUPO FAMILIAR DE SANTA ANITA - ATE,VIOLENCIA CONTRA LA MUJER Y LOS INTEGRANTES DEL GRUPO FAMILIAR
2026,2,05/03/2026,LIMA ESTE,PROVINCIAL,1° FISCALIA PROVINCIAL PENAL CORPORATIVA DE CHOSICA,PENAL
2026,2,05/03/2026,LIMA ESTE,PROVINCIAL,1° FISCALIA PROVINCIAL PENAL CORPORATIVA DE EL AGUSTINO,PENAL
2026,2,05/03/2026,LIMA ESTE,PROVINCIAL,1° FISCALIA PROVINCIAL PENAL CORPORATIVA DE LA MOLINA,PENAL
2026,2,05/03/2026,LIMA ESTE,PROVINCIAL,1° FISCALIA PROVINCIAL PENAL CORPORATIVA DE SANTA ANITA,PENAL
2026,2,05/03/2026,LIMA ESTE,PROVINCIAL,1º FISCALÍA PROVINCIAL DE FAMILIA DE SAN JUAN DE LURIGANCHO,FAMILIA
2026,2,05/03/2026,LIMA ESTE,PROVINCIAL,1º FISCALÍA PROVINCIAL DE FAMILIA DE SANTA ANITA,FAMILIA
2026,2,05/03/2026,LIMA ESTE,PROVINCIAL,1º FISCALÍA PROVINCIAL PENAL CORPORATIVA DE SAN JUAN DE LURIGANCHO - ZONA ALTA,PENAL
2026,2,05/03/2026,LIMA ESTE,PROVINCIAL,1º FISCALÍA PROVINCIAL PENAL CORPORATIVA DE SAN JUAN DE LURIGANCHO - ZONA BAJA,PENAL
2026,2,05/03/2026,LIMA ESTE,PROVINCIAL,1º FISCALÍA PROVINCIAL PENAL CORPORATIVA DE SAN JUAN DE LURIGANCHO - ZONA MEDIA,PENAL
2026,2,05/03/2026,LIMA ESTE,PROVINCIAL,2° FISCALIA PROVINCIAL CORPORATIVA ESPECIALIZADA EN VIOLENCIA CONTRA LA MUJER Y LOS INTEGRANTES DEL GRUPO FAMILIAR DE SANTA ANITA - ATE,VIOLENCIA CONTRA LA MUJER Y LOS INTEGRANTES DEL GRUPO FAMILIAR
2026,2,05/03/2026,LIMA ESTE,PROVINCIAL,2° FISCALIA PROVINCIAL PENAL CORPORATIVA DE CHOSICA,PENAL
2026,2,05/03/2026,LIMA ESTE,PROVINCIAL,2° FISCALIA PROVINCIAL PENAL CORPORATIVA DE LA MOLINA,PENAL
2026,2,05/03/2026,LIMA ESTE,PROVINCIAL,2° FISCALIA PROVINCIAL PENAL CORPORATIVA DE SANTA ANITA,PENAL
2026,2,05/03/2026,LIMA ESTE,PROVINCIAL,2° FISCALIA PROVINCIAL PENAL CORPORATIVA TRANSITORIA DE EL AGUSTINO,PENAL
2026,2,05/03/2026,LIMA ESTE,PROVINCIAL,2º FISCALÍA PROVINCIAL DE FAMILIA DE SAN JUAN DE LURIGANCHO,FAMILIA
2026,2,05/03/2026,LIMA ESTE,PROVINCIAL,2º FISCALÍA PROVINCIAL DE FAMILIA DE SANTA ANITA,FAMILIA
2026,2,05/03/2026,LIMA ESTE,PROVINCIAL,2º FISCALÍA PROVINCIAL PENAL CORPORATIVA DE SAN JUAN DE LURIGANCHO - ZONA BAJA,PENAL
2026,2,05/03/2026,LIMA ESTE,PROVINCIAL,2º FISCALÍA PROVINCIAL PENAL CORPORATIVA DE SAN JUAN DE LURIGANCHO - ZONA MEDIA,PENAL
2026,2,05/03/2026,LIMA ESTE,PROVINCIAL,2º FISCALÍA PROVINCIAL PENAL CORPORATIVA TRANSITORIA DE SAN JUAN DE LURIGANCHO - ZONA ALTA,PENAL
2026,2,05/03/2026,LIMA ESTE,PROVINCIAL,3° FISCALIA PROVINCIAL PENAL CORPORATIVA DE SANTA ANITA,PENAL
2026,2,05/03/2026,LIMA ESTE,PROVINCIAL,3º FISCALÍA PROVINCIAL CORPORATIVA ESPECIALIZADA EN VIOLENCIA CONTRA LA MUJER Y LOS INTEGRANTES DEL GRUPO FAMILIAR DE SANTA ANITA - ATE,VIOLENCIA CONTRA LA MUJER Y LOS INTEGRANTES DEL GRUPO FAMILIAR
2026,2,05/03/2026,LIMA ESTE,PROVINCIAL,3º FISCALÍA PROVINCIAL PENAL CORPORATIVA DE SAN JUAN DE LURIGANCHO - ZONA BAJA,PENAL
2026,2,05/03/2026,LIMA ESTE,PROVINCIAL,4° FISCALIA PROVINCIAL PENAL CORPORATIVA DE SANTA ANITA,PENAL
2026,2,05/03/2026,LIMA ESTE,PROVINCIAL,5° FISCALIA PROVINCIAL PENAL CORPORATIVA DE SANTA ANITA,PENAL
2026,2,05/03/2026,LIMA ESTE,PROVINCIAL,FISCALÍA PROVINCIAL CORPORATIVA ESPECIALIZADA EN VIOLENCIA CONTRA LA MUJER Y LOS INTEGRANTES DEL GRUPO FAMILIAR DE CHOSICA,VIOLENCIA CONTRA LA MUJER Y LOS INTEGRANTES DEL GRUPO FAMILIAR
2026,2,05/03/2026,LIMA ESTE,PROVINCIAL,FISCALIA PROVINCIAL CORPORATIVA ESPECIALIZADA EN VIOLENCIA CONTRA LA MUJER Y LOS INTEGRANTES DEL GRUPO FAMILIAR DE EL AGUSTINO,VIOLENCIA CONTRA LA MUJER Y LOS INTEGRANTES DEL GRUPO FAMILIAR
2026,2,05/03/2026,LIMA ESTE,PROVINCIAL,FISCALIA PROVINCIAL CORPORATIVA ESPECIALIZADA EN VIOLENCIA CONTRA LA MUJER Y LOS INTEGRANTES DEL GRUPO FAMILIAR DE LA MOLINA,VIOLENCIA CONTRA LA MUJER Y LOS INTEGRANTES DEL GRUPO FAMILIAR
2026,2,05/03/2026,LIMA ESTE,PROVINCIAL,FISCALIA PROVINCIAL CORPORATIVA ESPECIALIZADA EN VIOLENCIA CONTRA LA MUJER Y LOS INTEGRANTES DEL GRUPO FAMILIAR DE SAN JUAN DE LURIGANCHO (SECTOR MEDIO),VIOLENCIA CONTRA LA MUJER Y LOS INTEGRANTES DEL GRUPO FAMILIAR
2026,2,05/03/2026,LIMA ESTE,PROVINCIAL,FISCALIA PROVINCIAL CORPORATIVA ESPECIALIZADA EN VIOLENCIA CONTRA LA MUJER Y LOS INTEGRANTES DEL GRUPO FAMILIAR DE SAN JUAN DE LURIGANCHO (ZONA ALTA),VIOLENCIA CONTRA LA MUJER Y LOS INTEGRANTES DEL GRUPO FAMILIAR
2026,2,05/03/2026,LIMA ESTE,PROVINCIAL,FISCALIA PROVINCIAL CORPORATIVA ESPECIALIZADA EN VIOLENCIA CONTRA LA MUJER Y LOS INTEGRANTES DEL GRUPO FAMILIAR DE SAN JUAN DE LURIGANCHO (ZONA BAJA),VIOLENCIA CONTRA LA MUJER Y LOS INTEGRANTES DEL GRUPO FAMILIAR
2026,2,05/03/2026,LIMA ESTE,PROVINCIAL,FISCALÍA PROVINCIAL DE FAMILIA DE EL AGUSTINO,FAMILIA
2026,2,05/03/2026,LIMA ESTE,PROVINCIAL,FISCALÍA PROVINCIAL DE FAMILIA DE HUAROCHIRI,FAMILIA
2026,2,05/03/2026,LIMA ESTE,PROVINCIAL,FISCALÍA PROVINCIAL DE FAMILIA DE HUAYCAN,FAMILIA
2026,2,05/03/2026,LIMA ESTE,PROVINCIAL,FISCALÍA PROVINCIAL DE FAMILIA DE LA MOLINA - CIENEGUILLA,FAMILIA
2026,2,05/03/2026,LIMA ESTE,PROVINCIAL,FISCALÍA PROVINCIAL DE FAMILIA DE LIMA ESTE,FAMILIA
2026,2,05/03/2026,LIMA ESTE,PROVINCIAL,FISCALÍA PROVINCIAL ESPECIALIZADA EN VIOLENCIA CONTRA LA MUJER Y LOS INTEGRANTES DEL GRUPO FAMILIAR DE HUAROCHIRI,VIOLENCIA CONTRA LA MUJER Y LOS INTEGRANTES DEL GRUPO FAMILIAR
2026,2,05/03/2026,LIMA ESTE,PROVINCIAL,FISCALÍA PROVINCIAL ESPECIALIZADA EN VIOLENCIA CONTRA LA MUJER Y LOS INTEGRANTES DEL GRUPO FAMILIAR DE HUAYCÁN,VIOLENCIA CONTRA LA MUJER Y LOS INTEGRANTES DEL GRUPO FAMILIAR
2026,2,05/03/2026,LIMA ESTE,PROVINCIAL,FISCALÍA PROVINCIAL PENAL CORPORATIVA DE HUAROCHIRÍ,PENAL
2026,2,05/03/2026,LIMA ESTE,PROVINCIAL,FISCALIA PROVINCIAL PENAL CORPORATIVA DE HUAYCAN,PENAL
2026,2,05/03/2026,LIMA ESTE,PROVINCIAL,FISCALÍA PROVINCIAL TRANSITORIA DE PREVENCIÓN DEL DELITO DE SAN JUAN DE LURIGANCHO - ZONA ALTA,PREVENCIÓN DEL DELITO
2026,2,05/03/2026,LIMA ESTE,PROVINCIAL,FISCALÍA PROVINCIAL TRANSITORIA DE PREVENCIÓN DEL DELITO DE SAN JUAN DE LURIGANCHO - ZONA BAJA,PREVENCIÓN DEL DELITO
2026,2,05/03/2026,LIMA ESTE,PROVINCIAL,FISCALÍA PROVINCIAL TRANSITORIA DE PREVENCIÓN DEL DELITO DE SAN JUAN DE LURIGANCHO - ZONA MEDIA,PREVENCIÓN DEL DELITO
2026,2,05/03/2026,LIMA ESTE,PROVINCIAL,FISCALIA PROVINCIAL TRANSITORIA ESPECIALIZADA EN DELITOS DE CORRUPCIÓN DE FUNCIONARIOS DE LIMA ESTE,CORRUPCIÓN DE FUNCIONARIOS
2026,2,05/03/2026,LIMA ESTE,PROVINCIAL,1° FISCALÍA PROVINCIAL PENAL DE FLAGRANCIA DELICTIVA DEL DF LIMA ESTE,PENAL DE FLAGRANCIA DELICTIVA
2026,2,05/03/2026,LIMA ESTE,PROVINCIAL,2° FISCALÍA PROVINCIAL PENAL DE FLAGRANCIA DELICTIVA DEL DF LIMA ESTE,PENAL DE FLAGRANCIA DELICTIVA
2026,2,05/03/2026,LIMA ESTE,PROVINCIAL,3° FISCALÍA PROVINCIAL PENAL DE FLAGRANCIA DELICTIVA DEL DF LIMA ESTE,PENAL DE FLAGRANCIA DELICTIVA
2026,2,05/03/2026,LIMA ESTE,SUPERIOR,1° FISCALÍA SUPERIOR PENAL DE LIMA ESTE,PENAL
2026,2,05/03/2026,LIMA ESTE,SUPERIOR,1° FISCALÍA SUPERIOR PENAL DE SAN JUAN DE LURIGANCHO,PENAL
2026,2,05/03/2026,LIMA ESTE,SUPERIOR,2° FISCALÍA SUPERIOR PENAL DE LIMA ESTE,PENAL
2026,2,05/03/2026,LIMA ESTE,SUPERIOR,2° FISCALIA SUPERIOR PENAL TRANSITORIA DE SAN JUAN DE LURIGANCHO,PENAL
2026,2,05/03/2026,LIMA ESTE,SUPERIOR,3° FISCALÍA SUPERIOR PENAL DE SAN JUAN DE LURIGANCHO,PENAL
2026,2,05/03/2026,LIMA ESTE,SUPERIOR,FISCALÍA SUPERIOR DE FAMILIA DE LIMA ESTE,FAMILIA
2026,2,05/03/2026,LIMA ESTE,SUPERIOR,FISCALIA SUPERIOR ESPECIALIZADA EN VIOLENCIA CONTRA LA MUJER Y LOS INTEGRANTES DEL GRUPO FAMILIAR DE LIMA ESTE,VIOLENCIA CONTRA LA MUJER Y LOS INTEGRANTES DEL GRUPO FAMILIAR
2026,2,05/03/2026,LIMA NOROESTE,PROVINCIAL,1° FISCALIA PROVINCIAL CORPORATIVA ESPECIALIZADA EN VIOLENCIA CONTRA LAS MUJERES Y LOS INTEGRANTES DEL GRUPO FAMILIAR DE PUENTE PIEDRA,VIOLENCIA CONTRA LA MUJER Y LOS INTEGRANTES DEL GRUPO FAMILIAR
2026,2,05/03/2026,LIMA NOROESTE,PROVINCIAL,1° FISCALIA PROVINCIAL CORPORATIVA ESPECIALIZADA EN VIOLENCIA CONTRA LAS MUJERES Y LOS INTEGRANTES DEL GRUPO FAMILIAR DE VENTANILLA,VIOLENCIA CONTRA LA MUJER Y LOS INTEGRANTES DEL GRUPO FAMILIAR
2026,2,05/03/2026,LIMA NOROESTE,PROVINCIAL,1° FISCALÍA PROVINCIAL ESPECIALIZADA EN PREVENCIÓN DEL DELITO - VENTANILLA,PREVENCIÓN DEL DELITO
2026,2,05/03/2026,LIMA NOROESTE,PROVINCIAL,1° FISCALIA PROVINCIAL PENAL CORPORATIVA DE PUENTE PIEDRA,PENAL
2026,2,05/03/2026,LIMA NOROESTE,PROVINCIAL,1° FISCALÍA PROVINCIAL PENAL CORPORATIVA DE SANTA ROSA,PENAL
2026,2,05/03/2026,LIMA NOROESTE,PROVINCIAL,1° FISCALÍA PROVINCIAL PENAL CORPORATIVA DE VENTANILLA,PENAL
2026,2,05/03/2026,LIMA NOROESTE,PROVINCIAL,1º FISCALÍA PROVINCIAL DE FAMILIA DE PUENTE PIEDRA,FAMILIA
2026,2,05/03/2026,LIMA NOROESTE,PROVINCIAL,1º FISCALÍA PROVINCIAL DE FAMILIA DE VENTANILLA,FAMILIA
2026,2,05/03/2026,LIMA NOROESTE,PROVINCIAL,2° FISCALÍA PROVINCIAL ESPECIALIZADA EN PREVENCIÓN DEL DELITO - VENTANILLA,PREVENCIÓN DEL DELITO
2026,2,05/03/2026,LIMA NOROESTE,PROVINCIAL,2° FISCALIA PROVINCIAL PENAL CORPORATIVA DE PUENTE PIEDRA,PENAL
2026,2,05/03/2026,LIMA NOROESTE,PROVINCIAL,2° FISCALÍA PROVINCIAL PENAL CORPORATIVA DE SANTA ROSA,PENAL
2026,2,05/03/2026,LIMA NOROESTE,PROVINCIAL,2° FISCALÍA PROVINCIAL PENAL CORPORATIVA DE VENTANILLA,PENAL
2026,2,05/03/2026,LIMA NOROESTE,PROVINCIAL,2º FISCALÍA PROVINCIAL CORPORATIVA ESPECIALIZADA EN VIOLENCIA CONTRA LA MUJER Y LOS INTEGRANTES DEL GRUPO FAMILIAR DE PUENTE PIEDRA,VIOLENCIA CONTRA LA MUJER Y LOS INTEGRANTES DEL GRUPO FAMILIAR
2026,2,05/03/2026,LIMA NOROESTE,PROVINCIAL,2º FISCALÍA PROVINCIAL CORPORATIVA ESPECIALIZADA EN VIOLENCIA CONTRA LA MUJER Y LOS INTEGRANTES DEL GRUPO FAMILIAR DE VENTANILLA,VIOLENCIA CONTRA LA MUJER Y LOS INTEGRANTES DEL GRUPO FAMILIAR
2026,2,05/03/2026,LIMA NOROESTE,PROVINCIAL,2º FISCALÍA PROVINCIAL DE FAMILIA DE PUENTE PIEDRA,FAMILIA
2026,2,05/03/2026,LIMA NOROESTE,PROVINCIAL,2º FISCALÍA PROVINCIAL DE FAMILIA DE VENTANILLA,FAMILIA
2026,2,05/03/2026,LIMA NOROESTE,PROVINCIAL,3° FISCALIA PROVINCIAL PENAL CORPORATIVA DE PUENTE PIEDRA,PENAL
2026,2,05/03/2026,LIMA NOROESTE,PROVINCIAL,3° FISCALÍA PROVINCIAL PENAL CORPORATIVA DE SANTA ROSA,PENAL
2026,2,05/03/2026,LIMA NOROESTE,PROVINCIAL,3° FISCALÍA PROVINCIAL PENAL CORPORATIVA DE VENTANILLA,PENAL
2026,2,05/03/2026,LIMA NOROESTE,PROVINCIAL,3º FISCALÍA PROVINCIAL DE FAMILIA DE VENTANILLA,FAMILIA
2026,2,05/03/2026,LIMA NOROESTE,PROVINCIAL,4° FISCALÍA PROVINCIAL PENAL CORPORATIVA DE VENTANILLA,PENAL
2026,2,05/03/2026,LIMA NOROESTE,PROVINCIAL,FISCALIA PROVINCIAL CORPORATIVA ESPECIALIZADA CONTRA LA CRIMINALIDAD ORGANIZADA DE VENTANILLA,CRIMINALIDAD ORGANIZADA
2026,2,05/03/2026,LIMA NOROESTE,PROVINCIAL,FISCALÍA PROVINCIAL CORPORATIVA ESPECIALIZADA EN DELITOS DE CORRUPCIÓN DE FUNCIONARIOS DE VENTANILLA,CORRUPCIÓN DE FUNCIONARIOS
2026,2,05/03/2026,LIMA NOROESTE,PROVINCIAL,FISCALIA PROVINCIAL CORPORATIVA ESPECIALIZADA EN VIOLENCIA CONTRA LA MUJER Y LOS INTEGRANTES DEL GRUPO FAMILIAR DE SANTA ROSA,VIOLENCIA CONTRA LA MUJER Y LOS INTEGRANTES DEL GRUPO FAMILIAR
2026,2,05/03/2026,LIMA NOROESTE,PROVINCIAL,FISCALÍA PROVINCIAL ESPECIALIZADA EN DELITOS ADUANEROS Y CONTRA LA PROPIEDAD INTELECTUAL DE VENTANILLA,ADUANEROS Y CONTRA LA PROPIEDAD INTELECTUAL
2026,2,05/03/2026,LIMA NOROESTE,PROVINCIAL,FISCALÍA PROVINCIAL ESPECIALIZADA EN DELITOS DE MATERIA AMBIENTAL DE VENTANILLA,MATERIA AMBIENTAL
2026,2,05/03/2026,LIMA NOROESTE,PROVINCIAL,FISCALÍA PROVINCIAL ESPECIALIZADA EN DELITOS DE TRÁFICO ILÍCITO DE DROGAS DE VENTANILLA - SEDE VENTANILLA,TRÁFICO ILÍCITO DE DROGAS
2026,2,05/03/2026,LIMA NOROESTE,PROVINCIAL,FISCALÍA PROVINCIAL PENAL CORPORATIVA DE MI PERÚ,PENAL
2026,2,05/03/2026,LIMA NOROESTE,SUPERIOR,2° FISCALIA SUPERIOR PENAL DE VENTANILLA - NCPP 2017,PENAL
2026,2,05/03/2026,LIMA NOROESTE,SUPERIOR,FISCALÍA SUPERIOR DE FAMILIA TRANSITORIA DE VENTANILLA,FAMILIA
2026,2,05/03/2026,LIMA NOROESTE,SUPERIOR,1° FISCALÍA SUPERIOR PENAL DE VENTANILLA,PENAL
2026,2,05/03/2026,LIMA NORTE,PROVINCIAL,1° FISCALÍA  PROVINCIAL CORPORATIVA EPECIALIZADA EN VIOLENCIA CONTRA LAS MUJERES Y LOS INTEGRANTES DEL GRUPO FAMILIAR DE LOS OLIVOS,VIOLENCIA CONTRA LA MUJER Y LOS INTEGRANTES DEL GRUPO FAMILIAR
2026,2,05/03/2026,LIMA NORTE,PROVINCIAL,1° FISCALIA PROVINCIAL ESPECIALIZADA EN VIOLENCIA CONTRA LA MUJER Y LOS INTEGRANTES DEL GRUPO FAMILIAR DE COMAS,VIOLENCIA CONTRA LA MUJER Y LOS INTEGRANTES DEL GRUPO FAMILIAR
2026,2,05/03/2026,LIMA NORTE,PROVINCIAL,1° FISCALIA PROVINCIAL PENAL CORPORATIVA DE CARABAYLLO,PENAL
2026,2,05/03/2026,LIMA NORTE,PROVINCIAL,1° FISCALIA PROVINCIAL PENAL CORPORATIVA DE CONDEVILLA,PENAL
2026,2,05/03/2026,LIMA NORTE,PROVINCIAL,1° FISCALIA PROVINCIAL PENAL CORPORATIVA DE LIMA NORTE,PENAL
2026,2,05/03/2026,LIMA NORTE,PROVINCIAL,1° FISCALIA PROVINCIAL PENAL CORPORATIVA DE LOS OLIVOS,PENAL
2026,2,05/03/2026,LIMA NORTE,PROVINCIAL,10° FISCALIA PROVINCIAL PENAL CORPORATIVA DE LIMA NORTE,PENAL
2026,2,05/03/2026,LIMA NORTE,PROVINCIAL,11° FISCALIA PROVINCIAL PENAL CORPORATIVA DE LIMA NORTE,PENAL
2026,2,05/03/2026,LIMA NORTE,PROVINCIAL,1ª FISCALÍA PROVINCIAL DE FAMILIA DE LIMA NORTE,FAMILIA
2026,2,05/03/2026,LIMA NORTE,PROVINCIAL,1ª FISCALÍA PROVINCIAL ESPECIALIZADA DE PREVENCIÓN DEL DELITO DE LIMA NORTE,PREVENCIÓN DEL DELITO
2026,2,05/03/2026,LIMA NORTE,PROVINCIAL,1º FISCALÍA PROVINCIAL DE FAMILIA DE CARABAYLLO,FAMILIA
2026,2,05/03/2026,LIMA NORTE,PROVINCIAL,1º FISCALÍA PROVINCIAL DE FAMILIA DE CONDEVILLA,FAMILIA
2026,2,05/03/2026,LIMA NORTE,PROVINCIAL,1º FISCALÍA PROVINCIAL DE FAMILIA DE LOS OLIVOS,FAMILIA
2026,2,05/03/2026,LIMA NORTE,PROVINCIAL,2° FISCALIA PROVINCIAL CORPORATIVA ESPECIALIZADA EN VIOLENCIA CONTRA LA MUJER Y LOS INTEGRANTES DEL GRUPO FAMILIAR DE COMAS,VIOLENCIA CONTRA LA MUJER Y LOS INTEGRANTES DEL GRUPO FAMILIAR
2026,2,05/03/2026,LIMA NORTE,PROVINCIAL,2° FISCALIA PROVINCIAL PENAL CORPORATIVA DE CARABAYLLO,PENAL
2026,2,05/03/2026,LIMA NORTE,PROVINCIAL,2° FISCALIA PROVINCIAL PENAL CORPORATIVA DE CONDEVILLA,PENAL
2026,2,05/03/2026,LIMA NORTE,PROVINCIAL,2° FISCALIA PROVINCIAL PENAL CORPORATIVA DE LIMA NORTE,PENAL
2026,2,05/03/2026,LIMA NORTE,PROVINCIAL,2° FISCALIA PROVINCIAL PENAL CORPORATIVA DE LOS OLIVOS,PENAL
2026,2,05/03/2026,LIMA NORTE,PROVINCIAL,2ª FISCALÍA PROVINCIAL DE FAMILIA DE LIMA NORTE,FAMILIA
2026,2,05/03/2026,LIMA NORTE,PROVINCIAL,2ª FISCALÍA PROVINCIAL ESPECIALIZADA DE PREVENCIÓN DEL DELITO DE LIMA NORTE,PREVENCIÓN DEL DELITO
2026,2,05/03/2026,LIMA NORTE,PROVINCIAL,2º FISCALÍA PROVINCIAL CORPORATIVA ESPECIALIZADA EN VIOLENCIA CONTRA LAS MUJERES Y LOS INTEGRANTES DEL GRUPO FAMILIAR DE CARABAYLLO,VIOLENCIA CONTRA LA MUJER Y LOS INTEGRANTES DEL GRUPO FAMILIAR
2026,2,05/03/2026,LIMA NORTE,PROVINCIAL,2º FISCALÍA PROVINCIAL CORPORATIVA ESPECIALIZADA EN VIOLENCIA CONTRA LAS MUJERES Y LOS INTEGRANTES DEL GRUPO FAMILIAR DE CONDEVILLA,VIOLENCIA CONTRA LA MUJER Y LOS INTEGRANTES DEL GRUPO FAMILIAR
2026,2,05/03/2026,LIMA NORTE,PROVINCIAL,2º FISCALÍA PROVINCIAL CORPORATIVA ESPECIALIZADA EN VIOLENCIA CONTRA LAS MUJERES Y LOS INTEGRANTES DEL GRUPO FAMILIAR DE LOS OLIVOS,VIOLENCIA CONTRA LA MUJER Y LOS INTEGRANTES DEL GRUPO FAMILIAR
2026,2,05/03/2026,LIMA NORTE,PROVINCIAL,2º FISCALÍA PROVINCIAL DE FAMILIA DE CARABAYLLO,FAMILIA
2026,2,05/03/2026,LIMA NORTE,PROVINCIAL,2º FISCALÍA PROVINCIAL DE FAMILIA DE CONDEVILLA,FAMILIA
2026,2,05/03/2026,LIMA NORTE,PROVINCIAL,2º FISCALÍA PROVINCIAL DE FAMILIA DE LOS OLIVOS,FAMILIA
2026,2,05/03/2026,LIMA NORTE,PROVINCIAL,3° FISCALIA PROVINCIAL CORPORATIVA ESPECIALIZADA EN PREVENCION DEL DELITO DE LIMA NORTE,PREVENCIÓN DEL DELITO
2026,2,05/03/2026,LIMA NORTE,PROVINCIAL,3° FISCALIA PROVINCIAL CORPORATIVA ESPECIALIZADA EN VIOLENCIA CONTRA LA MUJER Y LOS INTEGRANTES DEL GRUPO FAMILIAR DE COMAS,VIOLENCIA CONTRA LA MUJER Y LOS INTEGRANTES DEL GRUPO FAMILIAR
2026,2,05/03/2026,LIMA NORTE,PROVINCIAL,3° FISCALIA PROVINCIAL PENAL CORPORATIVA DE CARABAYLLO,PENAL
2026,2,05/03/2026,LIMA NORTE,PROVINCIAL,3° FISCALIA PROVINCIAL PENAL CORPORATIVA DE CONDEVILLA,PENAL
2026,2,05/03/2026,LIMA NORTE,PROVINCIAL,3° FISCALIA PROVINCIAL PENAL CORPORATIVA DE LIMA NORTE,PENAL
2026,2,05/03/2026,LIMA NORTE,PROVINCIAL,3ª FISCALÍA PROVINCIAL DE FAMILIA DE LIMA NORTE,FAMILIA
2026,2,05/03/2026,LIMA NORTE,PROVINCIAL,4° FISCALIA PROVINCIAL CORPORATIVA ESPECIALIZADA EN VIOLENCIA CONTRA LA MUJER Y LOS INTEGRANTES DEL GRUPO FAMILIAR DE COMAS (SEDE INDEPENDENCIA),VIOLENCIA CONTRA LA MUJER Y LOS INTEGRANTES DEL GRUPO FAMILIAR
2026,2,05/03/2026,LIMA NORTE,PROVINCIAL,4° FISCALIA PROVINCIAL PENAL CORPORATIVA DE LIMA NORTE,PENAL
2026,2,05/03/2026,LIMA NORTE,PROVINCIAL,4ª FISCALÍA PROVINCIAL DE FAMILIA DE LIMA NORTE,FAMILIA
2026,2,05/03/2026,LIMA NORTE,PROVINCIAL,5° FISCALIA PROVINCIAL PENAL CORPORATIVA DE LIMA NORTE,PENAL
2026,2,05/03/2026,LIMA NORTE,PROVINCIAL,5ª FISCALÍA PROVINCIAL DE FAMILIA DE LIMA NORTE,FAMILIA
2026,2,05/03/2026,LIMA NORTE,PROVINCIAL,5º FISCALÍA PROVINCIAL CORPORATIVA ESPECIALIZADA EN VIOLENCIA CONTRA LAS MUJERES Y LOS INTEGRANTES DEL GRUPO FAMILIAR DE COMAS (SEDE INDEPENDENCIA),VIOLENCIA CONTRA LA MUJER Y LOS INTEGRANTES DEL GRUPO FAMILIAR
2026,2,05/03/2026,LIMA NORTE,PROVINCIAL,6° FISCALIA PROVINCIAL PENAL CORPORATIVA DE LIMA NORTE,PENAL
2026,2,05/03/2026,LIMA NORTE,PROVINCIAL,6ª FISCALÍA PROVINCIAL DE FAMILIA DE LIMA NORTE,FAMILIA
2026,2,05/03/2026,LIMA NORTE,PROVINCIAL,6º FISCALÍA PROVINCIAL CORPORATIVA ESPECIALIZADA EN VIOLENCIA CONTRA LAS MUJERES Y LOS INTEGRANTES DEL GRUPO FAMILIAR DE COMAS (SEDE INDEPENDENCIA),VIOLENCIA CONTRA LA MUJER Y LOS INTEGRANTES DEL GRUPO FAMILIAR
2026,2,05/03/2026,LIMA NORTE,PROVINCIAL,7° FISCALIA PROVINCIAL PENAL CORPORATIVA DE LIMA NORTE,PENAL
2026,2,05/03/2026,LIMA NORTE,PROVINCIAL,8° FISCALIA PROVINCIAL PENAL CORPORATIVA DE LIMA NORTE,PENAL
2026,2,05/03/2026,LIMA NORTE,PROVINCIAL,9° FISCALIA PROVINCIAL PENAL CORPORATIVA DE LIMA NORTE,PENAL
2026,2,05/03/2026,LIMA NORTE,PROVINCIAL,FISCALÍA PROVINCIAL CORPORATIVA DE TRÁNSITO Y SEGURIDAD VÍAL DE LIMA NORTE,TRÁNSITO Y SEGURIDAD VIAL
2026,2,05/03/2026,LIMA NORTE,PROVINCIAL,FISCALIA PROVINCIAL CORPORATIVA EN DELITOS DE LAVADO DE ACTIVOS  EN LIMA NORTE,LAVADO DE ACTIVOS Y PERDIDA DE DOMINIO
2026,2,05/03/2026,LIMA NORTE,PROVINCIAL,FISCALIA PROVINCIAL CORPORATIVA ESPECIALIZADA EN DELITOS DE CORRUPCION DE FUNCIONARIOS DE LIMA NORTE,CORRUPCIÓN DE FUNCIONARIOS
2026,2,05/03/2026,LIMA NORTE,PROVINCIAL,FISCALIA PROVINCIAL CORPORATIVA ESPECIALIZADA EN DELITOS DE TRAFICO ILICITO DE DROGAS DE LIMA NORTE,TRÁFICO ILÍCITO DE DROGAS
2026,2,05/03/2026,LIMA NORTE,PROVINCIAL,FISCALIA PROVINCIAL CORPORATIVA ESPECIALIZADA EN VIOLENCIA CONTRA LA MUJER Y LOS INTEGRANTES DEL GRUPO FAMILIAR DE CARABAYLLO,VIOLENCIA CONTRA LA MUJER Y LOS INTEGRANTES DEL GRUPO FAMILIAR
2026,2,05/03/2026,LIMA NORTE,PROVINCIAL,FISCALIA PROVINCIAL CORPORATIVA ESPECIALIZADA EN VIOLENCIA CONTRA LA MUJER Y LOS INTEGRANTES DEL GRUPO FAMILIAR DE CONDEVILLA,VIOLENCIA CONTRA LA MUJER Y LOS INTEGRANTES DEL GRUPO FAMILIAR
2026,2,05/03/2026,LIMA NORTE,PROVINCIAL,FISCALÍA PROVINCIAL DE FAMILIA DE CANTA,FAMILIA
2026,2,05/03/2026,LIMA NORTE,PROVINCIAL,FISCALÍA PROVINCIAL DE FAMILIA ESPECIALIZADA EN MATERIA TUTELAR - LIMA NORTE,FAMILIA
2026,2,05/03/2026,LIMA NORTE,PROVINCIAL,FISCALIA PROVINCIAL ESPECIALIZADA EN DELITOS ADUANEROS Y CONTRA LA PROPIEDAD INTELECTUAL DE LIMA NORTE,ADUANEROS Y CONTRA LA PROPIEDAD INTELECTUAL
2026,2,05/03/2026,LIMA NORTE,PROVINCIAL,FISCALIA PROVINCIAL ESPECIALIZADA EN DELITOS TRATA DE PERSONAS DE LIMA NORTE,TRATA DE PERSONAS
2026,2,05/03/2026,LIMA NORTE,PROVINCIAL,FISCALIA PROVINCIAL ESPECIALIZADA EN MATERIA AMBIENTAL DE LIMA NORTE,MATERIA AMBIENTAL
2026,2,05/03/2026,LIMA NORTE,PROVINCIAL,FISCALIA PROVINCIAL PENAL DE CANTA,PENAL
2026,2,05/03/2026,LIMA NORTE,PROVINCIAL,7° FISCALÍA PROVINCIAL CORPORATIVA ESPECIALIZADA EN VIOLENCIA CONTRA LAS MUJERES Y LOS INTEGRANTES DEL GRUPO FAMILIAR DE COMAS (SEDE INDEPENDENCIA),VIOLENCIA CONTRA LA MUJER Y LOS INTEGRANTES DEL GRUPO FAMILIAR
2026,2,05/03/2026,LIMA NORTE,PROVINCIAL,3° FISCALÍA PROVINCIAL PENAL CORPORATIVA DE LOS OLIVOS,PENAL
2026,2,05/03/2026,LIMA NORTE,PROVINCIAL,1° FISCALÍA PROVINCIAL PENAL DE FLAGRANCIA DELICTIVA DEL DF LIMA NORTE,PENAL DE FLAGRANCIA DELICTIVA
2026,2,05/03/2026,LIMA NORTE,PROVINCIAL,2° FISCALÍA PROVINCIAL PENAL DE FLAGRANCIA DELICTIVA DEL DF LIMA NORTE,PENAL DE FLAGRANCIA DELICTIVA
2026,2,05/03/2026,LIMA NORTE,PROVINCIAL,3° FISCALÍA PROVINCIAL PENAL DE FLAGRANCIA DELICTIVA DEL DF LIMA NORTE,PENAL DE FLAGRANCIA DELICTIVA
2026,2,05/03/2026,LIMA NORTE,SUPERIOR,1ª FISCALÍA SUPERIOR EN LO PENAL DE LIMA NORTE,PENAL
2026,2,05/03/2026,LIMA NORTE,SUPERIOR,2ª FISCALÍA SUPERIOR EN LO PENAL DE LIMA NORTE,PENAL
2026,2,05/03/2026,LIMA NORTE,SUPERIOR,2º FISCALÍA SUPERIOR ESPECIALIZADA EN VIOLENCIA CONTRA LAS MUJERES Y LOS INTEGRANTES DEL GRUPO FAMILIAR DE LIMA NORTE,VIOLENCIA CONTRA LA MUJER Y LOS INTEGRANTES DEL GRUPO FAMILIAR
2026,2,05/03/2026,LIMA NORTE,SUPERIOR,3ª FISCALÍA SUPERIOR EN LO PENAL DE LIMA NORTE,PENAL
2026,2,05/03/2026,LIMA NORTE,SUPERIOR,4ª FISCALÍA SUPERIOR EN LO PENAL DE LIMA NORTE,PENAL
2026,2,05/03/2026,LIMA NORTE,SUPERIOR,5° FISCALIA SUPERIOR PENAL DE LIMA NORTE,PENAL
2026,2,05/03/2026,LIMA NORTE,SUPERIOR,6° FISCALIA SUPERIOR PENAL DE LIMA NORTE,PENAL
2026,2,05/03/2026,LIMA NORTE,SUPERIOR,7° FISCALIA SUPERIOR PENAL DE LIMA NORTE,PENAL
2026,2,05/03/2026,LIMA NORTE,SUPERIOR,8° FISCALIA SUPERIOR PENAL DE LIMA NORTE,PENAL
2026,2,05/03/2026,LIMA NORTE,SUPERIOR,9° FISCALIA SUPERIOR PENAL DE LIMA NORTE,PENAL
2026,2,05/03/2026,LIMA NORTE,SUPERIOR,FISCALÍA SUPERIOR DE FAMILIA DE LIMA NORTE,FAMILIA
2026,2,05/03/2026,LIMA NORTE,SUPERIOR,FISCALIA SUPERIOR ESPECIALIZADA EN  VIOLENCIA CONTRA LA MUJER Y LOS INTEGRANTES DEL GRUPO FAMILIAR DE LIMA NORTE,VIOLENCIA CONTRA LA MUJER Y LOS INTEGRANTES DEL GRUPO FAMILIAR
2026,2,05/03/2026,LIMA NORTE,SUPERIOR,FISCALIA SUPERIOR ESPECIALIZADA EN DELITOS DE CORRUPCION DE FUNCIONARIOS DE LIMA NORTE,CORRUPCIÓN DE FUNCIONARIOS
2026,2,05/03/2026,LIMA SUR,PROVINCIAL,1° FISCALIA PROVINCIAL PENAL CORPORATIVA DE VILLA EL SALVADOR,PENAL
2026,2,05/03/2026,LIMA SUR,PROVINCIAL,1º FISCALÍA PROVINCIAL DE FAMILIA DE SAN JUAN DE MIRAFLORES,FAMILIA
2026,2,05/03/2026,LIMA SUR,PROVINCIAL,2° FISCALIA PROVINCIAL PENAL CORPORATIVA DE VILLA EL SALVADOR,PENAL
2026,2,05/03/2026,LIMA SUR,PROVINCIAL,2º FISCALÍA PROVINCIAL DE FAMILIA DE SAN JUAN DE MIRAFLORES,FAMILIA
2026,2,05/03/2026,LIMA SUR,PROVINCIAL,FISCALIA PROVINCIAL CORPORATIVA ESPECIALIZADA EN DELITOS DE CORRUPCION DE FUNCIONARIOS DE LIMA SUR,CORRUPCIÓN DE FUNCIONARIOS
2026,2,05/03/2026,LIMA SUR,PROVINCIAL,FISCALIA PROVINCIAL CORPORATIVA TRANSITORIA ESPECIALIZADA EN VIOLENCIA CONTRA LA MUJER Y LOS INTEGRANTES DEL GRUPO FAMILIAR DE SAN JUAN DE MIRAFLORES,VIOLENCIA CONTRA LA MUJER Y LOS INTEGRANTES DEL GRUPO FAMILIAR
2026,2,05/03/2026,LIMA SUR,PROVINCIAL,FISCALÍA PROVINCIAL CORPORATIVA TRANSITORIA ESPECIALIZADA EN VIOLENCIA CONTRA LA MUJER Y LOS INTEGRANTES DEL GRUPO FAMILIAR DE VILLA EL SALVADOR,VIOLENCIA CONTRA LA MUJER Y LOS INTEGRANTES DEL GRUPO FAMILIAR
2026,2,05/03/2026,LIMA SUR,PROVINCIAL,FISCALÍA PROVINCIAL CORPORATIVA TRANSITORIA ESPECIALIZADA EN VIOLENCIA CONTRA LA MUJER Y LOS INTEGRANTES DEL GRUPO FAMILIAR DE VILLA MARÍA DEL TRIUNFO,VIOLENCIA CONTRA LA MUJER Y LOS INTEGRANTES DEL GRUPO FAMILIAR
2026,2,05/03/2026,LIMA SUR,PROVINCIAL,FISCALÍA PROVINCIAL DE FAMILIA DE CHORRILLOS,FAMILIA
2026,2,05/03/2026,LIMA SUR,PROVINCIAL,FISCALÍA PROVINCIAL DE FAMILIA DE LURÍN,FAMILIA
2026,2,05/03/2026,LIMA SUR,PROVINCIAL,FISCALÍA PROVINCIAL DE FAMILIA DE VILLA EL SALVADOR,FAMILIA
2026,2,05/03/2026,LIMA SUR,PROVINCIAL,FISCALÍA PROVINCIAL DE FAMILIA DE VILLA MARÍA DEL TRIUNFO,FAMILIA
2026,2,05/03/2026,LIMA SUR,PROVINCIAL,FISCALIA PROVINCIAL DE PREVENCION DEL DELITO DE LIMA SUR,PREVENCIÓN DEL DELITO
2026,2,05/03/2026,LIMA SUR,PROVINCIAL,FISCALIA PROVINCIAL ESPECIALIZADA EN VIOLENCIA CONTRA LA MUJER Y LOS INTEGRANTES DEL GRUPO FAMILIAR DE CHORRILLOS,VIOLENCIA CONTRA LA MUJER Y LOS INTEGRANTES DEL GRUPO FAMILIAR
2026,2,05/03/2026,LIMA SUR,PROVINCIAL,FISCALÍA PROVINCIAL ESPECIALIZADA EN VIOLENCIA CONTRA LA MUJER Y LOS INTEGRANTES DEL GRUPO FAMILIAR DE LURÍN,VIOLENCIA CONTRA LA MUJER Y LOS INTEGRANTES DEL GRUPO FAMILIAR
2026,2,05/03/2026,LIMA SUR,PROVINCIAL,FISCALIA PROVINCIAL PENAL CORPORATIVA DE CHORRILLOS,PENAL
2026,2,05/03/2026,LIMA SUR,PROVINCIAL,FISCALÍA PROVINCIAL PENAL CORPORATIVA DE LURÍN,PENAL
2026,2,05/03/2026,LIMA SUR,PROVINCIAL,FISCALIA PROVINCIAL PENAL CORPORATIVA DE SAN JUAN DE MIRAFLORES,PENAL
2026,2,05/03/2026,LIMA SUR,PROVINCIAL,FISCALÍA PROVINCIAL PENAL CORPORATIVA DE VILLA MARÍA DEL TRIUNFO,PENAL
2026,2,05/03/2026,LIMA SUR,PROVINCIAL,FISCALIA PROVINCIAL TRANSITORIA ESPECIALIZADA EN DELITOS DE CORRUPCION DE FUNCIONARIOS DE LIMA SUR,CORRUPCIÓN DE FUNCIONARIOS
2026,2,05/03/2026,LIMA SUR,SUPERIOR,1° FISCALIA SUPERIOR PENAL DE LIMA SUR,PENAL
2026,2,05/03/2026,LIMA SUR,SUPERIOR,1° FISCALIA SUPERIOR PENAL TRANSITORIA DE LIMA SUR,PENAL
2026,2,05/03/2026,LIMA SUR,SUPERIOR,2° FISCALIA SUPERIOR PENAL DE LIMA SUR,PENAL
2026,2,05/03/2026,LIMA SUR,SUPERIOR,2° FISCALIA SUPERIOR PENAL TRANSITORIA DE LIMA SUR,PENAL
2026,2,05/03/2026,LIMA SUR,SUPERIOR,3° FISCALIA SUPERIOR PENAL DE LIMA SUR,PENAL
2026,2,05/03/2026,LIMA SUR,SUPERIOR,FISCALÍA SUPERIOR DE FAMILIA DE LIMA SUR,FAMILIA
2026,2,05/03/2026,LIMA SUR,SUPERIOR,FISCALIA SUPERIOR ESPECIALIZADA EN DELITOS DE CORRUPCION DE FUNCIONARIOS DE LIMA SUR,CORRUPCIÓN DE FUNCIONARIOS
2026,2,05/03/2026,LORETO,PROVINCIAL,1° FISCALIA PROVINCIAL PENAL CORPORATIVA DE MAYNAS,PENAL
2026,2,05/03/2026,LORETO,PROVINCIAL,1º FISCALÍA PROVINCIAL DE FAMILIA DE MAYNAS,FAMILIA
2026,2,05/03/2026,LORETO,PROVINCIAL,1º FISCALÍA PROVINCIAL DE PREVENCIÓN DEL DELITO DE LORETO,PREVENCIÓN DEL DELITO
2026,2,05/03/2026,LORETO,PROVINCIAL,2° FISCALIA PROVINCIAL PENAL CORPORATIVA DE MAYNAS,PENAL
2026,2,05/03/2026,LORETO,PROVINCIAL,2º FISCALÍA PROVINCIAL DE FAMILIA DE MAYNAS,FAMILIA
2026,2,05/03/2026,LORETO,PROVINCIAL,2º FISCALIA PROVINCIAL DE PREVENCION DEL DELITO DE LORETO,PREVENCIÓN DEL DELITO
2026,2,05/03/2026,LORETO,PROVINCIAL,3° FISCALIA PROVINCIAL PENAL CORPORATIVA DE MAYNAS,PENAL
2026,2,05/03/2026,LORETO,PROVINCIAL,3º FISCALÍA PROVINCIAL DE FAMILIA DE MAYNAS,FAMILIA
2026,2,05/03/2026,LORETO,PROVINCIAL,4° FISCALIA PROVINCIAL PENAL CORPORATIVA DE MAYNAS,PENAL
2026,2,05/03/2026,LORETO,PROVINCIAL,4º FISCALÍA PROVINCIAL DE FAMILIA DE MAYNAS,FAMILIA
2026,2,05/03/2026,LORETO,PROVINCIAL,5° FISCALIA PROVINCIAL PENAL CORPORATIVA DE MAYNAS,PENAL
2026,2,05/03/2026,LORETO,PROVINCIAL,6° FISCALIA PROVINCIAL PENAL CORPORATIVA DE MAYNAS,PENAL
2026,2,05/03/2026,LORETO,PROVINCIAL,FISCALÍA ESPECIALIZADA EN MATERIA AMBIENTAL DE LORETO,MATERIA AMBIENTAL
2026,2,05/03/2026,LORETO,PROVINCIAL,FISCALIA ESPECIALIZADA EN MATERIA AMBIENTAL DE LORETO - NAUTA,MATERIA AMBIENTAL
2026,2,05/03/2026,LORETO,PROVINCIAL,FISCALIA PROVINCIAL CORPORATIVA ESPECIALIZADA EN DELITOS DE CORRUPCION DE FUNCIONARIOS DE LORETO,CORRUPCIÓN DE FUNCIONARIOS
2026,2,05/03/2026,LORETO,PROVINCIAL,FISCALIA PROVINCIAL CORPORATIVA ESPECIALIZADA EN DELITOS DE CORRUPCION DE FUNCIONARIOS DE LORETO - NAUTA,CORRUPCIÓN DE FUNCIONARIOS
2026,2,05/03/2026,LORETO,PROVINCIAL,FISCALIA PROVINCIAL CORPORATIVA ESPECIALIZADA EN DELITOS DE VIOLENCIA CONTRA LA MUJER Y LOS INTEGRANTES DEL GRUPO FAMILIAR DE MAYNAS,VIOLENCIA CONTRA LA MUJER Y LOS INTEGRANTES DEL GRUPO FAMILIAR
2026,2,05/03/2026,LORETO,PROVINCIAL,FISCALÍA PROVINCIAL DE FAMILIA DE DATEM DEL MARAÑON,FAMILIA
2026,2,05/03/2026,LORETO,PROVINCIAL,FISCALÍA PROVINCIAL DE FAMILIA DE LORETO - NAUTA,FAMILIA
2026,2,05/03/2026,LORETO,PROVINCIAL,FISCALÍA PROVINCIAL DE FAMILIA DE MARISCAL RAMÓN CASTILLA,FAMILIA
2026,2,05/03/2026,LORETO,PROVINCIAL,FISCALÍA PROVINCIAL DE FAMILIA DE REQUENA,FAMILIA
2026,2,05/03/2026,LORETO,PROVINCIAL,FISCALÍA PROVINCIAL ESPECIALIZADA DE DELITO DE TRÁFICO ILÍCITO DE DROGAS - SEDE IQUITOS,TRÁFICO ILÍCITO DE DROGAS
2026,2,05/03/2026,LORETO,PROVINCIAL,FISCALIA PROVINCIAL ESPECIALIZADA EN DELITOS DE TRATA DE PERSONAS DE LORETO,TRATA DE PERSONAS
2026,2,05/03/2026,LORETO,PROVINCIAL,FISCALIA PROVINCIAL MIXTA DE PUTUMAYO - MAYNAS,MIXTA
2026,2,05/03/2026,LORETO,PROVINCIAL,FISCALIA PROVINCIAL PENAL CORPORATIVA DE LORETO - NAUTA,PENAL
2026,2,05/03/2026,LORETO,PROVINCIAL,FISCALIA PROVINCIAL PENAL CORPORATIVA DE REQUENA,PENAL
2026,2,05/03/2026,LORETO,PROVINCIAL,FISCALIA PROVINCIAL PENAL DE DATEM DEL MARAÑON,PENAL
2026,2,05/03/2026,LORETO,PROVINCIAL,FISCALIA PROVINCIAL PENAL DE MARISCAL RAMÓN CASTILLA,PENAL
2026,2,05/03/2026,LORETO,PROVINCIAL,FISCALIA PROVINCIAL TRANSITORIA DE EXTINCION DE DOMINIO DE LORETO,EXTINCIÓN DE DOMINIO
2026,2,05/03/2026,LORETO,PROVINCIAL,FISCALÍA PENAL SUPRAPROVINCIAL ESPECIALIZADA EN DERECHOS HUMANOS Y CONTRA EL TERRORISMO DE LORETO,SUPRAPROVINCIAL ESPECIALIZADA EN DERECHOS HUMANOS Y CONTRA EL TERRORISMO
2026,2,05/03/2026,LORETO,SUPERIOR,1º FISCALIA SUPERIOR PENAL DE LORETO,PENAL
2026,2,05/03/2026,LORETO,SUPERIOR,2º FISCALIA SUPERIOR PENAL DE LORETO,PENAL
2026,2,05/03/2026,LORETO,SUPERIOR,3º FISCALIA SUPERIOR PENAL DE LORETO,PENAL
2026,2,05/03/2026,LORETO,SUPERIOR,4º FISCALIA SUPERIOR PENAL DE LORETO,PENAL
2026,2,05/03/2026,LORETO,SUPERIOR,FISCALÍA SUPERIOR DE FAMILIA DE LORETO,FAMILIA
2026,2,05/03/2026,LORETO,SUPERIOR,FISCALIA SUPERIOR ESPECIALIZADA EN DELITOS DE CORRUPCION DE FUNCIONARIOS DE LORETO,CORRUPCIÓN DE FUNCIONARIOS
2026,2,05/03/2026,MADRE DE DIOS,PROVINCIAL,1º FISCALÍA PROVINCIAL PENAL CORPORATIVA DE TAMBOPATA,PENAL
2026,2,05/03/2026,MADRE DE DIOS,PROVINCIAL,2º FISCALÍA PROVINCIAL PENAL CORPORATIVA DE TAMBOPATA,PENAL
2026,2,05/03/2026,MADRE DE DIOS,PROVINCIAL,FISCALIA PROVINCIAL CORPORATIVA ESPECIALIZADA EN DELITOS DE CORRUPCION DE FUNCIONARIOS DE MADRE DE DIOS,CORRUPCIÓN DE FUNCIONARIOS
2026,2,05/03/2026,MADRE DE DIOS,PROVINCIAL,FISCALIA PROVINCIAL CORPORATIVA ESPECIALIZADA EN MATERIA AMBIENTAL DE MADRE DE DIOS,MATERIA AMBIENTAL
2026,2,05/03/2026,MADRE DE DIOS,PROVINCIAL,FISCALÍA PROVINCIAL DE DELITOS CONTRA LA ECOLOGÍA Y PREVENCIÓN DEL DELITO DE TAMBOPATA,PREVENCIÓN DEL DELITO
2026,2,05/03/2026,MADRE DE DIOS,PROVINCIAL,FISCALÍA PROVINCIAL DE FAMILIA DE HUAYPETUE,FAMILIA
2026,2,05/03/2026,MADRE DE DIOS,PROVINCIAL,FISCALÍA PROVINCIAL DE FAMILIA DE TAMBOPATA,FAMILIA
2026,2,05/03/2026,MADRE DE DIOS,PROVINCIAL,FISCALIA PROVINCIAL ESPECIALIZADA CONTRA LA CRIMINALIDAD ORGANIZADA DE MADRE DE DIOS,CRIMINALIDAD ORGANIZADA
2026,2,05/03/2026,MADRE DE DIOS,PROVINCIAL,FISCALIA PROVINCIAL ESPECIALIZADA EN DELITOS DE TRATA DE PERSONAS DE MADRE DE DIOS,TRATA DE PERSONAS
2026,2,05/03/2026,MADRE DE DIOS,PROVINCIAL,FISCALÍA PROVINCIAL ESPECIALIZADA EN TRÁFICO ILÍCITO DE DROGAS DE TAMBOPATA,TRÁFICO ILÍCITO DE DROGAS
2026,2,05/03/2026,MADRE DE DIOS,PROVINCIAL,FISCALÍA PROVINCIAL MIXTA DE IBERIA,MIXTA
2026,2,05/03/2026,MADRE DE DIOS,PROVINCIAL,FISCALÍA PROVINCIAL MIXTA DE MANU,MIXTA
2026,2,05/03/2026,MADRE DE DIOS,PROVINCIAL,FISCALÍA PROVINCIAL MIXTA DE MAZUKO,MIXTA
2026,2,05/03/2026,MADRE DE DIOS,PROVINCIAL,FISCALÍA PROVINCIAL MIXTA DE TAHUAMANU,MIXTA
2026,2,05/03/2026,MADRE DE DIOS,PROVINCIAL,FISCALÍA PROVINCIAL PENAL CORPORATIVA DE HUAYPETUE,PENAL
2026,2,05/03/2026,MADRE DE DIOS,PROVINCIAL,FISCALIA PROVINCIAL TRANSITORIA DE EXTINCION DE DOMINIO DE MADRE DE DIOS,EXTINCIÓN DE DOMINIO
2026,2,05/03/2026,MADRE DE DIOS,PROVINCIAL,1° FISCALÍA PENAL SUPRAPROVINCIAL ESPECIALIZADA EN DERECHOS HUMANOS Y CONTRA EL TERRORISMO DE MADRE DE DIOS,SUPRAPROVINCIAL ESPECIALIZADA EN DERECHOS HUMANOS Y CONTRA EL TERRORISMO
2026,2,05/03/2026,MADRE DE DIOS,PROVINCIAL,2° FISCALÍA PENAL SUPRAPROVINCIAL ESPECIALIZADA EN DERECHOS HUMANOS Y CONTRA EL TERRORISMO DE MADRE DE DIOS,SUPRAPROVINCIAL ESPECIALIZADA EN DERECHOS HUMANOS Y CONTRA EL TERRORISMO
2026,2,05/03/2026,MADRE DE DIOS,SUPERIOR,FISCALÍA SUPERIOR MIXTA DE MADRE DE DIOS,MIXTA
2026,2,05/03/2026,MADRE DE DIOS,SUPERIOR,FISCALÍA SUPERIOR PENAL DE MADRE DE DIOS,PENAL
2026,2,05/03/2026,MOQUEGUA,PROVINCIAL,FISCALIA PROVINCIAL CORPORATIVA ESPECIALIZADA EN DELITOS DE CORRUPCION DE FUNCIONARIOS DE MOQUEGUA,CORRUPCIÓN DE FUNCIONARIOS
2026,2,05/03/2026,MOQUEGUA,PROVINCIAL,FISCALIA PROVINCIAL CORPORATIVA ESPECIALIZADA EN DELITOS DE LESIONES Y AGRESIONES EN CONTRA DE LAS MUJERES Y LOS INTEGRANTES DEL GRUPO FAMILIAR DE ILO,VIOLENCIA CONTRA LA MUJER Y LOS INTEGRANTES DEL GRUPO FAMILIAR
2026,2,05/03/2026,MOQUEGUA,PROVINCIAL,FISCALIA PROVINCIAL CORPORATIVA ESPECIALIZADA EN DELITOS DE LESIONES Y AGRESIONES EN CONTRA DE LAS MUJERES Y LOS INTEGRANTES DEL GRUPO FAMILIAR DE MARISCAL NIETO,VIOLENCIA CONTRA LA MUJER Y LOS INTEGRANTES DEL GRUPO FAMILIAR
2026,2,05/03/2026,MOQUEGUA,PROVINCIAL,FISCALÍA PROVINCIAL DE FAMILIA DE ILO,FAMILIA
2026,2,05/03/2026,MOQUEGUA,PROVINCIAL,FISCALÍA PROVINCIAL DE FAMILIA DE MARISCAL NIETO,FAMILIA
2026,2,05/03/2026,MOQUEGUA,PROVINCIAL,FISCALÍA PROVINCIAL ESPECIALIZADA DE PREVENCIÓN DEL DELITO DE MARISCAL NIETO,PREVENCIÓN DEL DELITO
2026,2,05/03/2026,MOQUEGUA,PROVINCIAL,FISCALÍA PROVINCIAL ESPECIALIZADA EN PREVENCIÓN DEL DELITO DE ILO,PREVENCIÓN DEL DELITO
2026,2,05/03/2026,MOQUEGUA,PROVINCIAL,FISCALÍA PROVINCIAL MIXTA DE GENERAL SÁNCHEZ CERRO,MIXTA
2026,2,05/03/2026,MOQUEGUA,PROVINCIAL,FISCALÍA PROVINCIAL MIXTA DE ICHUÑA,MIXTA
2026,2,05/03/2026,MOQUEGUA,PROVINCIAL,FISCALÍA PROVINCIAL PENAL CORPORATIVA DE ILO,PENAL
2026,2,05/03/2026,MOQUEGUA,PROVINCIAL,FISCALÍA PROVINCIAL PENAL CORPORATIVA DE MARISCAL NIETO,PENAL
2026,2,05/03/2026,MOQUEGUA,SUPERIOR,1º FISCALÍA SUPERIOR PENAL DE MOQUEGUA,PENAL
2026,2,05/03/2026,MOQUEGUA,SUPERIOR,2º FISCALÍA SUPERIOR PENAL DE MOQUEGUA,PENAL
2026,2,05/03/2026,MOQUEGUA,SUPERIOR,FISCALÍA SUPERIOR DE FAMILIA DE MOQUEGUA,FAMILIA
2026,2,05/03/2026,MOQUEGUA,SUPERIOR,FISCALÍA SUPERIOR PENAL DE ILO,PENAL
2026,2,05/03/2026,PASCO,PROVINCIAL,1º FISCALÍA PROVINCIAL DE FAMILIA DE PASCO,FAMILIA
2026,2,05/03/2026,PASCO,PROVINCIAL,1º FISCALIA PROVINCIAL ESPECIALIZADA EN PREVENCIÓN DEL DELITO DE PASCO,PREVENCIÓN DEL DELITO
2026,2,05/03/2026,PASCO,PROVINCIAL,1º FISCALIA PROVINCIAL PENAL CORPORATIVA DE PASCO,PENAL
2026,2,05/03/2026,PASCO,PROVINCIAL,1º FISCALIA PROVINCIAL PENAL DE DANIEL ALCIDES CARRIÓN,PENAL
2026,2,05/03/2026,PASCO,PROVINCIAL,2º FISCALÍA PROVINCIAL DE FAMILIA DE PASCO,FAMILIA
2026,2,05/03/2026,PASCO,PROVINCIAL,2º FISCALIA PROVINCIAL ESPECIALIZADA EN PREVENCIÓN DEL DELITO DE PASCO,PREVENCIÓN DEL DELITO
2026,2,05/03/2026,PASCO,PROVINCIAL,2º FISCALIA PROVINCIAL PENAL CORPORATIVA DE DANIEL ALCIDES CARRIÓN,PENAL
2026,2,05/03/2026,PASCO,PROVINCIAL,2º FISCALIA PROVINCIAL PENAL CORPORATIVA DE PASCO,PENAL
2026,2,05/03/2026,PASCO,PROVINCIAL,3º FISCALIA PROVINCIAL PENAL CORPORATIVA DE PASCO,PENAL
2026,2,05/03/2026,PASCO,PROVINCIAL,FISCALÍA ESPECIALIZADA EN MATERIA AMBIENTAL DE PASCO,MATERIA AMBIENTAL
2026,2,05/03/2026,PASCO,PROVINCIAL,FISCALIA PROVINCIAL CORPORATIVA ESPECIALIZADA EN DELTOS DE CORRUPCION DE FUNCIONARIOS DE PASCO,CORRUPCIÓN DE FUNCIONARIOS
2026,2,05/03/2026,PASCO,PROVINCIAL,FISCALÍA PROVINCIAL DE FAMILIA DE DANIEL ALCIDES CARRIÓN,FAMILIA
2026,2,05/03/2026,PASCO,PROVINCIAL,FISCALIA PROVINCIAL MIXTA DE HUARIACA - PASCO,MIXTA
2026,2,05/03/2026,PASCO,PROVINCIAL,FISCALIA PROVINCIAL MIXTA DE HUAYLLAY,MIXTA
2026,2,05/03/2026,PASCO,PROVINCIAL,FISCALIA PROVINCIAL MIXTA DE PAUCARTAMBO - PASCO,MIXTA
2026,2,05/03/2026,PASCO,PROVINCIAL,FISCALIA PROVINCIAL MIXTA DE SANTA ANA DE TUSI - DANIEL ALCIDES CARRION,MIXTA
2026,2,05/03/2026,PASCO,SUPERIOR,1º FISCALIA SUPERIOR PENAL DE PASCO,PENAL
2026,2,05/03/2026,PASCO,SUPERIOR,2º FISCALIA SUPERIOR PENAL DE PASCO,PENAL
2026,2,05/03/2026,PASCO,SUPERIOR,FISCALÍA SUPERIOR DE FAMILIA DE PASCO,FAMILIA
2026,2,05/03/2026,PASCO,SUPERIOR,FISCALIA SUPERIOR ESPECIALIZADA EN DELITOS DE CORRUPCION DE FUNCIONARIOS DE PASCO,CORRUPCIÓN DE FUNCIONARIOS
2026,2,05/03/2026,PASCO,SUPERIOR,FISCALIA SUPERIOR MIXTA DE DANIEL ALCIDES CARRIÓN,MIXTA
2026,2,05/03/2026,PIURA,PROVINCIAL,1° FISCALIA PROVINCIAL DE PREVENCION DEL DELITO DE PIURA,PREVENCIÓN DEL DELITO
2026,2,05/03/2026,PIURA,PROVINCIAL,1º FISCALÍA PROVINCIAL DE FAMILIA DE PIURA,FAMILIA
2026,2,05/03/2026,PIURA,PROVINCIAL,1º FISCALÍA PROVINCIAL MIXTA CORPORATIVA DE HUANCABAMBA,MIXTA
2026,2,05/03/2026,PIURA,PROVINCIAL,1º FISCALÍA PROVINCIAL PENAL CORPORATIVA DE PIURA,PENAL
2026,2,05/03/2026,PIURA,PROVINCIAL,2° FISCALIA PROVINCIAL TRANSITORIA DE PREVENCION DEL DELITO DE PIURA,PREVENCIÓN DEL DELITO
2026,2,05/03/2026,PIURA,PROVINCIAL,2º FISCALÍA PROVINCIAL DE FAMILIA DE PIURA,FAMILIA
2026,2,05/03/2026,PIURA,PROVINCIAL,2º FISCALÍA PROVINCIAL MIXTA CORPORATIVA DE HUANCABAMBA,MIXTA
2026,2,05/03/2026,PIURA,PROVINCIAL,2º FISCALÍA PROVINCIAL PENAL CORPORATIVA DE PIURA,PENAL
2026,2,05/03/2026,PIURA,PROVINCIAL,FISCALÍA ESPECIALIZADA EN MATERIA AMBIENTAL DE PIURA,MATERIA AMBIENTAL
2026,2,05/03/2026,PIURA,PROVINCIAL,FISCALIA PROVINCIAL CORPORATIVA ESPECIALIZADA CONTRA LA CRIMINALIDAD ORGANIZADA DE PIURA,CRIMINALIDAD ORGANIZADA
2026,2,05/03/2026,PIURA,PROVINCIAL,FISCALIA PROVINCIAL CORPORATIVA ESPECIALIZADA EN DELITOS DE CORRUPCION DE FUNCIONARIOS DE PIURA,CORRUPCIÓN DE FUNCIONARIOS
2026,2,05/03/2026,PIURA,PROVINCIAL,FISCALIA PROVINCIAL CORPORATIVA ESPECIALIZADA EN DELITOS DE VIOLENCIA CONTRA LA MUJER Y LOS INTEGRANTES DEL GRUPO FAMILIAR DE CASTILLA,VIOLENCIA CONTRA LA MUJER Y LOS INTEGRANTES DEL GRUPO FAMILIAR
2026,2,05/03/2026,PIURA,PROVINCIAL,FISCALIA PROVINCIAL CORPORATIVA ESPECIALIZADA EN DELITOS DE VIOLENCIA CONTRA LA MUJER Y LOS INTEGRANTES DEL GRUPO FAMILIAR DE MORROPON,VIOLENCIA CONTRA LA MUJER Y LOS INTEGRANTES DEL GRUPO FAMILIAR
2026,2,05/03/2026,PIURA,PROVINCIAL,FISCALIA PROVINCIAL CORPORATIVA ESPECIALIZADA EN DELITOS DE VIOLENCIA CONTRA LA MUJER Y LOS INTEGRANTES DEL GRUPO FAMILIAR DE PIURA,VIOLENCIA CONTRA LA MUJER Y LOS INTEGRANTES DEL GRUPO FAMILIAR
2026,2,05/03/2026,PIURA,PROVINCIAL,FISCALÍA PROVINCIAL DE FAMILIA DE CATACAOS,FAMILIA
2026,2,05/03/2026,PIURA,PROVINCIAL,FISCALÍA PROVINCIAL ESPECIALIZADA EN DELITO DE TRÁFICO ILÍCITO DE DROGAS - SEDE PIURA,TRÁFICO ILÍCITO DE DROGAS
2026,2,05/03/2026,PIURA,PROVINCIAL,FISCALÍA PROVINCIAL ESPECIALIZADA EN DELITOS DE TRATA DE PERSONAS DE PIURA,TRATA DE PERSONAS
2026,2,05/03/2026,PIURA,PROVINCIAL,FISCALIA PROVINCIAL ESPECIALIZADA EN DELITOS DE VIOLENCIA CONTRA LA MUJER Y LOS  INTEGRANTES DEL GRUPO FAMILIAR DE CATACAOS,VIOLENCIA CONTRA LA MUJER Y LOS INTEGRANTES DEL GRUPO FAMILIAR
2026,2,05/03/2026,PIURA,PROVINCIAL,FISCALIA PROVINCIAL ESPECIALIZADA EN DELITOS DE VIOLENCIA CONTRA LA MUJER Y LOS INTEGRANTES DEL GRUPO FAMILIAR DE PAITA,VIOLENCIA CONTRA LA MUJER Y LOS INTEGRANTES DEL GRUPO FAMILIAR
2026,2,05/03/2026,PIURA,PROVINCIAL,FISCALIA PROVINCIAL ESPECIALIZADA EN DELITOS DE VIOLENCIA CONTRA LA MUJER Y LOS INTEGRANTES DEL GRUPO FAMILIAR DE SECHURA,VIOLENCIA CONTRA LA MUJER Y LOS INTEGRANTES DEL GRUPO FAMILIAR
2026,2,05/03/2026,PIURA,PROVINCIAL,FISCALIA PROVINCIAL ESPECIALIZADA EN DELITOS DE VIOLENCIA CONTRA LA MUJER Y LOS INTEGRANTES DEL GRUUPO FAMILIAR DE TAMBOGRANDE,VIOLENCIA CONTRA LA MUJER Y LOS INTEGRANTES DEL GRUPO FAMILIAR
2026,2,05/03/2026,PIURA,PROVINCIAL,FISCALÍA PROVINCIAL MIXTA DE CASTILLA,MIXTA
2026,2,05/03/2026,PIURA,PROVINCIAL,FISCALÍA PROVINCIAL MIXTA DE MORROPÓN,MIXTA
2026,2,05/03/2026,PIURA,PROVINCIAL,FISCALÍA PROVINCIAL MIXTA DE PAITA,MIXTA
2026,2,05/03/2026,PIURA,PROVINCIAL,FISCALÍA PROVINCIAL MIXTA DE SECHURA,MIXTA
2026,2,05/03/2026,PIURA,PROVINCIAL,FISCALÍA PROVINCIAL MIXTA DE TAMBO GRANDE,MIXTA
2026,2,05/03/2026,PIURA,PROVINCIAL,FISCALIA PROVINCIAL PENAL CORPORATIVA DE CATACAOS,PENAL
2026,2,05/03/2026,PIURA,PROVINCIAL,FISCALIA PROVINCIAL PENAL CORPORATIVA DE MORROPON,PENAL
2026,2,05/03/2026,PIURA,PROVINCIAL,FISCALIA PROVINCIAL PENAL CORPORATIVA DE PAITA,PENAL
2026,2,05/03/2026,PIURA,PROVINCIAL,FISCALIA PROVINCIAL PENAL CORPORATIVA DE SECHURA,PENAL
2026,2,05/03/2026,PIURA,PROVINCIAL,FISCALIA PROVINCIAL PENAL DE SECHURA,PENAL
2026,2,05/03/2026,PIURA,PROVINCIAL,FISCALIA PROVINCIAL PENAL DE TAMBO GRANDE,PENAL
2026,2,05/03/2026,PIURA,PROVINCIAL,FISCALIA PROVINCIAL TRANSITORIA DE EXTINCION DE DOMINIO DE PIURA,EXTINCIÓN DE DOMINIO
2026,2,05/03/2026,PIURA,PROVINCIAL,FISCALIA PROVINCIAL PENAL CORPORATIVA DE CASTILLA - PIURA,PENAL
2026,2,05/03/2026,PIURA,PROVINCIAL,1° FISCALÍA PROVINCIAL PENAL DE FLAGRANCIA DELICTIVA DEL DF PIURA,PENAL DE FLAGRANCIA DELICTIVA
2026,2,05/03/2026,PIURA,PROVINCIAL,2° FISCALÍA PROVINCIAL PENAL DE FLAGRANCIA DELICTIVA DEL DF PIURA,PENAL DE FLAGRANCIA DELICTIVA
2026,2,05/03/2026,PIURA,PROVINCIAL,3° FISCALÍA PROVINCIAL PENAL DE FLAGRANCIA DELICTIVA DEL DF PIURA,PENAL DE FLAGRANCIA DELICTIVA
2026,2,05/03/2026,PIURA,PROVINCIAL,FISCALÍA PENAL SUPRAPROVINCIAL ESPECIALIZADA EN DERECHOS HUMANOS Y CONTRA EL TERRORISMO DE PIURA,SUPRAPROVINCIAL ESPECIALIZADA EN DERECHOS HUMANOS Y CONTRA EL TERRORISMO
2026,2,05/03/2026,PIURA,SUPERIOR,1º FISCALÍA SUPERIOR PENAL DE PIURA,PENAL
2026,2,05/03/2026,PIURA,SUPERIOR,2º FISCALÍA SUPERIOR PENAL DE PIURA,PENAL
2026,2,05/03/2026,PIURA,SUPERIOR,3º FISCALÍA SUPERIOR PENAL DE PIURA,PENAL
2026,2,05/03/2026,PIURA,SUPERIOR,4º FISCALÍA SUPERIOR PENAL DE PIURA,PENAL
2026,2,05/03/2026,PIURA,SUPERIOR,FISCALÍA SUPERIOR MIXTA DE PIURA,MIXTA
2026,2,05/03/2026,PIURA,SUPERIOR,5° FISCALÍA SUPERIOR PENAL DE PIURA,PENAL
2026,2,05/03/2026,PUNO,PROVINCIAL,1° FISCALIA PROVINCIAL ESPECIALIZADA EN MATERIA AMBIENTAL DE PUNO,MATERIA AMBIENTAL
2026,2,05/03/2026,PUNO,PROVINCIAL,1º FISCALÍA DE PREVENCIÓN DEL DELITO DE PUNO,PREVENCIÓN DEL DELITO
2026,2,05/03/2026,PUNO,PROVINCIAL,1º FISCALÍA PROVINCIAL DE FAMILIA DE PUNO,FAMILIA
2026,2,05/03/2026,PUNO,PROVINCIAL,1º FISCALÍA PROVINCIAL DE FAMILIA DE SAN ROMÁN,FAMILIA
2026,2,05/03/2026,PUNO,PROVINCIAL,1º FISCALÍA PROVINCIAL PENAL CORPORATIVA DE PUNO,PENAL
2026,2,05/03/2026,PUNO,PROVINCIAL,1º FISCALÍA PROVINCIAL PENAL CORPORATIVA DE SAN ROMÁN,PENAL
2026,2,05/03/2026,PUNO,PROVINCIAL,1º FISCALÍA PROVINCIAL PENAL DE AZÁNGARO,PENAL
2026,2,05/03/2026,PUNO,PROVINCIAL,1º FISCALÍA PROVINCIAL PENAL DE EL COLLAO,PENAL
2026,2,05/03/2026,PUNO,PROVINCIAL,1º FISCALÍA PROVINCIAL PENAL DE MELGAR,PENAL
2026,2,05/03/2026,PUNO,PROVINCIAL,2° FISCALIA PROVINCIAL ESPECIALIZADA EN MATERIA AMBIENTAL DE PUNO,MATERIA AMBIENTAL
2026,2,05/03/2026,PUNO,PROVINCIAL,2º FISCALÍA DE PREVENCIÓN DE DELITO DE PUNO,PREVENCIÓN DEL DELITO
2026,2,05/03/2026,PUNO,PROVINCIAL,2º FISCALÍA PROVINCIAL DE FAMILIA DE PUNO,FAMILIA
2026,2,05/03/2026,PUNO,PROVINCIAL,2º FISCALÍA PROVINCIAL DE FAMILIA DE SAN ROMÁN,FAMILIA
2026,2,05/03/2026,PUNO,PROVINCIAL,2º FISCALÍA PROVINCIAL PENAL CORPORATIVA DE AZÁNGARO,PENAL
2026,2,05/03/2026,PUNO,PROVINCIAL,2º FISCALÍA PROVINCIAL PENAL CORPORATIVA DE PUNO,PENAL
2026,2,05/03/2026,PUNO,PROVINCIAL,2º FISCALÍA PROVINCIAL PENAL CORPORATIVA DE SAN ROMÁN,PENAL
2026,2,05/03/2026,PUNO,PROVINCIAL,2º FISCALÍA PROVINCIAL PENAL DE EL COLLAO,PENAL
2026,2,05/03/2026,PUNO,PROVINCIAL,2º FISCALÍA PROVINCIAL PENAL DE MELGAR,PENAL
2026,2,05/03/2026,PUNO,PROVINCIAL,3º FISCALÍA PROVINCIAL DE FAMILIA DE PUNO,FAMILIA
2026,2,05/03/2026,PUNO,PROVINCIAL,FISCALIA PROVINCIAL CORPORATIVA ESPECIALIZADA CONTRA LA CRIMINALIDAD ORGANIZADA DE PUNO,CRIMINALIDAD ORGANIZADA
2026,2,05/03/2026,PUNO,PROVINCIAL,FISCALIA PROVINCIAL CORPORATIVA ESPECIALIZADA EN DELITOS ADUANEROS Y CONTRA LA PROPIEDAD INTELECTUAL DE PUNO,ADUANEROS Y CONTRA LA PROPIEDAD INTELECTUAL
2026,2,05/03/2026,PUNO,PROVINCIAL,FISCALIA PROVINCIAL CORPORATIVA ESPECIALIZADA EN DELITOS DE CORRUPCION DE FUNCIONARIOS DE PUNO,CORRUPCIÓN DE FUNCIONARIOS
2026,2,05/03/2026,PUNO,PROVINCIAL,FISCALIA PROVINCIAL CORPORATIVA ESPECIALIZADA EN DELITOS DE LAVADO DE ACTIVOS DE SAN ROMAN - JULIACA,LAVADO DE ACTIVOS Y PERDIDA DE DOMINIO
2026,2,05/03/2026,PUNO,PROVINCIAL,FISCALÍA PROVINCIAL DE FAMILIA DE AZÁNGARO,FAMILIA
2026,2,05/03/2026,PUNO,PROVINCIAL,FISCALÍA PROVINCIAL DE FAMILIA DE CARABAYA,FAMILIA
2026,2,05/03/2026,PUNO,PROVINCIAL,FISCALÍA PROVINCIAL DE FAMILIA DE CHUCUITO,FAMILIA
2026,2,05/03/2026,PUNO,PROVINCIAL,FISCALÍA PROVINCIAL DE FAMILIA DE EL COLLAO,FAMILIA
2026,2,05/03/2026,PUNO,PROVINCIAL,FISCALÍA PROVINCIAL DE FAMILIA DE HUANCANÉ,FAMILIA
2026,2,05/03/2026,PUNO,PROVINCIAL,FISCALÍA PROVINCIAL DE FAMILIA DE LAMPA,FAMILIA
2026,2,05/03/2026,PUNO,PROVINCIAL,FISCALÍA PROVINCIAL DE FAMILIA DE MELGAR,FAMILIA
2026,2,05/03/2026,PUNO,PROVINCIAL,FISCALÍA PROVINCIAL DE FAMILIA DE SANDIA,FAMILIA
2026,2,05/03/2026,PUNO,PROVINCIAL,FISCALÍA PROVINCIAL DE FAMILIA DE YUNGUYO,FAMILIA
2026,2,05/03/2026,PUNO,PROVINCIAL,FISCALÍA PROVINCIAL DE PREVENCIÓN DEL DELITO DE SAN ROMÁN,PREVENCIÓN DEL DELITO
2026,2,05/03/2026,PUNO,PROVINCIAL,FISCALÍA PROVINCIAL ESPECIALIZADA EN DELITO DE TRÁFICO ILÍCITO DE DROGAS SEDE PUNO,TRÁFICO ILÍCITO DE DROGAS
2026,2,05/03/2026,PUNO,PROVINCIAL,FISCALIA PROVINCIAL ESPECIALIZADA EN DELITOS DE TRATA DE PERSONAS DE PUNO,TRATA DE PERSONAS
2026,2,05/03/2026,PUNO,PROVINCIAL,FISCALÍA PROVINCIAL MIXTA DE ACORA,MIXTA
2026,2,05/03/2026,PUNO,PROVINCIAL,FISCALÍA PROVINCIAL MIXTA DE ANANEA - RINCONADA,MIXTA
2026,2,05/03/2026,PUNO,PROVINCIAL,FISCALÍA PROVINCIAL MIXTA DE DESAGUADERO,MIXTA
2026,2,05/03/2026,PUNO,PROVINCIAL,FISCALÍA PROVINCIAL MIXTA DE SAN PEDRO DE MOHO,MIXTA
2026,2,05/03/2026,PUNO,PROVINCIAL,FISCALÍA PROVINCIAL MIXTA SAN ANTONIO DE PUTINA,MIXTA
2026,2,05/03/2026,PUNO,PROVINCIAL,FISCALÍA PROVINCIAL PENAL DE CARABAYA,PENAL
2026,2,05/03/2026,PUNO,PROVINCIAL,FISCALÍA PROVINCIAL PENAL DE CHUCUITO - JULI,PENAL
2026,2,05/03/2026,PUNO,PROVINCIAL,FISCALÍA PROVINCIAL PENAL DE HUANCANÉ,PENAL
2026,2,05/03/2026,PUNO,PROVINCIAL,FISCALÍA PROVINCIAL PENAL DE LAMPA,PENAL
2026,2,05/03/2026,PUNO,PROVINCIAL,FISCALÍA PROVINCIAL PENAL DE SANDIA,PENAL
2026,2,05/03/2026,PUNO,PROVINCIAL,FISCALÍA PROVINCIAL PENAL DE YUNGUYO,PENAL
2026,2,05/03/2026,PUNO,PROVINCIAL,FISCALIA PROVINCIAL TRANSITORIA DE EXTINCION DE DOMINIO DE PUNO,EXTINCIÓN DE DOMINIO
2026,2,05/03/2026,PUNO,PROVINCIAL,1° FISCALÍA PENAL SUPRAPROVINCIAL ESPECIALIZADA EN DERECHOS HUMANOS Y CONTRA EL TERRORISMO DE PUNO,SUPRAPROVINCIAL ESPECIALIZADA EN DERECHOS HUMANOS Y CONTRA EL TERRORISMO
2026,2,05/03/2026,PUNO,PROVINCIAL,2° FISCALÍA PENAL SUPRAPROVINCIAL ESPECIALIZADA EN DERECHOS HUMANOS Y CONTRA EL TERRORISMO DE PUNO,SUPRAPROVINCIAL ESPECIALIZADA EN DERECHOS HUMANOS Y CONTRA EL TERRORISMO
2026,2,05/03/2026,PUNO,SUPERIOR,1º FISCALÍA SUPERIOR PENAL DE JULIACA,PENAL
2026,2,05/03/2026,PUNO,SUPERIOR,1º FISCALIA SUPERIOR PENAL DE PUNO,PENAL
2026,2,05/03/2026,PUNO,SUPERIOR,2º FISCALÍA SUPERIOR PENAL DE JULIACA,PENAL
2026,2,05/03/2026,PUNO,SUPERIOR,2º FISCALIA SUPERIOR PENAL DE PUNO,PENAL
2026,2,05/03/2026,PUNO,SUPERIOR,FISCALÍA SUPERIOR DE FAMILIA DE JULIACA,FAMILIA
2026,2,05/03/2026,PUNO,SUPERIOR,FISCALÍA SUPERIOR DE FAMILIA DE PUNO,FAMILIA
2026,2,05/03/2026,PUNO,SUPERIOR,FISCALÍA SUPERIOR MIXTA DE HUANCANÉ E ITINERANTE EN LA PROVINCIA DE AZÁNGARO,MIXTA
2026,2,05/03/2026,SAN MARTIN,PROVINCIAL,1º FISCALÍA PROVINCIAL DE FAMILIA DE SAN MARTÍN - TARAPOTO,FAMILIA
2026,2,05/03/2026,SAN MARTIN,PROVINCIAL,1º FISCALÍA PROVINCIAL PENAL CORPORATIVA DE MOYOBAMBA,PENAL
2026,2,05/03/2026,SAN MARTIN,PROVINCIAL,1º FISCALÍA PROVINCIAL PENAL CORPORATIVA DE SAN MARTÍN - SEDE TARAPOTO,PENAL
2026,2,05/03/2026,SAN MARTIN,PROVINCIAL,1º FISCALÍA PROVINCIAL PENAL DE ALTO AMAZONAS,PENAL
2026,2,05/03/2026,SAN MARTIN,PROVINCIAL,1º FISCALÍA PROVINCIAL PENAL DE NUEVA CAJAMARCA,PENAL
2026,2,05/03/2026,SAN MARTIN,PROVINCIAL,1º FISCALÍA PROVINCIAL PENAL DE RIOJA,PENAL
2026,2,05/03/2026,SAN MARTIN,PROVINCIAL,2° FISCALÍA PROVINCIAL DE FAMILIA DE SAN MARTÍN,FAMILIA
2026,2,05/03/2026,SAN MARTIN,PROVINCIAL,2º FISCALÍA PROVINCIAL PENAL CORPORATIVA DE ALTO AMAZONAS,PENAL
2026,2,05/03/2026,SAN MARTIN,PROVINCIAL,2º FISCALÍA PROVINCIAL PENAL CORPORATIVA DE MOYOBAMBA,PENAL
2026,2,05/03/2026,SAN MARTIN,PROVINCIAL,2º FISCALÍA PROVINCIAL PENAL CORPORATIVA DE NUEVA CAJAMARCA,PENAL
2026,2,05/03/2026,SAN MARTIN,PROVINCIAL,2º FISCALÍA PROVINCIAL PENAL CORPORATIVA DE SAN MARTÍN - SEDE TARAPOTO,PENAL
2026,2,05/03/2026,SAN MARTIN,PROVINCIAL,2º FISCALÍA PROVINCIAL PENAL DE RIOJA,PENAL
2026,2,05/03/2026,SAN MARTIN,PROVINCIAL,FISCALÍA ESPECIALIZADA EN MATERIA AMBIENTAL DE SAN MARTIN - SEDE JUANJUI,MATERIA AMBIENTAL
2026,2,05/03/2026,SAN MARTIN,PROVINCIAL,FISCALÍA PROVINCIAL DE FAMILIA DE ALTO AMAZONAS,FAMILIA
2026,2,05/03/2026,SAN MARTIN,PROVINCIAL,FISCALÍA PROVINCIAL DE FAMILIA DE BELLAVISTA,FAMILIA
2026,2,05/03/2026,SAN MARTIN,PROVINCIAL,FISCALÍA PROVINCIAL DE FAMILIA DE EL DORADO,FAMILIA
2026,2,05/03/2026,SAN MARTIN,PROVINCIAL,FISCALÍA PROVINCIAL DE FAMILIA DE HUALLAGA,FAMILIA
2026,2,05/03/2026,SAN MARTIN,PROVINCIAL,FISCALÍA PROVINCIAL DE FAMILIA DE LAMAS,FAMILIA
2026,2,05/03/2026,SAN MARTIN,PROVINCIAL,FISCALÍA PROVINCIAL DE FAMILIA DE MARISCAL CÁCERES,FAMILIA
2026,2,05/03/2026,SAN MARTIN,PROVINCIAL,FISCALÍA PROVINCIAL DE FAMILIA DE MOYOBAMBA,FAMILIA
2026,2,05/03/2026,SAN MARTIN,PROVINCIAL,FISCALÍA PROVINCIAL DE FAMILIA DE NUEVA CAJAMARCA,FAMILIA
2026,2,05/03/2026,SAN MARTIN,PROVINCIAL,FISCALÍA PROVINCIAL DE FAMILIA DE PICOTA,FAMILIA
2026,2,05/03/2026,SAN MARTIN,PROVINCIAL,FISCALÍA PROVINCIAL DE FAMILIA DE RIOJA,FAMILIA
2026,2,05/03/2026,SAN MARTIN,PROVINCIAL,FISCALÍA PROVINCIAL DE FAMILIA DE TOCACHE,FAMILIA
2026,2,05/03/2026,SAN MARTIN,PROVINCIAL,FISCALÍA PROVINCIAL DE PREVENCIÓN DEL DELITO DE SAN MARTÍN - SEDE TARAPOTO,PREVENCIÓN DEL DELITO
2026,2,05/03/2026,SAN MARTIN,PROVINCIAL,FISCALIA PROVINCIAL ESPECIALIZADA CONTRA LA CRIMINALIDAD ORGANIZADA DE SAN MARTÍN - TARAPOTO,CRIMINALIDAD ORGANIZADA
2026,2,05/03/2026,SAN MARTIN,PROVINCIAL,FISCALÍA PROVINCIAL ESPECIALIZADA DE PREVENCIÓN DEL DELITO DE SAN MARTÍN,PREVENCIÓN DEL DELITO
2026,2,05/03/2026,SAN MARTIN,PROVINCIAL,FISCALÍA PROVINCIAL ESPECIALIZADA EN DELITO DE TRÁFICO ILÍCITO DE DROGAS - SEDE TARAPOTO,TRÁFICO ILÍCITO DE DROGAS
2026,2,05/03/2026,SAN MARTIN,PROVINCIAL,FISCALÍA PROVINCIAL ESPECIALIZADA EN DELITOS DE CORRUPCIÓN DE FUNCIONARIOS DE SAN MARTÍN,CORRUPCIÓN DE FUNCIONARIOS
2026,2,05/03/2026,SAN MARTIN,PROVINCIAL,FISCALÍA PROVINCIAL ESPECIALIZADA EN DELITOS DE CORRUPCIÓN DE FUNCIONARIOS DE SAN MARTIN - SEDE EN MARISCAL CACERES-JUANJUI,CORRUPCIÓN DE FUNCIONARIOS
2026,2,05/03/2026,SAN MARTIN,PROVINCIAL,FISCALÍA PROVINCIAL ESPECIALIZADA EN DELITOS DE CORRUPCIÓN DE FUNCIONARIOS DE SAN MARTIN - SEDE TARAPOTO,CORRUPCIÓN DE FUNCIONARIOS
2026,2,05/03/2026,SAN MARTIN,PROVINCIAL,FISCALÍA PROVINCIAL ESPECIALIZADA EN MATERIA AMBIENTAL DE ALTO AMAZONAS,MATERIA AMBIENTAL
2026,2,05/03/2026,SAN MARTIN,PROVINCIAL,FISCALÍA PROVINCIAL ESPECIALIZADA EN MATERIA AMBIENTAL DE SAN MARTÍN,MATERIA AMBIENTAL
2026,2,05/03/2026,SAN MARTIN,PROVINCIAL,FISCALÍA PROVINCIAL MIXTA DE ALONSO DE ALVARADO,MIXTA
2026,2,05/03/2026,SAN MARTIN,PROVINCIAL,FISCALÍA PROVINCIAL MIXTA DE BAJO BIAVO,MIXTA
2026,2,05/03/2026,SAN MARTIN,PROVINCIAL,FISCALÍA PROVINCIAL MIXTA DE CAMPANILLA,MIXTA
2026,2,05/03/2026,SAN MARTIN,PROVINCIAL,FISCALÍA PROVINCIAL MIXTA DE JEPELACIO,MIXTA
2026,2,05/03/2026,SAN MARTIN,PROVINCIAL,FISCALÍA PROVINCIAL MIXTA DE LA BANDA,MIXTA
2026,2,05/03/2026,SAN MARTIN,PROVINCIAL,FISCALÍA PROVINCIAL MIXTA DE PONGO DE CAYNARACHI,MIXTA
2026,2,05/03/2026,SAN MARTIN,PROVINCIAL,FISCALÍA PROVINCIAL MIXTA DE SAUCE,MIXTA
2026,2,05/03/2026,SAN MARTIN,PROVINCIAL,FISCALÍA PROVINCIAL MIXTA DE SORITOR,MIXTA
2026,2,05/03/2026,SAN MARTIN,PROVINCIAL,FISCALÍA PROVINCIAL MIXTA DE TABALOSOS,MIXTA
2026,2,05/03/2026,SAN MARTIN,PROVINCIAL,FISCALÍA PROVINCIAL MIXTA DE UCHIZA,MIXTA
2026,2,05/03/2026,SAN MARTIN,PROVINCIAL,FISCALÍA PROVINCIAL PENAL CORPORATIVA DE MARISCAL CÁCERES,PENAL
2026,2,05/03/2026,SAN MARTIN,PROVINCIAL,FISCALÍA PROVINCIAL PENAL CORPORATIVA DE TOCACHE,PENAL
2026,2,05/03/2026,SAN MARTIN,PROVINCIAL,FISCALÍA PROVINCIAL PENAL DE BELLAVISTA,PENAL
2026,2,05/03/2026,SAN MARTIN,PROVINCIAL,FISCALÍA PROVINCIAL PENAL DE EL DORADO,PENAL
2026,2,05/03/2026,SAN MARTIN,PROVINCIAL,FISCALÍA PROVINCIAL PENAL DE HUALLAGA,PENAL
2026,2,05/03/2026,SAN MARTIN,PROVINCIAL,FISCALÍA PROVINCIAL PENAL DE LAMAS,PENAL
2026,2,05/03/2026,SAN MARTIN,PROVINCIAL,FISCALÍA PROVINCIAL PENAL DE PICOTA,PENAL
2026,2,05/03/2026,SAN MARTIN,PROVINCIAL,FISCALÍA PENAL SUPRAPROVINCIAL ESPECIALIZADA EN DERECHOS HUMANOS Y CONTRA EL TERRORISMO DE SAN MARTÍN,SUPRAPROVINCIAL ESPECIALIZADA EN DERECHOS HUMANOS Y CONTRA EL TERRORISMO
2026,2,05/03/2026,SAN MARTIN,SUPERIOR,1º FISCALÍA SUPERIOR PENAL DE SAN MARTÍN,PENAL
2026,2,05/03/2026,SAN MARTIN,SUPERIOR,1º FISCALÍA SUPERIOR PENAL DE SAN MARTÍN - SEDE TARAPOTO,PENAL
2026,2,05/03/2026,SAN MARTIN,SUPERIOR,2º FISCALÍA SUPERIOR PENAL DE SAN MARTÍN,PENAL
2026,2,05/03/2026,SAN MARTIN,SUPERIOR,2º FISCALÍA SUPERIOR PENAL DE SAN MARTÍN - SEDE TARAPOTO,PENAL
2026,2,05/03/2026,SAN MARTIN,SUPERIOR,FISCALÍA SUPERIOR DE FAMILIA DE SAN MARTÍN,FAMILIA
2026,2,05/03/2026,SAN MARTIN,SUPERIOR,FISCALÍA SUPERIOR DE FAMILIA DE SAN MARTÍN - SEDE TARAPOTO,FAMILIA
2026,2,05/03/2026,SAN MARTIN,SUPERIOR,FISCALÍA SUPERIOR MIXTA DESCENTRALIZADA DE MARISCAL CÁCERES JUANJUI,MIXTA
2026,2,05/03/2026,SANTA,PROVINCIAL,1º FISCALÍA PROVINCIAL DE FAMILIA DE NUEVO CHIMBOTE,FAMILIA
2026,2,05/03/2026,SANTA,PROVINCIAL,1º FISCALÍA PROVINCIAL DE FAMILIA DEL SANTA,FAMILIA
2026,2,05/03/2026,SANTA,PROVINCIAL,1º FISCALIA PROVINCIAL ESPECIALIZADA EN PREVENCIÓN DEL DELITO DEL SANTA,PREVENCIÓN DEL DELITO
2026,2,05/03/2026,SANTA,PROVINCIAL,1º FISCALIA PROVINCIAL PENAL CORPORATIVA DE CASMA,PENAL
2026,2,05/03/2026,SANTA,PROVINCIAL,1º FISCALIA PROVINCIAL PENAL CORPORATIVA DE NUEVO CHIMBOTE,PENAL
2026,2,05/03/2026,SANTA,PROVINCIAL,1º FISCALIA PROVINCIAL PENAL CORPORATIVA DEL SANTA,PENAL
2026,2,05/03/2026,SANTA,PROVINCIAL,2º FISCALÍA PROVINCIAL DE FAMILIA DE NUEVO CHIMBOTE,FAMILIA
2026,2,05/03/2026,SANTA,PROVINCIAL,2º FISCALÍA PROVINCIAL DE FAMILIA DEL SANTA,FAMILIA
2026,2,05/03/2026,SANTA,PROVINCIAL,2º FISCALIA PROVINCIAL ESPECIALIZADA EN PREVENCIÓN DEL DELITO DEL SANTA,PREVENCIÓN DEL DELITO
2026,2,05/03/2026,SANTA,PROVINCIAL,2º FISCALIA PROVINCIAL PENAL CORPORATIVA DE CASMA,PENAL
2026,2,05/03/2026,SANTA,PROVINCIAL,2º FISCALIA PROVINCIAL PENAL CORPORATIVA DE NUEVO CHIMBOTE,PENAL
2026,2,05/03/2026,SANTA,PROVINCIAL,2º FISCALIA PROVINCIAL PENAL CORPORATIVA DEL SANTA,PENAL
2026,2,05/03/2026,SANTA,PROVINCIAL,3º FISCALÍA PROVINCIAL DE FAMILIA DE NUEVO CHIMBOTE,FAMILIA
2026,2,05/03/2026,SANTA,PROVINCIAL,3º FISCALÍA PROVINCIAL DE FAMILIA DEL SANTA,FAMILIA
2026,2,05/03/2026,SANTA,PROVINCIAL,3º FISCALIA PROVINCIAL PENAL CORPORATIVA DEL SANTA,PENAL
2026,2,05/03/2026,SANTA,PROVINCIAL,4º FISCALÍA PROVINCIAL DE FAMILIA DEL SANTA,FAMILIA
2026,2,05/03/2026,SANTA,PROVINCIAL,4º FISCALIA PROVINCIAL PENAL CORPORATIVA DEL SANTA,PENAL
2026,2,05/03/2026,SANTA,PROVINCIAL,5º FISCALIA PROVINCIAL PENAL CORPORATIVA DEL SANTA,PENAL
2026,2,05/03/2026,SANTA,PROVINCIAL,FISCALIA PROVINCIAL CORPORATIVA ESPECIALIZADA CONTRA LA CRIMINALIDAD ORGANIZADA DEL SANTA,CRIMINALIDAD ORGANIZADA
2026,2,05/03/2026,SANTA,PROVINCIAL,FISCALIA PROVINCIAL CORPORATIVA ESPECIALIZADA EN DELITOS DE CORRUPCION DE FUNCIONARIOS DEL SANTA,CORRUPCIÓN DE FUNCIONARIOS
2026,2,05/03/2026,SANTA,PROVINCIAL,FISCALÍA PROVINCIAL DE FAMILIA DE CASMA,FAMILIA
2026,2,05/03/2026,SANTA,PROVINCIAL,FISCALÍA PROVINCIAL DE FAMILIA DE PALLASCA,FAMILIA
2026,2,05/03/2026,SANTA,PROVINCIAL,FISCALÍA PROVINCIAL ESPECIALIZADA EN DELITOS DE LAVADO DE ACTIVOS - SANTA,LAVADO DE ACTIVOS Y PERDIDA DE DOMINIO
2026,2,05/03/2026,SANTA,PROVINCIAL,FISCALIA PROVINCIAL ESPECIALIZADA EN MATERIA AMBIENTAL DEL SANTA,MATERIA AMBIENTAL
2026,2,05/03/2026,SANTA,PROVINCIAL,FISCALIA PROVINCIAL ESPECIALIZADA EN TRAFICO ILICITO DE DROGAS DEL SANTA,TRÁFICO ILÍCITO DE DROGAS
2026,2,05/03/2026,SANTA,PROVINCIAL,FISCALIA PROVINCIAL MIXTA DE CONCHUCOS - PALLASCA,MIXTA
2026,2,05/03/2026,SANTA,PROVINCIAL,FISCALIA PROVINCIAL MIXTA DE CORONGO,MIXTA
2026,2,05/03/2026,SANTA,PROVINCIAL,FISCALIA PROVINCIAL MIXTA DE NEPEÑA,MIXTA
2026,2,05/03/2026,SANTA,PROVINCIAL,FISCALIA PROVINCIAL MIXTA DEL SANTA,MIXTA
2026,2,05/03/2026,SANTA,PROVINCIAL,FISCALIA PROVINCIAL PENAL CORPORATIVA DE HUARMEY,PENAL
2026,2,05/03/2026,SANTA,PROVINCIAL,FISCALIA PROVINCIAL PENAL DE PALLASCA,PENAL
2026,2,05/03/2026,SANTA,PROVINCIAL,FISCALIA PROVINCIAL TRANSITORIA DE EXTINCION DE DOMINIO DEL SANTA,EXTINCIÓN DE DOMINIO
2026,2,05/03/2026,SANTA,SUPERIOR,1º FISCALIA SUPERIOR PENAL DEL SANTA,PENAL
2026,2,05/03/2026,SANTA,SUPERIOR,2º FISCALIA SUPERIOR PENAL DEL SANTA,PENAL
2026,2,05/03/2026,SANTA,SUPERIOR,3º FISCALIA SUPERIOR PENAL DEL SANTA,PENAL
2026,2,05/03/2026,SANTA,SUPERIOR,FISCALÍA SUPERIOR DE FAMILIA DEL SANTA,FAMILIA
2026,2,05/03/2026,SANTA,SUPERIOR,FISCALIA SUPERIOR ESPECIALIZADA EN DELITOS DE CORRUPCION DE FUNCIONARIOS DEL SANTA,CORRUPCIÓN DE FUNCIONARIOS
2026,2,05/03/2026,SELVA CENTRAL,PROVINCIAL,1° FISCALÍA PROVINCIAL PENAL CORPORATIVA DE CHANCHAMAYO,PENAL
2026,2,05/03/2026,SELVA CENTRAL,PROVINCIAL,1° FISCALÍA PROVINCIAL PENAL CORPORATIVA DE OXAPAMPA,PENAL
2026,2,05/03/2026,SELVA CENTRAL,PROVINCIAL,1° FISCALÍA PROVINCIAL PENAL CORPORATIVA DE SATIPO,PENAL
2026,2,05/03/2026,SELVA CENTRAL,PROVINCIAL,2° FISCALÍA PROVINCIAL PENAL CORPORATIVA DE CHANCHAMAYO,PENAL
2026,2,05/03/2026,SELVA CENTRAL,PROVINCIAL,2° FISCALÍA PROVINCIAL PENAL CORPORATIVA DE OXAPAMPA,PENAL
2026,2,05/03/2026,SELVA CENTRAL,PROVINCIAL,2° FISCALÍA PROVINCIAL PENAL CORPORATIVA DE SATIPO,PENAL
2026,2,05/03/2026,SELVA CENTRAL,PROVINCIAL,FISCALÍA PROVINCIAL CORPORATIVA TRANSITORIA ESPECIALIZADA EN  DELITOS DE CORRUPCIÓN DE FUNCIONARIOS DE LA MERCED - SEDE CHANCHAMAYO,CORRUPCIÓN DE FUNCIONARIOS
2026,2,05/03/2026,SELVA CENTRAL,PROVINCIAL,FISCALÍA PROVINCIAL DE FAMILIA DE CHANCHAMAYO,FAMILIA
2026,2,05/03/2026,SELVA CENTRAL,PROVINCIAL,FISCALÍA PROVINCIAL DE FAMILIA DE OXAPAMPA,FAMILIA
2026,2,05/03/2026,SELVA CENTRAL,PROVINCIAL,FISCALÍA PROVINCIAL DE FAMILIA DE SATIPO,FAMILIA
2026,2,05/03/2026,SELVA CENTRAL,PROVINCIAL,FISCALÍA PROVINCIAL ESPECIALIZADA EN DELITO DE TRÁFICO ILÍCITO DE DROGAS - SEDE LA MERCED,TRÁFICO ILÍCITO DE DROGAS
2026,2,05/03/2026,SELVA CENTRAL,PROVINCIAL,FISCALÍA PROVINCIAL ESPECIALIZADA EN MATERIA AMBIENTAL - SEDE CHANCHAMAYO,MATERIA AMBIENTAL
2026,2,05/03/2026,SELVA CENTRAL,PROVINCIAL,FISCALÍA PROVINCIAL ESPECIALIZADA EN PREVENCIÓN DEL DELITO DE CHANCHAMAYO,PREVENCIÓN DEL DELITO
2026,2,05/03/2026,SELVA CENTRAL,PROVINCIAL,FISCALÍA PROVINCIAL MIXTA CORPORATIVA DE PICHANAQUI - CHANCHAMAYO,MIXTA
2026,2,05/03/2026,SELVA CENTRAL,PROVINCIAL,FISCALÍA PROVINCIAL MIXTA DE PUERTO BERMÚDEZ,MIXTA
2026,2,05/03/2026,SELVA CENTRAL,PROVINCIAL,FISCALÍA PENAL SUPRAPROVINCIAL ESPECIALIZADA EN DERECHOS HUMANOS Y CONTRA EL TERRORISMO DE SELVA CENTRAL,SUPRAPROVINCIAL ESPECIALIZADA EN DERECHOS HUMANOS Y CONTRA EL TERRORISMO
2026,2,05/03/2026,SELVA CENTRAL,SUPERIOR,1° FISCALÍA SUPERIOR PENAL DE LA MERCED,PENAL
2026,2,05/03/2026,SELVA CENTRAL,SUPERIOR,2° FISCALÍA SUPERIOR PENAL DE LA MERCED,PENAL
2026,2,05/03/2026,SELVA CENTRAL,SUPERIOR,FISCALÍA SUPERIOR DE FAMILIA DE LA MERCED,FAMILIA
2026,2,05/03/2026,SELVA CENTRAL,SUPERIOR,FISCALÍA SUPERIOR MIXTA DE SATIPO,MIXTA
2026,2,05/03/2026,SULLANA,PROVINCIAL,1º FISCALÍA PROVINCIAL DE FAMILIA DE SULLANA,FAMILIA
2026,2,05/03/2026,SULLANA,PROVINCIAL,1º FISCALÍA PROVINCIAL PENAL CORPORATIVA DE SULLANA,PENAL
2026,2,05/03/2026,SULLANA,PROVINCIAL,1º FISCALÍA PROVINCIAL PENAL CORPORATIVA DE TALARA,PENAL
2026,2,05/03/2026,SULLANA,PROVINCIAL,2º FISCALÍA PROVINCIAL DE FAMILIA DE SULLANA,FAMILIA
2026,2,05/03/2026,SULLANA,PROVINCIAL,2º FISCALÍA PROVINCIAL PENAL CORPORATIVA DE SULLANA,PENAL
2026,2,05/03/2026,SULLANA,PROVINCIAL,2º FISCALÍA PROVINCIAL PENAL CORPORATIVA DE TALARA,PENAL
2026,2,05/03/2026,SULLANA,PROVINCIAL,FISCALIA ESPECIALIZADA EN MATERIA AMBIENTAL DE SULLANA,MATERIA AMBIENTAL
2026,2,05/03/2026,SULLANA,PROVINCIAL,FISCALIA PROVINCIAL CORPORATIVA ESPECIALIZADA EN DELITOS DE CORRUPCION DE FUNCIONARIOS DE SULLANA,CORRUPCIÓN DE FUNCIONARIOS
2026,2,05/03/2026,SULLANA,PROVINCIAL,FISCALÍA PROVINCIAL DE PREVENCIÓN DEL DELITO DE SULLANA,PREVENCIÓN DEL DELITO
2026,2,05/03/2026,SULLANA,PROVINCIAL,FISCALÍA PROVINCIAL MIXTA CORPORATIVA DE AYABACA - SUYO,MIXTA
2026,2,05/03/2026,SULLANA,PROVINCIAL,FISCALÍA PROVINCIAL MIXTA CORPORATIVA DE TALARA - MANCORA,MIXTA
2026,2,05/03/2026,SULLANA,PROVINCIAL,FISCALÍA PROVINCIAL MIXTA DE AYABACA,MIXTA
2026,2,05/03/2026,SULLANA,PROVINCIAL,FISCALÍA PROVINCIAL MIXTA DE TALARA,MIXTA
2026,2,05/03/2026,SULLANA,PROVINCIAL,FISCALIA PROVINCIAL PENAL DE AYABACA,PENAL
2026,2,05/03/2026,SULLANA,SUPERIOR,1º FISCALÍA SUPERIOR PENAL DE SULLANA,PENAL
2026,2,05/03/2026,SULLANA,SUPERIOR,2º FISCALÍA SUPERIOR PENAL DE SULLANA,PENAL
2026,2,05/03/2026,SULLANA,SUPERIOR,FISCALÍA SUPERIOR MIXTA DE SULLANA,MIXTA
2026,2,05/03/2026,TACNA,PROVINCIAL,FISCALIA PROVINCIAL CORPORATIVA ESPECIALIZADA EN DELITOS DE CORRUPCION DE FUNCIONARIOS DE TACNA,CORRUPCIÓN DE FUNCIONARIOS
2026,2,05/03/2026,TACNA,PROVINCIAL,FISCALIA PROVINCIAL CORPORATIVA ESPECIALIZADA EN DELITOS DE LESIONES Y AGRESIONES EN CONTRA DE LA MUJERES E INTEGRANTES DEL GRUPO FAMILIAR DE GREGORIO ALBARRACIN,VIOLENCIA CONTRA LA MUJER Y LOS INTEGRANTES DEL GRUPO FAMILIAR
2026,2,05/03/2026,TACNA,PROVINCIAL,FISCALÍA PROVINCIAL DE FAMILIA DE TACNA,FAMILIA
2026,2,05/03/2026,TACNA,PROVINCIAL,FISCALÍA PROVINCIAL ESPECIALIZADA DE PREVENCIÓN DEL DELITO DE TACNA,PREVENCIÓN DEL DELITO
2026,2,05/03/2026,TACNA,PROVINCIAL,FISCALÍA PROVINCIAL ESPECIALIZADA EN DELITOS ADUANEROS Y CONTRA LA PROPIEDAD INTELECTUAL DE TACNA,ADUANEROS Y CONTRA LA PROPIEDAD INTELECTUAL
2026,2,05/03/2026,TACNA,PROVINCIAL,FISCALIA PROVINCIAL ESPECIALIZADA EN DELITOS DE LAVADO DE ACTIVOS DE TACNA,LAVADO DE ACTIVOS Y PERDIDA DE DOMINIO
2026,2,05/03/2026,TACNA,PROVINCIAL,FISCALIA PROVINCIAL ESPECIALIZADA EN DELITOS DE TRÁFICO ILÍCITO DE DROGAS DE TACNA,TRÁFICO ILÍCITO DE DROGAS
2026,2,05/03/2026,TACNA,PROVINCIAL,FISCALIA PROVINCIAL ESPECIALIZADA EN DELITOS DE TRATA DE PERSONAS DE TACNA,TRATA DE PERSONAS
2026,2,05/03/2026,TACNA,PROVINCIAL,FISCALIA PROVINCIAL ESPECIALIZADA EN MATERIA AMBIENTAL DE TACNA,MATERIA AMBIENTAL
2026,2,05/03/2026,TACNA,PROVINCIAL,FISCALÍA PROVINCIAL MIXTA CORPORATIVA DE ALTO DE LA ALIANZA,MIXTA
2026,2,05/03/2026,TACNA,PROVINCIAL,FISCALÍA PROVINCIAL MIXTA CORPORATIVA DE TARATA,MIXTA
2026,2,05/03/2026,TACNA,PROVINCIAL,FISCALÍA PROVINCIAL MIXTA DE CANDARAVE,MIXTA
2026,2,05/03/2026,TACNA,PROVINCIAL,FISCALÍA PROVINCIAL MIXTA DE GREGORIO ALBARRACÍN,MIXTA
2026,2,05/03/2026,TACNA,PROVINCIAL,FISCALÍA PROVINCIAL MIXTA JORGE BASADRE,MIXTA
2026,2,05/03/2026,TACNA,PROVINCIAL,FISCALÍA PROVINCIAL PENAL CORPORATIVA DE TACNA,PENAL
2026,2,05/03/2026,TACNA,PROVINCIAL,FISCALIA PROVINCIAL TRANSITORIA DE EXTINCION DE DOMINIO DE TACNA,EXTINCIÓN DE DOMINIO
2026,2,05/03/2026,TACNA,PROVINCIAL,FISCALIA PROVINCIAL TRANSITORIA ESPECIALIZADA DE PREVENCION DEL DELITO DE TACNA,PREVENCIÓN DEL DELITO
2026,2,05/03/2026,TACNA,PROVINCIAL,FISCALÍA PENAL SUPRAPROVINCIAL ESPECIALIZADA EN DERECHOS HUMANOS Y CONTRA EL TERRORISMO DE  MOQUEGUA Y TACNA,SUPRAPROVINCIAL ESPECIALIZADA EN DERECHOS HUMANOS Y CONTRA EL TERRORISMO
2026,2,05/03/2026,TACNA,SUPERIOR,1º FISCALÍA SUPERIOR PENAL DEL TACNA,PENAL
2026,2,05/03/2026,TACNA,SUPERIOR,2º FISCALÍA SUPERIOR PENAL DE TACNA,PENAL
2026,2,05/03/2026,TACNA,SUPERIOR,3º FISCALÍA SUPERIOR PENAL DE TACNA,PENAL
2026,2,05/03/2026,TACNA,SUPERIOR,FISCALÍA SUPERIOR DE FAMILIA DE TACNA,FAMILIA
2026,2,05/03/2026,TUMBES,PROVINCIAL,1º FISCALÍA PROVINCIAL PENAL CORPORATIVA DE TUMBES,PENAL
2026,2,05/03/2026,TUMBES,PROVINCIAL,1º FISCALÍA PROVINCIAL PENAL CORPORATIVA DE ZARUMILLA,PENAL
2026,2,05/03/2026,TUMBES,PROVINCIAL,2º FISCALÍA PROVINCIAL PENAL CORPORATIVA DE TUMBES,PENAL
2026,2,05/03/2026,TUMBES,PROVINCIAL,2º FISCALÍA PROVINCIAL PENAL CORPORATIVA DE ZARUMILLA,PENAL
2026,2,05/03/2026,TUMBES,PROVINCIAL,FISCALIA PROVINCIAL CORPORATIVA ESPECIALIZADA CONTRA LA CRIMINALIDAD ORGANIZADA DE TUMBES,CRIMINALIDAD ORGANIZADA
2026,2,05/03/2026,TUMBES,PROVINCIAL,FISCALIA PROVINCIAL CORPORATIVA ESPECIALIZADA EN DELITOS DE CORRUPCION DE FUNCIONARIOS TUMBES,CORRUPCIÓN DE FUNCIONARIOS
2026,2,05/03/2026,TUMBES,PROVINCIAL,FISCALIA PROVINCIAL CORPORATIVA ESPECIALIZADA EN DELITOS DE LESIONES Y AGRESIONES EN CONTRA DE LAS MUJERES E INTEGRANTES DEL GRUPO FAMILIAR DE TUMBES,VIOLENCIA CONTRA LA MUJER Y LOS INTEGRANTES DEL GRUPO FAMILIAR
2026,2,05/03/2026,TUMBES,PROVINCIAL,FISCALÍA PROVINCIAL ESPECIALIZADA EN DELITO DE TRÁFICO ILÍCITO DE DROGAS - SEDE TUMBES,TRÁFICO ILÍCITO DE DROGAS
2026,2,05/03/2026,TUMBES,PROVINCIAL,FISCALÍA PROVINCIAL ESPECIALIZADA EN DELITOS ADUANEROS Y CONTRABANDO DE TUMBES,ADUANEROS Y CONTRA LA PROPIEDAD INTELECTUAL
2026,2,05/03/2026,TUMBES,PROVINCIAL,FISCALIA PROVINCIAL ESPECIALIZADA EN DELITOS DE LAVADO DE ACTIVOS DE TUMBES,LAVADO DE ACTIVOS Y PERDIDA DE DOMINIO
2026,2,05/03/2026,TUMBES,PROVINCIAL,FISCALIA PROVINCIAL ESPECIALIZADA EN DELITOS DE TRATA DE PERSONAS DE TUMBES,TRATA DE PERSONAS
2026,2,05/03/2026,TUMBES,PROVINCIAL,FISCALIA PROVINCIAL ESPECIALIZADA EN MATERIA AMBIENTAL DE TUMBES,MATERIA AMBIENTAL
2026,2,05/03/2026,TUMBES,PROVINCIAL,FISCALÍA PROVINCIAL MIXTA CORPORATIVA DE CONTRALMIRANTE VILLAR,MIXTA
2026,2,05/03/2026,TUMBES,PROVINCIAL,FISCALIA PROVINCIAL MIXTA DE TUMBES,MIXTA
2026,2,05/03/2026,TUMBES,PROVINCIAL,FISCALÍA PROVINCIAL MIXTA DE ZARUMILLA,MIXTA
2026,2,05/03/2026,TUMBES,PROVINCIAL,FISCALIA PROVINCIAL TRANSITORIA DE EXTINCION DE DOMINIO DE TUMBES,EXTINCIÓN DE DOMINIO
2026,2,05/03/2026,TUMBES,PROVINCIAL,FISCALÍA PROVINCIAL TRANSITORIA ESPECIALIZADA EN PREVENCIÓN DEL DELITO DE TUMBES,PREVENCIÓN DEL DELITO
2026,2,05/03/2026,TUMBES,PROVINCIAL,FISCALÍA PENAL SUPRAPROVINCIAL ESPECIALIZADA EN DERECHOS HUMANOS Y CONTRA EL TERRORISMO DE  SULLANA Y TUMBES,SUPRAPROVINCIAL ESPECIALIZADA EN DERECHOS HUMANOS Y CONTRA EL TERRORISMO
2026,2,05/03/2026,TUMBES,SUPERIOR,1° FISCALÍA SUPERIOR PENAL DE TUMBES,PENAL
2026,2,05/03/2026,TUMBES,SUPERIOR,2° FISCALÍA SUPERIOR PENAL TRANSITORIA DE TUMBES,PENAL
2026,2,05/03/2026,TUMBES,SUPERIOR,FISCALÍA SUPERIOR MIXTA DE TUMBES,MIXTA
2026,2,05/03/2026,UCAYALI,PROVINCIAL,1º FISCALIA PROVINCIAL CORPORATIVA ESPECIALIZADA EN MATERIA  AMBIENTAL DE UCAYALI,MATERIA AMBIENTAL
2026,2,05/03/2026,UCAYALI,PROVINCIAL,1º FISCALÍA PROVINCIAL DE FAMILIA DE CORONEL PORTILLO,FAMILIA
2026,2,05/03/2026,UCAYALI,PROVINCIAL,1º FISCALÍA PROVINCIAL DE PREVENCIÓN DEL DELITO DE CORONEL PORTILLO,PREVENCIÓN DEL DELITO
2026,2,05/03/2026,UCAYALI,PROVINCIAL,1º FISCALÍA PROVINCIAL ESPECIALIZADA EN DELITO DE TRÁFICO ILÍCITO DE DROGAS - SEDE PUCALLPA,TRÁFICO ILÍCITO DE DROGAS
2026,2,05/03/2026,UCAYALI,PROVINCIAL,1º FISCALIA PROVINCIAL PENAL CORPORATIVA DE CORONEL PORTILLO,PENAL
2026,2,05/03/2026,UCAYALI,PROVINCIAL,1º FISCALIA PROVINCIAL PENAL CORPORATIVA DE YARINACOCHA,PENAL
2026,2,05/03/2026,UCAYALI,PROVINCIAL,2º FISCALIA PROVINCIAL CORPORATIVA ESPECIALIZADA EN MATERIA AMBIENTAL DE UCAYALI,MATERIA AMBIENTAL
2026,2,05/03/2026,UCAYALI,PROVINCIAL,2º FISCALÍA PROVINCIAL DE FAMILIA DE CORONEL PORTILLO,FAMILIA
2026,2,05/03/2026,UCAYALI,PROVINCIAL,2º FISCALIA PROVINCIAL DE PREVENCION DEL DELITO DE CORONEL PORTILLO,PREVENCIÓN DEL DELITO
2026,2,05/03/2026,UCAYALI,PROVINCIAL,2º FISCALIA PROVINCIAL ESPECIALIZADA EN DELITOS DE TRÁFICO ILÍCITO DE DROGAS - SEDE PUCALLPA,TRÁFICO ILÍCITO DE DROGAS
2026,2,05/03/2026,UCAYALI,PROVINCIAL,2º FISCALIA PROVINCIAL PENAL CORPORATIVA DE CORONEL PORTILLO,PENAL
2026,2,05/03/2026,UCAYALI,PROVINCIAL,2º FISCALIA PROVINCIAL PENAL CORPORATIVA DE YARINACOCHA,PENAL
2026,2,05/03/2026,UCAYALI,PROVINCIAL,3º FISCALÍA PROVINCIAL DE FAMILIA DE CORONEL PORTILLO,FAMILIA
2026,2,05/03/2026,UCAYALI,PROVINCIAL,3º FISCALIA PROVINCIAL PENAL CORPORATIVA DE CORONEL PORTILLO,PENAL
2026,2,05/03/2026,UCAYALI,PROVINCIAL,4º FISCALÍA PROVINCIAL DE FAMILIA DE CORONEL PORTILLO,FAMILIA
2026,2,05/03/2026,UCAYALI,PROVINCIAL,4º FISCALIA PROVINCIAL PENAL CORPORATIVA DE CORONEL PORTILLO,PENAL
2026,2,05/03/2026,UCAYALI,PROVINCIAL,5º FISCALIA PROVINCIAL PENAL CORPORATIVA DE CORONEL PORTILLO,PENAL
2026,2,05/03/2026,UCAYALI,PROVINCIAL,FISCALIA PROVINCIAL CORPORATIVA ESPECIALIZADA EN CRIMINALIDAD ORGANIZADA DE UCAYALI,CRIMINALIDAD ORGANIZADA
2026,2,05/03/2026,UCAYALI,PROVINCIAL,FISCALIA PROVINCIAL CORPORATIVA ESPECIALIZADA EN DELITOS DE CORRUPCION DE FUNCIONARIOS DE UCAYALI,CORRUPCIÓN DE FUNCIONARIOS
2026,2,05/03/2026,UCAYALI,PROVINCIAL,FISCALÍA PROVINCIAL DE FAMILIA DE ATALAYA,FAMILIA
2026,2,05/03/2026,UCAYALI,PROVINCIAL,FISCALÍA PROVINCIAL DE FAMILIA DE CAMPO VERDE,FAMILIA
2026,2,05/03/2026,UCAYALI,PROVINCIAL,FISCALÍA PROVINCIAL DE FAMILIA DE PADRE ABAD,FAMILIA
2026,2,05/03/2026,UCAYALI,PROVINCIAL,FISCALÍA PROVINCIAL DE FAMILIA DE PUERTO INCA,FAMILIA
2026,2,05/03/2026,UCAYALI,PROVINCIAL,FISCALIA PROVINCIAL DE FAMILIA DE UCAYALI,FAMILIA
2026,2,05/03/2026,UCAYALI,PROVINCIAL,FISCALÍA PROVINCIAL DE FAMILIA DE YARINACOCHA,FAMILIA
2026,2,05/03/2026,UCAYALI,PROVINCIAL,FISCALIA PROVINCIAL DE PREVENCIÓN DEL DELITO - SEDE YARINACOCHA,PREVENCIÓN DEL DELITO
2026,2,05/03/2026,UCAYALI,PROVINCIAL,FISCALÍA PROVINCIAL ESPECIALIZADA EN MATERIA AMBIENTAL - SEDE ATALAYA,MATERIA AMBIENTAL
2026,2,05/03/2026,UCAYALI,PROVINCIAL,FISCALIA PROVINCIAL MIXTA DE IRAZOLA - PADRE ABAD,MIXTA
2026,2,05/03/2026,UCAYALI,PROVINCIAL,FISCALIA PROVINCIAL MIXTA DE PURÚS,MIXTA
2026,2,05/03/2026,UCAYALI,PROVINCIAL,FISCALIA PROVINCIAL PENAL CORPORATIVA DE ATALAYA,PENAL
2026,2,05/03/2026,UCAYALI,PROVINCIAL,FISCALIA PROVINCIAL PENAL CORPORATIVA DE CAMPOVERDE,PENAL
2026,2,05/03/2026,UCAYALI,PROVINCIAL,FISCALIA PROVINCIAL PENAL CORPORATIVA DE PADRE ABAD,PENAL
2026,2,05/03/2026,UCAYALI,PROVINCIAL,FISCALIA PROVINCIAL PENAL CORPORATIVA DE PUERTO INCA,PENAL
2026,2,05/03/2026,UCAYALI,PROVINCIAL,FISCALIA PROVINCIAL PENAL CORPORATIVA DE UCAYALI,PENAL
2026,2,05/03/2026,UCAYALI,PROVINCIAL,FISCALIA PROVINCIAL TRANSITORIA DE EXTINCION DE DOMINIO DE UCAYALI,EXTINCIÓN DE DOMINIO
2026,2,05/03/2026,UCAYALI,PROVINCIAL,1° FISCALÍA PENAL SUPRAPROVINCIAL ESPECIALIZADA EN DERECHOS HUMANOS Y CONTRA EL TERRORISMO DE UCAYALI,SUPRAPROVINCIAL ESPECIALIZADA EN DERECHOS HUMANOS Y CONTRA EL TERRORISMO
2026,2,05/03/2026,UCAYALI,PROVINCIAL,2° FISCALÍA PENAL SUPRAPROVINCIAL ESPECIALIZADA EN DERECHOS HUMANOS Y CONTRA EL TERRORISMO DE UCAYALI,SUPRAPROVINCIAL ESPECIALIZADA EN DERECHOS HUMANOS Y CONTRA EL TERRORISMO
2026,2,05/03/2026,UCAYALI,SUPERIOR,1º FISCALÍA SUPERIOR DE FAMILIA DE UCAYALI,FAMILIA
2026,2,05/03/2026,UCAYALI,SUPERIOR,1º FISCALIA SUPERIOR PENAL DE UCAYALI,PENAL
2026,2,05/03/2026,UCAYALI,SUPERIOR,2º FISCALÍA SUPERIOR DE FAMILIA DE UCAYALI,FAMILIA
2026,2,05/03/2026,UCAYALI,SUPERIOR,2º FISCALIA SUPERIOR PENAL DE UCAYALI,PENAL
2026,2,05/03/2026,UCAYALI,SUPERIOR,3º FISCALIA SUPERIOR PENAL DE UCAYALI,PENAL
2026,2,05/03/2026,UCAYALI,SUPERIOR,FISCALIA SUPERIOR ESPECIALIZADA EN DELITOS DE CORRUPCION DE FUNCIONARIOS DE UCAYALI,CORRUPCIÓN DE FUNCIONARIOS
