anio,mes,fecha_descarga,distrito_fiscal,ubicacion_especialidad,cargo,condicion,sexo,total,ubigeo_pjfs,dpto_pjfs,prov_pjfs,dist_pjfs,fecha_corte
2024,12,06/01/2025,AMAZONAS,AUTORIDAD NACIONAL DE CONTROL,FISCAL ADJUNTO SUPERIOR,PROVISIONAL (Titular Promovido),FEMENINO,1,010101,AMAZONAS,CHACHAPOYAS,CHACHAPOYAS,31/10/2025
2024,12,06/01/2025,AMAZONAS,AUTORIDAD NACIONAL DE CONTROL,FISCAL ADJUNTO SUPERIOR,PROVISIONAL (Titular Promovido),MASCULINO,1,010101,AMAZONAS,CHACHAPOYAS,CHACHAPOYAS,31/10/2025
2024,12,06/01/2025,AMAZONAS,AUTORIDAD NACIONAL DE CONTROL,FISCAL SUPERIOR,PROVISIONAL (Titular Promovido),MASCULINO,1,010101,AMAZONAS,CHACHAPOYAS,CHACHAPOYAS,31/10/2025
2024,12,06/01/2025,AMAZONAS,CORRUPCION DE FUNCIONARIOS,FISCAL ADJUNTO PROVINCIAL,PROVISIONAL,FEMENINO,2,010101,AMAZONAS,CHACHAPOYAS,CHACHAPOYAS,31/10/2025
2024,12,06/01/2025,AMAZONAS,CORRUPCION DE FUNCIONARIOS,FISCAL ADJUNTO PROVINCIAL,PROVISIONAL,MASCULINO,3,010101,AMAZONAS,CHACHAPOYAS,CHACHAPOYAS,31/10/2025
2024,12,06/01/2025,AMAZONAS,CORRUPCION DE FUNCIONARIOS,FISCAL ADJUNTO PROVINCIAL,TITULAR,MASCULINO,2,010101,AMAZONAS,CHACHAPOYAS,CHACHAPOYAS,31/10/2025
2024,12,06/01/2025,AMAZONAS,CORRUPCION DE FUNCIONARIOS,FISCAL PROVINCIAL,PROVISIONAL (Titular Promovido),FEMENINO,1,010101,AMAZONAS,CHACHAPOYAS,CHACHAPOYAS,31/10/2025
2024,12,06/01/2025,AMAZONAS,CORRUPCION DE FUNCIONARIOS,FISCAL PROVINCIAL,TITULAR,FEMENINO,1,010101,AMAZONAS,CHACHAPOYAS,CHACHAPOYAS,31/10/2025
2024,12,06/01/2025,AMAZONAS,CRIMEN ORGANIZADO,FISCAL ADJUNTO PROVINCIAL,PROVISIONAL,MASCULINO,1,010101,AMAZONAS,CHACHAPOYAS,CHACHAPOYAS,31/10/2025
2024,12,06/01/2025,AMAZONAS,CRIMEN ORGANIZADO,FISCAL ADJUNTO PROVINCIAL,TITULAR,MASCULINO,1,010101,AMAZONAS,CHACHAPOYAS,CHACHAPOYAS,31/10/2025
2024,12,06/01/2025,AMAZONAS,CRIMEN ORGANIZADO,FISCAL PROVINCIAL,TITULAR,FEMENINO,1,010101,AMAZONAS,CHACHAPOYAS,CHACHAPOYAS,31/10/2025
2024,12,06/01/2025,AMAZONAS,FAMILIA,FISCAL ADJUNTO PROVINCIAL,PROVISIONAL,FEMENINO,2,010101,AMAZONAS,CHACHAPOYAS,CHACHAPOYAS,31/10/2025
2024,12,06/01/2025,AMAZONAS,FAMILIA,FISCAL ADJUNTO PROVINCIAL,TITULAR,FEMENINO,4,010101,AMAZONAS,CHACHAPOYAS,CHACHAPOYAS,31/10/2025
2024,12,06/01/2025,AMAZONAS,FAMILIA,FISCAL ADJUNTO PROVINCIAL,TITULAR,MASCULINO,3,010101,AMAZONAS,CHACHAPOYAS,CHACHAPOYAS,31/10/2025
2024,12,06/01/2025,AMAZONAS,FAMILIA,FISCAL PROVINCIAL,PROVISIONAL,MASCULINO,2,010101,AMAZONAS,CHACHAPOYAS,CHACHAPOYAS,31/10/2025
2024,12,06/01/2025,AMAZONAS,FAMILIA,FISCAL PROVINCIAL,TITULAR,FEMENINO,1,010101,AMAZONAS,CHACHAPOYAS,CHACHAPOYAS,31/10/2025
2024,12,06/01/2025,AMAZONAS,FAMILIA,FISCAL PROVINCIAL,TITULAR,MASCULINO,3,010101,AMAZONAS,CHACHAPOYAS,CHACHAPOYAS,31/10/2025
2024,12,06/01/2025,AMAZONAS,MATERIA AMBIENTAL,FISCAL ADJUNTO PROVINCIAL,PROVISIONAL,FEMENINO,3,010101,AMAZONAS,CHACHAPOYAS,CHACHAPOYAS,31/10/2025
2024,12,06/01/2025,AMAZONAS,MATERIA AMBIENTAL,FISCAL ADJUNTO PROVINCIAL,PROVISIONAL,MASCULINO,3,010101,AMAZONAS,CHACHAPOYAS,CHACHAPOYAS,31/10/2025
2024,12,06/01/2025,AMAZONAS,MATERIA AMBIENTAL,FISCAL PROVINCIAL,PROVISIONAL (Titular Promovido),MASCULINO,1,010101,AMAZONAS,CHACHAPOYAS,CHACHAPOYAS,31/10/2025
2024,12,06/01/2025,AMAZONAS,MATERIA AMBIENTAL,FISCAL PROVINCIAL,TITULAR,MASCULINO,1,010101,AMAZONAS,CHACHAPOYAS,CHACHAPOYAS,31/10/2025
2024,12,06/01/2025,AMAZONAS,MIXTA,FISCAL ADJUNTO PROVINCIAL,PROVISIONAL,FEMENINO,1,010101,AMAZONAS,CHACHAPOYAS,CHACHAPOYAS,31/10/2025
2024,12,06/01/2025,AMAZONAS,MIXTA,FISCAL ADJUNTO PROVINCIAL,PROVISIONAL,MASCULINO,4,010101,AMAZONAS,CHACHAPOYAS,CHACHAPOYAS,31/10/2025
2024,12,06/01/2025,AMAZONAS,MIXTA,FISCAL ADJUNTO PROVINCIAL,TITULAR,FEMENINO,2,010101,AMAZONAS,CHACHAPOYAS,CHACHAPOYAS,31/10/2025
2024,12,06/01/2025,AMAZONAS,MIXTA,FISCAL ADJUNTO PROVINCIAL,TITULAR,MASCULINO,9,010101,AMAZONAS,CHACHAPOYAS,CHACHAPOYAS,31/10/2025
2024,12,06/01/2025,AMAZONAS,MIXTA,FISCAL ADJUNTO SUPERIOR,PROVISIONAL,FEMENINO,1,010101,AMAZONAS,CHACHAPOYAS,CHACHAPOYAS,31/10/2025
2024,12,06/01/2025,AMAZONAS,MIXTA,FISCAL ADJUNTO SUPERIOR,PROVISIONAL,MASCULINO,1,010101,AMAZONAS,CHACHAPOYAS,CHACHAPOYAS,31/10/2025
2024,12,06/01/2025,AMAZONAS,MIXTA,FISCAL ADJUNTO SUPERIOR,PROVISIONAL (Titular Promovido),FEMENINO,1,010101,AMAZONAS,CHACHAPOYAS,CHACHAPOYAS,31/10/2025
2024,12,06/01/2025,AMAZONAS,MIXTA,FISCAL ADJUNTO SUPERIOR,PROVISIONAL (Titular Promovido),MASCULINO,5,010101,AMAZONAS,CHACHAPOYAS,CHACHAPOYAS,31/10/2025
2024,12,06/01/2025,AMAZONAS,MIXTA,FISCAL ADJUNTO SUPERIOR,TITULAR,MASCULINO,1,010101,AMAZONAS,CHACHAPOYAS,CHACHAPOYAS,31/10/2025
2024,12,06/01/2025,AMAZONAS,MIXTA,FISCAL PROVINCIAL,PROVISIONAL,FEMENINO,4,010101,AMAZONAS,CHACHAPOYAS,CHACHAPOYAS,31/10/2025
2024,12,06/01/2025,AMAZONAS,MIXTA,FISCAL PROVINCIAL,PROVISIONAL,MASCULINO,2,010101,AMAZONAS,CHACHAPOYAS,CHACHAPOYAS,31/10/2025
2024,12,06/01/2025,AMAZONAS,MIXTA,FISCAL PROVINCIAL,PROVISIONAL (Titular Promovido),FEMENINO,1,010101,AMAZONAS,CHACHAPOYAS,CHACHAPOYAS,31/10/2025
2024,12,06/01/2025,AMAZONAS,MIXTA,FISCAL PROVINCIAL,PROVISIONAL (Titular Promovido),MASCULINO,2,010101,AMAZONAS,CHACHAPOYAS,CHACHAPOYAS,31/10/2025
2024,12,06/01/2025,AMAZONAS,MIXTA,FISCAL PROVINCIAL,TITULAR,MASCULINO,1,010101,AMAZONAS,CHACHAPOYAS,CHACHAPOYAS,31/10/2025
2024,12,06/01/2025,AMAZONAS,MIXTA,FISCAL SUPERIOR,PROVISIONAL (Titular Promovido),MASCULINO,2,010101,AMAZONAS,CHACHAPOYAS,CHACHAPOYAS,31/10/2025
2024,12,06/01/2025,AMAZONAS,MIXTA,FISCAL SUPERIOR,TITULAR,MASCULINO,1,010101,AMAZONAS,CHACHAPOYAS,CHACHAPOYAS,31/10/2025
2024,12,06/01/2025,AMAZONAS,PENAL,FISCAL ADJUNTO PROVINCIAL,PROVISIONAL,FEMENINO,8,010101,AMAZONAS,CHACHAPOYAS,CHACHAPOYAS,31/10/2025
2024,12,06/01/2025,AMAZONAS,PENAL,FISCAL ADJUNTO PROVINCIAL,PROVISIONAL,MASCULINO,8,010101,AMAZONAS,CHACHAPOYAS,CHACHAPOYAS,31/10/2025
2024,12,06/01/2025,AMAZONAS,PENAL,FISCAL ADJUNTO PROVINCIAL,TITULAR,FEMENINO,8,010101,AMAZONAS,CHACHAPOYAS,CHACHAPOYAS,31/10/2025
2024,12,06/01/2025,AMAZONAS,PENAL,FISCAL ADJUNTO PROVINCIAL,TITULAR,MASCULINO,14,010101,AMAZONAS,CHACHAPOYAS,CHACHAPOYAS,31/10/2025
2024,12,06/01/2025,AMAZONAS,PENAL,FISCAL ADJUNTO SUPERIOR,PROVISIONAL (Titular Promovido),FEMENINO,1,010101,AMAZONAS,CHACHAPOYAS,CHACHAPOYAS,31/10/2025
2024,12,06/01/2025,AMAZONAS,PENAL,FISCAL ADJUNTO SUPERIOR,TITULAR,MASCULINO,1,010101,AMAZONAS,CHACHAPOYAS,CHACHAPOYAS,31/10/2025
2024,12,06/01/2025,AMAZONAS,PENAL,FISCAL PROVINCIAL,PROVISIONAL,FEMENINO,1,010101,AMAZONAS,CHACHAPOYAS,CHACHAPOYAS,31/10/2025
2024,12,06/01/2025,AMAZONAS,PENAL,FISCAL PROVINCIAL,PROVISIONAL,MASCULINO,2,010101,AMAZONAS,CHACHAPOYAS,CHACHAPOYAS,31/10/2025
2024,12,06/01/2025,AMAZONAS,PENAL,FISCAL PROVINCIAL,PROVISIONAL (Titular Promovido),FEMENINO,2,010101,AMAZONAS,CHACHAPOYAS,CHACHAPOYAS,31/10/2025
2024,12,06/01/2025,AMAZONAS,PENAL,FISCAL PROVINCIAL,PROVISIONAL (Titular Promovido),MASCULINO,5,010101,AMAZONAS,CHACHAPOYAS,CHACHAPOYAS,31/10/2025
2024,12,06/01/2025,AMAZONAS,PENAL,FISCAL PROVINCIAL,TITULAR,FEMENINO,2,010101,AMAZONAS,CHACHAPOYAS,CHACHAPOYAS,31/10/2025
2024,12,06/01/2025,AMAZONAS,PENAL,FISCAL PROVINCIAL,TITULAR,MASCULINO,8,010101,AMAZONAS,CHACHAPOYAS,CHACHAPOYAS,31/10/2025
2024,12,06/01/2025,AMAZONAS,PENAL,FISCAL SUPERIOR,PROVISIONAL (Titular Promovido),FEMENINO,1,010101,AMAZONAS,CHACHAPOYAS,CHACHAPOYAS,31/10/2025
2024,12,06/01/2025,AMAZONAS,PREVENCION DEL DELITO,FISCAL ADJUNTO PROVINCIAL,PROVISIONAL,FEMENINO,1,010101,AMAZONAS,CHACHAPOYAS,CHACHAPOYAS,31/10/2025
2024,12,06/01/2025,AMAZONAS,PREVENCION DEL DELITO,FISCAL ADJUNTO PROVINCIAL,PROVISIONAL,MASCULINO,1,010101,AMAZONAS,CHACHAPOYAS,CHACHAPOYAS,31/10/2025
2024,12,06/01/2025,AMAZONAS,PREVENCION DEL DELITO,FISCAL ADJUNTO PROVINCIAL,TITULAR,FEMENINO,1,010101,AMAZONAS,CHACHAPOYAS,CHACHAPOYAS,31/10/2025
2024,12,06/01/2025,AMAZONAS,PREVENCION DEL DELITO,FISCAL ADJUNTO PROVINCIAL,TITULAR,MASCULINO,3,010101,AMAZONAS,CHACHAPOYAS,CHACHAPOYAS,31/10/2025
2024,12,06/01/2025,AMAZONAS,PREVENCION DEL DELITO,FISCAL PROVINCIAL,PROVISIONAL,MASCULINO,1,010101,AMAZONAS,CHACHAPOYAS,CHACHAPOYAS,31/10/2025
2024,12,06/01/2025,AMAZONAS,PREVENCION DEL DELITO,FISCAL PROVINCIAL,TITULAR,FEMENINO,1,010101,AMAZONAS,CHACHAPOYAS,CHACHAPOYAS,31/10/2025
2024,12,06/01/2025,AMAZONAS,PREVENCION DEL DELITO,FISCAL PROVINCIAL,TITULAR,MASCULINO,1,010101,AMAZONAS,CHACHAPOYAS,CHACHAPOYAS,31/10/2025
2024,12,06/01/2025,AMAZONAS,TRAFICO ILICITO DE DROGAS,FISCAL ADJUNTO PROVINCIAL,PROVISIONAL,MASCULINO,2,010101,AMAZONAS,CHACHAPOYAS,CHACHAPOYAS,31/10/2025
2024,12,06/01/2025,AMAZONAS,TRAFICO ILICITO DE DROGAS,FISCAL PROVINCIAL,PROVISIONAL,FEMENINO,1,010101,AMAZONAS,CHACHAPOYAS,CHACHAPOYAS,31/10/2025
2024,12,06/01/2025,AMAZONAS,VIOLENCIA CONTRA LA MUJER E INTEGRANTES DEL GRUPO FAMILIAR,FISCAL ADJUNTO PROVINCIAL,PROVISIONAL,MASCULINO,2,010101,AMAZONAS,CHACHAPOYAS,CHACHAPOYAS,31/10/2025
2024,12,06/01/2025,AMAZONAS,VIOLENCIA CONTRA LA MUJER E INTEGRANTES DEL GRUPO FAMILIAR,FISCAL ADJUNTO PROVINCIAL,TITULAR,FEMENINO,2,010101,AMAZONAS,CHACHAPOYAS,CHACHAPOYAS,31/10/2025
2024,12,06/01/2025,AMAZONAS,VIOLENCIA CONTRA LA MUJER E INTEGRANTES DEL GRUPO FAMILIAR,FISCAL PROVINCIAL,PROVISIONAL (Titular Promovido),MASCULINO,1,010101,AMAZONAS,CHACHAPOYAS,CHACHAPOYAS,31/10/2025
2024,12,06/01/2025,AMAZONAS,DERECHOS HUMANOS E INTERCULTURALIDAD,FISCAL ADJUNTO PROVINCIAL,PROVISIONAL,FEMENINO,2,010101,AMAZONAS,CHACHAPOYAS,CHACHAPOYAS,31/10/2025
2024,12,06/01/2025,AMAZONAS,DERECHOS HUMANOS E INTERCULTURALIDAD,FISCAL ADJUNTO PROVINCIAL,PROVISIONAL,MASCULINO,1,010101,AMAZONAS,CHACHAPOYAS,CHACHAPOYAS,31/10/2025
2024,12,06/01/2025,AMAZONAS,DERECHOS HUMANOS E INTERCULTURALIDAD,FISCAL PROVINCIAL,PROVISIONAL (Titular Promovido),MASCULINO,1,010101,AMAZONAS,CHACHAPOYAS,CHACHAPOYAS,31/10/2025
2024,12,06/01/2025,ANCASH,AUTORIDAD NACIONAL DE CONTROL,FISCAL ADJUNTO SUPERIOR,PROVISIONAL (Titular Promovido),FEMENINO,1,020101,ANCASH,HUARAZ,HUARAZ,31/10/2025
2024,12,06/01/2025,ANCASH,AUTORIDAD NACIONAL DE CONTROL,FISCAL ADJUNTO SUPERIOR,PROVISIONAL (Titular Promovido),MASCULINO,1,020101,ANCASH,HUARAZ,HUARAZ,31/10/2025
2024,12,06/01/2025,ANCASH,AUTORIDAD NACIONAL DE CONTROL,FISCAL SUPERIOR,PROVISIONAL (Titular Promovido),MASCULINO,1,020101,ANCASH,HUARAZ,HUARAZ,31/10/2025
2024,12,06/01/2025,ANCASH,CORRUPCION DE FUNCIONARIOS,FISCAL ADJUNTO PROVINCIAL,PROVISIONAL,FEMENINO,7,020101,ANCASH,HUARAZ,HUARAZ,31/10/2025
2024,12,06/01/2025,ANCASH,CORRUPCION DE FUNCIONARIOS,FISCAL ADJUNTO PROVINCIAL,PROVISIONAL,MASCULINO,6,020101,ANCASH,HUARAZ,HUARAZ,31/10/2025
2024,12,06/01/2025,ANCASH,CORRUPCION DE FUNCIONARIOS,FISCAL ADJUNTO PROVINCIAL,TITULAR,MASCULINO,3,020101,ANCASH,HUARAZ,HUARAZ,31/10/2025
2024,12,06/01/2025,ANCASH,CORRUPCION DE FUNCIONARIOS,FISCAL ADJUNTO SUPERIOR,PROVISIONAL (Titular Promovido),FEMENINO,2,020101,ANCASH,HUARAZ,HUARAZ,31/10/2025
2024,12,06/01/2025,ANCASH,CORRUPCION DE FUNCIONARIOS,FISCAL ADJUNTO SUPERIOR,TITULAR,FEMENINO,1,020101,ANCASH,HUARAZ,HUARAZ,31/10/2025
2024,12,06/01/2025,ANCASH,CORRUPCION DE FUNCIONARIOS,FISCAL ADJUNTO SUPERIOR,TITULAR,MASCULINO,1,020101,ANCASH,HUARAZ,HUARAZ,31/10/2025
2024,12,06/01/2025,ANCASH,CORRUPCION DE FUNCIONARIOS,FISCAL PROVINCIAL,PROVISIONAL (Titular Promovido),MASCULINO,2,020101,ANCASH,HUARAZ,HUARAZ,31/10/2025
2024,12,06/01/2025,ANCASH,CORRUPCION DE FUNCIONARIOS,FISCAL PROVINCIAL,TITULAR,FEMENINO,2,020101,ANCASH,HUARAZ,HUARAZ,31/10/2025
2024,12,06/01/2025,ANCASH,CORRUPCION DE FUNCIONARIOS,FISCAL PROVINCIAL,TITULAR,MASCULINO,2,020101,ANCASH,HUARAZ,HUARAZ,31/10/2025
2024,12,06/01/2025,ANCASH,CORRUPCION DE FUNCIONARIOS,FISCAL SUPERIOR,PROVISIONAL (Titular Promovido),FEMENINO,1,020101,ANCASH,HUARAZ,HUARAZ,31/10/2025
2024,12,06/01/2025,ANCASH,CORRUPCION DE FUNCIONARIOS,FISCAL SUPERIOR,TITULAR,MASCULINO,1,020101,ANCASH,HUARAZ,HUARAZ,31/10/2025
2024,12,06/01/2025,ANCASH,EXTINCION DE DOMINIO,FISCAL ADJUNTO PROVINCIAL,PROVISIONAL,FEMENINO,1,020101,ANCASH,HUARAZ,HUARAZ,31/10/2025
2024,12,06/01/2025,ANCASH,EXTINCION DE DOMINIO,FISCAL ADJUNTO PROVINCIAL,PROVISIONAL,MASCULINO,1,020101,ANCASH,HUARAZ,HUARAZ,31/10/2025
2024,12,06/01/2025,ANCASH,EXTINCION DE DOMINIO,FISCAL PROVINCIAL,PROVISIONAL (Titular Promovido),FEMENINO,1,020101,ANCASH,HUARAZ,HUARAZ,31/10/2025
2024,12,06/01/2025,ANCASH,FAMILIA,FISCAL ADJUNTO PROVINCIAL,PROVISIONAL,FEMENINO,11,020101,ANCASH,HUARAZ,HUARAZ,31/10/2025
2024,12,06/01/2025,ANCASH,FAMILIA,FISCAL ADJUNTO PROVINCIAL,PROVISIONAL,MASCULINO,3,020101,ANCASH,HUARAZ,HUARAZ,31/10/2025
2024,12,06/01/2025,ANCASH,FAMILIA,FISCAL ADJUNTO PROVINCIAL,TITULAR,FEMENINO,4,020101,ANCASH,HUARAZ,HUARAZ,31/10/2025
2024,12,06/01/2025,ANCASH,FAMILIA,FISCAL ADJUNTO PROVINCIAL,TITULAR,MASCULINO,1,020101,ANCASH,HUARAZ,HUARAZ,31/10/2025
2024,12,06/01/2025,ANCASH,FAMILIA,FISCAL ADJUNTO SUPERIOR,PROVISIONAL (Titular Promovido),FEMENINO,1,020101,ANCASH,HUARAZ,HUARAZ,31/10/2025
2024,12,06/01/2025,ANCASH,FAMILIA,FISCAL PROVINCIAL,PROVISIONAL,FEMENINO,1,020101,ANCASH,HUARAZ,HUARAZ,31/10/2025
2024,12,06/01/2025,ANCASH,FAMILIA,FISCAL PROVINCIAL,PROVISIONAL,MASCULINO,3,020101,ANCASH,HUARAZ,HUARAZ,31/10/2025
2024,12,06/01/2025,ANCASH,FAMILIA,FISCAL PROVINCIAL,PROVISIONAL (Titular Promovido),FEMENINO,1,020101,ANCASH,HUARAZ,HUARAZ,31/10/2025
2024,12,06/01/2025,ANCASH,FAMILIA,FISCAL PROVINCIAL,TITULAR,FEMENINO,5,020101,ANCASH,HUARAZ,HUARAZ,31/10/2025
2024,12,06/01/2025,ANCASH,FAMILIA,FISCAL PROVINCIAL,TITULAR,MASCULINO,7,020101,ANCASH,HUARAZ,HUARAZ,31/10/2025
2024,12,06/01/2025,ANCASH,FAMILIA,FISCAL SUPERIOR,TITULAR,FEMENINO,1,020101,ANCASH,HUARAZ,HUARAZ,31/10/2025
2024,12,06/01/2025,ANCASH,MATERIA AMBIENTAL,FISCAL ADJUNTO PROVINCIAL,TITULAR,MASCULINO,2,020101,ANCASH,HUARAZ,HUARAZ,31/10/2025
2024,12,06/01/2025,ANCASH,MATERIA AMBIENTAL,FISCAL PROVINCIAL,TITULAR,FEMENINO,1,020101,ANCASH,HUARAZ,HUARAZ,31/10/2025
2024,12,06/01/2025,ANCASH,MIXTA,FISCAL ADJUNTO PROVINCIAL,PROVISIONAL,FEMENINO,1,020101,ANCASH,HUARAZ,HUARAZ,31/10/2025
2024,12,06/01/2025,ANCASH,MIXTA,FISCAL ADJUNTO PROVINCIAL,TITULAR,FEMENINO,5,020101,ANCASH,HUARAZ,HUARAZ,31/10/2025
2024,12,06/01/2025,ANCASH,MIXTA,FISCAL ADJUNTO PROVINCIAL,TITULAR,MASCULINO,1,020101,ANCASH,HUARAZ,HUARAZ,31/10/2025
2024,12,06/01/2025,ANCASH,MIXTA,FISCAL ADJUNTO SUPERIOR,PROVISIONAL,FEMENINO,1,020101,ANCASH,HUARAZ,HUARAZ,31/10/2025
2024,12,06/01/2025,ANCASH,MIXTA,FISCAL ADJUNTO SUPERIOR,TITULAR,MASCULINO,1,020101,ANCASH,HUARAZ,HUARAZ,31/10/2025
2024,12,06/01/2025,ANCASH,MIXTA,FISCAL PROVINCIAL,TITULAR,FEMENINO,1,020101,ANCASH,HUARAZ,HUARAZ,31/10/2025
2024,12,06/01/2025,ANCASH,MIXTA,FISCAL PROVINCIAL,TITULAR,MASCULINO,2,020101,ANCASH,HUARAZ,HUARAZ,31/10/2025
2024,12,06/01/2025,ANCASH,MIXTA,FISCAL SUPERIOR,PROVISIONAL (Titular Promovido),MASCULINO,1,020101,ANCASH,HUARAZ,HUARAZ,31/10/2025
2024,12,06/01/2025,ANCASH,PENAL,FISCAL ADJUNTO PROVINCIAL,PROVISIONAL,FEMENINO,33,020101,ANCASH,HUARAZ,HUARAZ,31/10/2025
2024,12,06/01/2025,ANCASH,PENAL,FISCAL ADJUNTO PROVINCIAL,PROVISIONAL,MASCULINO,24,020101,ANCASH,HUARAZ,HUARAZ,31/10/2025
2024,12,06/01/2025,ANCASH,PENAL,FISCAL ADJUNTO PROVINCIAL,TITULAR,FEMENINO,31,020101,ANCASH,HUARAZ,HUARAZ,31/10/2025
2024,12,06/01/2025,ANCASH,PENAL,FISCAL ADJUNTO PROVINCIAL,TITULAR,MASCULINO,36,020101,ANCASH,HUARAZ,HUARAZ,31/10/2025
2024,12,06/01/2025,ANCASH,PENAL,FISCAL ADJUNTO SUPERIOR,PROVISIONAL (Titular Promovido),FEMENINO,1,020101,ANCASH,HUARAZ,HUARAZ,31/10/2025
2024,12,06/01/2025,ANCASH,PENAL,FISCAL ADJUNTO SUPERIOR,TITULAR,FEMENINO,2,020101,ANCASH,HUARAZ,HUARAZ,31/10/2025
2024,12,06/01/2025,ANCASH,PENAL,FISCAL ADJUNTO SUPERIOR,TITULAR,MASCULINO,4,020101,ANCASH,HUARAZ,HUARAZ,31/10/2025
2024,12,06/01/2025,ANCASH,PENAL,FISCAL PROVINCIAL,PROVISIONAL,FEMENINO,7,020101,ANCASH,HUARAZ,HUARAZ,31/10/2025
2024,12,06/01/2025,ANCASH,PENAL,FISCAL PROVINCIAL,PROVISIONAL,MASCULINO,5,020101,ANCASH,HUARAZ,HUARAZ,31/10/2025
2024,12,06/01/2025,ANCASH,PENAL,FISCAL PROVINCIAL,PROVISIONAL (Titular Promovido),FEMENINO,4,020101,ANCASH,HUARAZ,HUARAZ,31/10/2025
2024,12,06/01/2025,ANCASH,PENAL,FISCAL PROVINCIAL,PROVISIONAL (Titular Promovido),MASCULINO,3,020101,ANCASH,HUARAZ,HUARAZ,31/10/2025
2024,12,06/01/2025,ANCASH,PENAL,FISCAL PROVINCIAL,TITULAR,FEMENINO,8,020101,ANCASH,HUARAZ,HUARAZ,31/10/2025
2024,12,06/01/2025,ANCASH,PENAL,FISCAL PROVINCIAL,TITULAR,MASCULINO,33,020101,ANCASH,HUARAZ,HUARAZ,31/10/2025
2024,12,06/01/2025,ANCASH,PENAL,FISCAL SUPERIOR,TITULAR,FEMENINO,2,020101,ANCASH,HUARAZ,HUARAZ,31/10/2025
2024,12,06/01/2025,ANCASH,PENAL,FISCAL SUPERIOR,TITULAR,MASCULINO,1,020101,ANCASH,HUARAZ,HUARAZ,31/10/2025
2024,12,06/01/2025,ANCASH,PREVENCION DEL DELITO,FISCAL ADJUNTO PROVINCIAL,TITULAR,FEMENINO,2,020101,ANCASH,HUARAZ,HUARAZ,31/10/2025
2024,12,06/01/2025,ANCASH,PREVENCION DEL DELITO,FISCAL ADJUNTO PROVINCIAL,TITULAR,MASCULINO,1,020101,ANCASH,HUARAZ,HUARAZ,31/10/2025
2024,12,06/01/2025,ANCASH,PREVENCION DEL DELITO,FISCAL PROVINCIAL,TITULAR,MASCULINO,1,020101,ANCASH,HUARAZ,HUARAZ,31/10/2025
2024,12,06/01/2025,ANCASH,VIOLENCIA CONTRA LA MUJER E INTEGRANTES DEL GRUPO FAMILIAR,FISCAL ADJUNTO PROVINCIAL,PROVISIONAL,FEMENINO,12,020101,ANCASH,HUARAZ,HUARAZ,31/10/2025
2024,12,06/01/2025,ANCASH,VIOLENCIA CONTRA LA MUJER E INTEGRANTES DEL GRUPO FAMILIAR,FISCAL ADJUNTO PROVINCIAL,PROVISIONAL,MASCULINO,4,020101,ANCASH,HUARAZ,HUARAZ,31/10/2025
2024,12,06/01/2025,ANCASH,VIOLENCIA CONTRA LA MUJER E INTEGRANTES DEL GRUPO FAMILIAR,FISCAL PROVINCIAL,PROVISIONAL,MASCULINO,3,020101,ANCASH,HUARAZ,HUARAZ,31/10/2025
2024,12,06/01/2025,ANCASH,VIOLENCIA CONTRA LA MUJER E INTEGRANTES DEL GRUPO FAMILIAR,FISCAL PROVINCIAL,PROVISIONAL (Titular Promovido),FEMENINO,3,020101,ANCASH,HUARAZ,HUARAZ,31/10/2025
2024,12,06/01/2025,ANCASH,DERECHOS HUMANOS E INTERCULTURALIDAD,FISCAL ADJUNTO PROVINCIAL,PROVISIONAL,MASCULINO,2,020101,ANCASH,HUARAZ,HUARAZ,31/10/2025
2024,12,06/01/2025,ANCASH,DERECHOS HUMANOS E INTERCULTURALIDAD,FISCAL PROVINCIAL,PROVISIONAL (Titular Promovido),FEMENINO,1,020101,ANCASH,HUARAZ,HUARAZ,31/10/2025
2024,12,06/01/2025,APURIMAC,AUTORIDAD NACIONAL DE CONTROL,FISCAL ADJUNTO SUPERIOR,PROVISIONAL (Titular Promovido),FEMENINO,2,030101,APURIMAC,ABANCAY,ABANCAY,31/10/2025
2024,12,06/01/2025,APURIMAC,AUTORIDAD NACIONAL DE CONTROL,FISCAL PROVINCIAL,PROVISIONAL,MASCULINO,1,030101,APURIMAC,ABANCAY,ABANCAY,31/10/2025
2024,12,06/01/2025,APURIMAC,CORRUPCION DE FUNCIONARIOS,FISCAL ADJUNTO PROVINCIAL,PROVISIONAL,FEMENINO,3,030101,APURIMAC,ABANCAY,ABANCAY,31/10/2025
2024,12,06/01/2025,APURIMAC,CORRUPCION DE FUNCIONARIOS,FISCAL ADJUNTO PROVINCIAL,PROVISIONAL,MASCULINO,3,030101,APURIMAC,ABANCAY,ABANCAY,31/10/2025
2024,12,06/01/2025,APURIMAC,CORRUPCION DE FUNCIONARIOS,FISCAL ADJUNTO SUPERIOR,TITULAR,MASCULINO,2,030101,APURIMAC,ABANCAY,ABANCAY,31/10/2025
2024,12,06/01/2025,APURIMAC,CORRUPCION DE FUNCIONARIOS,FISCAL PROVINCIAL,PROVISIONAL,FEMENINO,1,030101,APURIMAC,ABANCAY,ABANCAY,31/10/2025
2024,12,06/01/2025,APURIMAC,CORRUPCION DE FUNCIONARIOS,FISCAL PROVINCIAL,TITULAR,MASCULINO,1,030101,APURIMAC,ABANCAY,ABANCAY,31/10/2025
2024,12,06/01/2025,APURIMAC,CORRUPCION DE FUNCIONARIOS,FISCAL SUPERIOR,TITULAR,MASCULINO,1,030101,APURIMAC,ABANCAY,ABANCAY,31/10/2025
2024,12,06/01/2025,APURIMAC,CRIMEN ORGANIZADO,FISCAL ADJUNTO PROVINCIAL,PROVISIONAL,FEMENINO,1,030101,APURIMAC,ABANCAY,ABANCAY,31/10/2025
2024,12,06/01/2025,APURIMAC,CRIMEN ORGANIZADO,FISCAL ADJUNTO PROVINCIAL,PROVISIONAL,MASCULINO,3,030101,APURIMAC,ABANCAY,ABANCAY,31/10/2025
2024,12,06/01/2025,APURIMAC,CRIMEN ORGANIZADO,FISCAL PROVINCIAL,TITULAR,MASCULINO,2,030101,APURIMAC,ABANCAY,ABANCAY,31/10/2025
2024,12,06/01/2025,APURIMAC,EXTINCION DE DOMINIO,FISCAL ADJUNTO PROVINCIAL,PROVISIONAL,FEMENINO,2,030101,APURIMAC,ABANCAY,ABANCAY,31/10/2025
2024,12,06/01/2025,APURIMAC,EXTINCION DE DOMINIO,FISCAL PROVINCIAL,PROVISIONAL (Titular Promovido),FEMENINO,1,030101,APURIMAC,ABANCAY,ABANCAY,31/10/2025
2024,12,06/01/2025,APURIMAC,FAMILIA,FISCAL ADJUNTO PROVINCIAL,PROVISIONAL,FEMENINO,2,030101,APURIMAC,ABANCAY,ABANCAY,31/10/2025
2024,12,06/01/2025,APURIMAC,FAMILIA,FISCAL ADJUNTO PROVINCIAL,PROVISIONAL,MASCULINO,2,030101,APURIMAC,ABANCAY,ABANCAY,31/10/2025
2024,12,06/01/2025,APURIMAC,FAMILIA,FISCAL ADJUNTO PROVINCIAL,TITULAR,FEMENINO,1,030101,APURIMAC,ABANCAY,ABANCAY,31/10/2025
2024,12,06/01/2025,APURIMAC,FAMILIA,FISCAL ADJUNTO PROVINCIAL,TITULAR,MASCULINO,4,030101,APURIMAC,ABANCAY,ABANCAY,31/10/2025
2024,12,06/01/2025,APURIMAC,FAMILIA,FISCAL ADJUNTO SUPERIOR,TITULAR,FEMENINO,1,030101,APURIMAC,ABANCAY,ABANCAY,31/10/2025
2024,12,06/01/2025,APURIMAC,FAMILIA,FISCAL ADJUNTO SUPERIOR,TITULAR,MASCULINO,1,030101,APURIMAC,ABANCAY,ABANCAY,31/10/2025
2024,12,06/01/2025,APURIMAC,FAMILIA,FISCAL PROVINCIAL,PROVISIONAL,MASCULINO,1,030101,APURIMAC,ABANCAY,ABANCAY,31/10/2025
2024,12,06/01/2025,APURIMAC,FAMILIA,FISCAL PROVINCIAL,TITULAR,FEMENINO,5,030101,APURIMAC,ABANCAY,ABANCAY,31/10/2025
2024,12,06/01/2025,APURIMAC,FAMILIA,FISCAL PROVINCIAL,TITULAR,MASCULINO,3,030101,APURIMAC,ABANCAY,ABANCAY,31/10/2025
2024,12,06/01/2025,APURIMAC,FAMILIA,FISCAL SUPERIOR,TITULAR,MASCULINO,2,030101,APURIMAC,ABANCAY,ABANCAY,31/10/2025
2024,12,06/01/2025,APURIMAC,MATERIA AMBIENTAL,FISCAL ADJUNTO PROVINCIAL,PROVISIONAL,FEMENINO,1,030101,APURIMAC,ABANCAY,ABANCAY,31/10/2025
2024,12,06/01/2025,APURIMAC,MATERIA AMBIENTAL,FISCAL ADJUNTO PROVINCIAL,PROVISIONAL,MASCULINO,1,030101,APURIMAC,ABANCAY,ABANCAY,31/10/2025
2024,12,06/01/2025,APURIMAC,MATERIA AMBIENTAL,FISCAL PROVINCIAL,TITULAR,MASCULINO,1,030101,APURIMAC,ABANCAY,ABANCAY,31/10/2025
2024,12,06/01/2025,APURIMAC,MIXTA,FISCAL ADJUNTO PROVINCIAL,PROVISIONAL,FEMENINO,3,030101,APURIMAC,ABANCAY,ABANCAY,31/10/2025
2024,12,06/01/2025,APURIMAC,MIXTA,FISCAL ADJUNTO PROVINCIAL,PROVISIONAL,MASCULINO,2,030101,APURIMAC,ABANCAY,ABANCAY,31/10/2025
2024,12,06/01/2025,APURIMAC,MIXTA,FISCAL PROVINCIAL,PROVISIONAL (Titular Promovido),MASCULINO,1,030101,APURIMAC,ABANCAY,ABANCAY,31/10/2025
2024,12,06/01/2025,APURIMAC,MIXTA,FISCAL PROVINCIAL,TITULAR,MASCULINO,3,030101,APURIMAC,ABANCAY,ABANCAY,31/10/2025
2024,12,06/01/2025,APURIMAC,PENAL,FISCAL ADJUNTO PROVINCIAL,PROVISIONAL,FEMENINO,16,030101,APURIMAC,ABANCAY,ABANCAY,31/10/2025
2024,12,06/01/2025,APURIMAC,PENAL,FISCAL ADJUNTO PROVINCIAL,PROVISIONAL,MASCULINO,15,030101,APURIMAC,ABANCAY,ABANCAY,31/10/2025
2024,12,06/01/2025,APURIMAC,PENAL,FISCAL ADJUNTO PROVINCIAL,TITULAR,FEMENINO,3,030101,APURIMAC,ABANCAY,ABANCAY,31/10/2025
2024,12,06/01/2025,APURIMAC,PENAL,FISCAL ADJUNTO PROVINCIAL,TITULAR,MASCULINO,3,030101,APURIMAC,ABANCAY,ABANCAY,31/10/2025
2024,12,06/01/2025,APURIMAC,PENAL,FISCAL ADJUNTO SUPERIOR,TITULAR,FEMENINO,4,030101,APURIMAC,ABANCAY,ABANCAY,31/10/2025
2024,12,06/01/2025,APURIMAC,PENAL,FISCAL ADJUNTO SUPERIOR,TITULAR,MASCULINO,2,030101,APURIMAC,ABANCAY,ABANCAY,31/10/2025
2024,12,06/01/2025,APURIMAC,PENAL,FISCAL PROVINCIAL,PROVISIONAL,FEMENINO,2,030101,APURIMAC,ABANCAY,ABANCAY,31/10/2025
2024,12,06/01/2025,APURIMAC,PENAL,FISCAL PROVINCIAL,PROVISIONAL,MASCULINO,1,030101,APURIMAC,ABANCAY,ABANCAY,31/10/2025
2024,12,06/01/2025,APURIMAC,PENAL,FISCAL PROVINCIAL,PROVISIONAL (Titular Promovido),FEMENINO,1,030101,APURIMAC,ABANCAY,ABANCAY,31/10/2025
2024,12,06/01/2025,APURIMAC,PENAL,FISCAL PROVINCIAL,TITULAR,FEMENINO,7,030101,APURIMAC,ABANCAY,ABANCAY,31/10/2025
2024,12,06/01/2025,APURIMAC,PENAL,FISCAL PROVINCIAL,TITULAR,MASCULINO,10,030101,APURIMAC,ABANCAY,ABANCAY,31/10/2025
2024,12,06/01/2025,APURIMAC,PENAL,FISCAL SUPERIOR,TITULAR,MASCULINO,4,030101,APURIMAC,ABANCAY,ABANCAY,31/10/2025
2024,12,06/01/2025,APURIMAC,POOL / EQUIPO DE APOYO FISCAL (SIN ESPECIALIDAD),FISCAL ADJUNTO PROVINCIAL,PROVISIONAL,FEMENINO,1,030101,APURIMAC,ABANCAY,ABANCAY,31/10/2025
2024,12,06/01/2025,APURIMAC,POOL / EQUIPO DE APOYO FISCAL (SIN ESPECIALIDAD),FISCAL ADJUNTO PROVINCIAL,PROVISIONAL,MASCULINO,1,030101,APURIMAC,ABANCAY,ABANCAY,31/10/2025
2024,12,06/01/2025,APURIMAC,PREVENCION DEL DELITO,FISCAL ADJUNTO PROVINCIAL,PROVISIONAL,FEMENINO,4,030101,APURIMAC,ABANCAY,ABANCAY,31/10/2025
2024,12,06/01/2025,APURIMAC,PREVENCION DEL DELITO,FISCAL PROVINCIAL,TITULAR,MASCULINO,1,030101,APURIMAC,ABANCAY,ABANCAY,31/10/2025
2024,12,06/01/2025,APURIMAC,TRAFICO ILICITO DE DROGAS,FISCAL ADJUNTO PROVINCIAL,PROVISIONAL,FEMENINO,1,030101,APURIMAC,ABANCAY,ABANCAY,31/10/2025
2024,12,06/01/2025,APURIMAC,TRAFICO ILICITO DE DROGAS,FISCAL ADJUNTO PROVINCIAL,PROVISIONAL,MASCULINO,1,030101,APURIMAC,ABANCAY,ABANCAY,31/10/2025
2024,12,06/01/2025,APURIMAC,TRAFICO ILICITO DE DROGAS,FISCAL PROVINCIAL,PROVISIONAL,MASCULINO,1,030101,APURIMAC,ABANCAY,ABANCAY,31/10/2025
2024,12,06/01/2025,APURIMAC,DERECHOS HUMANOS E INTERCULTURALIDAD,FISCAL ADJUNTO PROVINCIAL,PROVISIONAL,FEMENINO,2,030101,APURIMAC,ABANCAY,ABANCAY,31/10/2025
2024,12,06/01/2025,APURIMAC,DERECHOS HUMANOS E INTERCULTURALIDAD,FISCAL ADJUNTO PROVINCIAL,PROVISIONAL,MASCULINO,1,030101,APURIMAC,ABANCAY,ABANCAY,31/10/2025
2024,12,06/01/2025,APURIMAC,DERECHOS HUMANOS E INTERCULTURALIDAD,FISCAL PROVINCIAL,PROVISIONAL,MASCULINO,1,030101,APURIMAC,ABANCAY,ABANCAY,31/10/2025
2024,12,06/01/2025,APURIMAC,DERECHOS HUMANOS E INTERCULTURALIDAD,FISCAL PROVINCIAL,PROVISIONAL (Titular Promovido),MASCULINO,1,030101,APURIMAC,ABANCAY,ABANCAY,31/10/2025
2024,12,06/01/2025,APURIMAC,DELITOS DE TERRORISMO Y DELITOS CONEXOS,FISCAL ADJUNTO PROVINCIAL,PROVISIONAL,MASCULINO,1,030101,APURIMAC,ABANCAY,ABANCAY,31/10/2025
2024,12,06/01/2025,APURIMAC,DELITOS DE TERRORISMO Y DELITOS CONEXOS,FISCAL PROVINCIAL,PROVISIONAL (Titular Promovido),MASCULINO,1,030101,APURIMAC,ABANCAY,ABANCAY,31/10/2025
2024,12,06/01/2025,AREQUIPA,AUTORIDAD NACIONAL DE CONTROL,FISCAL ADJUNTO SUPERIOR,PROVISIONAL (Titular Promovido),MASCULINO,2,040101,AREQUIPA,AREQUIPA,AREQUIPA,31/10/2025
2024,12,06/01/2025,AREQUIPA,CORRUPCION DE FUNCIONARIOS,FISCAL ADJUNTO PROVINCIAL,PROVISIONAL,FEMENINO,4,040101,AREQUIPA,AREQUIPA,AREQUIPA,31/10/2025
2024,12,06/01/2025,AREQUIPA,CORRUPCION DE FUNCIONARIOS,FISCAL ADJUNTO PROVINCIAL,PROVISIONAL,MASCULINO,1,040101,AREQUIPA,AREQUIPA,AREQUIPA,31/10/2025
2024,12,06/01/2025,AREQUIPA,CORRUPCION DE FUNCIONARIOS,FISCAL ADJUNTO PROVINCIAL,TITULAR,FEMENINO,4,040101,AREQUIPA,AREQUIPA,AREQUIPA,31/10/2025
2024,12,06/01/2025,AREQUIPA,CORRUPCION DE FUNCIONARIOS,FISCAL ADJUNTO PROVINCIAL,TITULAR,MASCULINO,3,040101,AREQUIPA,AREQUIPA,AREQUIPA,31/10/2025
2024,12,06/01/2025,AREQUIPA,CORRUPCION DE FUNCIONARIOS,FISCAL PROVINCIAL,TITULAR,FEMENINO,2,040101,AREQUIPA,AREQUIPA,AREQUIPA,31/10/2025
2024,12,06/01/2025,AREQUIPA,CORRUPCION DE FUNCIONARIOS,FISCAL PROVINCIAL,TITULAR,MASCULINO,2,040101,AREQUIPA,AREQUIPA,AREQUIPA,31/10/2025
2024,12,06/01/2025,AREQUIPA,CRIMEN ORGANIZADO,FISCAL ADJUNTO PROVINCIAL,PROVISIONAL,MASCULINO,3,040101,AREQUIPA,AREQUIPA,AREQUIPA,31/10/2025
2024,12,06/01/2025,AREQUIPA,CRIMEN ORGANIZADO,FISCAL ADJUNTO PROVINCIAL,TITULAR,FEMENINO,2,040101,AREQUIPA,AREQUIPA,AREQUIPA,31/10/2025
2024,12,06/01/2025,AREQUIPA,CRIMEN ORGANIZADO,FISCAL ADJUNTO PROVINCIAL,TITULAR,MASCULINO,1,040101,AREQUIPA,AREQUIPA,AREQUIPA,31/10/2025
2024,12,06/01/2025,AREQUIPA,CRIMEN ORGANIZADO,FISCAL PROVINCIAL,PROVISIONAL (Titular Promovido),FEMENINO,1,040101,AREQUIPA,AREQUIPA,AREQUIPA,31/10/2025
2024,12,06/01/2025,AREQUIPA,CRIMEN ORGANIZADO,FISCAL PROVINCIAL,TITULAR,FEMENINO,1,040101,AREQUIPA,AREQUIPA,AREQUIPA,31/10/2025
2024,12,06/01/2025,AREQUIPA,DELITOS DE TRATA DE PERSONAS,FISCAL ADJUNTO PROVINCIAL,PROVISIONAL,MASCULINO,2,040101,AREQUIPA,AREQUIPA,AREQUIPA,31/10/2025
2024,12,06/01/2025,AREQUIPA,DELITOS DE TRATA DE PERSONAS,FISCAL PROVINCIAL,PROVISIONAL (Titular Promovido),FEMENINO,1,040101,AREQUIPA,AREQUIPA,AREQUIPA,31/10/2025
2024,12,06/01/2025,AREQUIPA,EXTINCION DE DOMINIO,FISCAL ADJUNTO PROVINCIAL,PROVISIONAL,FEMENINO,2,040101,AREQUIPA,AREQUIPA,AREQUIPA,31/10/2025
2024,12,06/01/2025,AREQUIPA,EXTINCION DE DOMINIO,FISCAL ADJUNTO SUPERIOR,PROVISIONAL,FEMENINO,1,040101,AREQUIPA,AREQUIPA,AREQUIPA,31/10/2025
2024,12,06/01/2025,AREQUIPA,EXTINCION DE DOMINIO,FISCAL ADJUNTO SUPERIOR,PROVISIONAL (Titular Promovido),MASCULINO,1,040101,AREQUIPA,AREQUIPA,AREQUIPA,31/10/2025
2024,12,06/01/2025,AREQUIPA,EXTINCION DE DOMINIO,FISCAL PROVINCIAL,PROVISIONAL (Titular Promovido),MASCULINO,1,040101,AREQUIPA,AREQUIPA,AREQUIPA,31/10/2025
2024,12,06/01/2025,AREQUIPA,EXTINCION DE DOMINIO,FISCAL SUPERIOR,PROVISIONAL (Titular Promovido),MASCULINO,1,040101,AREQUIPA,AREQUIPA,AREQUIPA,31/10/2025
2024,12,06/01/2025,AREQUIPA,FAMILIA,FISCAL ADJUNTO PROVINCIAL,PROVISIONAL,FEMENINO,4,040101,AREQUIPA,AREQUIPA,AREQUIPA,31/10/2025
2024,12,06/01/2025,AREQUIPA,FAMILIA,FISCAL ADJUNTO PROVINCIAL,PROVISIONAL,MASCULINO,1,040101,AREQUIPA,AREQUIPA,AREQUIPA,31/10/2025
2024,12,06/01/2025,AREQUIPA,FAMILIA,FISCAL ADJUNTO PROVINCIAL,TITULAR,FEMENINO,4,040101,AREQUIPA,AREQUIPA,AREQUIPA,31/10/2025
2024,12,06/01/2025,AREQUIPA,FAMILIA,FISCAL ADJUNTO PROVINCIAL,TITULAR,MASCULINO,2,040101,AREQUIPA,AREQUIPA,AREQUIPA,31/10/2025
2024,12,06/01/2025,AREQUIPA,FAMILIA,FISCAL ADJUNTO SUPERIOR,TITULAR,MASCULINO,2,040101,AREQUIPA,AREQUIPA,AREQUIPA,31/10/2025
2024,12,06/01/2025,AREQUIPA,FAMILIA,FISCAL PROVINCIAL,PROVISIONAL (Titular Promovido),FEMENINO,2,040101,AREQUIPA,AREQUIPA,AREQUIPA,31/10/2025
2024,12,06/01/2025,AREQUIPA,FAMILIA,FISCAL PROVINCIAL,TITULAR,FEMENINO,5,040101,AREQUIPA,AREQUIPA,AREQUIPA,31/10/2025
2024,12,06/01/2025,AREQUIPA,FAMILIA,FISCAL PROVINCIAL,TITULAR,MASCULINO,2,040101,AREQUIPA,AREQUIPA,AREQUIPA,31/10/2025
2024,12,06/01/2025,AREQUIPA,FAMILIA,FISCAL SUPERIOR,TITULAR,FEMENINO,1,040101,AREQUIPA,AREQUIPA,AREQUIPA,31/10/2025
2024,12,06/01/2025,AREQUIPA,FAMILIA,FISCAL SUPERIOR,TITULAR,MASCULINO,1,040101,AREQUIPA,AREQUIPA,AREQUIPA,31/10/2025
2024,12,06/01/2025,AREQUIPA,LAVADO DE ACTIVOS,FISCAL ADJUNTO PROVINCIAL,PROVISIONAL,FEMENINO,2,040101,AREQUIPA,AREQUIPA,AREQUIPA,31/10/2025
2024,12,06/01/2025,AREQUIPA,LAVADO DE ACTIVOS,FISCAL ADJUNTO PROVINCIAL,TITULAR,FEMENINO,1,040101,AREQUIPA,AREQUIPA,AREQUIPA,31/10/2025
2024,12,06/01/2025,AREQUIPA,LAVADO DE ACTIVOS,FISCAL ADJUNTO PROVINCIAL,TITULAR,MASCULINO,1,040101,AREQUIPA,AREQUIPA,AREQUIPA,31/10/2025
2024,12,06/01/2025,AREQUIPA,LAVADO DE ACTIVOS,FISCAL PROVINCIAL,PROVISIONAL (Titular Promovido),MASCULINO,1,040101,AREQUIPA,AREQUIPA,AREQUIPA,31/10/2025
2024,12,06/01/2025,AREQUIPA,LAVADO DE ACTIVOS,FISCAL PROVINCIAL,TITULAR,FEMENINO,1,040101,AREQUIPA,AREQUIPA,AREQUIPA,31/10/2025
2024,12,06/01/2025,AREQUIPA,MATERIA AMBIENTAL,FISCAL ADJUNTO PROVINCIAL,TITULAR,MASCULINO,1,040101,AREQUIPA,AREQUIPA,AREQUIPA,31/10/2025
2024,12,06/01/2025,AREQUIPA,MATERIA AMBIENTAL,FISCAL PROVINCIAL,TITULAR,FEMENINO,1,040101,AREQUIPA,AREQUIPA,AREQUIPA,31/10/2025
2024,12,06/01/2025,AREQUIPA,MIXTA,FISCAL ADJUNTO PROVINCIAL,PROVISIONAL,FEMENINO,4,040101,AREQUIPA,AREQUIPA,AREQUIPA,31/10/2025
2024,12,06/01/2025,AREQUIPA,MIXTA,FISCAL ADJUNTO PROVINCIAL,PROVISIONAL,MASCULINO,1,040101,AREQUIPA,AREQUIPA,AREQUIPA,31/10/2025
2024,12,06/01/2025,AREQUIPA,MIXTA,FISCAL ADJUNTO PROVINCIAL,TITULAR,MASCULINO,1,040101,AREQUIPA,AREQUIPA,AREQUIPA,31/10/2025
2024,12,06/01/2025,AREQUIPA,MIXTA,FISCAL ADJUNTO SUPERIOR,TITULAR,FEMENINO,1,040101,AREQUIPA,AREQUIPA,AREQUIPA,31/10/2025
2024,12,06/01/2025,AREQUIPA,MIXTA,FISCAL PROVINCIAL,PROVISIONAL (Titular Promovido),MASCULINO,1,040101,AREQUIPA,AREQUIPA,AREQUIPA,31/10/2025
2024,12,06/01/2025,AREQUIPA,MIXTA,FISCAL PROVINCIAL,TITULAR,FEMENINO,1,040101,AREQUIPA,AREQUIPA,AREQUIPA,31/10/2025
2024,12,06/01/2025,AREQUIPA,MIXTA,FISCAL PROVINCIAL,TITULAR,MASCULINO,1,040101,AREQUIPA,AREQUIPA,AREQUIPA,31/10/2025
2024,12,06/01/2025,AREQUIPA,MIXTA,FISCAL SUPERIOR,TITULAR,MASCULINO,1,040101,AREQUIPA,AREQUIPA,AREQUIPA,31/10/2025
2024,12,06/01/2025,AREQUIPA,PENAL,FISCAL ADJUNTO PROVINCIAL,PROVISIONAL,FEMENINO,42,040101,AREQUIPA,AREQUIPA,AREQUIPA,31/10/2025
2024,12,06/01/2025,AREQUIPA,PENAL,FISCAL ADJUNTO PROVINCIAL,PROVISIONAL,MASCULINO,28,040101,AREQUIPA,AREQUIPA,AREQUIPA,31/10/2025
2024,12,06/01/2025,AREQUIPA,PENAL,FISCAL ADJUNTO PROVINCIAL,TITULAR,FEMENINO,25,040101,AREQUIPA,AREQUIPA,AREQUIPA,31/10/2025
2024,12,06/01/2025,AREQUIPA,PENAL,FISCAL ADJUNTO PROVINCIAL,TITULAR,MASCULINO,20,040101,AREQUIPA,AREQUIPA,AREQUIPA,31/10/2025
2024,12,06/01/2025,AREQUIPA,PENAL,FISCAL ADJUNTO SUPERIOR,PROVISIONAL (Titular Promovido),FEMENINO,2,040101,AREQUIPA,AREQUIPA,AREQUIPA,31/10/2025
2024,12,06/01/2025,AREQUIPA,PENAL,FISCAL ADJUNTO SUPERIOR,PROVISIONAL (Titular Promovido),MASCULINO,4,040101,AREQUIPA,AREQUIPA,AREQUIPA,31/10/2025
2024,12,06/01/2025,AREQUIPA,PENAL,FISCAL ADJUNTO SUPERIOR,TITULAR,FEMENINO,2,040101,AREQUIPA,AREQUIPA,AREQUIPA,31/10/2025
2024,12,06/01/2025,AREQUIPA,PENAL,FISCAL ADJUNTO SUPERIOR,TITULAR,MASCULINO,1,040101,AREQUIPA,AREQUIPA,AREQUIPA,31/10/2025
2024,12,06/01/2025,AREQUIPA,PENAL,FISCAL PROVINCIAL,PROVISIONAL,FEMENINO,1,040101,AREQUIPA,AREQUIPA,AREQUIPA,31/10/2025
2024,12,06/01/2025,AREQUIPA,PENAL,FISCAL PROVINCIAL,PROVISIONAL,MASCULINO,3,040101,AREQUIPA,AREQUIPA,AREQUIPA,31/10/2025
2024,12,06/01/2025,AREQUIPA,PENAL,FISCAL PROVINCIAL,PROVISIONAL (Titular Promovido),FEMENINO,7,040101,AREQUIPA,AREQUIPA,AREQUIPA,31/10/2025
2024,12,06/01/2025,AREQUIPA,PENAL,FISCAL PROVINCIAL,PROVISIONAL (Titular Promovido),MASCULINO,4,040101,AREQUIPA,AREQUIPA,AREQUIPA,31/10/2025
2024,12,06/01/2025,AREQUIPA,PENAL,FISCAL PROVINCIAL,TITULAR,FEMENINO,13,040101,AREQUIPA,AREQUIPA,AREQUIPA,31/10/2025
2024,12,06/01/2025,AREQUIPA,PENAL,FISCAL PROVINCIAL,TITULAR,MASCULINO,25,040101,AREQUIPA,AREQUIPA,AREQUIPA,31/10/2025
2024,12,06/01/2025,AREQUIPA,PENAL,FISCAL SUPERIOR,PROVISIONAL (Titular Promovido),MASCULINO,1,040101,AREQUIPA,AREQUIPA,AREQUIPA,31/10/2025
2024,12,06/01/2025,AREQUIPA,PENAL,FISCAL SUPERIOR,TITULAR,FEMENINO,1,040101,AREQUIPA,AREQUIPA,AREQUIPA,31/10/2025
2024,12,06/01/2025,AREQUIPA,PENAL,FISCAL SUPERIOR,TITULAR,MASCULINO,3,040101,AREQUIPA,AREQUIPA,AREQUIPA,31/10/2025
2024,12,06/01/2025,AREQUIPA,PREVENCION DEL DELITO,FISCAL ADJUNTO PROVINCIAL,TITULAR,FEMENINO,1,040101,AREQUIPA,AREQUIPA,AREQUIPA,31/10/2025
2024,12,06/01/2025,AREQUIPA,PREVENCION DEL DELITO,FISCAL ADJUNTO PROVINCIAL,TITULAR,MASCULINO,2,040101,AREQUIPA,AREQUIPA,AREQUIPA,31/10/2025
2024,12,06/01/2025,AREQUIPA,PREVENCION DEL DELITO,FISCAL PROVINCIAL,TITULAR,FEMENINO,3,040101,AREQUIPA,AREQUIPA,AREQUIPA,31/10/2025
2024,12,06/01/2025,AREQUIPA,VIOLENCIA CONTRA LA MUJER E INTEGRANTES DEL GRUPO FAMILIAR,FISCAL ADJUNTO PROVINCIAL,PROVISIONAL,FEMENINO,30,040101,AREQUIPA,AREQUIPA,AREQUIPA,31/10/2025
2024,12,06/01/2025,AREQUIPA,VIOLENCIA CONTRA LA MUJER E INTEGRANTES DEL GRUPO FAMILIAR,FISCAL ADJUNTO PROVINCIAL,PROVISIONAL,MASCULINO,13,040101,AREQUIPA,AREQUIPA,AREQUIPA,31/10/2025
2024,12,06/01/2025,AREQUIPA,VIOLENCIA CONTRA LA MUJER E INTEGRANTES DEL GRUPO FAMILIAR,FISCAL ADJUNTO PROVINCIAL,TITULAR,FEMENINO,1,040101,AREQUIPA,AREQUIPA,AREQUIPA,31/10/2025
2024,12,06/01/2025,AREQUIPA,VIOLENCIA CONTRA LA MUJER E INTEGRANTES DEL GRUPO FAMILIAR,FISCAL ADJUNTO SUPERIOR,PROVISIONAL (Titular Promovido),FEMENINO,2,040101,AREQUIPA,AREQUIPA,AREQUIPA,31/10/2025
2024,12,06/01/2025,AREQUIPA,VIOLENCIA CONTRA LA MUJER E INTEGRANTES DEL GRUPO FAMILIAR,FISCAL PROVINCIAL,PROVISIONAL,FEMENINO,2,040101,AREQUIPA,AREQUIPA,AREQUIPA,31/10/2025
2024,12,06/01/2025,AREQUIPA,VIOLENCIA CONTRA LA MUJER E INTEGRANTES DEL GRUPO FAMILIAR,FISCAL PROVINCIAL,PROVISIONAL,MASCULINO,2,040101,AREQUIPA,AREQUIPA,AREQUIPA,31/10/2025
2024,12,06/01/2025,AREQUIPA,VIOLENCIA CONTRA LA MUJER E INTEGRANTES DEL GRUPO FAMILIAR,FISCAL PROVINCIAL,PROVISIONAL (Titular Promovido),FEMENINO,15,040101,AREQUIPA,AREQUIPA,AREQUIPA,31/10/2025
2024,12,06/01/2025,AREQUIPA,VIOLENCIA CONTRA LA MUJER E INTEGRANTES DEL GRUPO FAMILIAR,FISCAL PROVINCIAL,PROVISIONAL (Titular Promovido),MASCULINO,1,040101,AREQUIPA,AREQUIPA,AREQUIPA,31/10/2025
2024,12,06/01/2025,AREQUIPA,VIOLENCIA CONTRA LA MUJER E INTEGRANTES DEL GRUPO FAMILIAR,FISCAL PROVINCIAL,TITULAR,FEMENINO,3,040101,AREQUIPA,AREQUIPA,AREQUIPA,31/10/2025
2024,12,06/01/2025,AREQUIPA,VIOLENCIA CONTRA LA MUJER E INTEGRANTES DEL GRUPO FAMILIAR,FISCAL PROVINCIAL,TITULAR,MASCULINO,2,040101,AREQUIPA,AREQUIPA,AREQUIPA,31/10/2025
2024,12,06/01/2025,AREQUIPA,VIOLENCIA CONTRA LA MUJER E INTEGRANTES DEL GRUPO FAMILIAR,FISCAL SUPERIOR,PROVISIONAL (Titular Promovido),FEMENINO,1,040101,AREQUIPA,AREQUIPA,AREQUIPA,31/10/2025
2024,12,06/01/2025,AREQUIPA,DERECHOS HUMANOS E INTERCULTURALIDAD,FISCAL ADJUNTO PROVINCIAL,PROVISIONAL,FEMENINO,2,040101,AREQUIPA,AREQUIPA,AREQUIPA,31/10/2025
2024,12,06/01/2025,AREQUIPA,DERECHOS HUMANOS E INTERCULTURALIDAD,FISCAL ADJUNTO PROVINCIAL,PROVISIONAL,MASCULINO,2,040101,AREQUIPA,AREQUIPA,AREQUIPA,31/10/2025
2024,12,06/01/2025,AREQUIPA,DERECHOS HUMANOS E INTERCULTURALIDAD,FISCAL PROVINCIAL,PROVISIONAL (Titular Promovido),FEMENINO,1,040101,AREQUIPA,AREQUIPA,AREQUIPA,31/10/2025
2024,12,06/01/2025,AREQUIPA,CIBERDELINCUENCIA,FISCAL ADJUNTO PROVINCIAL,PROVISIONAL,FEMENINO,1,040101,AREQUIPA,AREQUIPA,AREQUIPA,31/10/2025
2024,12,06/01/2025,AREQUIPA,CIBERDELINCUENCIA,FISCAL ADJUNTO PROVINCIAL,PROVISIONAL,MASCULINO,1,040101,AREQUIPA,AREQUIPA,AREQUIPA,31/10/2025
2024,12,06/01/2025,AREQUIPA,CIBERDELINCUENCIA,FISCAL PROVINCIAL,PROVISIONAL (Titular Promovido),MASCULINO,1,040101,AREQUIPA,AREQUIPA,AREQUIPA,31/10/2025
2024,12,06/01/2025,AYACUCHO,AUTORIDAD NACIONAL DE CONTROL,FISCAL ADJUNTO PROVINCIAL,PROVISIONAL,FEMENINO,1,050110,AYACUCHO,HUAMANGA,SAN JUAN BAUTISTA,31/10/2025
2024,12,06/01/2025,AYACUCHO,AUTORIDAD NACIONAL DE CONTROL,FISCAL ADJUNTO SUPERIOR,PROVISIONAL (Titular Promovido),FEMENINO,1,050110,AYACUCHO,HUAMANGA,SAN JUAN BAUTISTA,31/10/2025
2024,12,06/01/2025,AYACUCHO,AUTORIDAD NACIONAL DE CONTROL,FISCAL ADJUNTO SUPERIOR,PROVISIONAL (Titular Promovido),MASCULINO,1,050110,AYACUCHO,HUAMANGA,SAN JUAN BAUTISTA,31/10/2025
2024,12,06/01/2025,AYACUCHO,AUTORIDAD NACIONAL DE CONTROL,FISCAL SUPERIOR,PROVISIONAL (Titular Promovido),MASCULINO,1,050110,AYACUCHO,HUAMANGA,SAN JUAN BAUTISTA,31/10/2025
2024,12,06/01/2025,AYACUCHO,CORRUPCION DE FUNCIONARIOS,FISCAL ADJUNTO PROVINCIAL,PROVISIONAL,FEMENINO,11,050110,AYACUCHO,HUAMANGA,SAN JUAN BAUTISTA,31/10/2025
2024,12,06/01/2025,AYACUCHO,CORRUPCION DE FUNCIONARIOS,FISCAL ADJUNTO PROVINCIAL,PROVISIONAL,MASCULINO,1,050110,AYACUCHO,HUAMANGA,SAN JUAN BAUTISTA,31/10/2025
2024,12,06/01/2025,AYACUCHO,CORRUPCION DE FUNCIONARIOS,FISCAL ADJUNTO PROVINCIAL,TITULAR,FEMENINO,2,050110,AYACUCHO,HUAMANGA,SAN JUAN BAUTISTA,31/10/2025
2024,12,06/01/2025,AYACUCHO,CORRUPCION DE FUNCIONARIOS,FISCAL ADJUNTO SUPERIOR,PROVISIONAL (Titular Promovido),FEMENINO,2,050110,AYACUCHO,HUAMANGA,SAN JUAN BAUTISTA,31/10/2025
2024,12,06/01/2025,AYACUCHO,CORRUPCION DE FUNCIONARIOS,FISCAL PROVINCIAL,TITULAR,FEMENINO,1,050110,AYACUCHO,HUAMANGA,SAN JUAN BAUTISTA,31/10/2025
2024,12,06/01/2025,AYACUCHO,CORRUPCION DE FUNCIONARIOS,FISCAL PROVINCIAL,TITULAR,MASCULINO,2,050110,AYACUCHO,HUAMANGA,SAN JUAN BAUTISTA,31/10/2025
2024,12,06/01/2025,AYACUCHO,CORRUPCION DE FUNCIONARIOS,FISCAL SUPERIOR,TITULAR,MASCULINO,1,050110,AYACUCHO,HUAMANGA,SAN JUAN BAUTISTA,31/10/2025
2024,12,06/01/2025,AYACUCHO,CRIMEN ORGANIZADO,FISCAL ADJUNTO PROVINCIAL,PROVISIONAL,FEMENINO,2,050110,AYACUCHO,HUAMANGA,SAN JUAN BAUTISTA,31/10/2025
2024,12,06/01/2025,AYACUCHO,CRIMEN ORGANIZADO,FISCAL ADJUNTO PROVINCIAL,PROVISIONAL,MASCULINO,2,050110,AYACUCHO,HUAMANGA,SAN JUAN BAUTISTA,31/10/2025
2024,12,06/01/2025,AYACUCHO,CRIMEN ORGANIZADO,FISCAL ADJUNTO PROVINCIAL,TITULAR,MASCULINO,2,050110,AYACUCHO,HUAMANGA,SAN JUAN BAUTISTA,31/10/2025
2024,12,06/01/2025,AYACUCHO,CRIMEN ORGANIZADO,FISCAL PROVINCIAL,TITULAR,FEMENINO,1,050110,AYACUCHO,HUAMANGA,SAN JUAN BAUTISTA,31/10/2025
2024,12,06/01/2025,AYACUCHO,CRIMEN ORGANIZADO,FISCAL PROVINCIAL,TITULAR,MASCULINO,1,050110,AYACUCHO,HUAMANGA,SAN JUAN BAUTISTA,31/10/2025
2024,12,06/01/2025,AYACUCHO,EXTINCION DE DOMINIO,FISCAL ADJUNTO PROVINCIAL,PROVISIONAL,FEMENINO,2,050110,AYACUCHO,HUAMANGA,SAN JUAN BAUTISTA,31/10/2025
2024,12,06/01/2025,AYACUCHO,EXTINCION DE DOMINIO,FISCAL PROVINCIAL,PROVISIONAL (Titular Promovido),FEMENINO,1,050110,AYACUCHO,HUAMANGA,SAN JUAN BAUTISTA,31/10/2025
2024,12,06/01/2025,AYACUCHO,FAMILIA,FISCAL ADJUNTO PROVINCIAL,PROVISIONAL,FEMENINO,4,050110,AYACUCHO,HUAMANGA,SAN JUAN BAUTISTA,31/10/2025
2024,12,06/01/2025,AYACUCHO,FAMILIA,FISCAL ADJUNTO PROVINCIAL,PROVISIONAL,MASCULINO,2,050110,AYACUCHO,HUAMANGA,SAN JUAN BAUTISTA,31/10/2025
2024,12,06/01/2025,AYACUCHO,FAMILIA,FISCAL ADJUNTO PROVINCIAL,TITULAR,FEMENINO,1,050110,AYACUCHO,HUAMANGA,SAN JUAN BAUTISTA,31/10/2025
2024,12,06/01/2025,AYACUCHO,FAMILIA,FISCAL ADJUNTO PROVINCIAL,TITULAR,MASCULINO,2,050110,AYACUCHO,HUAMANGA,SAN JUAN BAUTISTA,31/10/2025
2024,12,06/01/2025,AYACUCHO,FAMILIA,FISCAL ADJUNTO SUPERIOR,PROVISIONAL (Titular Promovido),FEMENINO,1,050110,AYACUCHO,HUAMANGA,SAN JUAN BAUTISTA,31/10/2025
2024,12,06/01/2025,AYACUCHO,FAMILIA,FISCAL PROVINCIAL,PROVISIONAL,FEMENINO,4,050110,AYACUCHO,HUAMANGA,SAN JUAN BAUTISTA,31/10/2025
2024,12,06/01/2025,AYACUCHO,FAMILIA,FISCAL PROVINCIAL,PROVISIONAL,MASCULINO,5,050110,AYACUCHO,HUAMANGA,SAN JUAN BAUTISTA,31/10/2025
2024,12,06/01/2025,AYACUCHO,FAMILIA,FISCAL PROVINCIAL,TITULAR,FEMENINO,2,050110,AYACUCHO,HUAMANGA,SAN JUAN BAUTISTA,31/10/2025
2024,12,06/01/2025,AYACUCHO,FAMILIA,FISCAL PROVINCIAL,TITULAR,MASCULINO,3,050110,AYACUCHO,HUAMANGA,SAN JUAN BAUTISTA,31/10/2025
2024,12,06/01/2025,AYACUCHO,MATERIA AMBIENTAL,FISCAL ADJUNTO PROVINCIAL,PROVISIONAL,FEMENINO,1,050110,AYACUCHO,HUAMANGA,SAN JUAN BAUTISTA,31/10/2025
2024,12,06/01/2025,AYACUCHO,MATERIA AMBIENTAL,FISCAL ADJUNTO PROVINCIAL,PROVISIONAL,MASCULINO,3,050110,AYACUCHO,HUAMANGA,SAN JUAN BAUTISTA,31/10/2025
2024,12,06/01/2025,AYACUCHO,MATERIA AMBIENTAL,FISCAL ADJUNTO PROVINCIAL,TITULAR,MASCULINO,1,050110,AYACUCHO,HUAMANGA,SAN JUAN BAUTISTA,31/10/2025
2024,12,06/01/2025,AYACUCHO,MATERIA AMBIENTAL,FISCAL PROVINCIAL,PROVISIONAL,FEMENINO,1,050110,AYACUCHO,HUAMANGA,SAN JUAN BAUTISTA,31/10/2025
2024,12,06/01/2025,AYACUCHO,MATERIA AMBIENTAL,FISCAL PROVINCIAL,PROVISIONAL,MASCULINO,1,050110,AYACUCHO,HUAMANGA,SAN JUAN BAUTISTA,31/10/2025
2024,12,06/01/2025,AYACUCHO,MATERIA AMBIENTAL,FISCAL PROVINCIAL,TITULAR,MASCULINO,1,050110,AYACUCHO,HUAMANGA,SAN JUAN BAUTISTA,31/10/2025
2024,12,06/01/2025,AYACUCHO,MIXTA,FISCAL ADJUNTO PROVINCIAL,PROVISIONAL,FEMENINO,3,050110,AYACUCHO,HUAMANGA,SAN JUAN BAUTISTA,31/10/2025
2024,12,06/01/2025,AYACUCHO,MIXTA,FISCAL ADJUNTO PROVINCIAL,PROVISIONAL,MASCULINO,5,050110,AYACUCHO,HUAMANGA,SAN JUAN BAUTISTA,31/10/2025
2024,12,06/01/2025,AYACUCHO,MIXTA,FISCAL ADJUNTO PROVINCIAL,TITULAR,FEMENINO,1,050110,AYACUCHO,HUAMANGA,SAN JUAN BAUTISTA,31/10/2025
2024,12,06/01/2025,AYACUCHO,MIXTA,FISCAL ADJUNTO SUPERIOR,PROVISIONAL,FEMENINO,2,050110,AYACUCHO,HUAMANGA,SAN JUAN BAUTISTA,31/10/2025
2024,12,06/01/2025,AYACUCHO,MIXTA,FISCAL ADJUNTO SUPERIOR,PROVISIONAL,MASCULINO,1,050110,AYACUCHO,HUAMANGA,SAN JUAN BAUTISTA,31/10/2025
2024,12,06/01/2025,AYACUCHO,MIXTA,FISCAL PROVINCIAL,PROVISIONAL,MASCULINO,3,050110,AYACUCHO,HUAMANGA,SAN JUAN BAUTISTA,31/10/2025
2024,12,06/01/2025,AYACUCHO,MIXTA,FISCAL SUPERIOR,PROVISIONAL,FEMENINO,1,050110,AYACUCHO,HUAMANGA,SAN JUAN BAUTISTA,31/10/2025
2024,12,06/01/2025,AYACUCHO,PENAL,FISCAL ADJUNTO PROVINCIAL,PROVISIONAL,FEMENINO,38,050110,AYACUCHO,HUAMANGA,SAN JUAN BAUTISTA,31/10/2025
2024,12,06/01/2025,AYACUCHO,PENAL,FISCAL ADJUNTO PROVINCIAL,PROVISIONAL,MASCULINO,35,050110,AYACUCHO,HUAMANGA,SAN JUAN BAUTISTA,31/10/2025
2024,12,06/01/2025,AYACUCHO,PENAL,FISCAL ADJUNTO PROVINCIAL,TITULAR,MASCULINO,1,050110,AYACUCHO,HUAMANGA,SAN JUAN BAUTISTA,31/10/2025
2024,12,06/01/2025,AYACUCHO,PENAL,FISCAL ADJUNTO SUPERIOR,PROVISIONAL,FEMENINO,2,050110,AYACUCHO,HUAMANGA,SAN JUAN BAUTISTA,31/10/2025
2024,12,06/01/2025,AYACUCHO,PENAL,FISCAL ADJUNTO SUPERIOR,PROVISIONAL,MASCULINO,3,050110,AYACUCHO,HUAMANGA,SAN JUAN BAUTISTA,31/10/2025
2024,12,06/01/2025,AYACUCHO,PENAL,FISCAL ADJUNTO SUPERIOR,PROVISIONAL (Titular Promovido),FEMENINO,3,050110,AYACUCHO,HUAMANGA,SAN JUAN BAUTISTA,31/10/2025
2024,12,06/01/2025,AYACUCHO,PENAL,FISCAL ADJUNTO SUPERIOR,PROVISIONAL (Titular Promovido),MASCULINO,2,050110,AYACUCHO,HUAMANGA,SAN JUAN BAUTISTA,31/10/2025
2024,12,06/01/2025,AYACUCHO,PENAL,FISCAL PROVINCIAL,PROVISIONAL,FEMENINO,9,050110,AYACUCHO,HUAMANGA,SAN JUAN BAUTISTA,31/10/2025
2024,12,06/01/2025,AYACUCHO,PENAL,FISCAL PROVINCIAL,PROVISIONAL,MASCULINO,16,050110,AYACUCHO,HUAMANGA,SAN JUAN BAUTISTA,31/10/2025
2024,12,06/01/2025,AYACUCHO,PENAL,FISCAL PROVINCIAL,PROVISIONAL (Titular Promovido),FEMENINO,1,050110,AYACUCHO,HUAMANGA,SAN JUAN BAUTISTA,31/10/2025
2024,12,06/01/2025,AYACUCHO,PENAL,FISCAL PROVINCIAL,PROVISIONAL (Titular Promovido),MASCULINO,6,050110,AYACUCHO,HUAMANGA,SAN JUAN BAUTISTA,31/10/2025
2024,12,06/01/2025,AYACUCHO,PENAL,FISCAL PROVINCIAL,TITULAR,FEMENINO,1,050110,AYACUCHO,HUAMANGA,SAN JUAN BAUTISTA,31/10/2025
2024,12,06/01/2025,AYACUCHO,PENAL,FISCAL PROVINCIAL,TITULAR,MASCULINO,6,050110,AYACUCHO,HUAMANGA,SAN JUAN BAUTISTA,31/10/2025
2024,12,06/01/2025,AYACUCHO,PENAL,FISCAL SUPERIOR,PROVISIONAL (Titular Promovido),MASCULINO,1,050110,AYACUCHO,HUAMANGA,SAN JUAN BAUTISTA,31/10/2025
2024,12,06/01/2025,AYACUCHO,PENAL,FISCAL SUPERIOR,TITULAR,MASCULINO,4,050110,AYACUCHO,HUAMANGA,SAN JUAN BAUTISTA,31/10/2025
2024,12,06/01/2025,AYACUCHO,PREVENCION DEL DELITO,FISCAL ADJUNTO PROVINCIAL,PROVISIONAL,FEMENINO,2,050110,AYACUCHO,HUAMANGA,SAN JUAN BAUTISTA,31/10/2025
2024,12,06/01/2025,AYACUCHO,PREVENCION DEL DELITO,FISCAL ADJUNTO PROVINCIAL,PROVISIONAL,MASCULINO,3,050110,AYACUCHO,HUAMANGA,SAN JUAN BAUTISTA,31/10/2025
2024,12,06/01/2025,AYACUCHO,PREVENCION DEL DELITO,FISCAL PROVINCIAL,PROVISIONAL,FEMENINO,1,050110,AYACUCHO,HUAMANGA,SAN JUAN BAUTISTA,31/10/2025
2024,12,06/01/2025,AYACUCHO,PREVENCION DEL DELITO,FISCAL PROVINCIAL,PROVISIONAL,MASCULINO,2,050110,AYACUCHO,HUAMANGA,SAN JUAN BAUTISTA,31/10/2025
2024,12,06/01/2025,AYACUCHO,PREVENCION DEL DELITO,FISCAL PROVINCIAL,TITULAR,FEMENINO,1,050110,AYACUCHO,HUAMANGA,SAN JUAN BAUTISTA,31/10/2025
2024,12,06/01/2025,AYACUCHO,TRAFICO ILICITO DE DROGAS,FISCAL ADJUNTO PROVINCIAL,PROVISIONAL,FEMENINO,2,050110,AYACUCHO,HUAMANGA,SAN JUAN BAUTISTA,31/10/2025
2024,12,06/01/2025,AYACUCHO,TRAFICO ILICITO DE DROGAS,FISCAL ADJUNTO PROVINCIAL,PROVISIONAL,MASCULINO,5,050110,AYACUCHO,HUAMANGA,SAN JUAN BAUTISTA,31/10/2025
2024,12,06/01/2025,AYACUCHO,TRAFICO ILICITO DE DROGAS,FISCAL PROVINCIAL,PROVISIONAL,FEMENINO,1,050110,AYACUCHO,HUAMANGA,SAN JUAN BAUTISTA,31/10/2025
2024,12,06/01/2025,AYACUCHO,TRAFICO ILICITO DE DROGAS,FISCAL PROVINCIAL,TITULAR,MASCULINO,2,050110,AYACUCHO,HUAMANGA,SAN JUAN BAUTISTA,31/10/2025
2024,12,06/01/2025,AYACUCHO,DERECHOS HUMANOS E INTERCULTURALIDAD,FISCAL ADJUNTO PROVINCIAL,PROVISIONAL,FEMENINO,10,050110,AYACUCHO,HUAMANGA,SAN JUAN BAUTISTA,31/10/2025
2024,12,06/01/2025,AYACUCHO,DERECHOS HUMANOS E INTERCULTURALIDAD,FISCAL ADJUNTO PROVINCIAL,PROVISIONAL,MASCULINO,4,050110,AYACUCHO,HUAMANGA,SAN JUAN BAUTISTA,31/10/2025
2024,12,06/01/2025,AYACUCHO,DERECHOS HUMANOS E INTERCULTURALIDAD,FISCAL ADJUNTO PROVINCIAL,TITULAR,FEMENINO,1,050110,AYACUCHO,HUAMANGA,SAN JUAN BAUTISTA,31/10/2025
2024,12,06/01/2025,AYACUCHO,DERECHOS HUMANOS E INTERCULTURALIDAD,FISCAL PROVINCIAL,PROVISIONAL,MASCULINO,2,050110,AYACUCHO,HUAMANGA,SAN JUAN BAUTISTA,31/10/2025
2024,12,06/01/2025,AYACUCHO,DERECHOS HUMANOS E INTERCULTURALIDAD,FISCAL PROVINCIAL,PROVISIONAL (Titular Promovido),MASCULINO,2,050110,AYACUCHO,HUAMANGA,SAN JUAN BAUTISTA,31/10/2025
2024,12,06/01/2025,AYACUCHO,DERECHOS HUMANOS E INTERCULTURALIDAD,FISCAL PROVINCIAL,TITULAR,FEMENINO,1,050110,AYACUCHO,HUAMANGA,SAN JUAN BAUTISTA,31/10/2025
2024,12,06/01/2025,AYACUCHO,DELITOS DE TERRORISMO Y DELITOS CONEXOS,FISCAL ADJUNTO PROVINCIAL,PROVISIONAL,FEMENINO,1,050110,AYACUCHO,HUAMANGA,SAN JUAN BAUTISTA,31/10/2025
2024,12,06/01/2025,AYACUCHO,DELITOS DE TERRORISMO Y DELITOS CONEXOS,FISCAL ADJUNTO PROVINCIAL,PROVISIONAL,MASCULINO,2,050110,AYACUCHO,HUAMANGA,SAN JUAN BAUTISTA,31/10/2025
2024,12,06/01/2025,AYACUCHO,DELITOS DE TERRORISMO Y DELITOS CONEXOS,FISCAL PROVINCIAL,PROVISIONAL,FEMENINO,1,050110,AYACUCHO,HUAMANGA,SAN JUAN BAUTISTA,31/10/2025
2024,12,06/01/2025,AYACUCHO,DELITOS DE TERRORISMO Y DELITOS CONEXOS,FISCAL PROVINCIAL,PROVISIONAL,MASCULINO,1,050110,AYACUCHO,HUAMANGA,SAN JUAN BAUTISTA,31/10/2025
2024,12,06/01/2025,CAJAMARCA,AUTORIDAD NACIONAL DE CONTROL,FISCAL ADJUNTO SUPERIOR,PROVISIONAL (Titular Promovido),FEMENINO,1,060101,CAJAMARCA,CAJAMARCA,CAJAMARCA,31/10/2025
2024,12,06/01/2025,CAJAMARCA,AUTORIDAD NACIONAL DE CONTROL,FISCAL ADJUNTO SUPERIOR,PROVISIONAL (Titular Promovido),MASCULINO,1,060101,CAJAMARCA,CAJAMARCA,CAJAMARCA,31/10/2025
2024,12,06/01/2025,CAJAMARCA,AUTORIDAD NACIONAL DE CONTROL,FISCAL SUPERIOR,PROVISIONAL (Titular Promovido),MASCULINO,1,060101,CAJAMARCA,CAJAMARCA,CAJAMARCA,31/10/2025
2024,12,06/01/2025,CAJAMARCA,CORRUPCION DE FUNCIONARIOS,FISCAL ADJUNTO PROVINCIAL,PROVISIONAL,FEMENINO,3,060101,CAJAMARCA,CAJAMARCA,CAJAMARCA,31/10/2025
2024,12,06/01/2025,CAJAMARCA,CORRUPCION DE FUNCIONARIOS,FISCAL ADJUNTO PROVINCIAL,PROVISIONAL,MASCULINO,2,060101,CAJAMARCA,CAJAMARCA,CAJAMARCA,31/10/2025
2024,12,06/01/2025,CAJAMARCA,CORRUPCION DE FUNCIONARIOS,FISCAL ADJUNTO PROVINCIAL,TITULAR,FEMENINO,4,060101,CAJAMARCA,CAJAMARCA,CAJAMARCA,31/10/2025
2024,12,06/01/2025,CAJAMARCA,CORRUPCION DE FUNCIONARIOS,FISCAL ADJUNTO PROVINCIAL,TITULAR,MASCULINO,1,060101,CAJAMARCA,CAJAMARCA,CAJAMARCA,31/10/2025
2024,12,06/01/2025,CAJAMARCA,CORRUPCION DE FUNCIONARIOS,FISCAL PROVINCIAL,TITULAR,FEMENINO,2,060101,CAJAMARCA,CAJAMARCA,CAJAMARCA,31/10/2025
2024,12,06/01/2025,CAJAMARCA,CRIMEN ORGANIZADO,FISCAL ADJUNTO PROVINCIAL,PROVISIONAL,MASCULINO,1,060101,CAJAMARCA,CAJAMARCA,CAJAMARCA,31/10/2025
2024,12,06/01/2025,CAJAMARCA,CRIMEN ORGANIZADO,FISCAL ADJUNTO PROVINCIAL,TITULAR,FEMENINO,1,060101,CAJAMARCA,CAJAMARCA,CAJAMARCA,31/10/2025
2024,12,06/01/2025,CAJAMARCA,CRIMEN ORGANIZADO,FISCAL PROVINCIAL,TITULAR,MASCULINO,1,060101,CAJAMARCA,CAJAMARCA,CAJAMARCA,31/10/2025
2024,12,06/01/2025,CAJAMARCA,EXTINCION DE DOMINIO,FISCAL ADJUNTO PROVINCIAL,PROVISIONAL,FEMENINO,1,060101,CAJAMARCA,CAJAMARCA,CAJAMARCA,31/10/2025
2024,12,06/01/2025,CAJAMARCA,EXTINCION DE DOMINIO,FISCAL ADJUNTO PROVINCIAL,PROVISIONAL,MASCULINO,1,060101,CAJAMARCA,CAJAMARCA,CAJAMARCA,31/10/2025
2024,12,06/01/2025,CAJAMARCA,EXTINCION DE DOMINIO,FISCAL PROVINCIAL,PROVISIONAL (Titular Promovido),FEMENINO,1,060101,CAJAMARCA,CAJAMARCA,CAJAMARCA,31/10/2025
2024,12,06/01/2025,CAJAMARCA,FAMILIA,FISCAL ADJUNTO PROVINCIAL,PROVISIONAL,FEMENINO,4,060101,CAJAMARCA,CAJAMARCA,CAJAMARCA,31/10/2025
2024,12,06/01/2025,CAJAMARCA,FAMILIA,FISCAL ADJUNTO PROVINCIAL,PROVISIONAL,MASCULINO,3,060101,CAJAMARCA,CAJAMARCA,CAJAMARCA,31/10/2025
2024,12,06/01/2025,CAJAMARCA,FAMILIA,FISCAL ADJUNTO PROVINCIAL,TITULAR,FEMENINO,12,060101,CAJAMARCA,CAJAMARCA,CAJAMARCA,31/10/2025
2024,12,06/01/2025,CAJAMARCA,FAMILIA,FISCAL ADJUNTO PROVINCIAL,TITULAR,MASCULINO,4,060101,CAJAMARCA,CAJAMARCA,CAJAMARCA,31/10/2025
2024,12,06/01/2025,CAJAMARCA,FAMILIA,FISCAL ADJUNTO SUPERIOR,TITULAR,MASCULINO,1,060101,CAJAMARCA,CAJAMARCA,CAJAMARCA,31/10/2025
2024,12,06/01/2025,CAJAMARCA,FAMILIA,FISCAL PROVINCIAL,TITULAR,FEMENINO,2,060101,CAJAMARCA,CAJAMARCA,CAJAMARCA,31/10/2025
2024,12,06/01/2025,CAJAMARCA,FAMILIA,FISCAL PROVINCIAL,TITULAR,MASCULINO,9,060101,CAJAMARCA,CAJAMARCA,CAJAMARCA,31/10/2025
2024,12,06/01/2025,CAJAMARCA,FAMILIA,FISCAL SUPERIOR,TITULAR,MASCULINO,1,060101,CAJAMARCA,CAJAMARCA,CAJAMARCA,31/10/2025
2024,12,06/01/2025,CAJAMARCA,MATERIA AMBIENTAL,FISCAL ADJUNTO PROVINCIAL,PROVISIONAL,FEMENINO,1,060101,CAJAMARCA,CAJAMARCA,CAJAMARCA,31/10/2025
2024,12,06/01/2025,CAJAMARCA,MATERIA AMBIENTAL,FISCAL PROVINCIAL,PROVISIONAL (Titular Promovido),MASCULINO,1,060101,CAJAMARCA,CAJAMARCA,CAJAMARCA,31/10/2025
2024,12,06/01/2025,CAJAMARCA,MIXTA,FISCAL ADJUNTO PROVINCIAL,PROVISIONAL,FEMENINO,7,060101,CAJAMARCA,CAJAMARCA,CAJAMARCA,31/10/2025
2024,12,06/01/2025,CAJAMARCA,MIXTA,FISCAL ADJUNTO PROVINCIAL,PROVISIONAL,MASCULINO,5,060101,CAJAMARCA,CAJAMARCA,CAJAMARCA,31/10/2025
2024,12,06/01/2025,CAJAMARCA,MIXTA,FISCAL ADJUNTO PROVINCIAL,TITULAR,FEMENINO,3,060101,CAJAMARCA,CAJAMARCA,CAJAMARCA,31/10/2025
2024,12,06/01/2025,CAJAMARCA,MIXTA,FISCAL ADJUNTO PROVINCIAL,TITULAR,MASCULINO,7,060101,CAJAMARCA,CAJAMARCA,CAJAMARCA,31/10/2025
2024,12,06/01/2025,CAJAMARCA,MIXTA,FISCAL ADJUNTO SUPERIOR,TITULAR,FEMENINO,1,060101,CAJAMARCA,CAJAMARCA,CAJAMARCA,31/10/2025
2024,12,06/01/2025,CAJAMARCA,MIXTA,FISCAL ADJUNTO SUPERIOR,TITULAR,MASCULINO,2,060101,CAJAMARCA,CAJAMARCA,CAJAMARCA,31/10/2025
2024,12,06/01/2025,CAJAMARCA,MIXTA,FISCAL PROVINCIAL,PROVISIONAL,MASCULINO,3,060101,CAJAMARCA,CAJAMARCA,CAJAMARCA,31/10/2025
2024,12,06/01/2025,CAJAMARCA,MIXTA,FISCAL PROVINCIAL,PROVISIONAL (Titular Promovido),MASCULINO,2,060101,CAJAMARCA,CAJAMARCA,CAJAMARCA,31/10/2025
2024,12,06/01/2025,CAJAMARCA,MIXTA,FISCAL PROVINCIAL,TITULAR,FEMENINO,1,060101,CAJAMARCA,CAJAMARCA,CAJAMARCA,31/10/2025
2024,12,06/01/2025,CAJAMARCA,MIXTA,FISCAL PROVINCIAL,TITULAR,MASCULINO,2,060101,CAJAMARCA,CAJAMARCA,CAJAMARCA,31/10/2025
2024,12,06/01/2025,CAJAMARCA,MIXTA,FISCAL SUPERIOR,PROVISIONAL (Titular Promovido),MASCULINO,1,060101,CAJAMARCA,CAJAMARCA,CAJAMARCA,31/10/2025
2024,12,06/01/2025,CAJAMARCA,PENAL,FISCAL ADJUNTO PROVINCIAL,PROVISIONAL,FEMENINO,14,060101,CAJAMARCA,CAJAMARCA,CAJAMARCA,31/10/2025
2024,12,06/01/2025,CAJAMARCA,PENAL,FISCAL ADJUNTO PROVINCIAL,PROVISIONAL,MASCULINO,10,060101,CAJAMARCA,CAJAMARCA,CAJAMARCA,31/10/2025
2024,12,06/01/2025,CAJAMARCA,PENAL,FISCAL ADJUNTO PROVINCIAL,TITULAR,FEMENINO,16,060101,CAJAMARCA,CAJAMARCA,CAJAMARCA,31/10/2025
2024,12,06/01/2025,CAJAMARCA,PENAL,FISCAL ADJUNTO PROVINCIAL,TITULAR,MASCULINO,26,060101,CAJAMARCA,CAJAMARCA,CAJAMARCA,31/10/2025
2024,12,06/01/2025,CAJAMARCA,PENAL,FISCAL ADJUNTO SUPERIOR,PROVISIONAL (Titular Promovido),FEMENINO,1,060101,CAJAMARCA,CAJAMARCA,CAJAMARCA,31/10/2025
2024,12,06/01/2025,CAJAMARCA,PENAL,FISCAL ADJUNTO SUPERIOR,PROVISIONAL (Titular Promovido),MASCULINO,1,060101,CAJAMARCA,CAJAMARCA,CAJAMARCA,31/10/2025
2024,12,06/01/2025,CAJAMARCA,PENAL,FISCAL ADJUNTO SUPERIOR,TITULAR,FEMENINO,1,060101,CAJAMARCA,CAJAMARCA,CAJAMARCA,31/10/2025
2024,12,06/01/2025,CAJAMARCA,PENAL,FISCAL ADJUNTO SUPERIOR,TITULAR,MASCULINO,3,060101,CAJAMARCA,CAJAMARCA,CAJAMARCA,31/10/2025
2024,12,06/01/2025,CAJAMARCA,PENAL,FISCAL PROVINCIAL,PROVISIONAL,MASCULINO,1,060101,CAJAMARCA,CAJAMARCA,CAJAMARCA,31/10/2025
2024,12,06/01/2025,CAJAMARCA,PENAL,FISCAL PROVINCIAL,PROVISIONAL (Titular Promovido),MASCULINO,2,060101,CAJAMARCA,CAJAMARCA,CAJAMARCA,31/10/2025
2024,12,06/01/2025,CAJAMARCA,PENAL,FISCAL PROVINCIAL,TITULAR,FEMENINO,10,060101,CAJAMARCA,CAJAMARCA,CAJAMARCA,31/10/2025
2024,12,06/01/2025,CAJAMARCA,PENAL,FISCAL PROVINCIAL,TITULAR,MASCULINO,25,060101,CAJAMARCA,CAJAMARCA,CAJAMARCA,31/10/2025
2024,12,06/01/2025,CAJAMARCA,PENAL,FISCAL SUPERIOR,PROVISIONAL (Titular Promovido),MASCULINO,1,060101,CAJAMARCA,CAJAMARCA,CAJAMARCA,31/10/2025
2024,12,06/01/2025,CAJAMARCA,PENAL,FISCAL SUPERIOR,TITULAR,MASCULINO,2,060101,CAJAMARCA,CAJAMARCA,CAJAMARCA,31/10/2025
2024,12,06/01/2025,CAJAMARCA,PREVENCION DEL DELITO,FISCAL ADJUNTO PROVINCIAL,TITULAR,FEMENINO,2,060101,CAJAMARCA,CAJAMARCA,CAJAMARCA,31/10/2025
2024,12,06/01/2025,CAJAMARCA,PREVENCION DEL DELITO,FISCAL ADJUNTO PROVINCIAL,TITULAR,MASCULINO,1,060101,CAJAMARCA,CAJAMARCA,CAJAMARCA,31/10/2025
2024,12,06/01/2025,CAJAMARCA,PREVENCION DEL DELITO,FISCAL PROVINCIAL,TITULAR,FEMENINO,2,060101,CAJAMARCA,CAJAMARCA,CAJAMARCA,31/10/2025
2024,12,06/01/2025,CAJAMARCA,VIOLENCIA CONTRA LA MUJER E INTEGRANTES DEL GRUPO FAMILIAR,FISCAL ADJUNTO PROVINCIAL,PROVISIONAL,FEMENINO,1,060101,CAJAMARCA,CAJAMARCA,CAJAMARCA,31/10/2025
2024,12,06/01/2025,CAJAMARCA,VIOLENCIA CONTRA LA MUJER E INTEGRANTES DEL GRUPO FAMILIAR,FISCAL ADJUNTO PROVINCIAL,TITULAR,FEMENINO,1,060101,CAJAMARCA,CAJAMARCA,CAJAMARCA,31/10/2025
2024,12,06/01/2025,CAJAMARCA,VIOLENCIA CONTRA LA MUJER E INTEGRANTES DEL GRUPO FAMILIAR,FISCAL PROVINCIAL,TITULAR,FEMENINO,2,060101,CAJAMARCA,CAJAMARCA,CAJAMARCA,31/10/2025
2024,12,06/01/2025,CAJAMARCA,VIOLENCIA CONTRA LA MUJER E INTEGRANTES DEL GRUPO FAMILIAR,FISCAL PROVINCIAL,TITULAR,MASCULINO,1,060101,CAJAMARCA,CAJAMARCA,CAJAMARCA,31/10/2025
2024,12,06/01/2025,CAJAMARCA,DERECHOS HUMANOS E INTERCULTURALIDAD,FISCAL ADJUNTO PROVINCIAL,PROVISIONAL,FEMENINO,2,060101,CAJAMARCA,CAJAMARCA,CAJAMARCA,31/10/2025
2024,12,06/01/2025,CAJAMARCA,DERECHOS HUMANOS E INTERCULTURALIDAD,FISCAL PROVINCIAL,PROVISIONAL (Titular Promovido),FEMENINO,1,060101,CAJAMARCA,CAJAMARCA,CAJAMARCA,31/10/2025
2024,12,06/01/2025,CALLAO,AUTORIDAD NACIONAL DE CONTROL,FISCAL ADJUNTO PROVINCIAL,PROVISIONAL,FEMENINO,1,070101,CALLAO,CALLAO,CALLAO,31/10/2025
2024,12,06/01/2025,CALLAO,AUTORIDAD NACIONAL DE CONTROL,FISCAL ADJUNTO PROVINCIAL,TITULAR,FEMENINO,1,070101,CALLAO,CALLAO,CALLAO,31/10/2025
2024,12,06/01/2025,CALLAO,AUTORIDAD NACIONAL DE CONTROL,FISCAL ADJUNTO SUPERIOR,PROVISIONAL (Titular Promovido),FEMENINO,2,070101,CALLAO,CALLAO,CALLAO,31/10/2025
2024,12,06/01/2025,CALLAO,AUTORIDAD NACIONAL DE CONTROL,FISCAL SUPERIOR,TITULAR,FEMENINO,1,070101,CALLAO,CALLAO,CALLAO,31/10/2025
2024,12,06/01/2025,CALLAO,CORRUPCION DE FUNCIONARIOS,FISCAL ADJUNTO PROVINCIAL,PROVISIONAL,FEMENINO,4,070101,CALLAO,CALLAO,CALLAO,31/10/2025
2024,12,06/01/2025,CALLAO,CORRUPCION DE FUNCIONARIOS,FISCAL ADJUNTO PROVINCIAL,PROVISIONAL,MASCULINO,3,070101,CALLAO,CALLAO,CALLAO,31/10/2025
2024,12,06/01/2025,CALLAO,CORRUPCION DE FUNCIONARIOS,FISCAL ADJUNTO PROVINCIAL,TITULAR,FEMENINO,1,070101,CALLAO,CALLAO,CALLAO,31/10/2025
2024,12,06/01/2025,CALLAO,CORRUPCION DE FUNCIONARIOS,FISCAL ADJUNTO PROVINCIAL,TITULAR,MASCULINO,1,070101,CALLAO,CALLAO,CALLAO,31/10/2025
2024,12,06/01/2025,CALLAO,CORRUPCION DE FUNCIONARIOS,FISCAL ADJUNTO SUPERIOR,PROVISIONAL (Titular Promovido),FEMENINO,2,070101,CALLAO,CALLAO,CALLAO,31/10/2025
2024,12,06/01/2025,CALLAO,CORRUPCION DE FUNCIONARIOS,FISCAL PROVINCIAL,PROVISIONAL,MASCULINO,1,070101,CALLAO,CALLAO,CALLAO,31/10/2025
2024,12,06/01/2025,CALLAO,CORRUPCION DE FUNCIONARIOS,FISCAL PROVINCIAL,PROVISIONAL (Titular Promovido),MASCULINO,1,070101,CALLAO,CALLAO,CALLAO,31/10/2025
2024,12,06/01/2025,CALLAO,CORRUPCION DE FUNCIONARIOS,FISCAL PROVINCIAL,TITULAR,MASCULINO,1,070101,CALLAO,CALLAO,CALLAO,31/10/2025
2024,12,06/01/2025,CALLAO,CORRUPCION DE FUNCIONARIOS,FISCAL SUPERIOR,TITULAR,FEMENINO,1,070101,CALLAO,CALLAO,CALLAO,31/10/2025
2024,12,06/01/2025,CALLAO,CRIMEN ORGANIZADO,FISCAL ADJUNTO PROVINCIAL,PROVISIONAL,FEMENINO,3,070101,CALLAO,CALLAO,CALLAO,31/10/2025
2024,12,06/01/2025,CALLAO,CRIMEN ORGANIZADO,FISCAL ADJUNTO PROVINCIAL,PROVISIONAL,MASCULINO,2,070101,CALLAO,CALLAO,CALLAO,31/10/2025
2024,12,06/01/2025,CALLAO,CRIMEN ORGANIZADO,FISCAL PROVINCIAL,PROVISIONAL (Titular Promovido),MASCULINO,1,070101,CALLAO,CALLAO,CALLAO,31/10/2025
2024,12,06/01/2025,CALLAO,DELITOS ADUANEROS Y CONTRA LA PROPIEDAD INTELECTUAL,FISCAL ADJUNTO PROVINCIAL,PROVISIONAL,FEMENINO,3,070101,CALLAO,CALLAO,CALLAO,31/10/2025
2024,12,06/01/2025,CALLAO,DELITOS ADUANEROS Y CONTRA LA PROPIEDAD INTELECTUAL,FISCAL ADJUNTO PROVINCIAL,PROVISIONAL,MASCULINO,1,070101,CALLAO,CALLAO,CALLAO,31/10/2025
2024,12,06/01/2025,CALLAO,DELITOS ADUANEROS Y CONTRA LA PROPIEDAD INTELECTUAL,FISCAL ADJUNTO PROVINCIAL,TITULAR,FEMENINO,1,070101,CALLAO,CALLAO,CALLAO,31/10/2025
2024,12,06/01/2025,CALLAO,DELITOS ADUANEROS Y CONTRA LA PROPIEDAD INTELECTUAL,FISCAL ADJUNTO PROVINCIAL,TITULAR,MASCULINO,1,070101,CALLAO,CALLAO,CALLAO,31/10/2025
2024,12,06/01/2025,CALLAO,DELITOS ADUANEROS Y CONTRA LA PROPIEDAD INTELECTUAL,FISCAL PROVINCIAL,PROVISIONAL,FEMENINO,1,070101,CALLAO,CALLAO,CALLAO,31/10/2025
2024,12,06/01/2025,CALLAO,DELITOS ADUANEROS Y CONTRA LA PROPIEDAD INTELECTUAL,FISCAL PROVINCIAL,TITULAR,FEMENINO,1,070101,CALLAO,CALLAO,CALLAO,31/10/2025
2024,12,06/01/2025,CALLAO,DELITOS ADUANEROS Y CONTRA LA PROPIEDAD INTELECTUAL,FISCAL PROVINCIAL,TITULAR,MASCULINO,1,070101,CALLAO,CALLAO,CALLAO,31/10/2025
2024,12,06/01/2025,CALLAO,DELITOS DE TRATA DE PERSONAS,FISCAL ADJUNTO PROVINCIAL,PROVISIONAL,FEMENINO,2,070101,CALLAO,CALLAO,CALLAO,31/10/2025
2024,12,06/01/2025,CALLAO,DELITOS DE TRATA DE PERSONAS,FISCAL PROVINCIAL,PROVISIONAL (Titular Promovido),FEMENINO,1,070101,CALLAO,CALLAO,CALLAO,31/10/2025
2024,12,06/01/2025,CALLAO,FAMILIA,FISCAL ADJUNTO PROVINCIAL,PROVISIONAL,FEMENINO,4,070101,CALLAO,CALLAO,CALLAO,31/10/2025
2024,12,06/01/2025,CALLAO,FAMILIA,FISCAL ADJUNTO PROVINCIAL,PROVISIONAL,MASCULINO,1,070101,CALLAO,CALLAO,CALLAO,31/10/2025
2024,12,06/01/2025,CALLAO,FAMILIA,FISCAL ADJUNTO PROVINCIAL,TITULAR,MASCULINO,1,070101,CALLAO,CALLAO,CALLAO,31/10/2025
2024,12,06/01/2025,CALLAO,FAMILIA,FISCAL ADJUNTO SUPERIOR,TITULAR,MASCULINO,1,070101,CALLAO,CALLAO,CALLAO,31/10/2025
2024,12,06/01/2025,CALLAO,FAMILIA,FISCAL PROVINCIAL,PROVISIONAL (Titular Promovido),FEMENINO,1,070101,CALLAO,CALLAO,CALLAO,31/10/2025
2024,12,06/01/2025,CALLAO,FAMILIA,FISCAL PROVINCIAL,TITULAR,FEMENINO,3,070101,CALLAO,CALLAO,CALLAO,31/10/2025
2024,12,06/01/2025,CALLAO,FAMILIA,FISCAL PROVINCIAL,TITULAR,MASCULINO,1,070101,CALLAO,CALLAO,CALLAO,31/10/2025
2024,12,06/01/2025,CALLAO,FAMILIA,FISCAL SUPERIOR,TITULAR,FEMENINO,1,070101,CALLAO,CALLAO,CALLAO,31/10/2025
2024,12,06/01/2025,CALLAO,LAVADO DE ACTIVOS,FISCAL ADJUNTO PROVINCIAL,PROVISIONAL,FEMENINO,5,070101,CALLAO,CALLAO,CALLAO,31/10/2025
2024,12,06/01/2025,CALLAO,LAVADO DE ACTIVOS,FISCAL ADJUNTO PROVINCIAL,PROVISIONAL,MASCULINO,1,070101,CALLAO,CALLAO,CALLAO,31/10/2025
2024,12,06/01/2025,CALLAO,LAVADO DE ACTIVOS,FISCAL PROVINCIAL,PROVISIONAL (Titular Promovido),MASCULINO,1,070101,CALLAO,CALLAO,CALLAO,31/10/2025
2024,12,06/01/2025,CALLAO,LAVADO DE ACTIVOS,FISCAL PROVINCIAL,TITULAR,FEMENINO,1,070101,CALLAO,CALLAO,CALLAO,31/10/2025
2024,12,06/01/2025,CALLAO,LAVADO DE ACTIVOS,FISCAL PROVINCIAL,TITULAR,MASCULINO,1,070101,CALLAO,CALLAO,CALLAO,31/10/2025
2024,12,06/01/2025,CALLAO,MATERIA AMBIENTAL,FISCAL ADJUNTO PROVINCIAL,PROVISIONAL,FEMENINO,1,070101,CALLAO,CALLAO,CALLAO,31/10/2025
2024,12,06/01/2025,CALLAO,MATERIA AMBIENTAL,FISCAL ADJUNTO PROVINCIAL,PROVISIONAL,MASCULINO,2,070101,CALLAO,CALLAO,CALLAO,31/10/2025
2024,12,06/01/2025,CALLAO,MATERIA AMBIENTAL,FISCAL PROVINCIAL,TITULAR,MASCULINO,1,070101,CALLAO,CALLAO,CALLAO,31/10/2025
2024,12,06/01/2025,CALLAO,PENAL,FISCAL ADJUNTO PROVINCIAL,PROVISIONAL,FEMENINO,83,070101,CALLAO,CALLAO,CALLAO,31/10/2025
2024,12,06/01/2025,CALLAO,PENAL,FISCAL ADJUNTO PROVINCIAL,PROVISIONAL,MASCULINO,28,070101,CALLAO,CALLAO,CALLAO,31/10/2025
2024,12,06/01/2025,CALLAO,PENAL,FISCAL ADJUNTO PROVINCIAL,TITULAR,FEMENINO,5,070101,CALLAO,CALLAO,CALLAO,31/10/2025
2024,12,06/01/2025,CALLAO,PENAL,FISCAL ADJUNTO PROVINCIAL,TITULAR,MASCULINO,3,070101,CALLAO,CALLAO,CALLAO,31/10/2025
2024,12,06/01/2025,CALLAO,PENAL,FISCAL ADJUNTO SUPERIOR,PROVISIONAL,FEMENINO,1,070101,CALLAO,CALLAO,CALLAO,31/10/2025
2024,12,06/01/2025,CALLAO,PENAL,FISCAL ADJUNTO SUPERIOR,PROVISIONAL (Titular Promovido),FEMENINO,3,070101,CALLAO,CALLAO,CALLAO,31/10/2025
2024,12,06/01/2025,CALLAO,PENAL,FISCAL ADJUNTO SUPERIOR,PROVISIONAL (Titular Promovido),MASCULINO,2,070101,CALLAO,CALLAO,CALLAO,31/10/2025
2024,12,06/01/2025,CALLAO,PENAL,FISCAL ADJUNTO SUPERIOR,TITULAR,FEMENINO,7,070101,CALLAO,CALLAO,CALLAO,31/10/2025
2024,12,06/01/2025,CALLAO,PENAL,FISCAL ADJUNTO SUPERIOR,TITULAR,MASCULINO,2,070101,CALLAO,CALLAO,CALLAO,31/10/2025
2024,12,06/01/2025,CALLAO,PENAL,FISCAL PROVINCIAL,PROVISIONAL,FEMENINO,12,070101,CALLAO,CALLAO,CALLAO,31/10/2025
2024,12,06/01/2025,CALLAO,PENAL,FISCAL PROVINCIAL,PROVISIONAL,MASCULINO,6,070101,CALLAO,CALLAO,CALLAO,31/10/2025
2024,12,06/01/2025,CALLAO,PENAL,FISCAL PROVINCIAL,PROVISIONAL (Titular Promovido),FEMENINO,11,070101,CALLAO,CALLAO,CALLAO,31/10/2025
2024,12,06/01/2025,CALLAO,PENAL,FISCAL PROVINCIAL,PROVISIONAL (Titular Promovido),MASCULINO,10,070101,CALLAO,CALLAO,CALLAO,31/10/2025
2024,12,06/01/2025,CALLAO,PENAL,FISCAL PROVINCIAL,TITULAR,FEMENINO,9,070101,CALLAO,CALLAO,CALLAO,31/10/2025
2024,12,06/01/2025,CALLAO,PENAL,FISCAL PROVINCIAL,TITULAR,MASCULINO,7,070101,CALLAO,CALLAO,CALLAO,31/10/2025
2024,12,06/01/2025,CALLAO,PENAL,FISCAL SUPERIOR,PROVISIONAL (Titular Promovido),FEMENINO,1,070101,CALLAO,CALLAO,CALLAO,31/10/2025
2024,12,06/01/2025,CALLAO,PENAL,FISCAL SUPERIOR,PROVISIONAL (Titular Promovido),MASCULINO,1,070101,CALLAO,CALLAO,CALLAO,31/10/2025
2024,12,06/01/2025,CALLAO,PENAL,FISCAL SUPERIOR,TITULAR,FEMENINO,3,070101,CALLAO,CALLAO,CALLAO,31/10/2025
2024,12,06/01/2025,CALLAO,PENAL,FISCAL SUPERIOR,TITULAR,MASCULINO,2,070101,CALLAO,CALLAO,CALLAO,31/10/2025
2024,12,06/01/2025,CALLAO,POOL / EQUIPO DE APOYO FISCAL (SIN ESPECIALIDAD),FISCAL ADJUNTO PROVINCIAL,PROVISIONAL,FEMENINO,8,070101,CALLAO,CALLAO,CALLAO,31/10/2025
2024,12,06/01/2025,CALLAO,POOL / EQUIPO DE APOYO FISCAL (SIN ESPECIALIDAD),FISCAL ADJUNTO PROVINCIAL,PROVISIONAL,MASCULINO,5,070101,CALLAO,CALLAO,CALLAO,31/10/2025
2024,12,06/01/2025,CALLAO,POOL / EQUIPO DE APOYO FISCAL (SIN ESPECIALIDAD),FISCAL ADJUNTO PROVINCIAL,TITULAR,MASCULINO,1,070101,CALLAO,CALLAO,CALLAO,31/10/2025
2024,12,06/01/2025,CALLAO,PREVENCION DEL DELITO,FISCAL ADJUNTO PROVINCIAL,PROVISIONAL,FEMENINO,4,070101,CALLAO,CALLAO,CALLAO,31/10/2025
2024,12,06/01/2025,CALLAO,PREVENCION DEL DELITO,FISCAL PROVINCIAL,TITULAR,MASCULINO,1,070101,CALLAO,CALLAO,CALLAO,31/10/2025
2024,12,06/01/2025,CALLAO,TRAFICO ILICITO DE DROGAS,FISCAL ADJUNTO PROVINCIAL,PROVISIONAL,FEMENINO,3,070101,CALLAO,CALLAO,CALLAO,31/10/2025
2024,12,06/01/2025,CALLAO,TRAFICO ILICITO DE DROGAS,FISCAL ADJUNTO PROVINCIAL,PROVISIONAL,MASCULINO,10,070101,CALLAO,CALLAO,CALLAO,31/10/2025
2024,12,06/01/2025,CALLAO,TRAFICO ILICITO DE DROGAS,FISCAL ADJUNTO PROVINCIAL,TITULAR,FEMENINO,2,070101,CALLAO,CALLAO,CALLAO,31/10/2025
2024,12,06/01/2025,CALLAO,TRAFICO ILICITO DE DROGAS,FISCAL ADJUNTO PROVINCIAL,TITULAR,MASCULINO,4,070101,CALLAO,CALLAO,CALLAO,31/10/2025
2024,12,06/01/2025,CALLAO,TRAFICO ILICITO DE DROGAS,FISCAL PROVINCIAL,PROVISIONAL (Titular Promovido),FEMENINO,1,070101,CALLAO,CALLAO,CALLAO,31/10/2025
2024,12,06/01/2025,CALLAO,TRAFICO ILICITO DE DROGAS,FISCAL PROVINCIAL,TITULAR,MASCULINO,5,070101,CALLAO,CALLAO,CALLAO,31/10/2025
2024,12,06/01/2025,CALLAO,TRANSITO Y SEGURIDAD VIAL,FISCAL ADJUNTO PROVINCIAL,PROVISIONAL,FEMENINO,4,070101,CALLAO,CALLAO,CALLAO,31/10/2025
2024,12,06/01/2025,CALLAO,TRANSITO Y SEGURIDAD VIAL,FISCAL ADJUNTO PROVINCIAL,PROVISIONAL,MASCULINO,4,070101,CALLAO,CALLAO,CALLAO,31/10/2025
2024,12,06/01/2025,CALLAO,TRANSITO Y SEGURIDAD VIAL,FISCAL PROVINCIAL,PROVISIONAL,FEMENINO,2,070101,CALLAO,CALLAO,CALLAO,31/10/2025
2024,12,06/01/2025,CALLAO,TRANSITO Y SEGURIDAD VIAL,FISCAL PROVINCIAL,PROVISIONAL,MASCULINO,1,070101,CALLAO,CALLAO,CALLAO,31/10/2025
2024,12,06/01/2025,CALLAO,TRANSITO Y SEGURIDAD VIAL,FISCAL PROVINCIAL,PROVISIONAL (Titular Promovido),MASCULINO,1,070101,CALLAO,CALLAO,CALLAO,31/10/2025
2024,12,06/01/2025,CALLAO,VIOLENCIA CONTRA LA MUJER E INTEGRANTES DEL GRUPO FAMILIAR,FISCAL ADJUNTO PROVINCIAL,PROVISIONAL,FEMENINO,11,070101,CALLAO,CALLAO,CALLAO,31/10/2025
2024,12,06/01/2025,CALLAO,VIOLENCIA CONTRA LA MUJER E INTEGRANTES DEL GRUPO FAMILIAR,FISCAL ADJUNTO PROVINCIAL,PROVISIONAL,MASCULINO,8,070101,CALLAO,CALLAO,CALLAO,31/10/2025
2024,12,06/01/2025,CALLAO,VIOLENCIA CONTRA LA MUJER E INTEGRANTES DEL GRUPO FAMILIAR,FISCAL PROVINCIAL,PROVISIONAL,FEMENINO,3,070101,CALLAO,CALLAO,CALLAO,31/10/2025
2024,12,06/01/2025,CALLAO,VIOLENCIA CONTRA LA MUJER E INTEGRANTES DEL GRUPO FAMILIAR,FISCAL PROVINCIAL,PROVISIONAL,MASCULINO,2,070101,CALLAO,CALLAO,CALLAO,31/10/2025
2024,12,06/01/2025,CALLAO,VIOLENCIA CONTRA LA MUJER E INTEGRANTES DEL GRUPO FAMILIAR,FISCAL PROVINCIAL,PROVISIONAL (Titular Promovido),FEMENINO,4,070101,CALLAO,CALLAO,CALLAO,31/10/2025
2024,12,06/01/2025,CALLAO,VIOLENCIA CONTRA LA MUJER E INTEGRANTES DEL GRUPO FAMILIAR,FISCAL PROVINCIAL,PROVISIONAL (Titular Promovido),MASCULINO,1,070101,CALLAO,CALLAO,CALLAO,31/10/2025
2024,12,06/01/2025,CAÑETE,AUTORIDAD NACIONAL DE CONTROL,FISCAL ADJUNTO SUPERIOR,PROVISIONAL (Titular Promovido),FEMENINO,1,150501,LIMA,CAÑETE,SAN VICENTE DE CAÑETE,31/10/2025
2024,12,06/01/2025,CAÑETE,AUTORIDAD NACIONAL DE CONTROL,FISCAL ADJUNTO SUPERIOR,PROVISIONAL (Titular Promovido),MASCULINO,1,150501,LIMA,CAÑETE,SAN VICENTE DE CAÑETE,31/10/2025
2024,12,06/01/2025,CAÑETE,AUTORIDAD NACIONAL DE CONTROL,FISCAL SUPERIOR,PROVISIONAL (Titular Promovido),MASCULINO,1,150501,LIMA,CAÑETE,SAN VICENTE DE CAÑETE,31/10/2025
2024,12,06/01/2025,CAÑETE,CORRUPCION DE FUNCIONARIOS,FISCAL ADJUNTO PROVINCIAL,PROVISIONAL,FEMENINO,2,150501,LIMA,CAÑETE,SAN VICENTE DE CAÑETE,31/10/2025
2024,12,06/01/2025,CAÑETE,CORRUPCION DE FUNCIONARIOS,FISCAL ADJUNTO PROVINCIAL,PROVISIONAL,MASCULINO,4,150501,LIMA,CAÑETE,SAN VICENTE DE CAÑETE,31/10/2025
2024,12,06/01/2025,CAÑETE,FAMILIA,FISCAL ADJUNTO PROVINCIAL,PROVISIONAL,FEMENINO,4,150501,LIMA,CAÑETE,SAN VICENTE DE CAÑETE,31/10/2025
2024,12,06/01/2025,CAÑETE,FAMILIA,FISCAL ADJUNTO PROVINCIAL,PROVISIONAL,MASCULINO,1,150501,LIMA,CAÑETE,SAN VICENTE DE CAÑETE,31/10/2025
2024,12,06/01/2025,CAÑETE,FAMILIA,FISCAL PROVINCIAL,PROVISIONAL,FEMENINO,1,150501,LIMA,CAÑETE,SAN VICENTE DE CAÑETE,31/10/2025
2024,12,06/01/2025,CAÑETE,FAMILIA,FISCAL PROVINCIAL,PROVISIONAL (Titular Promovido),FEMENINO,1,150501,LIMA,CAÑETE,SAN VICENTE DE CAÑETE,31/10/2025
2024,12,06/01/2025,CAÑETE,FAMILIA,FISCAL PROVINCIAL,TITULAR,FEMENINO,1,150501,LIMA,CAÑETE,SAN VICENTE DE CAÑETE,31/10/2025
2024,12,06/01/2025,CAÑETE,FAMILIA,FISCAL PROVINCIAL,TITULAR,MASCULINO,1,150501,LIMA,CAÑETE,SAN VICENTE DE CAÑETE,31/10/2025
2024,12,06/01/2025,CAÑETE,FAMILIA,FISCAL SUPERIOR,TITULAR,MASCULINO,1,150501,LIMA,CAÑETE,SAN VICENTE DE CAÑETE,31/10/2025
2024,12,06/01/2025,CAÑETE,PENAL,FISCAL ADJUNTO PROVINCIAL,PROVISIONAL,FEMENINO,10,150501,LIMA,CAÑETE,SAN VICENTE DE CAÑETE,31/10/2025
2024,12,06/01/2025,CAÑETE,PENAL,FISCAL ADJUNTO PROVINCIAL,PROVISIONAL,MASCULINO,6,150501,LIMA,CAÑETE,SAN VICENTE DE CAÑETE,31/10/2025
2024,12,06/01/2025,CAÑETE,PENAL,FISCAL ADJUNTO PROVINCIAL,TITULAR,FEMENINO,4,150501,LIMA,CAÑETE,SAN VICENTE DE CAÑETE,31/10/2025
2024,12,06/01/2025,CAÑETE,PENAL,FISCAL ADJUNTO PROVINCIAL,TITULAR,MASCULINO,5,150501,LIMA,CAÑETE,SAN VICENTE DE CAÑETE,31/10/2025
2024,12,06/01/2025,CAÑETE,PENAL,FISCAL ADJUNTO SUPERIOR,PROVISIONAL (Titular Promovido),MASCULINO,1,150501,LIMA,CAÑETE,SAN VICENTE DE CAÑETE,31/10/2025
2024,12,06/01/2025,CAÑETE,PENAL,FISCAL ADJUNTO SUPERIOR,TITULAR,MASCULINO,3,150501,LIMA,CAÑETE,SAN VICENTE DE CAÑETE,31/10/2025
2024,12,06/01/2025,CAÑETE,PENAL,FISCAL PROVINCIAL,PROVISIONAL,MASCULINO,1,150501,LIMA,CAÑETE,SAN VICENTE DE CAÑETE,31/10/2025
2024,12,06/01/2025,CAÑETE,PENAL,FISCAL PROVINCIAL,PROVISIONAL (Titular Promovido),MASCULINO,4,150501,LIMA,CAÑETE,SAN VICENTE DE CAÑETE,31/10/2025
2024,12,06/01/2025,CAÑETE,PENAL,FISCAL PROVINCIAL,TITULAR,FEMENINO,1,150501,LIMA,CAÑETE,SAN VICENTE DE CAÑETE,31/10/2025
2024,12,06/01/2025,CAÑETE,PENAL,FISCAL PROVINCIAL,TITULAR,MASCULINO,6,150501,LIMA,CAÑETE,SAN VICENTE DE CAÑETE,31/10/2025
2024,12,06/01/2025,CAÑETE,PENAL,FISCAL SUPERIOR,PROVISIONAL (Titular Promovido),FEMENINO,1,150501,LIMA,CAÑETE,SAN VICENTE DE CAÑETE,31/10/2025
2024,12,06/01/2025,CAÑETE,PENAL,FISCAL SUPERIOR,TITULAR,MASCULINO,1,150501,LIMA,CAÑETE,SAN VICENTE DE CAÑETE,31/10/2025
2024,12,06/01/2025,CAÑETE,PREVENCION DEL DELITO,FISCAL ADJUNTO PROVINCIAL,PROVISIONAL,FEMENINO,2,150501,LIMA,CAÑETE,SAN VICENTE DE CAÑETE,31/10/2025
2024,12,06/01/2025,CAÑETE,PREVENCION DEL DELITO,FISCAL ADJUNTO PROVINCIAL,PROVISIONAL,MASCULINO,2,150501,LIMA,CAÑETE,SAN VICENTE DE CAÑETE,31/10/2025
2024,12,06/01/2025,CAÑETE,PREVENCION DEL DELITO,FISCAL PROVINCIAL,PROVISIONAL (Titular Promovido),MASCULINO,2,150501,LIMA,CAÑETE,SAN VICENTE DE CAÑETE,31/10/2025
2024,12,06/01/2025,CUSCO,AUTORIDAD NACIONAL DE CONTROL,FISCAL ADJUNTO SUPERIOR,PROVISIONAL (Titular Promovido),MASCULINO,2,080108,CUSCO,CUSCO,WANCHAQ,31/10/2025
2024,12,06/01/2025,CUSCO,AUTORIDAD NACIONAL DE CONTROL,FISCAL SUPERIOR,PROVISIONAL (Titular Promovido),MASCULINO,1,080108,CUSCO,CUSCO,WANCHAQ,31/10/2025
2024,12,06/01/2025,CUSCO,CORRUPCION DE FUNCIONARIOS,FISCAL ADJUNTO PROVINCIAL,PROVISIONAL,FEMENINO,9,080108,CUSCO,CUSCO,WANCHAQ,31/10/2025
2024,12,06/01/2025,CUSCO,CORRUPCION DE FUNCIONARIOS,FISCAL ADJUNTO PROVINCIAL,PROVISIONAL,MASCULINO,7,080108,CUSCO,CUSCO,WANCHAQ,31/10/2025
2024,12,06/01/2025,CUSCO,CORRUPCION DE FUNCIONARIOS,FISCAL ADJUNTO PROVINCIAL,TITULAR,FEMENINO,2,080108,CUSCO,CUSCO,WANCHAQ,31/10/2025
2024,12,06/01/2025,CUSCO,CORRUPCION DE FUNCIONARIOS,FISCAL ADJUNTO PROVINCIAL,TITULAR,MASCULINO,1,080108,CUSCO,CUSCO,WANCHAQ,31/10/2025
2024,12,06/01/2025,CUSCO,CORRUPCION DE FUNCIONARIOS,FISCAL PROVINCIAL,PROVISIONAL,MASCULINO,1,080108,CUSCO,CUSCO,WANCHAQ,31/10/2025
2024,12,06/01/2025,CUSCO,CORRUPCION DE FUNCIONARIOS,FISCAL PROVINCIAL,PROVISIONAL (Titular Promovido),MASCULINO,2,080108,CUSCO,CUSCO,WANCHAQ,31/10/2025
2024,12,06/01/2025,CUSCO,CORRUPCION DE FUNCIONARIOS,FISCAL PROVINCIAL,TITULAR,FEMENINO,2,080108,CUSCO,CUSCO,WANCHAQ,31/10/2025
2024,12,06/01/2025,CUSCO,CRIMEN ORGANIZADO,FISCAL ADJUNTO PROVINCIAL,TITULAR,FEMENINO,1,080108,CUSCO,CUSCO,WANCHAQ,31/10/2025
2024,12,06/01/2025,CUSCO,CRIMEN ORGANIZADO,FISCAL ADJUNTO PROVINCIAL,TITULAR,MASCULINO,1,080108,CUSCO,CUSCO,WANCHAQ,31/10/2025
2024,12,06/01/2025,CUSCO,CRIMEN ORGANIZADO,FISCAL PROVINCIAL,PROVISIONAL,MASCULINO,1,080108,CUSCO,CUSCO,WANCHAQ,31/10/2025
2024,12,06/01/2025,CUSCO,DELITOS DE TRATA DE PERSONAS,FISCAL ADJUNTO PROVINCIAL,PROVISIONAL,FEMENINO,1,080108,CUSCO,CUSCO,WANCHAQ,31/10/2025
2024,12,06/01/2025,CUSCO,DELITOS DE TRATA DE PERSONAS,FISCAL ADJUNTO PROVINCIAL,PROVISIONAL,MASCULINO,1,080108,CUSCO,CUSCO,WANCHAQ,31/10/2025
2024,12,06/01/2025,CUSCO,DELITOS DE TRATA DE PERSONAS,FISCAL PROVINCIAL,TITULAR,FEMENINO,1,080108,CUSCO,CUSCO,WANCHAQ,31/10/2025
2024,12,06/01/2025,CUSCO,EXTINCION DE DOMINIO,FISCAL ADJUNTO PROVINCIAL,PROVISIONAL,FEMENINO,1,080108,CUSCO,CUSCO,WANCHAQ,31/10/2025
2024,12,06/01/2025,CUSCO,EXTINCION DE DOMINIO,FISCAL ADJUNTO PROVINCIAL,PROVISIONAL,MASCULINO,1,080108,CUSCO,CUSCO,WANCHAQ,31/10/2025
2024,12,06/01/2025,CUSCO,EXTINCION DE DOMINIO,FISCAL PROVINCIAL,PROVISIONAL (Titular Promovido),FEMENINO,1,080108,CUSCO,CUSCO,WANCHAQ,31/10/2025
2024,12,06/01/2025,CUSCO,FAMILIA,FISCAL ADJUNTO PROVINCIAL,PROVISIONAL,FEMENINO,6,080108,CUSCO,CUSCO,WANCHAQ,31/10/2025
2024,12,06/01/2025,CUSCO,FAMILIA,FISCAL ADJUNTO PROVINCIAL,PROVISIONAL,MASCULINO,3,080108,CUSCO,CUSCO,WANCHAQ,31/10/2025
2024,12,06/01/2025,CUSCO,FAMILIA,FISCAL ADJUNTO PROVINCIAL,TITULAR,FEMENINO,2,080108,CUSCO,CUSCO,WANCHAQ,31/10/2025
2024,12,06/01/2025,CUSCO,FAMILIA,FISCAL ADJUNTO PROVINCIAL,TITULAR,MASCULINO,5,080108,CUSCO,CUSCO,WANCHAQ,31/10/2025
2024,12,06/01/2025,CUSCO,FAMILIA,FISCAL ADJUNTO SUPERIOR,TITULAR,FEMENINO,1,080108,CUSCO,CUSCO,WANCHAQ,31/10/2025
2024,12,06/01/2025,CUSCO,FAMILIA,FISCAL PROVINCIAL,PROVISIONAL (Titular Promovido),FEMENINO,1,080108,CUSCO,CUSCO,WANCHAQ,31/10/2025
2024,12,06/01/2025,CUSCO,FAMILIA,FISCAL PROVINCIAL,PROVISIONAL (Titular Promovido),MASCULINO,1,080108,CUSCO,CUSCO,WANCHAQ,31/10/2025
2024,12,06/01/2025,CUSCO,FAMILIA,FISCAL PROVINCIAL,TITULAR,FEMENINO,8,080108,CUSCO,CUSCO,WANCHAQ,31/10/2025
2024,12,06/01/2025,CUSCO,FAMILIA,FISCAL PROVINCIAL,TITULAR,MASCULINO,5,080108,CUSCO,CUSCO,WANCHAQ,31/10/2025
2024,12,06/01/2025,CUSCO,FAMILIA,FISCAL SUPERIOR,TITULAR,FEMENINO,1,080108,CUSCO,CUSCO,WANCHAQ,31/10/2025
2024,12,06/01/2025,CUSCO,MATERIA AMBIENTAL,FISCAL ADJUNTO PROVINCIAL,PROVISIONAL,FEMENINO,1,080108,CUSCO,CUSCO,WANCHAQ,31/10/2025
2024,12,06/01/2025,CUSCO,MATERIA AMBIENTAL,FISCAL PROVINCIAL,PROVISIONAL (Titular Promovido),MASCULINO,1,080108,CUSCO,CUSCO,WANCHAQ,31/10/2025
2024,12,06/01/2025,CUSCO,MIXTA,FISCAL ADJUNTO PROVINCIAL,PROVISIONAL,FEMENINO,3,080108,CUSCO,CUSCO,WANCHAQ,31/10/2025
2024,12,06/01/2025,CUSCO,MIXTA,FISCAL ADJUNTO PROVINCIAL,PROVISIONAL,MASCULINO,4,080108,CUSCO,CUSCO,WANCHAQ,31/10/2025
2024,12,06/01/2025,CUSCO,MIXTA,FISCAL ADJUNTO PROVINCIAL,TITULAR,FEMENINO,1,080108,CUSCO,CUSCO,WANCHAQ,31/10/2025
2024,12,06/01/2025,CUSCO,MIXTA,FISCAL ADJUNTO SUPERIOR,PROVISIONAL (Titular Promovido),MASCULINO,1,080108,CUSCO,CUSCO,WANCHAQ,31/10/2025
2024,12,06/01/2025,CUSCO,MIXTA,FISCAL ADJUNTO SUPERIOR,TITULAR,MASCULINO,1,080108,CUSCO,CUSCO,WANCHAQ,31/10/2025
2024,12,06/01/2025,CUSCO,MIXTA,FISCAL PROVINCIAL,TITULAR,FEMENINO,2,080108,CUSCO,CUSCO,WANCHAQ,31/10/2025
2024,12,06/01/2025,CUSCO,MIXTA,FISCAL PROVINCIAL,TITULAR,MASCULINO,2,080108,CUSCO,CUSCO,WANCHAQ,31/10/2025
2024,12,06/01/2025,CUSCO,MIXTA,FISCAL SUPERIOR,PROVISIONAL (Titular Promovido),MASCULINO,1,080108,CUSCO,CUSCO,WANCHAQ,31/10/2025
2024,12,06/01/2025,CUSCO,MIXTA,FISCAL SUPERIOR,TITULAR,MASCULINO,1,080108,CUSCO,CUSCO,WANCHAQ,31/10/2025
2024,12,06/01/2025,CUSCO,PENAL,FISCAL ADJUNTO PROVINCIAL,PROVISIONAL,FEMENINO,26,080108,CUSCO,CUSCO,WANCHAQ,31/10/2025
2024,12,06/01/2025,CUSCO,PENAL,FISCAL ADJUNTO PROVINCIAL,PROVISIONAL,MASCULINO,24,080108,CUSCO,CUSCO,WANCHAQ,31/10/2025
2024,12,06/01/2025,CUSCO,PENAL,FISCAL ADJUNTO PROVINCIAL,TITULAR,FEMENINO,13,080108,CUSCO,CUSCO,WANCHAQ,31/10/2025
2024,12,06/01/2025,CUSCO,PENAL,FISCAL ADJUNTO PROVINCIAL,TITULAR,MASCULINO,13,080108,CUSCO,CUSCO,WANCHAQ,31/10/2025
2024,12,06/01/2025,CUSCO,PENAL,FISCAL ADJUNTO SUPERIOR,PROVISIONAL (Titular Promovido),MASCULINO,1,080108,CUSCO,CUSCO,WANCHAQ,31/10/2025
2024,12,06/01/2025,CUSCO,PENAL,FISCAL ADJUNTO SUPERIOR,TITULAR,FEMENINO,2,080108,CUSCO,CUSCO,WANCHAQ,31/10/2025
2024,12,06/01/2025,CUSCO,PENAL,FISCAL ADJUNTO SUPERIOR,TITULAR,MASCULINO,4,080108,CUSCO,CUSCO,WANCHAQ,31/10/2025
2024,12,06/01/2025,CUSCO,PENAL,FISCAL PROVINCIAL,PROVISIONAL (Titular Promovido),FEMENINO,3,080108,CUSCO,CUSCO,WANCHAQ,31/10/2025
2024,12,06/01/2025,CUSCO,PENAL,FISCAL PROVINCIAL,PROVISIONAL (Titular Promovido),MASCULINO,7,080108,CUSCO,CUSCO,WANCHAQ,31/10/2025
2024,12,06/01/2025,CUSCO,PENAL,FISCAL PROVINCIAL,TITULAR,FEMENINO,17,080108,CUSCO,CUSCO,WANCHAQ,31/10/2025
2024,12,06/01/2025,CUSCO,PENAL,FISCAL PROVINCIAL,TITULAR,MASCULINO,13,080108,CUSCO,CUSCO,WANCHAQ,31/10/2025
2024,12,06/01/2025,CUSCO,PENAL,FISCAL SUPERIOR,TITULAR,FEMENINO,1,080108,CUSCO,CUSCO,WANCHAQ,31/10/2025
2024,12,06/01/2025,CUSCO,PENAL,FISCAL SUPERIOR,TITULAR,MASCULINO,3,080108,CUSCO,CUSCO,WANCHAQ,31/10/2025
2024,12,06/01/2025,CUSCO,PREVENCION DEL DELITO,FISCAL ADJUNTO PROVINCIAL,PROVISIONAL,FEMENINO,4,080108,CUSCO,CUSCO,WANCHAQ,31/10/2025
2024,12,06/01/2025,CUSCO,PREVENCION DEL DELITO,FISCAL PROVINCIAL,PROVISIONAL (Titular Promovido),FEMENINO,2,080108,CUSCO,CUSCO,WANCHAQ,31/10/2025
2024,12,06/01/2025,CUSCO,TRAFICO ILICITO DE DROGAS,FISCAL ADJUNTO PROVINCIAL,PROVISIONAL,MASCULINO,2,080108,CUSCO,CUSCO,WANCHAQ,31/10/2025
2024,12,06/01/2025,CUSCO,TRAFICO ILICITO DE DROGAS,FISCAL ADJUNTO PROVINCIAL,TITULAR,MASCULINO,1,080108,CUSCO,CUSCO,WANCHAQ,31/10/2025
2024,12,06/01/2025,CUSCO,TRAFICO ILICITO DE DROGAS,FISCAL PROVINCIAL,PROVISIONAL (Titular Promovido),FEMENINO,1,080108,CUSCO,CUSCO,WANCHAQ,31/10/2025
2024,12,06/01/2025,CUSCO,TRAFICO ILICITO DE DROGAS,FISCAL PROVINCIAL,PROVISIONAL (Titular Promovido),MASCULINO,1,080108,CUSCO,CUSCO,WANCHAQ,31/10/2025
2024,12,06/01/2025,CUSCO,TURISMO,FISCAL ADJUNTO PROVINCIAL,PROVISIONAL,MASCULINO,1,080108,CUSCO,CUSCO,WANCHAQ,31/10/2025
2024,12,06/01/2025,CUSCO,TURISMO,FISCAL PROVINCIAL,TITULAR,MASCULINO,1,080108,CUSCO,CUSCO,WANCHAQ,31/10/2025
2024,12,06/01/2025,CUSCO,VIOLENCIA CONTRA LA MUJER E INTEGRANTES DEL GRUPO FAMILIAR,FISCAL ADJUNTO PROVINCIAL,PROVISIONAL,FEMENINO,33,080108,CUSCO,CUSCO,WANCHAQ,31/10/2025
2024,12,06/01/2025,CUSCO,VIOLENCIA CONTRA LA MUJER E INTEGRANTES DEL GRUPO FAMILIAR,FISCAL ADJUNTO PROVINCIAL,PROVISIONAL,MASCULINO,15,080108,CUSCO,CUSCO,WANCHAQ,31/10/2025
2024,12,06/01/2025,CUSCO,VIOLENCIA CONTRA LA MUJER E INTEGRANTES DEL GRUPO FAMILIAR,FISCAL ADJUNTO PROVINCIAL,TITULAR,FEMENINO,2,080108,CUSCO,CUSCO,WANCHAQ,31/10/2025
2024,12,06/01/2025,CUSCO,VIOLENCIA CONTRA LA MUJER E INTEGRANTES DEL GRUPO FAMILIAR,FISCAL ADJUNTO SUPERIOR,PROVISIONAL (Titular Promovido),FEMENINO,2,080108,CUSCO,CUSCO,WANCHAQ,31/10/2025
2024,12,06/01/2025,CUSCO,VIOLENCIA CONTRA LA MUJER E INTEGRANTES DEL GRUPO FAMILIAR,FISCAL ADJUNTO SUPERIOR,PROVISIONAL (Titular Promovido),MASCULINO,2,080108,CUSCO,CUSCO,WANCHAQ,31/10/2025
2024,12,06/01/2025,CUSCO,VIOLENCIA CONTRA LA MUJER E INTEGRANTES DEL GRUPO FAMILIAR,FISCAL PROVINCIAL,PROVISIONAL,MASCULINO,2,080108,CUSCO,CUSCO,WANCHAQ,31/10/2025
2024,12,06/01/2025,CUSCO,VIOLENCIA CONTRA LA MUJER E INTEGRANTES DEL GRUPO FAMILIAR,FISCAL PROVINCIAL,PROVISIONAL (Titular Promovido),FEMENINO,7,080108,CUSCO,CUSCO,WANCHAQ,31/10/2025
2024,12,06/01/2025,CUSCO,VIOLENCIA CONTRA LA MUJER E INTEGRANTES DEL GRUPO FAMILIAR,FISCAL PROVINCIAL,PROVISIONAL (Titular Promovido),MASCULINO,5,080108,CUSCO,CUSCO,WANCHAQ,31/10/2025
2024,12,06/01/2025,CUSCO,VIOLENCIA CONTRA LA MUJER E INTEGRANTES DEL GRUPO FAMILIAR,FISCAL PROVINCIAL,TITULAR,FEMENINO,1,080108,CUSCO,CUSCO,WANCHAQ,31/10/2025
2024,12,06/01/2025,CUSCO,VIOLENCIA CONTRA LA MUJER E INTEGRANTES DEL GRUPO FAMILIAR,FISCAL SUPERIOR,PROVISIONAL (Titular Promovido),FEMENINO,2,080108,CUSCO,CUSCO,WANCHAQ,31/10/2025
2024,12,06/01/2025,CUSCO,DERECHOS HUMANOS E INTERCULTURALIDAD,FISCAL ADJUNTO PROVINCIAL,PROVISIONAL,FEMENINO,2,080108,CUSCO,CUSCO,WANCHAQ,31/10/2025
2024,12,06/01/2025,CUSCO,DERECHOS HUMANOS E INTERCULTURALIDAD,FISCAL ADJUNTO PROVINCIAL,PROVISIONAL,MASCULINO,1,080108,CUSCO,CUSCO,WANCHAQ,31/10/2025
2024,12,06/01/2025,CUSCO,DERECHOS HUMANOS E INTERCULTURALIDAD,FISCAL PROVINCIAL,PROVISIONAL (Titular Promovido),MASCULINO,1,080108,CUSCO,CUSCO,WANCHAQ,31/10/2025
2024,12,06/01/2025,HUANCAVELICA,AUTORIDAD NACIONAL DE CONTROL,FISCAL ADJUNTO PROVINCIAL,PROVISIONAL,FEMENINO,1,090101,HUANCAVELICA,HUANCAVELICA,HUANCAVELICA,31/10/2025
2024,12,06/01/2025,HUANCAVELICA,AUTORIDAD NACIONAL DE CONTROL,FISCAL ADJUNTO SUPERIOR,PROVISIONAL (Titular Promovido),FEMENINO,1,090101,HUANCAVELICA,HUANCAVELICA,HUANCAVELICA,31/10/2025
2024,12,06/01/2025,HUANCAVELICA,AUTORIDAD NACIONAL DE CONTROL,FISCAL ADJUNTO SUPERIOR,PROVISIONAL (Titular Promovido),MASCULINO,1,090101,HUANCAVELICA,HUANCAVELICA,HUANCAVELICA,31/10/2025
2024,12,06/01/2025,HUANCAVELICA,AUTORIDAD NACIONAL DE CONTROL,FISCAL PROVINCIAL,PROVISIONAL,MASCULINO,1,090101,HUANCAVELICA,HUANCAVELICA,HUANCAVELICA,31/10/2025
2024,12,06/01/2025,HUANCAVELICA,AUTORIDAD NACIONAL DE CONTROL,FISCAL SUPERIOR,TITULAR,FEMENINO,1,090101,HUANCAVELICA,HUANCAVELICA,HUANCAVELICA,31/10/2025
2024,12,06/01/2025,HUANCAVELICA,CORRUPCION DE FUNCIONARIOS,FISCAL ADJUNTO PROVINCIAL,PROVISIONAL,FEMENINO,3,090101,HUANCAVELICA,HUANCAVELICA,HUANCAVELICA,31/10/2025
2024,12,06/01/2025,HUANCAVELICA,CORRUPCION DE FUNCIONARIOS,FISCAL ADJUNTO PROVINCIAL,TITULAR,FEMENINO,1,090101,HUANCAVELICA,HUANCAVELICA,HUANCAVELICA,31/10/2025
2024,12,06/01/2025,HUANCAVELICA,CORRUPCION DE FUNCIONARIOS,FISCAL ADJUNTO SUPERIOR,PROVISIONAL (Titular Promovido),MASCULINO,1,090101,HUANCAVELICA,HUANCAVELICA,HUANCAVELICA,31/10/2025
2024,12,06/01/2025,HUANCAVELICA,CORRUPCION DE FUNCIONARIOS,FISCAL ADJUNTO SUPERIOR,TITULAR,FEMENINO,1,090101,HUANCAVELICA,HUANCAVELICA,HUANCAVELICA,31/10/2025
2024,12,06/01/2025,HUANCAVELICA,CORRUPCION DE FUNCIONARIOS,FISCAL PROVINCIAL,TITULAR,MASCULINO,2,090101,HUANCAVELICA,HUANCAVELICA,HUANCAVELICA,31/10/2025
2024,12,06/01/2025,HUANCAVELICA,CORRUPCION DE FUNCIONARIOS,FISCAL SUPERIOR,TITULAR,MASCULINO,1,090101,HUANCAVELICA,HUANCAVELICA,HUANCAVELICA,31/10/2025
2024,12,06/01/2025,HUANCAVELICA,CRIMEN ORGANIZADO,FISCAL ADJUNTO PROVINCIAL,PROVISIONAL,MASCULINO,1,090101,HUANCAVELICA,HUANCAVELICA,HUANCAVELICA,31/10/2025
2024,12,06/01/2025,HUANCAVELICA,CRIMEN ORGANIZADO,FISCAL ADJUNTO PROVINCIAL,TITULAR,MASCULINO,1,090101,HUANCAVELICA,HUANCAVELICA,HUANCAVELICA,31/10/2025
2024,12,06/01/2025,HUANCAVELICA,CRIMEN ORGANIZADO,FISCAL PROVINCIAL,PROVISIONAL,MASCULINO,1,090101,HUANCAVELICA,HUANCAVELICA,HUANCAVELICA,31/10/2025
2024,12,06/01/2025,HUANCAVELICA,FAMILIA,FISCAL ADJUNTO PROVINCIAL,PROVISIONAL,FEMENINO,3,090101,HUANCAVELICA,HUANCAVELICA,HUANCAVELICA,31/10/2025
2024,12,06/01/2025,HUANCAVELICA,FAMILIA,FISCAL ADJUNTO PROVINCIAL,PROVISIONAL,MASCULINO,1,090101,HUANCAVELICA,HUANCAVELICA,HUANCAVELICA,31/10/2025
2024,12,06/01/2025,HUANCAVELICA,FAMILIA,FISCAL ADJUNTO SUPERIOR,PROVISIONAL (Titular Promovido),MASCULINO,1,090101,HUANCAVELICA,HUANCAVELICA,HUANCAVELICA,31/10/2025
2024,12,06/01/2025,HUANCAVELICA,FAMILIA,FISCAL PROVINCIAL,PROVISIONAL,MASCULINO,2,090101,HUANCAVELICA,HUANCAVELICA,HUANCAVELICA,31/10/2025
2024,12,06/01/2025,HUANCAVELICA,FAMILIA,FISCAL PROVINCIAL,TITULAR,FEMENINO,2,090101,HUANCAVELICA,HUANCAVELICA,HUANCAVELICA,31/10/2025
2024,12,06/01/2025,HUANCAVELICA,FAMILIA,FISCAL SUPERIOR,TITULAR,MASCULINO,1,090101,HUANCAVELICA,HUANCAVELICA,HUANCAVELICA,31/10/2025
2024,12,06/01/2025,HUANCAVELICA,MATERIA AMBIENTAL,FISCAL ADJUNTO PROVINCIAL,PROVISIONAL,MASCULINO,1,090101,HUANCAVELICA,HUANCAVELICA,HUANCAVELICA,31/10/2025
2024,12,06/01/2025,HUANCAVELICA,MATERIA AMBIENTAL,FISCAL PROVINCIAL,PROVISIONAL,MASCULINO,1,090101,HUANCAVELICA,HUANCAVELICA,HUANCAVELICA,31/10/2025
2024,12,06/01/2025,HUANCAVELICA,MIXTA,FISCAL ADJUNTO PROVINCIAL,PROVISIONAL,FEMENINO,1,090101,HUANCAVELICA,HUANCAVELICA,HUANCAVELICA,31/10/2025
2024,12,06/01/2025,HUANCAVELICA,MIXTA,FISCAL ADJUNTO PROVINCIAL,PROVISIONAL,MASCULINO,2,090101,HUANCAVELICA,HUANCAVELICA,HUANCAVELICA,31/10/2025
2024,12,06/01/2025,HUANCAVELICA,MIXTA,FISCAL PROVINCIAL,PROVISIONAL,FEMENINO,1,090101,HUANCAVELICA,HUANCAVELICA,HUANCAVELICA,31/10/2025
2024,12,06/01/2025,HUANCAVELICA,MIXTA,FISCAL PROVINCIAL,PROVISIONAL (Titular Promovido),FEMENINO,1,090101,HUANCAVELICA,HUANCAVELICA,HUANCAVELICA,31/10/2025
2024,12,06/01/2025,HUANCAVELICA,MIXTA,FISCAL PROVINCIAL,PROVISIONAL (Titular Promovido),MASCULINO,1,090101,HUANCAVELICA,HUANCAVELICA,HUANCAVELICA,31/10/2025
2024,12,06/01/2025,HUANCAVELICA,PENAL,FISCAL ADJUNTO PROVINCIAL,PROVISIONAL,FEMENINO,17,090101,HUANCAVELICA,HUANCAVELICA,HUANCAVELICA,31/10/2025
2024,12,06/01/2025,HUANCAVELICA,PENAL,FISCAL ADJUNTO PROVINCIAL,PROVISIONAL,MASCULINO,7,090101,HUANCAVELICA,HUANCAVELICA,HUANCAVELICA,31/10/2025
2024,12,06/01/2025,HUANCAVELICA,PENAL,FISCAL ADJUNTO PROVINCIAL,TITULAR,FEMENINO,1,090101,HUANCAVELICA,HUANCAVELICA,HUANCAVELICA,31/10/2025
2024,12,06/01/2025,HUANCAVELICA,PENAL,FISCAL ADJUNTO PROVINCIAL,TITULAR,MASCULINO,4,090101,HUANCAVELICA,HUANCAVELICA,HUANCAVELICA,31/10/2025
2024,12,06/01/2025,HUANCAVELICA,PENAL,FISCAL ADJUNTO SUPERIOR,PROVISIONAL (Titular Promovido),MASCULINO,1,090101,HUANCAVELICA,HUANCAVELICA,HUANCAVELICA,31/10/2025
2024,12,06/01/2025,HUANCAVELICA,PENAL,FISCAL ADJUNTO SUPERIOR,TITULAR,MASCULINO,2,090101,HUANCAVELICA,HUANCAVELICA,HUANCAVELICA,31/10/2025
2024,12,06/01/2025,HUANCAVELICA,PENAL,FISCAL PROVINCIAL,PROVISIONAL,FEMENINO,1,090101,HUANCAVELICA,HUANCAVELICA,HUANCAVELICA,31/10/2025
2024,12,06/01/2025,HUANCAVELICA,PENAL,FISCAL PROVINCIAL,PROVISIONAL,MASCULINO,3,090101,HUANCAVELICA,HUANCAVELICA,HUANCAVELICA,31/10/2025
2024,12,06/01/2025,HUANCAVELICA,PENAL,FISCAL PROVINCIAL,PROVISIONAL (Titular Promovido),MASCULINO,4,090101,HUANCAVELICA,HUANCAVELICA,HUANCAVELICA,31/10/2025
2024,12,06/01/2025,HUANCAVELICA,PENAL,FISCAL PROVINCIAL,TITULAR,FEMENINO,2,090101,HUANCAVELICA,HUANCAVELICA,HUANCAVELICA,31/10/2025
2024,12,06/01/2025,HUANCAVELICA,PENAL,FISCAL PROVINCIAL,TITULAR,MASCULINO,6,090101,HUANCAVELICA,HUANCAVELICA,HUANCAVELICA,31/10/2025
2024,12,06/01/2025,HUANCAVELICA,PENAL,FISCAL SUPERIOR,PROVISIONAL (Titular Promovido),FEMENINO,1,090101,HUANCAVELICA,HUANCAVELICA,HUANCAVELICA,31/10/2025
2024,12,06/01/2025,HUANCAVELICA,PENAL,FISCAL SUPERIOR,PROVISIONAL (Titular Promovido),MASCULINO,1,090101,HUANCAVELICA,HUANCAVELICA,HUANCAVELICA,31/10/2025
2024,12,06/01/2025,HUANCAVELICA,POOL / EQUIPO DE APOYO FISCAL (SIN ESPECIALIDAD),FISCAL ADJUNTO PROVINCIAL,PROVISIONAL,MASCULINO,2,090101,HUANCAVELICA,HUANCAVELICA,HUANCAVELICA,31/10/2025
2024,12,06/01/2025,HUANCAVELICA,PREVENCION DEL DELITO,FISCAL ADJUNTO PROVINCIAL,PROVISIONAL,FEMENINO,3,090101,HUANCAVELICA,HUANCAVELICA,HUANCAVELICA,31/10/2025
2024,12,06/01/2025,HUANCAVELICA,PREVENCION DEL DELITO,FISCAL ADJUNTO PROVINCIAL,TITULAR,FEMENINO,1,090101,HUANCAVELICA,HUANCAVELICA,HUANCAVELICA,31/10/2025
2024,12,06/01/2025,HUANCAVELICA,PREVENCION DEL DELITO,FISCAL PROVINCIAL,PROVISIONAL,MASCULINO,1,090101,HUANCAVELICA,HUANCAVELICA,HUANCAVELICA,31/10/2025
2024,12,06/01/2025,HUANCAVELICA,PREVENCION DEL DELITO,FISCAL PROVINCIAL,PROVISIONAL (Titular Promovido),FEMENINO,1,090101,HUANCAVELICA,HUANCAVELICA,HUANCAVELICA,31/10/2025
2024,12,06/01/2025,HUANCAVELICA,VIOLENCIA CONTRA LA MUJER E INTEGRANTES DEL GRUPO FAMILIAR,FISCAL PROVINCIAL,PROVISIONAL,MASCULINO,1,090101,HUANCAVELICA,HUANCAVELICA,HUANCAVELICA,31/10/2025
2024,12,06/01/2025,HUANCAVELICA,DERECHOS HUMANOS E INTERCULTURALIDAD,FISCAL ADJUNTO PROVINCIAL,PROVISIONAL,FEMENINO,2,090101,HUANCAVELICA,HUANCAVELICA,HUANCAVELICA,31/10/2025
2024,12,06/01/2025,HUANCAVELICA,DERECHOS HUMANOS E INTERCULTURALIDAD,FISCAL PROVINCIAL,PROVISIONAL (Titular Promovido),MASCULINO,1,090101,HUANCAVELICA,HUANCAVELICA,HUANCAVELICA,31/10/2025
2024,12,06/01/2025,HUANCAVELICA,DELITOS DE TERRORISMO Y DELITOS CONEXOS,FISCAL ADJUNTO PROVINCIAL,PROVISIONAL,FEMENINO,2,090101,HUANCAVELICA,HUANCAVELICA,HUANCAVELICA,31/10/2025
2024,12,06/01/2025,HUANCAVELICA,DELITOS DE TERRORISMO Y DELITOS CONEXOS,FISCAL PROVINCIAL,TITULAR,MASCULINO,1,090101,HUANCAVELICA,HUANCAVELICA,HUANCAVELICA,31/10/2025
2024,12,06/01/2025,HUANUCO,AUTORIDAD NACIONAL DE CONTROL,FISCAL ADJUNTO SUPERIOR,PROVISIONAL (Titular Promovido),FEMENINO,1,100101,HUANUCO,HUANUCO,HUANUCO,31/10/2025
2024,12,06/01/2025,HUANUCO,AUTORIDAD NACIONAL DE CONTROL,FISCAL SUPERIOR,TITULAR,MASCULINO,1,100101,HUANUCO,HUANUCO,HUANUCO,31/10/2025
2024,12,06/01/2025,HUANUCO,CORRUPCION DE FUNCIONARIOS,FISCAL ADJUNTO PROVINCIAL,PROVISIONAL,FEMENINO,5,100101,HUANUCO,HUANUCO,HUANUCO,31/10/2025
2024,12,06/01/2025,HUANUCO,CORRUPCION DE FUNCIONARIOS,FISCAL ADJUNTO PROVINCIAL,PROVISIONAL,MASCULINO,1,100101,HUANUCO,HUANUCO,HUANUCO,31/10/2025
2024,12,06/01/2025,HUANUCO,CORRUPCION DE FUNCIONARIOS,FISCAL ADJUNTO PROVINCIAL,TITULAR,FEMENINO,2,100101,HUANUCO,HUANUCO,HUANUCO,31/10/2025
2024,12,06/01/2025,HUANUCO,CORRUPCION DE FUNCIONARIOS,FISCAL ADJUNTO PROVINCIAL,TITULAR,MASCULINO,2,100101,HUANUCO,HUANUCO,HUANUCO,31/10/2025
2024,12,06/01/2025,HUANUCO,CORRUPCION DE FUNCIONARIOS,FISCAL ADJUNTO SUPERIOR,TITULAR,FEMENINO,1,100101,HUANUCO,HUANUCO,HUANUCO,31/10/2025
2024,12,06/01/2025,HUANUCO,CORRUPCION DE FUNCIONARIOS,FISCAL ADJUNTO SUPERIOR,TITULAR,MASCULINO,1,100101,HUANUCO,HUANUCO,HUANUCO,31/10/2025
2024,12,06/01/2025,HUANUCO,CORRUPCION DE FUNCIONARIOS,FISCAL PROVINCIAL,PROVISIONAL,MASCULINO,1,100101,HUANUCO,HUANUCO,HUANUCO,31/10/2025
2024,12,06/01/2025,HUANUCO,CORRUPCION DE FUNCIONARIOS,FISCAL PROVINCIAL,PROVISIONAL (Titular Promovido),FEMENINO,1,100101,HUANUCO,HUANUCO,HUANUCO,31/10/2025
2024,12,06/01/2025,HUANUCO,CORRUPCION DE FUNCIONARIOS,FISCAL PROVINCIAL,TITULAR,FEMENINO,1,100101,HUANUCO,HUANUCO,HUANUCO,31/10/2025
2024,12,06/01/2025,HUANUCO,CORRUPCION DE FUNCIONARIOS,FISCAL PROVINCIAL,TITULAR,MASCULINO,1,100101,HUANUCO,HUANUCO,HUANUCO,31/10/2025
2024,12,06/01/2025,HUANUCO,CORRUPCION DE FUNCIONARIOS,FISCAL SUPERIOR,TITULAR,MASCULINO,1,100101,HUANUCO,HUANUCO,HUANUCO,31/10/2025
2024,12,06/01/2025,HUANUCO,CRIMEN ORGANIZADO,FISCAL ADJUNTO PROVINCIAL,PROVISIONAL,MASCULINO,2,100101,HUANUCO,HUANUCO,HUANUCO,31/10/2025
2024,12,06/01/2025,HUANUCO,CRIMEN ORGANIZADO,FISCAL PROVINCIAL,PROVISIONAL (Titular Promovido),MASCULINO,1,100101,HUANUCO,HUANUCO,HUANUCO,31/10/2025
2024,12,06/01/2025,HUANUCO,DELITOS DE TRATA DE PERSONAS,FISCAL ADJUNTO PROVINCIAL,PROVISIONAL,FEMENINO,1,100101,HUANUCO,HUANUCO,HUANUCO,31/10/2025
2024,12,06/01/2025,HUANUCO,DELITOS DE TRATA DE PERSONAS,FISCAL ADJUNTO PROVINCIAL,PROVISIONAL,MASCULINO,1,100101,HUANUCO,HUANUCO,HUANUCO,31/10/2025
2024,12,06/01/2025,HUANUCO,DELITOS DE TRATA DE PERSONAS,FISCAL PROVINCIAL,PROVISIONAL (Titular Promovido),MASCULINO,1,100101,HUANUCO,HUANUCO,HUANUCO,31/10/2025
2024,12,06/01/2025,HUANUCO,EXTINCION DE DOMINIO,FISCAL ADJUNTO PROVINCIAL,PROVISIONAL,FEMENINO,2,100101,HUANUCO,HUANUCO,HUANUCO,31/10/2025
2024,12,06/01/2025,HUANUCO,EXTINCION DE DOMINIO,FISCAL PROVINCIAL,PROVISIONAL (Titular Promovido),FEMENINO,1,100101,HUANUCO,HUANUCO,HUANUCO,31/10/2025
2024,12,06/01/2025,HUANUCO,FAMILIA,FISCAL ADJUNTO PROVINCIAL,PROVISIONAL,FEMENINO,5,100101,HUANUCO,HUANUCO,HUANUCO,31/10/2025
2024,12,06/01/2025,HUANUCO,FAMILIA,FISCAL ADJUNTO PROVINCIAL,PROVISIONAL,MASCULINO,5,100101,HUANUCO,HUANUCO,HUANUCO,31/10/2025
2024,12,06/01/2025,HUANUCO,FAMILIA,FISCAL ADJUNTO PROVINCIAL,TITULAR,FEMENINO,3,100101,HUANUCO,HUANUCO,HUANUCO,31/10/2025
2024,12,06/01/2025,HUANUCO,FAMILIA,FISCAL ADJUNTO SUPERIOR,TITULAR,FEMENINO,1,100101,HUANUCO,HUANUCO,HUANUCO,31/10/2025
2024,12,06/01/2025,HUANUCO,FAMILIA,FISCAL PROVINCIAL,PROVISIONAL,FEMENINO,1,100101,HUANUCO,HUANUCO,HUANUCO,31/10/2025
2024,12,06/01/2025,HUANUCO,FAMILIA,FISCAL PROVINCIAL,PROVISIONAL,MASCULINO,3,100101,HUANUCO,HUANUCO,HUANUCO,31/10/2025
2024,12,06/01/2025,HUANUCO,FAMILIA,FISCAL PROVINCIAL,PROVISIONAL (Titular Promovido),MASCULINO,1,100101,HUANUCO,HUANUCO,HUANUCO,31/10/2025
2024,12,06/01/2025,HUANUCO,FAMILIA,FISCAL PROVINCIAL,TITULAR,FEMENINO,2,100101,HUANUCO,HUANUCO,HUANUCO,31/10/2025
2024,12,06/01/2025,HUANUCO,FAMILIA,FISCAL PROVINCIAL,TITULAR,MASCULINO,5,100101,HUANUCO,HUANUCO,HUANUCO,31/10/2025
2024,12,06/01/2025,HUANUCO,FAMILIA,FISCAL SUPERIOR,PROVISIONAL (Titular Promovido),MASCULINO,1,100101,HUANUCO,HUANUCO,HUANUCO,31/10/2025
2024,12,06/01/2025,HUANUCO,MATERIA AMBIENTAL,FISCAL ADJUNTO PROVINCIAL,PROVISIONAL,FEMENINO,1,100101,HUANUCO,HUANUCO,HUANUCO,31/10/2025
2024,12,06/01/2025,HUANUCO,MATERIA AMBIENTAL,FISCAL ADJUNTO PROVINCIAL,TITULAR,FEMENINO,1,100101,HUANUCO,HUANUCO,HUANUCO,31/10/2025
2024,12,06/01/2025,HUANUCO,MATERIA AMBIENTAL,FISCAL ADJUNTO PROVINCIAL,TITULAR,MASCULINO,2,100101,HUANUCO,HUANUCO,HUANUCO,31/10/2025
2024,12,06/01/2025,HUANUCO,MATERIA AMBIENTAL,FISCAL PROVINCIAL,PROVISIONAL,MASCULINO,1,100101,HUANUCO,HUANUCO,HUANUCO,31/10/2025
2024,12,06/01/2025,HUANUCO,MATERIA AMBIENTAL,FISCAL PROVINCIAL,PROVISIONAL (Titular Promovido),MASCULINO,1,100101,HUANUCO,HUANUCO,HUANUCO,31/10/2025
2024,12,06/01/2025,HUANUCO,MIXTA,FISCAL ADJUNTO PROVINCIAL,TITULAR,MASCULINO,2,100101,HUANUCO,HUANUCO,HUANUCO,31/10/2025
2024,12,06/01/2025,HUANUCO,MIXTA,FISCAL ADJUNTO SUPERIOR,TITULAR,FEMENINO,2,100101,HUANUCO,HUANUCO,HUANUCO,31/10/2025
2024,12,06/01/2025,HUANUCO,MIXTA,FISCAL ADJUNTO SUPERIOR,TITULAR,MASCULINO,1,100101,HUANUCO,HUANUCO,HUANUCO,31/10/2025
2024,12,06/01/2025,HUANUCO,MIXTA,FISCAL PROVINCIAL,PROVISIONAL (Titular Promovido),MASCULINO,1,100101,HUANUCO,HUANUCO,HUANUCO,31/10/2025
2024,12,06/01/2025,HUANUCO,MIXTA,FISCAL SUPERIOR,TITULAR,MASCULINO,1,100101,HUANUCO,HUANUCO,HUANUCO,31/10/2025
2024,12,06/01/2025,HUANUCO,PENAL,FISCAL ADJUNTO PROVINCIAL,PROVISIONAL,FEMENINO,34,100101,HUANUCO,HUANUCO,HUANUCO,31/10/2025
2024,12,06/01/2025,HUANUCO,PENAL,FISCAL ADJUNTO PROVINCIAL,PROVISIONAL,MASCULINO,33,100101,HUANUCO,HUANUCO,HUANUCO,31/10/2025
2024,12,06/01/2025,HUANUCO,PENAL,FISCAL ADJUNTO PROVINCIAL,TITULAR,FEMENINO,17,100101,HUANUCO,HUANUCO,HUANUCO,31/10/2025
2024,12,06/01/2025,HUANUCO,PENAL,FISCAL ADJUNTO PROVINCIAL,TITULAR,MASCULINO,25,100101,HUANUCO,HUANUCO,HUANUCO,31/10/2025
2024,12,06/01/2025,HUANUCO,PENAL,FISCAL ADJUNTO SUPERIOR,PROVISIONAL (Titular Promovido),MASCULINO,1,100101,HUANUCO,HUANUCO,HUANUCO,31/10/2025
2024,12,06/01/2025,HUANUCO,PENAL,FISCAL ADJUNTO SUPERIOR,TITULAR,FEMENINO,3,100101,HUANUCO,HUANUCO,HUANUCO,31/10/2025
2024,12,06/01/2025,HUANUCO,PENAL,FISCAL ADJUNTO SUPERIOR,TITULAR,MASCULINO,4,100101,HUANUCO,HUANUCO,HUANUCO,31/10/2025
2024,12,06/01/2025,HUANUCO,PENAL,FISCAL PROVINCIAL,PROVISIONAL,FEMENINO,2,100101,HUANUCO,HUANUCO,HUANUCO,31/10/2025
2024,12,06/01/2025,HUANUCO,PENAL,FISCAL PROVINCIAL,PROVISIONAL,MASCULINO,12,100101,HUANUCO,HUANUCO,HUANUCO,31/10/2025
2024,12,06/01/2025,HUANUCO,PENAL,FISCAL PROVINCIAL,PROVISIONAL (Titular Promovido),FEMENINO,1,100101,HUANUCO,HUANUCO,HUANUCO,31/10/2025
2024,12,06/01/2025,HUANUCO,PENAL,FISCAL PROVINCIAL,PROVISIONAL (Titular Promovido),MASCULINO,5,100101,HUANUCO,HUANUCO,HUANUCO,31/10/2025
2024,12,06/01/2025,HUANUCO,PENAL,FISCAL PROVINCIAL,TITULAR,FEMENINO,6,100101,HUANUCO,HUANUCO,HUANUCO,31/10/2025
2024,12,06/01/2025,HUANUCO,PENAL,FISCAL PROVINCIAL,TITULAR,MASCULINO,31,100101,HUANUCO,HUANUCO,HUANUCO,31/10/2025
2024,12,06/01/2025,HUANUCO,PENAL,FISCAL SUPERIOR,PROVISIONAL (Titular Promovido),MASCULINO,1,100101,HUANUCO,HUANUCO,HUANUCO,31/10/2025
2024,12,06/01/2025,HUANUCO,PENAL,FISCAL SUPERIOR,TITULAR,FEMENINO,1,100101,HUANUCO,HUANUCO,HUANUCO,31/10/2025
2024,12,06/01/2025,HUANUCO,PENAL,FISCAL SUPERIOR,TITULAR,MASCULINO,2,100101,HUANUCO,HUANUCO,HUANUCO,31/10/2025
2024,12,06/01/2025,HUANUCO,PREVENCION DEL DELITO,FISCAL ADJUNTO PROVINCIAL,PROVISIONAL,FEMENINO,2,100101,HUANUCO,HUANUCO,HUANUCO,31/10/2025
2024,12,06/01/2025,HUANUCO,PREVENCION DEL DELITO,FISCAL ADJUNTO PROVINCIAL,PROVISIONAL,MASCULINO,1,100101,HUANUCO,HUANUCO,HUANUCO,31/10/2025
2024,12,06/01/2025,HUANUCO,PREVENCION DEL DELITO,FISCAL ADJUNTO PROVINCIAL,TITULAR,FEMENINO,1,100101,HUANUCO,HUANUCO,HUANUCO,31/10/2025
2024,12,06/01/2025,HUANUCO,PREVENCION DEL DELITO,FISCAL PROVINCIAL,TITULAR,FEMENINO,1,100101,HUANUCO,HUANUCO,HUANUCO,31/10/2025
2024,12,06/01/2025,HUANUCO,PREVENCION DEL DELITO,FISCAL PROVINCIAL,TITULAR,MASCULINO,1,100101,HUANUCO,HUANUCO,HUANUCO,31/10/2025
2024,12,06/01/2025,HUANUCO,TRAFICO ILICITO DE DROGAS,FISCAL ADJUNTO PROVINCIAL,PROVISIONAL,MASCULINO,5,100101,HUANUCO,HUANUCO,HUANUCO,31/10/2025
2024,12,06/01/2025,HUANUCO,TRAFICO ILICITO DE DROGAS,FISCAL ADJUNTO PROVINCIAL,TITULAR,MASCULINO,1,100101,HUANUCO,HUANUCO,HUANUCO,31/10/2025
2024,12,06/01/2025,HUANUCO,TRAFICO ILICITO DE DROGAS,FISCAL PROVINCIAL,PROVISIONAL (Titular Promovido),MASCULINO,1,100101,HUANUCO,HUANUCO,HUANUCO,31/10/2025
2024,12,06/01/2025,HUANUCO,TRAFICO ILICITO DE DROGAS,FISCAL PROVINCIAL,TITULAR,MASCULINO,1,100101,HUANUCO,HUANUCO,HUANUCO,31/10/2025
2024,12,06/01/2025,HUANUCO,DERECHOS HUMANOS E INTERCULTURALIDAD,FISCAL ADJUNTO PROVINCIAL,PROVISIONAL,FEMENINO,1,100101,HUANUCO,HUANUCO,HUANUCO,31/10/2025
2024,12,06/01/2025,HUANUCO,DERECHOS HUMANOS E INTERCULTURALIDAD,FISCAL ADJUNTO PROVINCIAL,PROVISIONAL,MASCULINO,2,100101,HUANUCO,HUANUCO,HUANUCO,31/10/2025
2024,12,06/01/2025,HUANUCO,DERECHOS HUMANOS E INTERCULTURALIDAD,FISCAL PROVINCIAL,PROVISIONAL (Titular Promovido),FEMENINO,1,100101,HUANUCO,HUANUCO,HUANUCO,31/10/2025
2024,12,06/01/2025,HUANUCO,DELITOS DE TERRORISMO Y DELITOS CONEXOS,FISCAL ADJUNTO PROVINCIAL,PROVISIONAL,FEMENINO,1,100101,HUANUCO,HUANUCO,HUANUCO,31/10/2025
2024,12,06/01/2025,HUANUCO,DELITOS DE TERRORISMO Y DELITOS CONEXOS,FISCAL ADJUNTO PROVINCIAL,PROVISIONAL,MASCULINO,2,100101,HUANUCO,HUANUCO,HUANUCO,31/10/2025
2024,12,06/01/2025,HUANUCO,DELITOS DE TERRORISMO Y DELITOS CONEXOS,FISCAL PROVINCIAL,TITULAR,FEMENINO,1,100101,HUANUCO,HUANUCO,HUANUCO,31/10/2025
2024,12,06/01/2025,HUAURA,AUTORIDAD NACIONAL DE CONTROL,FISCAL ADJUNTO SUPERIOR,PROVISIONAL,FEMENINO,1,150801,LIMA,HUAURA,HUACHO,31/10/2025
2024,12,06/01/2025,HUAURA,AUTORIDAD NACIONAL DE CONTROL,FISCAL ADJUNTO SUPERIOR,PROVISIONAL (Titular Promovido),MASCULINO,1,150801,LIMA,HUAURA,HUACHO,31/10/2025
2024,12,06/01/2025,HUAURA,AUTORIDAD NACIONAL DE CONTROL,FISCAL SUPERIOR,TITULAR,MASCULINO,1,150801,LIMA,HUAURA,HUACHO,31/10/2025
2024,12,06/01/2025,HUAURA,CORRUPCION DE FUNCIONARIOS,FISCAL ADJUNTO PROVINCIAL,PROVISIONAL,FEMENINO,3,150801,LIMA,HUAURA,HUACHO,31/10/2025
2024,12,06/01/2025,HUAURA,CORRUPCION DE FUNCIONARIOS,FISCAL ADJUNTO PROVINCIAL,PROVISIONAL,MASCULINO,3,150801,LIMA,HUAURA,HUACHO,31/10/2025
2024,12,06/01/2025,HUAURA,CORRUPCION DE FUNCIONARIOS,FISCAL ADJUNTO PROVINCIAL,TITULAR,FEMENINO,2,150801,LIMA,HUAURA,HUACHO,31/10/2025
2024,12,06/01/2025,HUAURA,CORRUPCION DE FUNCIONARIOS,FISCAL PROVINCIAL,PROVISIONAL (Titular Promovido),MASCULINO,1,150801,LIMA,HUAURA,HUACHO,31/10/2025
2024,12,06/01/2025,HUAURA,CORRUPCION DE FUNCIONARIOS,FISCAL PROVINCIAL,TITULAR,MASCULINO,1,150801,LIMA,HUAURA,HUACHO,31/10/2025
2024,12,06/01/2025,HUAURA,CRIMEN ORGANIZADO,FISCAL ADJUNTO PROVINCIAL,PROVISIONAL,FEMENINO,1,150801,LIMA,HUAURA,HUACHO,31/10/2025
2024,12,06/01/2025,HUAURA,CRIMEN ORGANIZADO,FISCAL ADJUNTO PROVINCIAL,PROVISIONAL,MASCULINO,2,150801,LIMA,HUAURA,HUACHO,31/10/2025
2024,12,06/01/2025,HUAURA,CRIMEN ORGANIZADO,FISCAL PROVINCIAL,TITULAR,MASCULINO,2,150801,LIMA,HUAURA,HUACHO,31/10/2025
2024,12,06/01/2025,HUAURA,FAMILIA,FISCAL ADJUNTO PROVINCIAL,PROVISIONAL,FEMENINO,1,150801,LIMA,HUAURA,HUACHO,31/10/2025
2024,12,06/01/2025,HUAURA,FAMILIA,FISCAL ADJUNTO PROVINCIAL,TITULAR,FEMENINO,2,150801,LIMA,HUAURA,HUACHO,31/10/2025
2024,12,06/01/2025,HUAURA,FAMILIA,FISCAL ADJUNTO SUPERIOR,TITULAR,MASCULINO,1,150801,LIMA,HUAURA,HUACHO,31/10/2025
2024,12,06/01/2025,HUAURA,FAMILIA,FISCAL PROVINCIAL,PROVISIONAL,FEMENINO,1,150801,LIMA,HUAURA,HUACHO,31/10/2025
2024,12,06/01/2025,HUAURA,FAMILIA,FISCAL PROVINCIAL,TITULAR,FEMENINO,2,150801,LIMA,HUAURA,HUACHO,31/10/2025
2024,12,06/01/2025,HUAURA,FAMILIA,FISCAL SUPERIOR,TITULAR,MASCULINO,1,150801,LIMA,HUAURA,HUACHO,31/10/2025
2024,12,06/01/2025,HUAURA,MIXTA,FISCAL ADJUNTO PROVINCIAL,PROVISIONAL,FEMENINO,1,150801,LIMA,HUAURA,HUACHO,31/10/2025
2024,12,06/01/2025,HUAURA,MIXTA,FISCAL ADJUNTO PROVINCIAL,PROVISIONAL,MASCULINO,2,150801,LIMA,HUAURA,HUACHO,31/10/2025
2024,12,06/01/2025,HUAURA,MIXTA,FISCAL ADJUNTO PROVINCIAL,TITULAR,FEMENINO,1,150801,LIMA,HUAURA,HUACHO,31/10/2025
2024,12,06/01/2025,HUAURA,MIXTA,FISCAL ADJUNTO PROVINCIAL,TITULAR,MASCULINO,3,150801,LIMA,HUAURA,HUACHO,31/10/2025
2024,12,06/01/2025,HUAURA,MIXTA,FISCAL PROVINCIAL,PROVISIONAL,MASCULINO,1,150801,LIMA,HUAURA,HUACHO,31/10/2025
2024,12,06/01/2025,HUAURA,MIXTA,FISCAL PROVINCIAL,TITULAR,FEMENINO,1,150801,LIMA,HUAURA,HUACHO,31/10/2025
2024,12,06/01/2025,HUAURA,MIXTA,FISCAL PROVINCIAL,TITULAR,MASCULINO,2,150801,LIMA,HUAURA,HUACHO,31/10/2025
2024,12,06/01/2025,HUAURA,PENAL,FISCAL ADJUNTO PROVINCIAL,PROVISIONAL,FEMENINO,14,150801,LIMA,HUAURA,HUACHO,31/10/2025
2024,12,06/01/2025,HUAURA,PENAL,FISCAL ADJUNTO PROVINCIAL,PROVISIONAL,MASCULINO,16,150801,LIMA,HUAURA,HUACHO,31/10/2025
2024,12,06/01/2025,HUAURA,PENAL,FISCAL ADJUNTO PROVINCIAL,TITULAR,FEMENINO,3,150801,LIMA,HUAURA,HUACHO,31/10/2025
2024,12,06/01/2025,HUAURA,PENAL,FISCAL ADJUNTO PROVINCIAL,TITULAR,MASCULINO,6,150801,LIMA,HUAURA,HUACHO,31/10/2025
2024,12,06/01/2025,HUAURA,PENAL,FISCAL ADJUNTO SUPERIOR,PROVISIONAL (Titular Promovido),MASCULINO,1,150801,LIMA,HUAURA,HUACHO,31/10/2025
2024,12,06/01/2025,HUAURA,PENAL,FISCAL ADJUNTO SUPERIOR,TITULAR,MASCULINO,1,150801,LIMA,HUAURA,HUACHO,31/10/2025
2024,12,06/01/2025,HUAURA,PENAL,FISCAL PROVINCIAL,PROVISIONAL,MASCULINO,1,150801,LIMA,HUAURA,HUACHO,31/10/2025
2024,12,06/01/2025,HUAURA,PENAL,FISCAL PROVINCIAL,PROVISIONAL (Titular Promovido),FEMENINO,1,150801,LIMA,HUAURA,HUACHO,31/10/2025
2024,12,06/01/2025,HUAURA,PENAL,FISCAL PROVINCIAL,PROVISIONAL (Titular Promovido),MASCULINO,4,150801,LIMA,HUAURA,HUACHO,31/10/2025
2024,12,06/01/2025,HUAURA,PENAL,FISCAL PROVINCIAL,TITULAR,FEMENINO,3,150801,LIMA,HUAURA,HUACHO,31/10/2025
2024,12,06/01/2025,HUAURA,PENAL,FISCAL PROVINCIAL,TITULAR,MASCULINO,12,150801,LIMA,HUAURA,HUACHO,31/10/2025
2024,12,06/01/2025,HUAURA,PENAL,FISCAL SUPERIOR,TITULAR,FEMENINO,1,150801,LIMA,HUAURA,HUACHO,31/10/2025
2024,12,06/01/2025,HUAURA,PENAL,FISCAL SUPERIOR,TITULAR,MASCULINO,1,150801,LIMA,HUAURA,HUACHO,31/10/2025
2024,12,06/01/2025,HUAURA,PREVENCION DEL DELITO,FISCAL ADJUNTO PROVINCIAL,TITULAR,FEMENINO,1,150801,LIMA,HUAURA,HUACHO,31/10/2025
2024,12,06/01/2025,HUAURA,PREVENCION DEL DELITO,FISCAL ADJUNTO PROVINCIAL,TITULAR,MASCULINO,2,150801,LIMA,HUAURA,HUACHO,31/10/2025
2024,12,06/01/2025,HUAURA,PREVENCION DEL DELITO,FISCAL PROVINCIAL,PROVISIONAL,MASCULINO,1,150801,LIMA,HUAURA,HUACHO,31/10/2025
2024,12,06/01/2025,HUAURA,PREVENCION DEL DELITO,FISCAL PROVINCIAL,TITULAR,MASCULINO,2,150801,LIMA,HUAURA,HUACHO,31/10/2025
2024,12,06/01/2025,HUAURA,VIOLENCIA CONTRA LA MUJER E INTEGRANTES DEL GRUPO FAMILIAR,FISCAL ADJUNTO PROVINCIAL,TITULAR,MASCULINO,1,150801,LIMA,HUAURA,HUACHO,31/10/2025
2024,12,06/01/2025,HUAURA,VIOLENCIA CONTRA LA MUJER E INTEGRANTES DEL GRUPO FAMILIAR,FISCAL PROVINCIAL,TITULAR,FEMENINO,1,150801,LIMA,HUAURA,HUACHO,31/10/2025
2024,12,06/01/2025,HUAURA,DERECHOS HUMANOS E INTERCULTURALIDAD,FISCAL ADJUNTO PROVINCIAL,PROVISIONAL,MASCULINO,2,150801,LIMA,HUAURA,HUACHO,31/10/2025
2024,12,06/01/2025,ICA,AUTORIDAD NACIONAL DE CONTROL,FISCAL ADJUNTO SUPERIOR,PROVISIONAL (Titular Promovido),FEMENINO,1,110101,ICA,ICA,ICA,31/10/2025
2024,12,06/01/2025,ICA,AUTORIDAD NACIONAL DE CONTROL,FISCAL ADJUNTO SUPERIOR,PROVISIONAL (Titular Promovido),MASCULINO,1,110101,ICA,ICA,ICA,31/10/2025
2024,12,06/01/2025,ICA,AUTORIDAD NACIONAL DE CONTROL,FISCAL SUPERIOR,PROVISIONAL,FEMENINO,1,110101,ICA,ICA,ICA,31/10/2025
2024,12,06/01/2025,ICA,CORRUPCION DE FUNCIONARIOS,FISCAL ADJUNTO PROVINCIAL,PROVISIONAL,FEMENINO,3,110101,ICA,ICA,ICA,31/10/2025
2024,12,06/01/2025,ICA,CORRUPCION DE FUNCIONARIOS,FISCAL ADJUNTO PROVINCIAL,PROVISIONAL,MASCULINO,1,110101,ICA,ICA,ICA,31/10/2025
2024,12,06/01/2025,ICA,CORRUPCION DE FUNCIONARIOS,FISCAL ADJUNTO PROVINCIAL,TITULAR,FEMENINO,3,110101,ICA,ICA,ICA,31/10/2025
2024,12,06/01/2025,ICA,CORRUPCION DE FUNCIONARIOS,FISCAL ADJUNTO PROVINCIAL,TITULAR,MASCULINO,1,110101,ICA,ICA,ICA,31/10/2025
2024,12,06/01/2025,ICA,CORRUPCION DE FUNCIONARIOS,FISCAL PROVINCIAL,TITULAR,FEMENINO,1,110101,ICA,ICA,ICA,31/10/2025
2024,12,06/01/2025,ICA,CORRUPCION DE FUNCIONARIOS,FISCAL PROVINCIAL,TITULAR,MASCULINO,2,110101,ICA,ICA,ICA,31/10/2025
2024,12,06/01/2025,ICA,CRIMEN ORGANIZADO,FISCAL ADJUNTO PROVINCIAL,PROVISIONAL,FEMENINO,4,110101,ICA,ICA,ICA,31/10/2025
2024,12,06/01/2025,ICA,CRIMEN ORGANIZADO,FISCAL ADJUNTO PROVINCIAL,TITULAR,MASCULINO,2,110101,ICA,ICA,ICA,31/10/2025
2024,12,06/01/2025,ICA,CRIMEN ORGANIZADO,FISCAL PROVINCIAL,PROVISIONAL,FEMENINO,1,110101,ICA,ICA,ICA,31/10/2025
2024,12,06/01/2025,ICA,CRIMEN ORGANIZADO,FISCAL PROVINCIAL,TITULAR,MASCULINO,1,110101,ICA,ICA,ICA,31/10/2025
2024,12,06/01/2025,ICA,FAMILIA,FISCAL ADJUNTO PROVINCIAL,PROVISIONAL,FEMENINO,4,110101,ICA,ICA,ICA,31/10/2025
2024,12,06/01/2025,ICA,FAMILIA,FISCAL ADJUNTO PROVINCIAL,PROVISIONAL,MASCULINO,1,110101,ICA,ICA,ICA,31/10/2025
2024,12,06/01/2025,ICA,FAMILIA,FISCAL ADJUNTO PROVINCIAL,TITULAR,FEMENINO,5,110101,ICA,ICA,ICA,31/10/2025
2024,12,06/01/2025,ICA,FAMILIA,FISCAL ADJUNTO PROVINCIAL,TITULAR,MASCULINO,2,110101,ICA,ICA,ICA,31/10/2025
2024,12,06/01/2025,ICA,FAMILIA,FISCAL ADJUNTO SUPERIOR,PROVISIONAL (Titular Promovido),MASCULINO,1,110101,ICA,ICA,ICA,31/10/2025
2024,12,06/01/2025,ICA,FAMILIA,FISCAL ADJUNTO SUPERIOR,TITULAR,FEMENINO,2,110101,ICA,ICA,ICA,31/10/2025
2024,12,06/01/2025,ICA,FAMILIA,FISCAL ADJUNTO SUPERIOR,TITULAR,MASCULINO,1,110101,ICA,ICA,ICA,31/10/2025
2024,12,06/01/2025,ICA,FAMILIA,FISCAL PROVINCIAL,PROVISIONAL,FEMENINO,1,110101,ICA,ICA,ICA,31/10/2025
2024,12,06/01/2025,ICA,FAMILIA,FISCAL PROVINCIAL,PROVISIONAL (Titular Promovido),MASCULINO,1,110101,ICA,ICA,ICA,31/10/2025
2024,12,06/01/2025,ICA,FAMILIA,FISCAL PROVINCIAL,TITULAR,FEMENINO,3,110101,ICA,ICA,ICA,31/10/2025
2024,12,06/01/2025,ICA,FAMILIA,FISCAL PROVINCIAL,TITULAR,MASCULINO,3,110101,ICA,ICA,ICA,31/10/2025
2024,12,06/01/2025,ICA,FAMILIA,FISCAL SUPERIOR,PROVISIONAL (Titular Promovido),MASCULINO,1,110101,ICA,ICA,ICA,31/10/2025
2024,12,06/01/2025,ICA,FAMILIA,FISCAL SUPERIOR,TITULAR,FEMENINO,3,110101,ICA,ICA,ICA,31/10/2025
2024,12,06/01/2025,ICA,MATERIA AMBIENTAL,FISCAL ADJUNTO PROVINCIAL,PROVISIONAL,MASCULINO,1,110101,ICA,ICA,ICA,31/10/2025
2024,12,06/01/2025,ICA,MATERIA AMBIENTAL,FISCAL PROVINCIAL,PROVISIONAL,MASCULINO,1,110101,ICA,ICA,ICA,31/10/2025
2024,12,06/01/2025,ICA,MIXTA,FISCAL ADJUNTO PROVINCIAL,PROVISIONAL,FEMENINO,2,110101,ICA,ICA,ICA,31/10/2025
2024,12,06/01/2025,ICA,MIXTA,FISCAL ADJUNTO PROVINCIAL,TITULAR,FEMENINO,1,110101,ICA,ICA,ICA,31/10/2025
2024,12,06/01/2025,ICA,MIXTA,FISCAL ADJUNTO PROVINCIAL,TITULAR,MASCULINO,3,110101,ICA,ICA,ICA,31/10/2025
2024,12,06/01/2025,ICA,MIXTA,FISCAL ADJUNTO SUPERIOR,PROVISIONAL (Titular Promovido),MASCULINO,1,110101,ICA,ICA,ICA,31/10/2025
2024,12,06/01/2025,ICA,MIXTA,FISCAL ADJUNTO SUPERIOR,TITULAR,MASCULINO,1,110101,ICA,ICA,ICA,31/10/2025
2024,12,06/01/2025,ICA,MIXTA,FISCAL PROVINCIAL,PROVISIONAL,MASCULINO,1,110101,ICA,ICA,ICA,31/10/2025
2024,12,06/01/2025,ICA,MIXTA,FISCAL PROVINCIAL,PROVISIONAL (Titular Promovido),FEMENINO,1,110101,ICA,ICA,ICA,31/10/2025
2024,12,06/01/2025,ICA,MIXTA,FISCAL SUPERIOR,PROVISIONAL (Titular Promovido),FEMENINO,1,110101,ICA,ICA,ICA,31/10/2025
2024,12,06/01/2025,ICA,PENAL,FISCAL ADJUNTO PROVINCIAL,PROVISIONAL,FEMENINO,15,110101,ICA,ICA,ICA,31/10/2025
2024,12,06/01/2025,ICA,PENAL,FISCAL ADJUNTO PROVINCIAL,PROVISIONAL,MASCULINO,8,110101,ICA,ICA,ICA,31/10/2025
2024,12,06/01/2025,ICA,PENAL,FISCAL ADJUNTO PROVINCIAL,TITULAR,FEMENINO,11,110101,ICA,ICA,ICA,31/10/2025
2024,12,06/01/2025,ICA,PENAL,FISCAL ADJUNTO PROVINCIAL,TITULAR,MASCULINO,11,110101,ICA,ICA,ICA,31/10/2025
2024,12,06/01/2025,ICA,PENAL,FISCAL ADJUNTO SUPERIOR,PROVISIONAL (Titular Promovido),MASCULINO,3,110101,ICA,ICA,ICA,31/10/2025
2024,12,06/01/2025,ICA,PENAL,FISCAL ADJUNTO SUPERIOR,TITULAR,FEMENINO,2,110101,ICA,ICA,ICA,31/10/2025
2024,12,06/01/2025,ICA,PENAL,FISCAL ADJUNTO SUPERIOR,TITULAR,MASCULINO,2,110101,ICA,ICA,ICA,31/10/2025
2024,12,06/01/2025,ICA,PENAL,FISCAL PROVINCIAL,PROVISIONAL,FEMENINO,1,110101,ICA,ICA,ICA,31/10/2025
2024,12,06/01/2025,ICA,PENAL,FISCAL PROVINCIAL,PROVISIONAL,MASCULINO,2,110101,ICA,ICA,ICA,31/10/2025
2024,12,06/01/2025,ICA,PENAL,FISCAL PROVINCIAL,PROVISIONAL (Titular Promovido),FEMENINO,1,110101,ICA,ICA,ICA,31/10/2025
2024,12,06/01/2025,ICA,PENAL,FISCAL PROVINCIAL,PROVISIONAL (Titular Promovido),MASCULINO,4,110101,ICA,ICA,ICA,31/10/2025
2024,12,06/01/2025,ICA,PENAL,FISCAL PROVINCIAL,TITULAR,FEMENINO,4,110101,ICA,ICA,ICA,31/10/2025
2024,12,06/01/2025,ICA,PENAL,FISCAL PROVINCIAL,TITULAR,MASCULINO,15,110101,ICA,ICA,ICA,31/10/2025
2024,12,06/01/2025,ICA,PENAL,FISCAL SUPERIOR,PROVISIONAL (Titular Promovido),FEMENINO,2,110101,ICA,ICA,ICA,31/10/2025
2024,12,06/01/2025,ICA,PENAL,FISCAL SUPERIOR,TITULAR,FEMENINO,2,110101,ICA,ICA,ICA,31/10/2025
2024,12,06/01/2025,ICA,PENAL,FISCAL SUPERIOR,TITULAR,MASCULINO,1,110101,ICA,ICA,ICA,31/10/2025
2024,12,06/01/2025,ICA,PREVENCION DEL DELITO,FISCAL ADJUNTO PROVINCIAL,PROVISIONAL,MASCULINO,2,110101,ICA,ICA,ICA,31/10/2025
2024,12,06/01/2025,ICA,PREVENCION DEL DELITO,FISCAL ADJUNTO PROVINCIAL,TITULAR,MASCULINO,1,110101,ICA,ICA,ICA,31/10/2025
2024,12,06/01/2025,ICA,PREVENCION DEL DELITO,FISCAL PROVINCIAL,TITULAR,MASCULINO,1,110101,ICA,ICA,ICA,31/10/2025
2024,12,06/01/2025,ICA,DERECHOS HUMANOS E INTERCULTURALIDAD,FISCAL ADJUNTO PROVINCIAL,PROVISIONAL,FEMENINO,1,110101,ICA,ICA,ICA,31/10/2025
2024,12,06/01/2025,ICA,DERECHOS HUMANOS E INTERCULTURALIDAD,FISCAL PROVINCIAL,PROVISIONAL (Titular Promovido),FEMENINO,1,110101,ICA,ICA,ICA,31/10/2025
2024,12,06/01/2025,JUNIN,AUTORIDAD NACIONAL DE CONTROL,FISCAL ADJUNTO SUPERIOR,PROVISIONAL,FEMENINO,1,120114,JUNIN,HUANCAYO,EL TAMBO,31/10/2025
2024,12,06/01/2025,JUNIN,AUTORIDAD NACIONAL DE CONTROL,FISCAL ADJUNTO SUPERIOR,PROVISIONAL (Titular Promovido),MASCULINO,1,120114,JUNIN,HUANCAYO,EL TAMBO,31/10/2025
2024,12,06/01/2025,JUNIN,AUTORIDAD NACIONAL DE CONTROL,FISCAL PROVINCIAL,PROVISIONAL,FEMENINO,1,120114,JUNIN,HUANCAYO,EL TAMBO,31/10/2025
2024,12,06/01/2025,JUNIN,AUTORIDAD NACIONAL DE CONTROL,FISCAL SUPERIOR,PROVISIONAL (Titular Promovido),MASCULINO,1,120114,JUNIN,HUANCAYO,EL TAMBO,31/10/2025
2024,12,06/01/2025,JUNIN,CORRUPCION DE FUNCIONARIOS,FISCAL ADJUNTO PROVINCIAL,PROVISIONAL,FEMENINO,6,120114,JUNIN,HUANCAYO,EL TAMBO,31/10/2025
2024,12,06/01/2025,JUNIN,CORRUPCION DE FUNCIONARIOS,FISCAL ADJUNTO PROVINCIAL,PROVISIONAL,MASCULINO,3,120114,JUNIN,HUANCAYO,EL TAMBO,31/10/2025
2024,12,06/01/2025,JUNIN,CORRUPCION DE FUNCIONARIOS,FISCAL ADJUNTO PROVINCIAL,TITULAR,FEMENINO,2,120114,JUNIN,HUANCAYO,EL TAMBO,31/10/2025
2024,12,06/01/2025,JUNIN,CORRUPCION DE FUNCIONARIOS,FISCAL ADJUNTO SUPERIOR,PROVISIONAL (Titular Promovido),FEMENINO,1,120114,JUNIN,HUANCAYO,EL TAMBO,31/10/2025
2024,12,06/01/2025,JUNIN,CORRUPCION DE FUNCIONARIOS,FISCAL ADJUNTO SUPERIOR,TITULAR,MASCULINO,1,120114,JUNIN,HUANCAYO,EL TAMBO,31/10/2025
2024,12,06/01/2025,JUNIN,CORRUPCION DE FUNCIONARIOS,FISCAL PROVINCIAL,PROVISIONAL (Titular Promovido),MASCULINO,1,120114,JUNIN,HUANCAYO,EL TAMBO,31/10/2025
2024,12,06/01/2025,JUNIN,CORRUPCION DE FUNCIONARIOS,FISCAL PROVINCIAL,TITULAR,FEMENINO,1,120114,JUNIN,HUANCAYO,EL TAMBO,31/10/2025
2024,12,06/01/2025,JUNIN,CORRUPCION DE FUNCIONARIOS,FISCAL PROVINCIAL,TITULAR,MASCULINO,2,120114,JUNIN,HUANCAYO,EL TAMBO,31/10/2025
2024,12,06/01/2025,JUNIN,CORRUPCION DE FUNCIONARIOS,FISCAL SUPERIOR,TITULAR,MASCULINO,1,120114,JUNIN,HUANCAYO,EL TAMBO,31/10/2025
2024,12,06/01/2025,JUNIN,CRIMEN ORGANIZADO,FISCAL ADJUNTO PROVINCIAL,PROVISIONAL,FEMENINO,1,120114,JUNIN,HUANCAYO,EL TAMBO,31/10/2025
2024,12,06/01/2025,JUNIN,CRIMEN ORGANIZADO,FISCAL ADJUNTO PROVINCIAL,PROVISIONAL,MASCULINO,3,120114,JUNIN,HUANCAYO,EL TAMBO,31/10/2025
2024,12,06/01/2025,JUNIN,CRIMEN ORGANIZADO,FISCAL ADJUNTO PROVINCIAL,TITULAR,MASCULINO,1,120114,JUNIN,HUANCAYO,EL TAMBO,31/10/2025
2024,12,06/01/2025,JUNIN,CRIMEN ORGANIZADO,FISCAL PROVINCIAL,PROVISIONAL,MASCULINO,1,120114,JUNIN,HUANCAYO,EL TAMBO,31/10/2025
2024,12,06/01/2025,JUNIN,CRIMEN ORGANIZADO,FISCAL PROVINCIAL,PROVISIONAL (Titular Promovido),FEMENINO,1,120114,JUNIN,HUANCAYO,EL TAMBO,31/10/2025
2024,12,06/01/2025,JUNIN,EXTINCION DE DOMINIO,FISCAL ADJUNTO PROVINCIAL,PROVISIONAL,FEMENINO,1,120114,JUNIN,HUANCAYO,EL TAMBO,31/10/2025
2024,12,06/01/2025,JUNIN,EXTINCION DE DOMINIO,FISCAL ADJUNTO PROVINCIAL,PROVISIONAL,MASCULINO,1,120114,JUNIN,HUANCAYO,EL TAMBO,31/10/2025
2024,12,06/01/2025,JUNIN,EXTINCION DE DOMINIO,FISCAL PROVINCIAL,PROVISIONAL (Titular Promovido),FEMENINO,1,120114,JUNIN,HUANCAYO,EL TAMBO,31/10/2025
2024,12,06/01/2025,JUNIN,FAMILIA,FISCAL ADJUNTO PROVINCIAL,PROVISIONAL,FEMENINO,6,120114,JUNIN,HUANCAYO,EL TAMBO,31/10/2025
2024,12,06/01/2025,JUNIN,FAMILIA,FISCAL ADJUNTO PROVINCIAL,PROVISIONAL,MASCULINO,1,120114,JUNIN,HUANCAYO,EL TAMBO,31/10/2025
2024,12,06/01/2025,JUNIN,FAMILIA,FISCAL ADJUNTO PROVINCIAL,TITULAR,FEMENINO,1,120114,JUNIN,HUANCAYO,EL TAMBO,31/10/2025
2024,12,06/01/2025,JUNIN,FAMILIA,FISCAL ADJUNTO PROVINCIAL,TITULAR,MASCULINO,1,120114,JUNIN,HUANCAYO,EL TAMBO,31/10/2025
2024,12,06/01/2025,JUNIN,FAMILIA,FISCAL ADJUNTO SUPERIOR,TITULAR,MASCULINO,2,120114,JUNIN,HUANCAYO,EL TAMBO,31/10/2025
2024,12,06/01/2025,JUNIN,FAMILIA,FISCAL PROVINCIAL,PROVISIONAL,FEMENINO,3,120114,JUNIN,HUANCAYO,EL TAMBO,31/10/2025
2024,12,06/01/2025,JUNIN,FAMILIA,FISCAL PROVINCIAL,TITULAR,FEMENINO,1,120114,JUNIN,HUANCAYO,EL TAMBO,31/10/2025
2024,12,06/01/2025,JUNIN,FAMILIA,FISCAL PROVINCIAL,TITULAR,MASCULINO,4,120114,JUNIN,HUANCAYO,EL TAMBO,31/10/2025
2024,12,06/01/2025,JUNIN,FAMILIA,FISCAL SUPERIOR,PROVISIONAL (Titular Promovido),FEMENINO,1,120114,JUNIN,HUANCAYO,EL TAMBO,31/10/2025
2024,12,06/01/2025,JUNIN,FAMILIA,FISCAL SUPERIOR,PROVISIONAL (Titular Promovido),MASCULINO,1,120114,JUNIN,HUANCAYO,EL TAMBO,31/10/2025
2024,12,06/01/2025,JUNIN,MATERIA AMBIENTAL,FISCAL ADJUNTO PROVINCIAL,PROVISIONAL,FEMENINO,1,120114,JUNIN,HUANCAYO,EL TAMBO,31/10/2025
2024,12,06/01/2025,JUNIN,MATERIA AMBIENTAL,FISCAL ADJUNTO PROVINCIAL,PROVISIONAL,MASCULINO,1,120114,JUNIN,HUANCAYO,EL TAMBO,31/10/2025
2024,12,06/01/2025,JUNIN,MATERIA AMBIENTAL,FISCAL PROVINCIAL,PROVISIONAL (Titular Promovido),MASCULINO,1,120114,JUNIN,HUANCAYO,EL TAMBO,31/10/2025
2024,12,06/01/2025,JUNIN,MIXTA,FISCAL ADJUNTO PROVINCIAL,PROVISIONAL,FEMENINO,2,120114,JUNIN,HUANCAYO,EL TAMBO,31/10/2025
2024,12,06/01/2025,JUNIN,MIXTA,FISCAL PROVINCIAL,PROVISIONAL,FEMENINO,1,120114,JUNIN,HUANCAYO,EL TAMBO,31/10/2025
2024,12,06/01/2025,JUNIN,MIXTA,FISCAL PROVINCIAL,PROVISIONAL,MASCULINO,1,120114,JUNIN,HUANCAYO,EL TAMBO,31/10/2025
2024,12,06/01/2025,JUNIN,PENAL,FISCAL ADJUNTO PROVINCIAL,PROVISIONAL,FEMENINO,55,120114,JUNIN,HUANCAYO,EL TAMBO,31/10/2025
2024,12,06/01/2025,JUNIN,PENAL,FISCAL ADJUNTO PROVINCIAL,PROVISIONAL,MASCULINO,17,120114,JUNIN,HUANCAYO,EL TAMBO,31/10/2025
2024,12,06/01/2025,JUNIN,PENAL,FISCAL ADJUNTO PROVINCIAL,TITULAR,FEMENINO,2,120114,JUNIN,HUANCAYO,EL TAMBO,31/10/2025
2024,12,06/01/2025,JUNIN,PENAL,FISCAL ADJUNTO PROVINCIAL,TITULAR,MASCULINO,1,120114,JUNIN,HUANCAYO,EL TAMBO,31/10/2025
2024,12,06/01/2025,JUNIN,PENAL,FISCAL ADJUNTO SUPERIOR,PROVISIONAL,FEMENINO,7,120114,JUNIN,HUANCAYO,EL TAMBO,31/10/2025
2024,12,06/01/2025,JUNIN,PENAL,FISCAL ADJUNTO SUPERIOR,PROVISIONAL,MASCULINO,1,120114,JUNIN,HUANCAYO,EL TAMBO,31/10/2025
2024,12,06/01/2025,JUNIN,PENAL,FISCAL ADJUNTO SUPERIOR,PROVISIONAL (Titular Promovido),FEMENINO,1,120114,JUNIN,HUANCAYO,EL TAMBO,31/10/2025
2024,12,06/01/2025,JUNIN,PENAL,FISCAL ADJUNTO SUPERIOR,PROVISIONAL (Titular Promovido),MASCULINO,4,120114,JUNIN,HUANCAYO,EL TAMBO,31/10/2025
2024,12,06/01/2025,JUNIN,PENAL,FISCAL ADJUNTO SUPERIOR,TITULAR,FEMENINO,1,120114,JUNIN,HUANCAYO,EL TAMBO,31/10/2025
2024,12,06/01/2025,JUNIN,PENAL,FISCAL PROVINCIAL,PROVISIONAL,FEMENINO,14,120114,JUNIN,HUANCAYO,EL TAMBO,31/10/2025
2024,12,06/01/2025,JUNIN,PENAL,FISCAL PROVINCIAL,PROVISIONAL,MASCULINO,15,120114,JUNIN,HUANCAYO,EL TAMBO,31/10/2025
2024,12,06/01/2025,JUNIN,PENAL,FISCAL PROVINCIAL,PROVISIONAL (Titular Promovido),FEMENINO,8,120114,JUNIN,HUANCAYO,EL TAMBO,31/10/2025
2024,12,06/01/2025,JUNIN,PENAL,FISCAL PROVINCIAL,PROVISIONAL (Titular Promovido),MASCULINO,1,120114,JUNIN,HUANCAYO,EL TAMBO,31/10/2025
2024,12,06/01/2025,JUNIN,PENAL,FISCAL PROVINCIAL,TITULAR,FEMENINO,2,120114,JUNIN,HUANCAYO,EL TAMBO,31/10/2025
2024,12,06/01/2025,JUNIN,PENAL,FISCAL SUPERIOR,PROVISIONAL (Titular Promovido),FEMENINO,1,120114,JUNIN,HUANCAYO,EL TAMBO,31/10/2025
2024,12,06/01/2025,JUNIN,PENAL,FISCAL SUPERIOR,PROVISIONAL (Titular Promovido),MASCULINO,3,120114,JUNIN,HUANCAYO,EL TAMBO,31/10/2025
2024,12,06/01/2025,JUNIN,PENAL,FISCAL SUPERIOR,TITULAR,MASCULINO,2,120114,JUNIN,HUANCAYO,EL TAMBO,31/10/2025
2024,12,06/01/2025,JUNIN,POOL / EQUIPO DE APOYO FISCAL (SIN ESPECIALIDAD),FISCAL ADJUNTO PROVINCIAL,PROVISIONAL,FEMENINO,2,120114,JUNIN,HUANCAYO,EL TAMBO,31/10/2025
2024,12,06/01/2025,JUNIN,POOL / EQUIPO DE APOYO FISCAL (SIN ESPECIALIDAD),FISCAL ADJUNTO PROVINCIAL,PROVISIONAL,MASCULINO,1,120114,JUNIN,HUANCAYO,EL TAMBO,31/10/2025
2024,12,06/01/2025,JUNIN,PREVENCION DEL DELITO,FISCAL ADJUNTO PROVINCIAL,PROVISIONAL,FEMENINO,2,120114,JUNIN,HUANCAYO,EL TAMBO,31/10/2025
2024,12,06/01/2025,JUNIN,PREVENCION DEL DELITO,FISCAL ADJUNTO PROVINCIAL,PROVISIONAL,MASCULINO,1,120114,JUNIN,HUANCAYO,EL TAMBO,31/10/2025
2024,12,06/01/2025,JUNIN,PREVENCION DEL DELITO,FISCAL PROVINCIAL,PROVISIONAL,FEMENINO,2,120114,JUNIN,HUANCAYO,EL TAMBO,31/10/2025
2024,12,06/01/2025,JUNIN,TRAFICO ILICITO DE DROGAS,FISCAL ADJUNTO PROVINCIAL,PROVISIONAL,FEMENINO,3,120114,JUNIN,HUANCAYO,EL TAMBO,31/10/2025
2024,12,06/01/2025,JUNIN,TRAFICO ILICITO DE DROGAS,FISCAL PROVINCIAL,TITULAR,MASCULINO,1,120114,JUNIN,HUANCAYO,EL TAMBO,31/10/2025
2024,12,06/01/2025,JUNIN,VIOLENCIA CONTRA LA MUJER E INTEGRANTES DEL GRUPO FAMILIAR,FISCAL ADJUNTO PROVINCIAL,PROVISIONAL,FEMENINO,32,120114,JUNIN,HUANCAYO,EL TAMBO,31/10/2025
2024,12,06/01/2025,JUNIN,VIOLENCIA CONTRA LA MUJER E INTEGRANTES DEL GRUPO FAMILIAR,FISCAL ADJUNTO PROVINCIAL,PROVISIONAL,MASCULINO,10,120114,JUNIN,HUANCAYO,EL TAMBO,31/10/2025
2024,12,06/01/2025,JUNIN,VIOLENCIA CONTRA LA MUJER E INTEGRANTES DEL GRUPO FAMILIAR,FISCAL ADJUNTO SUPERIOR,PROVISIONAL,MASCULINO,1,120114,JUNIN,HUANCAYO,EL TAMBO,31/10/2025
2024,12,06/01/2025,JUNIN,VIOLENCIA CONTRA LA MUJER E INTEGRANTES DEL GRUPO FAMILIAR,FISCAL ADJUNTO SUPERIOR,PROVISIONAL (Titular Promovido),FEMENINO,1,120114,JUNIN,HUANCAYO,EL TAMBO,31/10/2025
2024,12,06/01/2025,JUNIN,VIOLENCIA CONTRA LA MUJER E INTEGRANTES DEL GRUPO FAMILIAR,FISCAL PROVINCIAL,PROVISIONAL,FEMENINO,6,120114,JUNIN,HUANCAYO,EL TAMBO,31/10/2025
2024,12,06/01/2025,JUNIN,VIOLENCIA CONTRA LA MUJER E INTEGRANTES DEL GRUPO FAMILIAR,FISCAL PROVINCIAL,PROVISIONAL,MASCULINO,4,120114,JUNIN,HUANCAYO,EL TAMBO,31/10/2025
2024,12,06/01/2025,JUNIN,VIOLENCIA CONTRA LA MUJER E INTEGRANTES DEL GRUPO FAMILIAR,FISCAL PROVINCIAL,PROVISIONAL (Titular Promovido),FEMENINO,1,120114,JUNIN,HUANCAYO,EL TAMBO,31/10/2025
2024,12,06/01/2025,JUNIN,VIOLENCIA CONTRA LA MUJER E INTEGRANTES DEL GRUPO FAMILIAR,FISCAL SUPERIOR,PROVISIONAL (Titular Promovido),FEMENINO,1,120114,JUNIN,HUANCAYO,EL TAMBO,31/10/2025
2024,12,06/01/2025,JUNIN,DERECHOS HUMANOS E INTERCULTURALIDAD,FISCAL ADJUNTO PROVINCIAL,PROVISIONAL,FEMENINO,1,120114,JUNIN,HUANCAYO,EL TAMBO,31/10/2025
2024,12,06/01/2025,JUNIN,DERECHOS HUMANOS E INTERCULTURALIDAD,FISCAL ADJUNTO PROVINCIAL,PROVISIONAL,MASCULINO,3,120114,JUNIN,HUANCAYO,EL TAMBO,31/10/2025
2024,12,06/01/2025,JUNIN,DERECHOS HUMANOS E INTERCULTURALIDAD,FISCAL PROVINCIAL,PROVISIONAL (Titular Promovido),MASCULINO,2,120114,JUNIN,HUANCAYO,EL TAMBO,31/10/2025
2024,12,06/01/2025,JUNIN,DELITOS DE TERRORISMO Y DELITOS CONEXOS,FISCAL ADJUNTO PROVINCIAL,PROVISIONAL,FEMENINO,1,120114,JUNIN,HUANCAYO,EL TAMBO,31/10/2025
2024,12,06/01/2025,LA LIBERTAD,AUTORIDAD NACIONAL DE CONTROL,FISCAL ADJUNTO SUPERIOR,PROVISIONAL (Titular Promovido),FEMENINO,2,130101,LA LIBERTAD,TRUJILLO,TRUJILLO,31/10/2025
2024,12,06/01/2025,LA LIBERTAD,AUTORIDAD NACIONAL DE CONTROL,FISCAL SUPERIOR,PROVISIONAL (Titular Promovido),FEMENINO,1,130101,LA LIBERTAD,TRUJILLO,TRUJILLO,31/10/2025
2024,12,06/01/2025,LA LIBERTAD,CORRUPCION DE FUNCIONARIOS,FISCAL ADJUNTO PROVINCIAL,PROVISIONAL,FEMENINO,6,130101,LA LIBERTAD,TRUJILLO,TRUJILLO,31/10/2025
2024,12,06/01/2025,LA LIBERTAD,CORRUPCION DE FUNCIONARIOS,FISCAL ADJUNTO PROVINCIAL,PROVISIONAL,MASCULINO,1,130101,LA LIBERTAD,TRUJILLO,TRUJILLO,31/10/2025
2024,12,06/01/2025,LA LIBERTAD,CORRUPCION DE FUNCIONARIOS,FISCAL ADJUNTO PROVINCIAL,TITULAR,FEMENINO,4,130101,LA LIBERTAD,TRUJILLO,TRUJILLO,31/10/2025
2024,12,06/01/2025,LA LIBERTAD,CORRUPCION DE FUNCIONARIOS,FISCAL ADJUNTO PROVINCIAL,TITULAR,MASCULINO,3,130101,LA LIBERTAD,TRUJILLO,TRUJILLO,31/10/2025
2024,12,06/01/2025,LA LIBERTAD,CORRUPCION DE FUNCIONARIOS,FISCAL PROVINCIAL,PROVISIONAL (Titular Promovido),FEMENINO,1,130101,LA LIBERTAD,TRUJILLO,TRUJILLO,31/10/2025
2024,12,06/01/2025,LA LIBERTAD,CORRUPCION DE FUNCIONARIOS,FISCAL PROVINCIAL,PROVISIONAL (Titular Promovido),MASCULINO,1,130101,LA LIBERTAD,TRUJILLO,TRUJILLO,31/10/2025
2024,12,06/01/2025,LA LIBERTAD,CORRUPCION DE FUNCIONARIOS,FISCAL PROVINCIAL,TITULAR,FEMENINO,1,130101,LA LIBERTAD,TRUJILLO,TRUJILLO,31/10/2025
2024,12,06/01/2025,LA LIBERTAD,CORRUPCION DE FUNCIONARIOS,FISCAL PROVINCIAL,TITULAR,MASCULINO,3,130101,LA LIBERTAD,TRUJILLO,TRUJILLO,31/10/2025
2024,12,06/01/2025,LA LIBERTAD,CRIMEN ORGANIZADO,FISCAL ADJUNTO PROVINCIAL,PROVISIONAL,FEMENINO,2,130101,LA LIBERTAD,TRUJILLO,TRUJILLO,31/10/2025
2024,12,06/01/2025,LA LIBERTAD,CRIMEN ORGANIZADO,FISCAL ADJUNTO PROVINCIAL,PROVISIONAL,MASCULINO,2,130101,LA LIBERTAD,TRUJILLO,TRUJILLO,31/10/2025
2024,12,06/01/2025,LA LIBERTAD,CRIMEN ORGANIZADO,FISCAL ADJUNTO PROVINCIAL,TITULAR,FEMENINO,3,130101,LA LIBERTAD,TRUJILLO,TRUJILLO,31/10/2025
2024,12,06/01/2025,LA LIBERTAD,CRIMEN ORGANIZADO,FISCAL ADJUNTO PROVINCIAL,TITULAR,MASCULINO,5,130101,LA LIBERTAD,TRUJILLO,TRUJILLO,31/10/2025
2024,12,06/01/2025,LA LIBERTAD,CRIMEN ORGANIZADO,FISCAL PROVINCIAL,TITULAR,FEMENINO,2,130101,LA LIBERTAD,TRUJILLO,TRUJILLO,31/10/2025
2024,12,06/01/2025,LA LIBERTAD,CRIMEN ORGANIZADO,FISCAL PROVINCIAL,TITULAR,MASCULINO,1,130101,LA LIBERTAD,TRUJILLO,TRUJILLO,31/10/2025
2024,12,06/01/2025,LA LIBERTAD,DELITOS DE TRATA DE PERSONAS,FISCAL ADJUNTO PROVINCIAL,PROVISIONAL,FEMENINO,1,130101,LA LIBERTAD,TRUJILLO,TRUJILLO,31/10/2025
2024,12,06/01/2025,LA LIBERTAD,DELITOS DE TRATA DE PERSONAS,FISCAL ADJUNTO PROVINCIAL,PROVISIONAL,MASCULINO,1,130101,LA LIBERTAD,TRUJILLO,TRUJILLO,31/10/2025
2024,12,06/01/2025,LA LIBERTAD,DELITOS DE TRATA DE PERSONAS,FISCAL PROVINCIAL,PROVISIONAL,FEMENINO,1,130101,LA LIBERTAD,TRUJILLO,TRUJILLO,31/10/2025
2024,12,06/01/2025,LA LIBERTAD,EXTINCION DE DOMINIO,FISCAL ADJUNTO PROVINCIAL,PROVISIONAL,MASCULINO,2,130101,LA LIBERTAD,TRUJILLO,TRUJILLO,31/10/2025
2024,12,06/01/2025,LA LIBERTAD,EXTINCION DE DOMINIO,FISCAL PROVINCIAL,PROVISIONAL (Titular Promovido),FEMENINO,1,130101,LA LIBERTAD,TRUJILLO,TRUJILLO,31/10/2025
2024,12,06/01/2025,LA LIBERTAD,FAMILIA,FISCAL ADJUNTO PROVINCIAL,PROVISIONAL,MASCULINO,1,130101,LA LIBERTAD,TRUJILLO,TRUJILLO,31/10/2025
2024,12,06/01/2025,LA LIBERTAD,FAMILIA,FISCAL ADJUNTO PROVINCIAL,TITULAR,FEMENINO,3,130101,LA LIBERTAD,TRUJILLO,TRUJILLO,31/10/2025
2024,12,06/01/2025,LA LIBERTAD,FAMILIA,FISCAL ADJUNTO SUPERIOR,TITULAR,FEMENINO,1,130101,LA LIBERTAD,TRUJILLO,TRUJILLO,31/10/2025
2024,12,06/01/2025,LA LIBERTAD,FAMILIA,FISCAL PROVINCIAL,TITULAR,FEMENINO,4,130101,LA LIBERTAD,TRUJILLO,TRUJILLO,31/10/2025
2024,12,06/01/2025,LA LIBERTAD,FAMILIA,FISCAL SUPERIOR,TITULAR,FEMENINO,1,130101,LA LIBERTAD,TRUJILLO,TRUJILLO,31/10/2025
2024,12,06/01/2025,LA LIBERTAD,MATERIA AMBIENTAL,FISCAL ADJUNTO PROVINCIAL,PROVISIONAL,FEMENINO,1,130101,LA LIBERTAD,TRUJILLO,TRUJILLO,31/10/2025
2024,12,06/01/2025,LA LIBERTAD,MATERIA AMBIENTAL,FISCAL ADJUNTO PROVINCIAL,PROVISIONAL,MASCULINO,1,130101,LA LIBERTAD,TRUJILLO,TRUJILLO,31/10/2025
2024,12,06/01/2025,LA LIBERTAD,MATERIA AMBIENTAL,FISCAL PROVINCIAL,PROVISIONAL (Titular Promovido),FEMENINO,1,130101,LA LIBERTAD,TRUJILLO,TRUJILLO,31/10/2025
2024,12,06/01/2025,LA LIBERTAD,MATERIA AMBIENTAL,FISCAL PROVINCIAL,TITULAR,FEMENINO,1,130101,LA LIBERTAD,TRUJILLO,TRUJILLO,31/10/2025
2024,12,06/01/2025,LA LIBERTAD,MIXTA,FISCAL ADJUNTO PROVINCIAL,PROVISIONAL,FEMENINO,19,130101,LA LIBERTAD,TRUJILLO,TRUJILLO,31/10/2025
2024,12,06/01/2025,LA LIBERTAD,MIXTA,FISCAL ADJUNTO PROVINCIAL,PROVISIONAL,MASCULINO,6,130101,LA LIBERTAD,TRUJILLO,TRUJILLO,31/10/2025
2024,12,06/01/2025,LA LIBERTAD,MIXTA,FISCAL ADJUNTO PROVINCIAL,TITULAR,FEMENINO,4,130101,LA LIBERTAD,TRUJILLO,TRUJILLO,31/10/2025
2024,12,06/01/2025,LA LIBERTAD,MIXTA,FISCAL ADJUNTO PROVINCIAL,TITULAR,MASCULINO,2,130101,LA LIBERTAD,TRUJILLO,TRUJILLO,31/10/2025
2024,12,06/01/2025,LA LIBERTAD,MIXTA,FISCAL ADJUNTO SUPERIOR,TITULAR,FEMENINO,1,130101,LA LIBERTAD,TRUJILLO,TRUJILLO,31/10/2025
2024,12,06/01/2025,LA LIBERTAD,MIXTA,FISCAL PROVINCIAL,PROVISIONAL,FEMENINO,3,130101,LA LIBERTAD,TRUJILLO,TRUJILLO,31/10/2025
2024,12,06/01/2025,LA LIBERTAD,MIXTA,FISCAL PROVINCIAL,PROVISIONAL,MASCULINO,5,130101,LA LIBERTAD,TRUJILLO,TRUJILLO,31/10/2025
2024,12,06/01/2025,LA LIBERTAD,MIXTA,FISCAL PROVINCIAL,PROVISIONAL (Titular Promovido),FEMENINO,3,130101,LA LIBERTAD,TRUJILLO,TRUJILLO,31/10/2025
2024,12,06/01/2025,LA LIBERTAD,MIXTA,FISCAL PROVINCIAL,PROVISIONAL (Titular Promovido),MASCULINO,3,130101,LA LIBERTAD,TRUJILLO,TRUJILLO,31/10/2025
2024,12,06/01/2025,LA LIBERTAD,MIXTA,FISCAL PROVINCIAL,TITULAR,FEMENINO,4,130101,LA LIBERTAD,TRUJILLO,TRUJILLO,31/10/2025
2024,12,06/01/2025,LA LIBERTAD,MIXTA,FISCAL PROVINCIAL,TITULAR,MASCULINO,9,130101,LA LIBERTAD,TRUJILLO,TRUJILLO,31/10/2025
2024,12,06/01/2025,LA LIBERTAD,PENAL,FISCAL ADJUNTO PROVINCIAL,PROVISIONAL,FEMENINO,30,130101,LA LIBERTAD,TRUJILLO,TRUJILLO,31/10/2025
2024,12,06/01/2025,LA LIBERTAD,PENAL,FISCAL ADJUNTO PROVINCIAL,PROVISIONAL,MASCULINO,20,130101,LA LIBERTAD,TRUJILLO,TRUJILLO,31/10/2025
2024,12,06/01/2025,LA LIBERTAD,PENAL,FISCAL ADJUNTO PROVINCIAL,TITULAR,FEMENINO,16,130101,LA LIBERTAD,TRUJILLO,TRUJILLO,31/10/2025
2024,12,06/01/2025,LA LIBERTAD,PENAL,FISCAL ADJUNTO PROVINCIAL,TITULAR,MASCULINO,9,130101,LA LIBERTAD,TRUJILLO,TRUJILLO,31/10/2025
2024,12,06/01/2025,LA LIBERTAD,PENAL,FISCAL ADJUNTO SUPERIOR,PROVISIONAL,MASCULINO,1,130101,LA LIBERTAD,TRUJILLO,TRUJILLO,31/10/2025
2024,12,06/01/2025,LA LIBERTAD,PENAL,FISCAL ADJUNTO SUPERIOR,PROVISIONAL (Titular Promovido),FEMENINO,1,130101,LA LIBERTAD,TRUJILLO,TRUJILLO,31/10/2025
2024,12,06/01/2025,LA LIBERTAD,PENAL,FISCAL ADJUNTO SUPERIOR,TITULAR,FEMENINO,1,130101,LA LIBERTAD,TRUJILLO,TRUJILLO,31/10/2025
2024,12,06/01/2025,LA LIBERTAD,PENAL,FISCAL ADJUNTO SUPERIOR,TITULAR,MASCULINO,5,130101,LA LIBERTAD,TRUJILLO,TRUJILLO,31/10/2025
2024,12,06/01/2025,LA LIBERTAD,PENAL,FISCAL PROVINCIAL,PROVISIONAL,FEMENINO,1,130101,LA LIBERTAD,TRUJILLO,TRUJILLO,31/10/2025
2024,12,06/01/2025,LA LIBERTAD,PENAL,FISCAL PROVINCIAL,PROVISIONAL (Titular Promovido),FEMENINO,5,130101,LA LIBERTAD,TRUJILLO,TRUJILLO,31/10/2025
2024,12,06/01/2025,LA LIBERTAD,PENAL,FISCAL PROVINCIAL,PROVISIONAL (Titular Promovido),MASCULINO,2,130101,LA LIBERTAD,TRUJILLO,TRUJILLO,31/10/2025
2024,12,06/01/2025,LA LIBERTAD,PENAL,FISCAL PROVINCIAL,TITULAR,FEMENINO,14,130101,LA LIBERTAD,TRUJILLO,TRUJILLO,31/10/2025
2024,12,06/01/2025,LA LIBERTAD,PENAL,FISCAL PROVINCIAL,TITULAR,MASCULINO,10,130101,LA LIBERTAD,TRUJILLO,TRUJILLO,31/10/2025
2024,12,06/01/2025,LA LIBERTAD,PENAL,FISCAL SUPERIOR,TITULAR,FEMENINO,4,130101,LA LIBERTAD,TRUJILLO,TRUJILLO,31/10/2025
2024,12,06/01/2025,LA LIBERTAD,PENAL,FISCAL SUPERIOR,TITULAR,MASCULINO,3,130101,LA LIBERTAD,TRUJILLO,TRUJILLO,31/10/2025
2024,12,06/01/2025,LA LIBERTAD,PREVENCION DEL DELITO,FISCAL ADJUNTO PROVINCIAL,PROVISIONAL,FEMENINO,3,130101,LA LIBERTAD,TRUJILLO,TRUJILLO,31/10/2025
2024,12,06/01/2025,LA LIBERTAD,PREVENCION DEL DELITO,FISCAL ADJUNTO PROVINCIAL,TITULAR,FEMENINO,1,130101,LA LIBERTAD,TRUJILLO,TRUJILLO,31/10/2025
2024,12,06/01/2025,LA LIBERTAD,PREVENCION DEL DELITO,FISCAL PROVINCIAL,PROVISIONAL (Titular Promovido),FEMENINO,1,130101,LA LIBERTAD,TRUJILLO,TRUJILLO,31/10/2025
2024,12,06/01/2025,LA LIBERTAD,PREVENCION DEL DELITO,FISCAL PROVINCIAL,TITULAR,MASCULINO,1,130101,LA LIBERTAD,TRUJILLO,TRUJILLO,31/10/2025
2024,12,06/01/2025,LA LIBERTAD,TRAFICO ILICITO DE DROGAS,FISCAL ADJUNTO PROVINCIAL,PROVISIONAL,FEMENINO,1,130101,LA LIBERTAD,TRUJILLO,TRUJILLO,31/10/2025
2024,12,06/01/2025,LA LIBERTAD,TRAFICO ILICITO DE DROGAS,FISCAL ADJUNTO PROVINCIAL,PROVISIONAL,MASCULINO,1,130101,LA LIBERTAD,TRUJILLO,TRUJILLO,31/10/2025
2024,12,06/01/2025,LA LIBERTAD,TRAFICO ILICITO DE DROGAS,FISCAL PROVINCIAL,TITULAR,FEMENINO,1,130101,LA LIBERTAD,TRUJILLO,TRUJILLO,31/10/2025
2024,12,06/01/2025,LA LIBERTAD,VIOLENCIA CONTRA LA MUJER E INTEGRANTES DEL GRUPO FAMILIAR,FISCAL ADJUNTO PROVINCIAL,PROVISIONAL,FEMENINO,3,130101,LA LIBERTAD,TRUJILLO,TRUJILLO,31/10/2025
2024,12,06/01/2025,LA LIBERTAD,VIOLENCIA CONTRA LA MUJER E INTEGRANTES DEL GRUPO FAMILIAR,FISCAL ADJUNTO PROVINCIAL,TITULAR,FEMENINO,1,130101,LA LIBERTAD,TRUJILLO,TRUJILLO,31/10/2025
2024,12,06/01/2025,LA LIBERTAD,VIOLENCIA CONTRA LA MUJER E INTEGRANTES DEL GRUPO FAMILIAR,FISCAL PROVINCIAL,PROVISIONAL,MASCULINO,1,130101,LA LIBERTAD,TRUJILLO,TRUJILLO,31/10/2025
2024,12,06/01/2025,LA LIBERTAD,VIOLENCIA CONTRA LA MUJER E INTEGRANTES DEL GRUPO FAMILIAR,FISCAL PROVINCIAL,PROVISIONAL (Titular Promovido),FEMENINO,1,130101,LA LIBERTAD,TRUJILLO,TRUJILLO,31/10/2025
2024,12,06/01/2025,LA LIBERTAD,VIOLENCIA CONTRA LA MUJER E INTEGRANTES DEL GRUPO FAMILIAR,FISCAL PROVINCIAL,TITULAR,FEMENINO,1,130101,LA LIBERTAD,TRUJILLO,TRUJILLO,31/10/2025
2024,12,06/01/2025,LA LIBERTAD,VIOLENCIA CONTRA LA MUJER E INTEGRANTES DEL GRUPO FAMILIAR,FISCAL PROVINCIAL,TITULAR,MASCULINO,2,130101,LA LIBERTAD,TRUJILLO,TRUJILLO,31/10/2025
2024,12,06/01/2025,LA LIBERTAD,DERECHOS HUMANOS E INTERCULTURALIDAD,FISCAL ADJUNTO PROVINCIAL,PROVISIONAL,FEMENINO,3,130101,LA LIBERTAD,TRUJILLO,TRUJILLO,31/10/2025
2024,12,06/01/2025,LA LIBERTAD,DERECHOS HUMANOS E INTERCULTURALIDAD,FISCAL ADJUNTO PROVINCIAL,PROVISIONAL,MASCULINO,1,130101,LA LIBERTAD,TRUJILLO,TRUJILLO,31/10/2025
2024,12,06/01/2025,LA LIBERTAD,DERECHOS HUMANOS E INTERCULTURALIDAD,FISCAL PROVINCIAL,PROVISIONAL (Titular Promovido),FEMENINO,1,130101,LA LIBERTAD,TRUJILLO,TRUJILLO,31/10/2025
2024,12,06/01/2025,LA LIBERTAD,CIBERDELINCUENCIA,FISCAL ADJUNTO PROVINCIAL,PROVISIONAL,FEMENINO,1,130101,LA LIBERTAD,TRUJILLO,TRUJILLO,31/10/2025
2024,12,06/01/2025,LA LIBERTAD,CIBERDELINCUENCIA,FISCAL ADJUNTO PROVINCIAL,TITULAR,FEMENINO,1,130101,LA LIBERTAD,TRUJILLO,TRUJILLO,31/10/2025
2024,12,06/01/2025,LA LIBERTAD,CIBERDELINCUENCIA,FISCAL PROVINCIAL,PROVISIONAL (Titular Promovido),MASCULINO,1,130101,LA LIBERTAD,TRUJILLO,TRUJILLO,31/10/2025
2024,12,06/01/2025,LAMBAYEQUE,AUTORIDAD NACIONAL DE CONTROL,FISCAL ADJUNTO SUPERIOR,PROVISIONAL (Titular Promovido),FEMENINO,1,140101,LAMBAYEQUE,CHICLAYO,CHICLAYO,31/10/2025
2024,12,06/01/2025,LAMBAYEQUE,AUTORIDAD NACIONAL DE CONTROL,FISCAL ADJUNTO SUPERIOR,PROVISIONAL (Titular Promovido),MASCULINO,1,140101,LAMBAYEQUE,CHICLAYO,CHICLAYO,31/10/2025
2024,12,06/01/2025,LAMBAYEQUE,AUTORIDAD NACIONAL DE CONTROL,FISCAL SUPERIOR,TITULAR,MASCULINO,1,140101,LAMBAYEQUE,CHICLAYO,CHICLAYO,31/10/2025
2024,12,06/01/2025,LAMBAYEQUE,CORRUPCION DE FUNCIONARIOS,FISCAL ADJUNTO PROVINCIAL,PROVISIONAL,FEMENINO,5,140101,LAMBAYEQUE,CHICLAYO,CHICLAYO,31/10/2025
2024,12,06/01/2025,LAMBAYEQUE,CORRUPCION DE FUNCIONARIOS,FISCAL ADJUNTO PROVINCIAL,TITULAR,FEMENINO,2,140101,LAMBAYEQUE,CHICLAYO,CHICLAYO,31/10/2025
2024,12,06/01/2025,LAMBAYEQUE,CORRUPCION DE FUNCIONARIOS,FISCAL ADJUNTO PROVINCIAL,TITULAR,MASCULINO,3,140101,LAMBAYEQUE,CHICLAYO,CHICLAYO,31/10/2025
2024,12,06/01/2025,LAMBAYEQUE,CORRUPCION DE FUNCIONARIOS,FISCAL PROVINCIAL,PROVISIONAL (Titular Promovido),MASCULINO,1,140101,LAMBAYEQUE,CHICLAYO,CHICLAYO,31/10/2025
2024,12,06/01/2025,LAMBAYEQUE,CORRUPCION DE FUNCIONARIOS,FISCAL PROVINCIAL,TITULAR,FEMENINO,1,140101,LAMBAYEQUE,CHICLAYO,CHICLAYO,31/10/2025
2024,12,06/01/2025,LAMBAYEQUE,CORRUPCION DE FUNCIONARIOS,FISCAL PROVINCIAL,TITULAR,MASCULINO,2,140101,LAMBAYEQUE,CHICLAYO,CHICLAYO,31/10/2025
2024,12,06/01/2025,LAMBAYEQUE,CRIMEN ORGANIZADO,FISCAL ADJUNTO PROVINCIAL,PROVISIONAL,FEMENINO,3,140101,LAMBAYEQUE,CHICLAYO,CHICLAYO,31/10/2025
2024,12,06/01/2025,LAMBAYEQUE,CRIMEN ORGANIZADO,FISCAL ADJUNTO PROVINCIAL,PROVISIONAL,MASCULINO,2,140101,LAMBAYEQUE,CHICLAYO,CHICLAYO,31/10/2025
2024,12,06/01/2025,LAMBAYEQUE,CRIMEN ORGANIZADO,FISCAL ADJUNTO PROVINCIAL,TITULAR,FEMENINO,1,140101,LAMBAYEQUE,CHICLAYO,CHICLAYO,31/10/2025
2024,12,06/01/2025,LAMBAYEQUE,CRIMEN ORGANIZADO,FISCAL ADJUNTO PROVINCIAL,TITULAR,MASCULINO,1,140101,LAMBAYEQUE,CHICLAYO,CHICLAYO,31/10/2025
2024,12,06/01/2025,LAMBAYEQUE,CRIMEN ORGANIZADO,FISCAL PROVINCIAL,TITULAR,MASCULINO,3,140101,LAMBAYEQUE,CHICLAYO,CHICLAYO,31/10/2025
2024,12,06/01/2025,LAMBAYEQUE,EXTINCION DE DOMINIO,FISCAL ADJUNTO PROVINCIAL,PROVISIONAL,MASCULINO,2,140101,LAMBAYEQUE,CHICLAYO,CHICLAYO,31/10/2025
2024,12,06/01/2025,LAMBAYEQUE,EXTINCION DE DOMINIO,FISCAL PROVINCIAL,PROVISIONAL (Titular Promovido),FEMENINO,1,140101,LAMBAYEQUE,CHICLAYO,CHICLAYO,31/10/2025
2024,12,06/01/2025,LAMBAYEQUE,FAMILIA,FISCAL ADJUNTO PROVINCIAL,PROVISIONAL,FEMENINO,3,140101,LAMBAYEQUE,CHICLAYO,CHICLAYO,31/10/2025
2024,12,06/01/2025,LAMBAYEQUE,FAMILIA,FISCAL ADJUNTO PROVINCIAL,TITULAR,MASCULINO,3,140101,LAMBAYEQUE,CHICLAYO,CHICLAYO,31/10/2025
2024,12,06/01/2025,LAMBAYEQUE,FAMILIA,FISCAL ADJUNTO SUPERIOR,TITULAR,MASCULINO,1,140101,LAMBAYEQUE,CHICLAYO,CHICLAYO,31/10/2025
2024,12,06/01/2025,LAMBAYEQUE,FAMILIA,FISCAL PROVINCIAL,TITULAR,FEMENINO,2,140101,LAMBAYEQUE,CHICLAYO,CHICLAYO,31/10/2025
2024,12,06/01/2025,LAMBAYEQUE,FAMILIA,FISCAL PROVINCIAL,TITULAR,MASCULINO,1,140101,LAMBAYEQUE,CHICLAYO,CHICLAYO,31/10/2025
2024,12,06/01/2025,LAMBAYEQUE,FAMILIA,FISCAL SUPERIOR,TITULAR,FEMENINO,1,140101,LAMBAYEQUE,CHICLAYO,CHICLAYO,31/10/2025
2024,12,06/01/2025,LAMBAYEQUE,MATERIA AMBIENTAL,FISCAL ADJUNTO PROVINCIAL,PROVISIONAL,MASCULINO,1,140101,LAMBAYEQUE,CHICLAYO,CHICLAYO,31/10/2025
2024,12,06/01/2025,LAMBAYEQUE,MATERIA AMBIENTAL,FISCAL ADJUNTO PROVINCIAL,TITULAR,MASCULINO,1,140101,LAMBAYEQUE,CHICLAYO,CHICLAYO,31/10/2025
2024,12,06/01/2025,LAMBAYEQUE,MATERIA AMBIENTAL,FISCAL PROVINCIAL,TITULAR,MASCULINO,1,140101,LAMBAYEQUE,CHICLAYO,CHICLAYO,31/10/2025
2024,12,06/01/2025,LAMBAYEQUE,MIXTA,FISCAL ADJUNTO PROVINCIAL,PROVISIONAL,FEMENINO,3,140101,LAMBAYEQUE,CHICLAYO,CHICLAYO,31/10/2025
2024,12,06/01/2025,LAMBAYEQUE,MIXTA,FISCAL ADJUNTO PROVINCIAL,PROVISIONAL,MASCULINO,8,140101,LAMBAYEQUE,CHICLAYO,CHICLAYO,31/10/2025
2024,12,06/01/2025,LAMBAYEQUE,MIXTA,FISCAL ADJUNTO PROVINCIAL,TITULAR,FEMENINO,4,140101,LAMBAYEQUE,CHICLAYO,CHICLAYO,31/10/2025
2024,12,06/01/2025,LAMBAYEQUE,MIXTA,FISCAL ADJUNTO PROVINCIAL,TITULAR,MASCULINO,7,140101,LAMBAYEQUE,CHICLAYO,CHICLAYO,31/10/2025
2024,12,06/01/2025,LAMBAYEQUE,MIXTA,FISCAL ADJUNTO SUPERIOR,TITULAR,FEMENINO,1,140101,LAMBAYEQUE,CHICLAYO,CHICLAYO,31/10/2025
2024,12,06/01/2025,LAMBAYEQUE,MIXTA,FISCAL ADJUNTO SUPERIOR,TITULAR,MASCULINO,1,140101,LAMBAYEQUE,CHICLAYO,CHICLAYO,31/10/2025
2024,12,06/01/2025,LAMBAYEQUE,MIXTA,FISCAL PROVINCIAL,PROVISIONAL,MASCULINO,1,140101,LAMBAYEQUE,CHICLAYO,CHICLAYO,31/10/2025
2024,12,06/01/2025,LAMBAYEQUE,MIXTA,FISCAL PROVINCIAL,TITULAR,FEMENINO,8,140101,LAMBAYEQUE,CHICLAYO,CHICLAYO,31/10/2025
2024,12,06/01/2025,LAMBAYEQUE,MIXTA,FISCAL PROVINCIAL,TITULAR,MASCULINO,4,140101,LAMBAYEQUE,CHICLAYO,CHICLAYO,31/10/2025
2024,12,06/01/2025,LAMBAYEQUE,MIXTA,FISCAL SUPERIOR,TITULAR,MASCULINO,1,140101,LAMBAYEQUE,CHICLAYO,CHICLAYO,31/10/2025
2024,12,06/01/2025,LAMBAYEQUE,PENAL,FISCAL ADJUNTO PROVINCIAL,PROVISIONAL,FEMENINO,19,140101,LAMBAYEQUE,CHICLAYO,CHICLAYO,31/10/2025
2024,12,06/01/2025,LAMBAYEQUE,PENAL,FISCAL ADJUNTO PROVINCIAL,PROVISIONAL,MASCULINO,18,140101,LAMBAYEQUE,CHICLAYO,CHICLAYO,31/10/2025
2024,12,06/01/2025,LAMBAYEQUE,PENAL,FISCAL ADJUNTO PROVINCIAL,TITULAR,FEMENINO,15,140101,LAMBAYEQUE,CHICLAYO,CHICLAYO,31/10/2025
2024,12,06/01/2025,LAMBAYEQUE,PENAL,FISCAL ADJUNTO PROVINCIAL,TITULAR,MASCULINO,24,140101,LAMBAYEQUE,CHICLAYO,CHICLAYO,31/10/2025
2024,12,06/01/2025,LAMBAYEQUE,PENAL,FISCAL ADJUNTO SUPERIOR,PROVISIONAL,MASCULINO,1,140101,LAMBAYEQUE,CHICLAYO,CHICLAYO,31/10/2025
2024,12,06/01/2025,LAMBAYEQUE,PENAL,FISCAL ADJUNTO SUPERIOR,PROVISIONAL (Titular Promovido),FEMENINO,1,140101,LAMBAYEQUE,CHICLAYO,CHICLAYO,31/10/2025
2024,12,06/01/2025,LAMBAYEQUE,PENAL,FISCAL ADJUNTO SUPERIOR,PROVISIONAL (Titular Promovido),MASCULINO,1,140101,LAMBAYEQUE,CHICLAYO,CHICLAYO,31/10/2025
2024,12,06/01/2025,LAMBAYEQUE,PENAL,FISCAL ADJUNTO SUPERIOR,TITULAR,FEMENINO,1,140101,LAMBAYEQUE,CHICLAYO,CHICLAYO,31/10/2025
2024,12,06/01/2025,LAMBAYEQUE,PENAL,FISCAL ADJUNTO SUPERIOR,TITULAR,MASCULINO,1,140101,LAMBAYEQUE,CHICLAYO,CHICLAYO,31/10/2025
2024,12,06/01/2025,LAMBAYEQUE,PENAL,FISCAL PROVINCIAL,PROVISIONAL (Titular Promovido),FEMENINO,8,140101,LAMBAYEQUE,CHICLAYO,CHICLAYO,31/10/2025
2024,12,06/01/2025,LAMBAYEQUE,PENAL,FISCAL PROVINCIAL,PROVISIONAL (Titular Promovido),MASCULINO,2,140101,LAMBAYEQUE,CHICLAYO,CHICLAYO,31/10/2025
2024,12,06/01/2025,LAMBAYEQUE,PENAL,FISCAL PROVINCIAL,TITULAR,FEMENINO,14,140101,LAMBAYEQUE,CHICLAYO,CHICLAYO,31/10/2025
2024,12,06/01/2025,LAMBAYEQUE,PENAL,FISCAL PROVINCIAL,TITULAR,MASCULINO,20,140101,LAMBAYEQUE,CHICLAYO,CHICLAYO,31/10/2025
2024,12,06/01/2025,LAMBAYEQUE,PENAL,FISCAL SUPERIOR,PROVISIONAL (Titular Promovido),FEMENINO,1,140101,LAMBAYEQUE,CHICLAYO,CHICLAYO,31/10/2025
2024,12,06/01/2025,LAMBAYEQUE,PENAL,FISCAL SUPERIOR,PROVISIONAL (Titular Promovido),MASCULINO,2,140101,LAMBAYEQUE,CHICLAYO,CHICLAYO,31/10/2025
2024,12,06/01/2025,LAMBAYEQUE,PENAL,FISCAL SUPERIOR,TITULAR,FEMENINO,2,140101,LAMBAYEQUE,CHICLAYO,CHICLAYO,31/10/2025
2024,12,06/01/2025,LAMBAYEQUE,PREVENCION DEL DELITO,FISCAL ADJUNTO PROVINCIAL,PROVISIONAL,MASCULINO,2,140101,LAMBAYEQUE,CHICLAYO,CHICLAYO,31/10/2025
2024,12,06/01/2025,LAMBAYEQUE,PREVENCION DEL DELITO,FISCAL ADJUNTO PROVINCIAL,TITULAR,FEMENINO,1,140101,LAMBAYEQUE,CHICLAYO,CHICLAYO,31/10/2025
2024,12,06/01/2025,LAMBAYEQUE,PREVENCION DEL DELITO,FISCAL ADJUNTO PROVINCIAL,TITULAR,MASCULINO,1,140101,LAMBAYEQUE,CHICLAYO,CHICLAYO,31/10/2025
2024,12,06/01/2025,LAMBAYEQUE,PREVENCION DEL DELITO,FISCAL PROVINCIAL,PROVISIONAL,FEMENINO,1,140101,LAMBAYEQUE,CHICLAYO,CHICLAYO,31/10/2025
2024,12,06/01/2025,LAMBAYEQUE,PREVENCION DEL DELITO,FISCAL PROVINCIAL,TITULAR,MASCULINO,1,140101,LAMBAYEQUE,CHICLAYO,CHICLAYO,31/10/2025
2024,12,06/01/2025,LAMBAYEQUE,TRAFICO ILICITO DE DROGAS,FISCAL ADJUNTO PROVINCIAL,PROVISIONAL,FEMENINO,1,140101,LAMBAYEQUE,CHICLAYO,CHICLAYO,31/10/2025
2024,12,06/01/2025,LAMBAYEQUE,TRAFICO ILICITO DE DROGAS,FISCAL ADJUNTO PROVINCIAL,PROVISIONAL,MASCULINO,1,140101,LAMBAYEQUE,CHICLAYO,CHICLAYO,31/10/2025
2024,12,06/01/2025,LAMBAYEQUE,TRAFICO ILICITO DE DROGAS,FISCAL PROVINCIAL,TITULAR,MASCULINO,1,140101,LAMBAYEQUE,CHICLAYO,CHICLAYO,31/10/2025
2024,12,06/01/2025,LAMBAYEQUE,VIOLENCIA CONTRA LA MUJER E INTEGRANTES DEL GRUPO FAMILIAR,FISCAL ADJUNTO PROVINCIAL,PROVISIONAL,FEMENINO,6,140101,LAMBAYEQUE,CHICLAYO,CHICLAYO,31/10/2025
2024,12,06/01/2025,LAMBAYEQUE,VIOLENCIA CONTRA LA MUJER E INTEGRANTES DEL GRUPO FAMILIAR,FISCAL ADJUNTO PROVINCIAL,PROVISIONAL,MASCULINO,5,140101,LAMBAYEQUE,CHICLAYO,CHICLAYO,31/10/2025
2024,12,06/01/2025,LAMBAYEQUE,VIOLENCIA CONTRA LA MUJER E INTEGRANTES DEL GRUPO FAMILIAR,FISCAL ADJUNTO PROVINCIAL,TITULAR,FEMENINO,2,140101,LAMBAYEQUE,CHICLAYO,CHICLAYO,31/10/2025
2024,12,06/01/2025,LAMBAYEQUE,VIOLENCIA CONTRA LA MUJER E INTEGRANTES DEL GRUPO FAMILIAR,FISCAL ADJUNTO PROVINCIAL,TITULAR,MASCULINO,1,140101,LAMBAYEQUE,CHICLAYO,CHICLAYO,31/10/2025
2024,12,06/01/2025,LAMBAYEQUE,VIOLENCIA CONTRA LA MUJER E INTEGRANTES DEL GRUPO FAMILIAR,FISCAL PROVINCIAL,TITULAR,FEMENINO,6,140101,LAMBAYEQUE,CHICLAYO,CHICLAYO,31/10/2025
2024,12,06/01/2025,LAMBAYEQUE,VIOLENCIA CONTRA LA MUJER E INTEGRANTES DEL GRUPO FAMILIAR,FISCAL PROVINCIAL,TITULAR,MASCULINO,1,140101,LAMBAYEQUE,CHICLAYO,CHICLAYO,31/10/2025
2024,12,06/01/2025,LAMBAYEQUE,DERECHOS HUMANOS E INTERCULTURALIDAD,FISCAL ADJUNTO PROVINCIAL,PROVISIONAL,FEMENINO,1,140101,LAMBAYEQUE,CHICLAYO,CHICLAYO,31/10/2025
2024,12,06/01/2025,LAMBAYEQUE,DERECHOS HUMANOS E INTERCULTURALIDAD,FISCAL ADJUNTO PROVINCIAL,PROVISIONAL,MASCULINO,3,140101,LAMBAYEQUE,CHICLAYO,CHICLAYO,31/10/2025
2024,12,06/01/2025,LAMBAYEQUE,DERECHOS HUMANOS E INTERCULTURALIDAD,FISCAL PROVINCIAL,PROVISIONAL (Titular Promovido),FEMENINO,1,140101,LAMBAYEQUE,CHICLAYO,CHICLAYO,31/10/2025
2024,12,06/01/2025,LIMA CENTRO,AUTORIDAD NACIONAL DE CONTROL,FISCAL ADJUNTO PROVINCIAL,PROVISIONAL,FEMENINO,1,150101,LIMA,LIMA,LIMA,31/10/2025
2024,12,06/01/2025,LIMA CENTRO,AUTORIDAD NACIONAL DE CONTROL,FISCAL ADJUNTO PROVINCIAL,PROVISIONAL,MASCULINO,1,150101,LIMA,LIMA,LIMA,31/10/2025
2024,12,06/01/2025,LIMA CENTRO,AUTORIDAD NACIONAL DE CONTROL,FISCAL ADJUNTO SUPERIOR,PROVISIONAL,FEMENINO,1,150101,LIMA,LIMA,LIMA,31/10/2025
2024,12,06/01/2025,LIMA CENTRO,AUTORIDAD NACIONAL DE CONTROL,FISCAL ADJUNTO SUPERIOR,PROVISIONAL (Titular Promovido),FEMENINO,1,150101,LIMA,LIMA,LIMA,31/10/2025
2024,12,06/01/2025,LIMA CENTRO,AUTORIDAD NACIONAL DE CONTROL,FISCAL ADJUNTO SUPERIOR,PROVISIONAL (Titular Promovido),MASCULINO,1,150101,LIMA,LIMA,LIMA,31/10/2025
2024,12,06/01/2025,LIMA CENTRO,AUTORIDAD NACIONAL DE CONTROL,FISCAL ADJUNTO SUPERIOR,TITULAR,FEMENINO,1,150101,LIMA,LIMA,LIMA,31/10/2025
2024,12,06/01/2025,LIMA CENTRO,AUTORIDAD NACIONAL DE CONTROL,FISCAL ADJUNTO SUPREMO,PROVISIONAL (Titular Promovido),FEMENINO,2,150101,LIMA,LIMA,LIMA,31/10/2025
2024,12,06/01/2025,LIMA CENTRO,AUTORIDAD NACIONAL DE CONTROL,FISCAL PROVINCIAL,PROVISIONAL,FEMENINO,1,150101,LIMA,LIMA,LIMA,31/10/2025
2024,12,06/01/2025,LIMA CENTRO,AUTORIDAD NACIONAL DE CONTROL,FISCAL PROVINCIAL,PROVISIONAL (Titular Promovido),FEMENINO,2,150101,LIMA,LIMA,LIMA,31/10/2025
2024,12,06/01/2025,LIMA CENTRO,AUTORIDAD NACIONAL DE CONTROL,FISCAL PROVINCIAL,TITULAR,MASCULINO,1,150101,LIMA,LIMA,LIMA,31/10/2025
2024,12,06/01/2025,LIMA CENTRO,AUTORIDAD NACIONAL DE CONTROL,FISCAL SUPERIOR,PROVISIONAL (Titular Promovido),FEMENINO,1,150101,LIMA,LIMA,LIMA,31/10/2025
2024,12,06/01/2025,LIMA CENTRO,AUTORIDAD NACIONAL DE CONTROL,FISCAL SUPERIOR,PROVISIONAL (Titular Promovido),MASCULINO,2,150101,LIMA,LIMA,LIMA,31/10/2025
2024,12,06/01/2025,LIMA CENTRO,CORRUPCION DE FUNCIONARIOS,FISCAL ADJUNTO PROVINCIAL,PROVISIONAL,FEMENINO,75,150101,LIMA,LIMA,LIMA,31/10/2025
2024,12,06/01/2025,LIMA CENTRO,CORRUPCION DE FUNCIONARIOS,FISCAL ADJUNTO PROVINCIAL,PROVISIONAL,MASCULINO,55,150101,LIMA,LIMA,LIMA,31/10/2025
2024,12,06/01/2025,LIMA CENTRO,CORRUPCION DE FUNCIONARIOS,FISCAL ADJUNTO PROVINCIAL,TITULAR,FEMENINO,9,150101,LIMA,LIMA,LIMA,31/10/2025
2024,12,06/01/2025,LIMA CENTRO,CORRUPCION DE FUNCIONARIOS,FISCAL ADJUNTO PROVINCIAL,TITULAR,MASCULINO,10,150101,LIMA,LIMA,LIMA,31/10/2025
2024,12,06/01/2025,LIMA CENTRO,CORRUPCION DE FUNCIONARIOS,FISCAL ADJUNTO SUPERIOR,PROVISIONAL,FEMENINO,1,150101,LIMA,LIMA,LIMA,31/10/2025
2024,12,06/01/2025,LIMA CENTRO,CORRUPCION DE FUNCIONARIOS,FISCAL ADJUNTO SUPERIOR,PROVISIONAL,MASCULINO,1,150101,LIMA,LIMA,LIMA,31/10/2025
2024,12,06/01/2025,LIMA CENTRO,CORRUPCION DE FUNCIONARIOS,FISCAL ADJUNTO SUPERIOR,PROVISIONAL (Titular Promovido),FEMENINO,5,150101,LIMA,LIMA,LIMA,31/10/2025
2024,12,06/01/2025,LIMA CENTRO,CORRUPCION DE FUNCIONARIOS,FISCAL ADJUNTO SUPERIOR,PROVISIONAL (Titular Promovido),MASCULINO,3,150101,LIMA,LIMA,LIMA,31/10/2025
2024,12,06/01/2025,LIMA CENTRO,CORRUPCION DE FUNCIONARIOS,FISCAL ADJUNTO SUPERIOR,TITULAR,FEMENINO,5,150101,LIMA,LIMA,LIMA,31/10/2025
2024,12,06/01/2025,LIMA CENTRO,CORRUPCION DE FUNCIONARIOS,FISCAL ADJUNTO SUPERIOR,TITULAR,MASCULINO,7,150101,LIMA,LIMA,LIMA,31/10/2025
2024,12,06/01/2025,LIMA CENTRO,CORRUPCION DE FUNCIONARIOS,FISCAL ADJUNTO SUPREMO,PROVISIONAL (Titular Promovido),FEMENINO,5,150101,LIMA,LIMA,LIMA,31/10/2025
2024,12,06/01/2025,LIMA CENTRO,CORRUPCION DE FUNCIONARIOS,FISCAL ADJUNTO SUPREMO,PROVISIONAL (Titular Promovido),MASCULINO,4,150101,LIMA,LIMA,LIMA,31/10/2025
2024,12,06/01/2025,LIMA CENTRO,CORRUPCION DE FUNCIONARIOS,FISCAL ADJUNTO SUPREMO,TITULAR,FEMENINO,1,150101,LIMA,LIMA,LIMA,31/10/2025
2024,12,06/01/2025,LIMA CENTRO,CORRUPCION DE FUNCIONARIOS,FISCAL ADJUNTO SUPREMO,TITULAR,MASCULINO,2,150101,LIMA,LIMA,LIMA,31/10/2025
2024,12,06/01/2025,LIMA CENTRO,CORRUPCION DE FUNCIONARIOS,FISCAL PROVINCIAL,PROVISIONAL,MASCULINO,2,150101,LIMA,LIMA,LIMA,31/10/2025
2024,12,06/01/2025,LIMA CENTRO,CORRUPCION DE FUNCIONARIOS,FISCAL PROVINCIAL,PROVISIONAL (Titular Promovido),FEMENINO,9,150101,LIMA,LIMA,LIMA,31/10/2025
2024,12,06/01/2025,LIMA CENTRO,CORRUPCION DE FUNCIONARIOS,FISCAL PROVINCIAL,PROVISIONAL (Titular Promovido),MASCULINO,9,150101,LIMA,LIMA,LIMA,31/10/2025
2024,12,06/01/2025,LIMA CENTRO,CORRUPCION DE FUNCIONARIOS,FISCAL PROVINCIAL,TITULAR,FEMENINO,6,150101,LIMA,LIMA,LIMA,31/10/2025
2024,12,06/01/2025,LIMA CENTRO,CORRUPCION DE FUNCIONARIOS,FISCAL PROVINCIAL,TITULAR,MASCULINO,8,150101,LIMA,LIMA,LIMA,31/10/2025
2024,12,06/01/2025,LIMA CENTRO,CORRUPCION DE FUNCIONARIOS,FISCAL SUPERIOR,PROVISIONAL (Titular Promovido),FEMENINO,3,150101,LIMA,LIMA,LIMA,31/10/2025
2024,12,06/01/2025,LIMA CENTRO,CORRUPCION DE FUNCIONARIOS,FISCAL SUPERIOR,PROVISIONAL (Titular Promovido),MASCULINO,1,150101,LIMA,LIMA,LIMA,31/10/2025
2024,12,06/01/2025,LIMA CENTRO,CORRUPCION DE FUNCIONARIOS,FISCAL SUPERIOR,TITULAR,FEMENINO,3,150101,LIMA,LIMA,LIMA,31/10/2025
2024,12,06/01/2025,LIMA CENTRO,CORRUPCION DE FUNCIONARIOS,FISCAL SUPERIOR,TITULAR,MASCULINO,2,150101,LIMA,LIMA,LIMA,31/10/2025
2024,12,06/01/2025,LIMA CENTRO,CORRUPCION DE FUNCIONARIOS,FISCAL SUPREMO,PROVISIONAL (Titular Promovido),FEMENINO,1,150101,LIMA,LIMA,LIMA,31/10/2025
2024,12,06/01/2025,LIMA CENTRO,CORRUPCION DE FUNCIONARIOS,FISCAL SUPREMO,PROVISIONAL (Titular Promovido),MASCULINO,2,150101,LIMA,LIMA,LIMA,31/10/2025
2024,12,06/01/2025,LIMA CENTRO,CRIMEN ORGANIZADO,FISCAL ADJUNTO PROVINCIAL,PROVISIONAL,FEMENINO,77,150101,LIMA,LIMA,LIMA,31/10/2025
2024,12,06/01/2025,LIMA CENTRO,CRIMEN ORGANIZADO,FISCAL ADJUNTO PROVINCIAL,PROVISIONAL,MASCULINO,48,150101,LIMA,LIMA,LIMA,31/10/2025
2024,12,06/01/2025,LIMA CENTRO,CRIMEN ORGANIZADO,FISCAL ADJUNTO PROVINCIAL,TITULAR,FEMENINO,2,150101,LIMA,LIMA,LIMA,31/10/2025
2024,12,06/01/2025,LIMA CENTRO,CRIMEN ORGANIZADO,FISCAL ADJUNTO PROVINCIAL,TITULAR,MASCULINO,12,150101,LIMA,LIMA,LIMA,31/10/2025
2024,12,06/01/2025,LIMA CENTRO,CRIMEN ORGANIZADO,FISCAL ADJUNTO SUPERIOR,PROVISIONAL (Titular Promovido),FEMENINO,6,150101,LIMA,LIMA,LIMA,31/10/2025
2024,12,06/01/2025,LIMA CENTRO,CRIMEN ORGANIZADO,FISCAL ADJUNTO SUPERIOR,PROVISIONAL (Titular Promovido),MASCULINO,2,150101,LIMA,LIMA,LIMA,31/10/2025
2024,12,06/01/2025,LIMA CENTRO,CRIMEN ORGANIZADO,FISCAL ADJUNTO SUPERIOR,TITULAR,FEMENINO,4,150101,LIMA,LIMA,LIMA,31/10/2025
2024,12,06/01/2025,LIMA CENTRO,CRIMEN ORGANIZADO,FISCAL ADJUNTO SUPERIOR,TITULAR,MASCULINO,3,150101,LIMA,LIMA,LIMA,31/10/2025
2024,12,06/01/2025,LIMA CENTRO,CRIMEN ORGANIZADO,FISCAL PROVINCIAL,PROVISIONAL (Titular Promovido),FEMENINO,1,150101,LIMA,LIMA,LIMA,31/10/2025
2024,12,06/01/2025,LIMA CENTRO,CRIMEN ORGANIZADO,FISCAL PROVINCIAL,PROVISIONAL (Titular Promovido),MASCULINO,1,150101,LIMA,LIMA,LIMA,31/10/2025
2024,12,06/01/2025,LIMA CENTRO,CRIMEN ORGANIZADO,FISCAL PROVINCIAL,TITULAR,FEMENINO,5,150101,LIMA,LIMA,LIMA,31/10/2025
2024,12,06/01/2025,LIMA CENTRO,CRIMEN ORGANIZADO,FISCAL PROVINCIAL,TITULAR,MASCULINO,8,150101,LIMA,LIMA,LIMA,31/10/2025
2024,12,06/01/2025,LIMA CENTRO,CRIMEN ORGANIZADO,FISCAL SUPERIOR,TITULAR,FEMENINO,2,150101,LIMA,LIMA,LIMA,31/10/2025
2024,12,06/01/2025,LIMA CENTRO,CRIMEN ORGANIZADO,FISCAL SUPERIOR,TITULAR,MASCULINO,1,150101,LIMA,LIMA,LIMA,31/10/2025
2024,12,06/01/2025,LIMA CENTRO,DELITOS ADUANEROS Y CONTRA LA PROPIEDAD INTELECTUAL,FISCAL ADJUNTO PROVINCIAL,PROVISIONAL,FEMENINO,5,150101,LIMA,LIMA,LIMA,31/10/2025
2024,12,06/01/2025,LIMA CENTRO,DELITOS ADUANEROS Y CONTRA LA PROPIEDAD INTELECTUAL,FISCAL ADJUNTO PROVINCIAL,PROVISIONAL,MASCULINO,2,150101,LIMA,LIMA,LIMA,31/10/2025
2024,12,06/01/2025,LIMA CENTRO,DELITOS ADUANEROS Y CONTRA LA PROPIEDAD INTELECTUAL,FISCAL ADJUNTO PROVINCIAL,TITULAR,FEMENINO,1,150101,LIMA,LIMA,LIMA,31/10/2025
2024,12,06/01/2025,LIMA CENTRO,DELITOS ADUANEROS Y CONTRA LA PROPIEDAD INTELECTUAL,FISCAL ADJUNTO PROVINCIAL,TITULAR,MASCULINO,3,150101,LIMA,LIMA,LIMA,31/10/2025
2024,12,06/01/2025,LIMA CENTRO,DELITOS ADUANEROS Y CONTRA LA PROPIEDAD INTELECTUAL,FISCAL PROVINCIAL,TITULAR,MASCULINO,3,150101,LIMA,LIMA,LIMA,31/10/2025
2024,12,06/01/2025,LIMA CENTRO,DELITOS DE TRATA DE PERSONAS,FISCAL ADJUNTO PROVINCIAL,PROVISIONAL,FEMENINO,4,150101,LIMA,LIMA,LIMA,31/10/2025
2024,12,06/01/2025,LIMA CENTRO,DELITOS DE TRATA DE PERSONAS,FISCAL ADJUNTO PROVINCIAL,PROVISIONAL,MASCULINO,2,150101,LIMA,LIMA,LIMA,31/10/2025
2024,12,06/01/2025,LIMA CENTRO,DELITOS DE TRATA DE PERSONAS,FISCAL ADJUNTO SUPERIOR,PROVISIONAL (Titular Promovido),MASCULINO,1,150101,LIMA,LIMA,LIMA,31/10/2025
2024,12,06/01/2025,LIMA CENTRO,DELITOS DE TRATA DE PERSONAS,FISCAL ADJUNTO SUPERIOR,TITULAR,MASCULINO,1,150101,LIMA,LIMA,LIMA,31/10/2025
2024,12,06/01/2025,LIMA CENTRO,DELITOS DE TRATA DE PERSONAS,FISCAL PROVINCIAL,PROVISIONAL (Titular Promovido),FEMENINO,2,150101,LIMA,LIMA,LIMA,31/10/2025
2024,12,06/01/2025,LIMA CENTRO,DELITOS DE TRATA DE PERSONAS,FISCAL SUPERIOR,PROVISIONAL (Titular Promovido),FEMENINO,1,150101,LIMA,LIMA,LIMA,31/10/2025
2024,12,06/01/2025,LIMA CENTRO,DELITOS TRIBUTARIOS,FISCAL ADJUNTO PROVINCIAL,PROVISIONAL,FEMENINO,2,150101,LIMA,LIMA,LIMA,31/10/2025
2024,12,06/01/2025,LIMA CENTRO,DELITOS TRIBUTARIOS,FISCAL ADJUNTO PROVINCIAL,PROVISIONAL,MASCULINO,2,150101,LIMA,LIMA,LIMA,31/10/2025
2024,12,06/01/2025,LIMA CENTRO,DELITOS TRIBUTARIOS,FISCAL PROVINCIAL,TITULAR,MASCULINO,1,150101,LIMA,LIMA,LIMA,31/10/2025
2024,12,06/01/2025,LIMA CENTRO,EXTINCION DE DOMINIO,FISCAL ADJUNTO PROVINCIAL,PROVISIONAL,FEMENINO,9,150101,LIMA,LIMA,LIMA,31/10/2025
2024,12,06/01/2025,LIMA CENTRO,EXTINCION DE DOMINIO,FISCAL ADJUNTO PROVINCIAL,PROVISIONAL,MASCULINO,3,150101,LIMA,LIMA,LIMA,31/10/2025
2024,12,06/01/2025,LIMA CENTRO,EXTINCION DE DOMINIO,FISCAL ADJUNTO PROVINCIAL,TITULAR,MASCULINO,4,150101,LIMA,LIMA,LIMA,31/10/2025
2024,12,06/01/2025,LIMA CENTRO,EXTINCION DE DOMINIO,FISCAL ADJUNTO SUPERIOR,PROVISIONAL,FEMENINO,1,150101,LIMA,LIMA,LIMA,31/10/2025
2024,12,06/01/2025,LIMA CENTRO,EXTINCION DE DOMINIO,FISCAL ADJUNTO SUPERIOR,PROVISIONAL (Titular Promovido),MASCULINO,1,150101,LIMA,LIMA,LIMA,31/10/2025
2024,12,06/01/2025,LIMA CENTRO,EXTINCION DE DOMINIO,FISCAL PROVINCIAL,PROVISIONAL (Titular Promovido),MASCULINO,1,150101,LIMA,LIMA,LIMA,31/10/2025
2024,12,06/01/2025,LIMA CENTRO,EXTINCION DE DOMINIO,FISCAL PROVINCIAL,TITULAR,FEMENINO,1,150101,LIMA,LIMA,LIMA,31/10/2025
2024,12,06/01/2025,LIMA CENTRO,EXTINCION DE DOMINIO,FISCAL PROVINCIAL,TITULAR,MASCULINO,4,150101,LIMA,LIMA,LIMA,31/10/2025
2024,12,06/01/2025,LIMA CENTRO,FAMILIA,FISCAL ADJUNTO PROVINCIAL,PROVISIONAL,FEMENINO,6,150101,LIMA,LIMA,LIMA,31/10/2025
2024,12,06/01/2025,LIMA CENTRO,FAMILIA,FISCAL ADJUNTO PROVINCIAL,TITULAR,FEMENINO,14,150101,LIMA,LIMA,LIMA,31/10/2025
2024,12,06/01/2025,LIMA CENTRO,FAMILIA,FISCAL ADJUNTO PROVINCIAL,TITULAR,MASCULINO,4,150101,LIMA,LIMA,LIMA,31/10/2025
2024,12,06/01/2025,LIMA CENTRO,FAMILIA,FISCAL ADJUNTO SUPERIOR,PROVISIONAL (Titular Promovido),FEMENINO,2,150101,LIMA,LIMA,LIMA,31/10/2025
2024,12,06/01/2025,LIMA CENTRO,FAMILIA,FISCAL ADJUNTO SUPERIOR,PROVISIONAL (Titular Promovido),MASCULINO,1,150101,LIMA,LIMA,LIMA,31/10/2025
2024,12,06/01/2025,LIMA CENTRO,FAMILIA,FISCAL ADJUNTO SUPERIOR,TITULAR,FEMENINO,1,150101,LIMA,LIMA,LIMA,31/10/2025
2024,12,06/01/2025,LIMA CENTRO,FAMILIA,FISCAL ADJUNTO SUPREMO,PROVISIONAL (Titular Promovido),MASCULINO,1,150101,LIMA,LIMA,LIMA,31/10/2025
2024,12,06/01/2025,LIMA CENTRO,FAMILIA,FISCAL ADJUNTO SUPREMO,TITULAR,FEMENINO,1,150101,LIMA,LIMA,LIMA,31/10/2025
2024,12,06/01/2025,LIMA CENTRO,FAMILIA,FISCAL ADJUNTO SUPREMO,TITULAR,MASCULINO,1,150101,LIMA,LIMA,LIMA,31/10/2025
2024,12,06/01/2025,LIMA CENTRO,FAMILIA,FISCAL PROVINCIAL,PROVISIONAL (Titular Promovido),MASCULINO,3,150101,LIMA,LIMA,LIMA,31/10/2025
2024,12,06/01/2025,LIMA CENTRO,FAMILIA,FISCAL PROVINCIAL,TITULAR,FEMENINO,6,150101,LIMA,LIMA,LIMA,31/10/2025
2024,12,06/01/2025,LIMA CENTRO,FAMILIA,FISCAL PROVINCIAL,TITULAR,MASCULINO,4,150101,LIMA,LIMA,LIMA,31/10/2025
2024,12,06/01/2025,LIMA CENTRO,FAMILIA,FISCAL SUPERIOR,PROVISIONAL (Titular Promovido),FEMENINO,1,150101,LIMA,LIMA,LIMA,31/10/2025
2024,12,06/01/2025,LIMA CENTRO,FAMILIA,FISCAL SUPERIOR,TITULAR,FEMENINO,2,150101,LIMA,LIMA,LIMA,31/10/2025
2024,12,06/01/2025,LIMA CENTRO,FAMILIA,FISCAL SUPREMO,TITULAR,MASCULINO,1,150101,LIMA,LIMA,LIMA,31/10/2025
2024,12,06/01/2025,LIMA CENTRO,FISCALIA DE LA NACION,FISCAL ADJUNTO PROVINCIAL,PROVISIONAL,FEMENINO,11,150101,LIMA,LIMA,LIMA,31/10/2025
2024,12,06/01/2025,LIMA CENTRO,FISCALIA DE LA NACION,FISCAL ADJUNTO PROVINCIAL,PROVISIONAL,MASCULINO,9,150101,LIMA,LIMA,LIMA,31/10/2025
2024,12,06/01/2025,LIMA CENTRO,FISCALIA DE LA NACION,FISCAL ADJUNTO PROVINCIAL,TITULAR,FEMENINO,2,150101,LIMA,LIMA,LIMA,31/10/2025
2024,12,06/01/2025,LIMA CENTRO,FISCALIA DE LA NACION,FISCAL ADJUNTO PROVINCIAL,TITULAR,MASCULINO,2,150101,LIMA,LIMA,LIMA,31/10/2025
2024,12,06/01/2025,LIMA CENTRO,FISCALIA DE LA NACION,FISCAL ADJUNTO SUPERIOR,PROVISIONAL,FEMENINO,1,150101,LIMA,LIMA,LIMA,31/10/2025
2024,12,06/01/2025,LIMA CENTRO,FISCALIA DE LA NACION,FISCAL ADJUNTO SUPERIOR,PROVISIONAL (Titular Promovido),MASCULINO,4,150101,LIMA,LIMA,LIMA,31/10/2025
2024,12,06/01/2025,LIMA CENTRO,FISCALIA DE LA NACION,FISCAL ADJUNTO SUPREMO,PROVISIONAL (Titular Promovido),MASCULINO,4,150101,LIMA,LIMA,LIMA,31/10/2025
2024,12,06/01/2025,LIMA CENTRO,FISCALIA DE LA NACION,FISCAL DE LA NACION,TITULAR,FEMENINO,1,150101,LIMA,LIMA,LIMA,31/10/2025
2024,12,06/01/2025,LIMA CENTRO,FISCALIA DE LA NACION,FISCAL PROVINCIAL,PROVISIONAL,FEMENINO,1,150101,LIMA,LIMA,LIMA,31/10/2025
2024,12,06/01/2025,LIMA CENTRO,FISCALIA DE LA NACION,FISCAL PROVINCIAL,PROVISIONAL (Titular Promovido),FEMENINO,4,150101,LIMA,LIMA,LIMA,31/10/2025
2024,12,06/01/2025,LIMA CENTRO,FISCALIA DE LA NACION,FISCAL PROVINCIAL,PROVISIONAL (Titular Promovido),MASCULINO,3,150101,LIMA,LIMA,LIMA,31/10/2025
2024,12,06/01/2025,LIMA CENTRO,FISCALIA DE LA NACION,FISCAL PROVINCIAL,TITULAR,FEMENINO,1,150101,LIMA,LIMA,LIMA,31/10/2025
2024,12,06/01/2025,LIMA CENTRO,FISCALIA DE LA NACION,FISCAL PROVINCIAL,TITULAR,MASCULINO,3,150101,LIMA,LIMA,LIMA,31/10/2025
2024,12,06/01/2025,LIMA CENTRO,FISCALIA DE LA NACION,FISCAL SUPERIOR,PROVISIONAL (Titular Promovido),FEMENINO,1,150101,LIMA,LIMA,LIMA,31/10/2025
2024,12,06/01/2025,LIMA CENTRO,FISCALIA DE LA NACION,FISCAL SUPERIOR,TITULAR,MASCULINO,1,150101,LIMA,LIMA,LIMA,31/10/2025
2024,12,06/01/2025,LIMA CENTRO,LAVADO DE ACTIVOS,FISCAL ADJUNTO PROVINCIAL,PROVISIONAL,FEMENINO,20,150101,LIMA,LIMA,LIMA,31/10/2025
2024,12,06/01/2025,LIMA CENTRO,LAVADO DE ACTIVOS,FISCAL ADJUNTO PROVINCIAL,PROVISIONAL,MASCULINO,12,150101,LIMA,LIMA,LIMA,31/10/2025
2024,12,06/01/2025,LIMA CENTRO,LAVADO DE ACTIVOS,FISCAL ADJUNTO PROVINCIAL,TITULAR,FEMENINO,1,150101,LIMA,LIMA,LIMA,31/10/2025
2024,12,06/01/2025,LIMA CENTRO,LAVADO DE ACTIVOS,FISCAL ADJUNTO PROVINCIAL,TITULAR,MASCULINO,4,150101,LIMA,LIMA,LIMA,31/10/2025
2024,12,06/01/2025,LIMA CENTRO,LAVADO DE ACTIVOS,FISCAL ADJUNTO SUPERIOR,PROVISIONAL (Titular Promovido),FEMENINO,4,150101,LIMA,LIMA,LIMA,31/10/2025
2024,12,06/01/2025,LIMA CENTRO,LAVADO DE ACTIVOS,FISCAL ADJUNTO SUPERIOR,PROVISIONAL (Titular Promovido),MASCULINO,1,150101,LIMA,LIMA,LIMA,31/10/2025
2024,12,06/01/2025,LIMA CENTRO,LAVADO DE ACTIVOS,FISCAL ADJUNTO SUPERIOR,TITULAR,FEMENINO,1,150101,LIMA,LIMA,LIMA,31/10/2025
2024,12,06/01/2025,LIMA CENTRO,LAVADO DE ACTIVOS,FISCAL ADJUNTO SUPERIOR,TITULAR,MASCULINO,2,150101,LIMA,LIMA,LIMA,31/10/2025
2024,12,06/01/2025,LIMA CENTRO,LAVADO DE ACTIVOS,FISCAL PROVINCIAL,PROVISIONAL (Titular Promovido),FEMENINO,1,150101,LIMA,LIMA,LIMA,31/10/2025
2024,12,06/01/2025,LIMA CENTRO,LAVADO DE ACTIVOS,FISCAL PROVINCIAL,PROVISIONAL (Titular Promovido),MASCULINO,3,150101,LIMA,LIMA,LIMA,31/10/2025
2024,12,06/01/2025,LIMA CENTRO,LAVADO DE ACTIVOS,FISCAL PROVINCIAL,TITULAR,FEMENINO,2,150101,LIMA,LIMA,LIMA,31/10/2025
2024,12,06/01/2025,LIMA CENTRO,LAVADO DE ACTIVOS,FISCAL PROVINCIAL,TITULAR,MASCULINO,4,150101,LIMA,LIMA,LIMA,31/10/2025
2024,12,06/01/2025,LIMA CENTRO,LAVADO DE ACTIVOS,FISCAL SUPERIOR,TITULAR,FEMENINO,1,150101,LIMA,LIMA,LIMA,31/10/2025
2024,12,06/01/2025,LIMA CENTRO,LAVADO DE ACTIVOS,FISCAL SUPERIOR,TITULAR,MASCULINO,2,150101,LIMA,LIMA,LIMA,31/10/2025
2024,12,06/01/2025,LIMA CENTRO,MATERIA AMBIENTAL,FISCAL ADJUNTO PROVINCIAL,PROVISIONAL,FEMENINO,1,150101,LIMA,LIMA,LIMA,31/10/2025
2024,12,06/01/2025,LIMA CENTRO,MATERIA AMBIENTAL,FISCAL ADJUNTO PROVINCIAL,PROVISIONAL,MASCULINO,2,150101,LIMA,LIMA,LIMA,31/10/2025
2024,12,06/01/2025,LIMA CENTRO,MATERIA AMBIENTAL,FISCAL ADJUNTO PROVINCIAL,TITULAR,MASCULINO,1,150101,LIMA,LIMA,LIMA,31/10/2025
2024,12,06/01/2025,LIMA CENTRO,MATERIA AMBIENTAL,FISCAL PROVINCIAL,TITULAR,FEMENINO,2,150101,LIMA,LIMA,LIMA,31/10/2025
2024,12,06/01/2025,LIMA CENTRO,PENAL,FISCAL ADJUNTO PROVINCIAL,PROVISIONAL,FEMENINO,108,150101,LIMA,LIMA,LIMA,31/10/2025
2024,12,06/01/2025,LIMA CENTRO,PENAL,FISCAL ADJUNTO PROVINCIAL,PROVISIONAL,MASCULINO,94,150101,LIMA,LIMA,LIMA,31/10/2025
2024,12,06/01/2025,LIMA CENTRO,PENAL,FISCAL ADJUNTO PROVINCIAL,TITULAR,FEMENINO,51,150101,LIMA,LIMA,LIMA,31/10/2025
2024,12,06/01/2025,LIMA CENTRO,PENAL,FISCAL ADJUNTO PROVINCIAL,TITULAR,MASCULINO,56,150101,LIMA,LIMA,LIMA,31/10/2025
2024,12,06/01/2025,LIMA CENTRO,PENAL,FISCAL ADJUNTO SUPERIOR,PROVISIONAL,FEMENINO,1,150101,LIMA,LIMA,LIMA,31/10/2025
2024,12,06/01/2025,LIMA CENTRO,PENAL,FISCAL ADJUNTO SUPERIOR,PROVISIONAL (Titular Promovido),FEMENINO,8,150101,LIMA,LIMA,LIMA,31/10/2025
2024,12,06/01/2025,LIMA CENTRO,PENAL,FISCAL ADJUNTO SUPERIOR,PROVISIONAL (Titular Promovido),MASCULINO,7,150101,LIMA,LIMA,LIMA,31/10/2025
2024,12,06/01/2025,LIMA CENTRO,PENAL,FISCAL ADJUNTO SUPERIOR,TITULAR,FEMENINO,13,150101,LIMA,LIMA,LIMA,31/10/2025
2024,12,06/01/2025,LIMA CENTRO,PENAL,FISCAL ADJUNTO SUPERIOR,TITULAR,MASCULINO,5,150101,LIMA,LIMA,LIMA,31/10/2025
2024,12,06/01/2025,LIMA CENTRO,PENAL,FISCAL ADJUNTO SUPREMO,PROVISIONAL (Titular Promovido),FEMENINO,1,150101,LIMA,LIMA,LIMA,31/10/2025
2024,12,06/01/2025,LIMA CENTRO,PENAL,FISCAL ADJUNTO SUPREMO,PROVISIONAL (Titular Promovido),MASCULINO,3,150101,LIMA,LIMA,LIMA,31/10/2025
2024,12,06/01/2025,LIMA CENTRO,PENAL,FISCAL ADJUNTO SUPREMO,TITULAR,FEMENINO,2,150101,LIMA,LIMA,LIMA,31/10/2025
2024,12,06/01/2025,LIMA CENTRO,PENAL,FISCAL ADJUNTO SUPREMO,TITULAR,MASCULINO,1,150101,LIMA,LIMA,LIMA,31/10/2025
2024,12,06/01/2025,LIMA CENTRO,PENAL,FISCAL PROVINCIAL,PROVISIONAL,FEMENINO,1,150101,LIMA,LIMA,LIMA,31/10/2025
2024,12,06/01/2025,LIMA CENTRO,PENAL,FISCAL PROVINCIAL,PROVISIONAL,MASCULINO,1,150101,LIMA,LIMA,LIMA,31/10/2025
2024,12,06/01/2025,LIMA CENTRO,PENAL,FISCAL PROVINCIAL,PROVISIONAL (Titular Promovido),FEMENINO,6,150101,LIMA,LIMA,LIMA,31/10/2025
2024,12,06/01/2025,LIMA CENTRO,PENAL,FISCAL PROVINCIAL,PROVISIONAL (Titular Promovido),MASCULINO,6,150101,LIMA,LIMA,LIMA,31/10/2025
2024,12,06/01/2025,LIMA CENTRO,PENAL,FISCAL PROVINCIAL,TITULAR,FEMENINO,38,150101,LIMA,LIMA,LIMA,31/10/2025
2024,12,06/01/2025,LIMA CENTRO,PENAL,FISCAL PROVINCIAL,TITULAR,MASCULINO,30,150101,LIMA,LIMA,LIMA,31/10/2025
2024,12,06/01/2025,LIMA CENTRO,PENAL,FISCAL SUPERIOR,PROVISIONAL (Titular Promovido),FEMENINO,1,150101,LIMA,LIMA,LIMA,31/10/2025
2024,12,06/01/2025,LIMA CENTRO,PENAL,FISCAL SUPERIOR,TITULAR,FEMENINO,8,150101,LIMA,LIMA,LIMA,31/10/2025
2024,12,06/01/2025,LIMA CENTRO,PENAL,FISCAL SUPERIOR,TITULAR,MASCULINO,7,150101,LIMA,LIMA,LIMA,31/10/2025
2024,12,06/01/2025,LIMA CENTRO,PENAL,FISCAL SUPREMO,TITULAR,FEMENINO,1,150101,LIMA,LIMA,LIMA,31/10/2025
2024,12,06/01/2025,LIMA CENTRO,PENAL,FISCAL SUPREMO,TITULAR,MASCULINO,1,150101,LIMA,LIMA,LIMA,31/10/2025
2024,12,06/01/2025,LIMA CENTRO,POOL / EQUIPO DE APOYO FISCAL (SIN ESPECIALIDAD),FISCAL ADJUNTO PROVINCIAL,PROVISIONAL,FEMENINO,75,150101,LIMA,LIMA,LIMA,31/10/2025
2024,12,06/01/2025,LIMA CENTRO,POOL / EQUIPO DE APOYO FISCAL (SIN ESPECIALIDAD),FISCAL ADJUNTO PROVINCIAL,PROVISIONAL,MASCULINO,44,150101,LIMA,LIMA,LIMA,31/10/2025
2024,12,06/01/2025,LIMA CENTRO,POOL / EQUIPO DE APOYO FISCAL (SIN ESPECIALIDAD),FISCAL ADJUNTO PROVINCIAL,TITULAR,FEMENINO,12,150101,LIMA,LIMA,LIMA,31/10/2025
2024,12,06/01/2025,LIMA CENTRO,POOL / EQUIPO DE APOYO FISCAL (SIN ESPECIALIDAD),FISCAL ADJUNTO PROVINCIAL,TITULAR,MASCULINO,9,150101,LIMA,LIMA,LIMA,31/10/2025
2024,12,06/01/2025,LIMA CENTRO,PREVENCION DEL DELITO,FISCAL ADJUNTO PROVINCIAL,PROVISIONAL,FEMENINO,8,150101,LIMA,LIMA,LIMA,31/10/2025
2024,12,06/01/2025,LIMA CENTRO,PREVENCION DEL DELITO,FISCAL ADJUNTO PROVINCIAL,PROVISIONAL,MASCULINO,5,150101,LIMA,LIMA,LIMA,31/10/2025
2024,12,06/01/2025,LIMA CENTRO,PREVENCION DEL DELITO,FISCAL ADJUNTO PROVINCIAL,TITULAR,FEMENINO,2,150101,LIMA,LIMA,LIMA,31/10/2025
2024,12,06/01/2025,LIMA CENTRO,PREVENCION DEL DELITO,FISCAL ADJUNTO PROVINCIAL,TITULAR,MASCULINO,1,150101,LIMA,LIMA,LIMA,31/10/2025
2024,12,06/01/2025,LIMA CENTRO,PREVENCION DEL DELITO,FISCAL ADJUNTO SUPERIOR,PROVISIONAL,FEMENINO,1,150101,LIMA,LIMA,LIMA,31/10/2025
2024,12,06/01/2025,LIMA CENTRO,PREVENCION DEL DELITO,FISCAL ADJUNTO SUPERIOR,PROVISIONAL (Titular Promovido),FEMENINO,1,150101,LIMA,LIMA,LIMA,31/10/2025
2024,12,06/01/2025,LIMA CENTRO,PREVENCION DEL DELITO,FISCAL PROVINCIAL,TITULAR,FEMENINO,2,150101,LIMA,LIMA,LIMA,31/10/2025
2024,12,06/01/2025,LIMA CENTRO,PREVENCION DEL DELITO,FISCAL PROVINCIAL,TITULAR,MASCULINO,3,150101,LIMA,LIMA,LIMA,31/10/2025
2024,12,06/01/2025,LIMA CENTRO,PREVENCION DEL DELITO,FISCAL SUPERIOR,PROVISIONAL (Titular Promovido),MASCULINO,1,150101,LIMA,LIMA,LIMA,31/10/2025
2024,12,06/01/2025,LIMA CENTRO,TRAFICO ILICITO DE DROGAS,FISCAL ADJUNTO PROVINCIAL,PROVISIONAL,FEMENINO,5,150101,LIMA,LIMA,LIMA,31/10/2025
2024,12,06/01/2025,LIMA CENTRO,TRAFICO ILICITO DE DROGAS,FISCAL ADJUNTO PROVINCIAL,PROVISIONAL,MASCULINO,6,150101,LIMA,LIMA,LIMA,31/10/2025
2024,12,06/01/2025,LIMA CENTRO,TRAFICO ILICITO DE DROGAS,FISCAL ADJUNTO PROVINCIAL,TITULAR,MASCULINO,1,150101,LIMA,LIMA,LIMA,31/10/2025
2024,12,06/01/2025,LIMA CENTRO,TRAFICO ILICITO DE DROGAS,FISCAL PROVINCIAL,PROVISIONAL,MASCULINO,1,150101,LIMA,LIMA,LIMA,31/10/2025
2024,12,06/01/2025,LIMA CENTRO,TRAFICO ILICITO DE DROGAS,FISCAL PROVINCIAL,TITULAR,FEMENINO,1,150101,LIMA,LIMA,LIMA,31/10/2025
2024,12,06/01/2025,LIMA CENTRO,TRAFICO ILICITO DE DROGAS,FISCAL SUPERIOR,PROVISIONAL (Titular Promovido),FEMENINO,1,150101,LIMA,LIMA,LIMA,31/10/2025
2024,12,06/01/2025,LIMA CENTRO,VIOLENCIA CONTRA LA MUJER E INTEGRANTES DEL GRUPO FAMILIAR,FISCAL ADJUNTO PROVINCIAL,PROVISIONAL,FEMENINO,60,150101,LIMA,LIMA,LIMA,31/10/2025
2024,12,06/01/2025,LIMA CENTRO,VIOLENCIA CONTRA LA MUJER E INTEGRANTES DEL GRUPO FAMILIAR,FISCAL ADJUNTO PROVINCIAL,PROVISIONAL,MASCULINO,41,150101,LIMA,LIMA,LIMA,31/10/2025
2024,12,06/01/2025,LIMA CENTRO,VIOLENCIA CONTRA LA MUJER E INTEGRANTES DEL GRUPO FAMILIAR,FISCAL ADJUNTO PROVINCIAL,TITULAR,FEMENINO,6,150101,LIMA,LIMA,LIMA,31/10/2025
2024,12,06/01/2025,LIMA CENTRO,VIOLENCIA CONTRA LA MUJER E INTEGRANTES DEL GRUPO FAMILIAR,FISCAL ADJUNTO PROVINCIAL,TITULAR,MASCULINO,3,150101,LIMA,LIMA,LIMA,31/10/2025
2024,12,06/01/2025,LIMA CENTRO,VIOLENCIA CONTRA LA MUJER E INTEGRANTES DEL GRUPO FAMILIAR,FISCAL ADJUNTO SUPERIOR,PROVISIONAL (Titular Promovido),FEMENINO,2,150101,LIMA,LIMA,LIMA,31/10/2025
2024,12,06/01/2025,LIMA CENTRO,VIOLENCIA CONTRA LA MUJER E INTEGRANTES DEL GRUPO FAMILIAR,FISCAL ADJUNTO SUPERIOR,PROVISIONAL (Titular Promovido),MASCULINO,1,150101,LIMA,LIMA,LIMA,31/10/2025
2024,12,06/01/2025,LIMA CENTRO,VIOLENCIA CONTRA LA MUJER E INTEGRANTES DEL GRUPO FAMILIAR,FISCAL ADJUNTO SUPERIOR,TITULAR,FEMENINO,2,150101,LIMA,LIMA,LIMA,31/10/2025
2024,12,06/01/2025,LIMA CENTRO,VIOLENCIA CONTRA LA MUJER E INTEGRANTES DEL GRUPO FAMILIAR,FISCAL PROVINCIAL,PROVISIONAL,FEMENINO,2,150101,LIMA,LIMA,LIMA,31/10/2025
2024,12,06/01/2025,LIMA CENTRO,VIOLENCIA CONTRA LA MUJER E INTEGRANTES DEL GRUPO FAMILIAR,FISCAL PROVINCIAL,PROVISIONAL,MASCULINO,2,150101,LIMA,LIMA,LIMA,31/10/2025
2024,12,06/01/2025,LIMA CENTRO,VIOLENCIA CONTRA LA MUJER E INTEGRANTES DEL GRUPO FAMILIAR,FISCAL PROVINCIAL,PROVISIONAL (Titular Promovido),FEMENINO,8,150101,LIMA,LIMA,LIMA,31/10/2025
2024,12,06/01/2025,LIMA CENTRO,VIOLENCIA CONTRA LA MUJER E INTEGRANTES DEL GRUPO FAMILIAR,FISCAL PROVINCIAL,PROVISIONAL (Titular Promovido),MASCULINO,3,150101,LIMA,LIMA,LIMA,31/10/2025
2024,12,06/01/2025,LIMA CENTRO,VIOLENCIA CONTRA LA MUJER E INTEGRANTES DEL GRUPO FAMILIAR,FISCAL PROVINCIAL,TITULAR,FEMENINO,3,150101,LIMA,LIMA,LIMA,31/10/2025
2024,12,06/01/2025,LIMA CENTRO,VIOLENCIA CONTRA LA MUJER E INTEGRANTES DEL GRUPO FAMILIAR,FISCAL PROVINCIAL,TITULAR,MASCULINO,5,150101,LIMA,LIMA,LIMA,31/10/2025
2024,12,06/01/2025,LIMA CENTRO,VIOLENCIA CONTRA LA MUJER E INTEGRANTES DEL GRUPO FAMILIAR,FISCAL SUPERIOR,PROVISIONAL (Titular Promovido),FEMENINO,1,150101,LIMA,LIMA,LIMA,31/10/2025
2024,12,06/01/2025,LIMA CENTRO,DERECHOS HUMANOS E INTERCULTURALIDAD,FISCAL ADJUNTO PROVINCIAL,PROVISIONAL,FEMENINO,24,150101,LIMA,LIMA,LIMA,31/10/2025
2024,12,06/01/2025,LIMA CENTRO,DERECHOS HUMANOS E INTERCULTURALIDAD,FISCAL ADJUNTO PROVINCIAL,PROVISIONAL,MASCULINO,19,150101,LIMA,LIMA,LIMA,31/10/2025
2024,12,06/01/2025,LIMA CENTRO,DERECHOS HUMANOS E INTERCULTURALIDAD,FISCAL ADJUNTO PROVINCIAL,TITULAR,FEMENINO,1,150101,LIMA,LIMA,LIMA,31/10/2025
2024,12,06/01/2025,LIMA CENTRO,DERECHOS HUMANOS E INTERCULTURALIDAD,FISCAL ADJUNTO SUPERIOR,PROVISIONAL,FEMENINO,1,150101,LIMA,LIMA,LIMA,31/10/2025
2024,12,06/01/2025,LIMA CENTRO,DERECHOS HUMANOS E INTERCULTURALIDAD,FISCAL ADJUNTO SUPERIOR,PROVISIONAL,MASCULINO,1,150101,LIMA,LIMA,LIMA,31/10/2025
2024,12,06/01/2025,LIMA CENTRO,DERECHOS HUMANOS E INTERCULTURALIDAD,FISCAL ADJUNTO SUPERIOR,PROVISIONAL (Titular Promovido),FEMENINO,1,150101,LIMA,LIMA,LIMA,31/10/2025
2024,12,06/01/2025,LIMA CENTRO,DERECHOS HUMANOS E INTERCULTURALIDAD,FISCAL ADJUNTO SUPERIOR,TITULAR,MASCULINO,2,150101,LIMA,LIMA,LIMA,31/10/2025
2024,12,06/01/2025,LIMA CENTRO,DERECHOS HUMANOS E INTERCULTURALIDAD,FISCAL PROVINCIAL,PROVISIONAL,MASCULINO,2,150101,LIMA,LIMA,LIMA,31/10/2025
2024,12,06/01/2025,LIMA CENTRO,DERECHOS HUMANOS E INTERCULTURALIDAD,FISCAL PROVINCIAL,PROVISIONAL (Titular Promovido),FEMENINO,1,150101,LIMA,LIMA,LIMA,31/10/2025
2024,12,06/01/2025,LIMA CENTRO,DERECHOS HUMANOS E INTERCULTURALIDAD,FISCAL PROVINCIAL,PROVISIONAL (Titular Promovido),MASCULINO,1,150101,LIMA,LIMA,LIMA,31/10/2025
2024,12,06/01/2025,LIMA CENTRO,DERECHOS HUMANOS E INTERCULTURALIDAD,FISCAL PROVINCIAL,TITULAR,FEMENINO,1,150101,LIMA,LIMA,LIMA,31/10/2025
2024,12,06/01/2025,LIMA CENTRO,DERECHOS HUMANOS E INTERCULTURALIDAD,FISCAL SUPERIOR,PROVISIONAL (Titular Promovido),MASCULINO,1,150101,LIMA,LIMA,LIMA,31/10/2025
2024,12,06/01/2025,LIMA CENTRO,DERECHOS HUMANOS E INTERCULTURALIDAD,FISCAL SUPERIOR,TITULAR,FEMENINO,1,150101,LIMA,LIMA,LIMA,31/10/2025
2024,12,06/01/2025,LIMA CENTRO,DELITOS DE TERRORISMO Y DELITOS CONEXOS,FISCAL ADJUNTO PROVINCIAL,PROVISIONAL,FEMENINO,5,150101,LIMA,LIMA,LIMA,31/10/2025
2024,12,06/01/2025,LIMA CENTRO,DELITOS DE TERRORISMO Y DELITOS CONEXOS,FISCAL ADJUNTO PROVINCIAL,PROVISIONAL,MASCULINO,3,150101,LIMA,LIMA,LIMA,31/10/2025
2024,12,06/01/2025,LIMA CENTRO,DELITOS DE TERRORISMO Y DELITOS CONEXOS,FISCAL ADJUNTO PROVINCIAL,TITULAR,FEMENINO,1,150101,LIMA,LIMA,LIMA,31/10/2025
2024,12,06/01/2025,LIMA CENTRO,DELITOS DE TERRORISMO Y DELITOS CONEXOS,FISCAL ADJUNTO PROVINCIAL,TITULAR,MASCULINO,1,150101,LIMA,LIMA,LIMA,31/10/2025
2024,12,06/01/2025,LIMA CENTRO,DELITOS DE TERRORISMO Y DELITOS CONEXOS,FISCAL ADJUNTO SUPERIOR,PROVISIONAL (Titular Promovido),MASCULINO,2,150101,LIMA,LIMA,LIMA,31/10/2025
2024,12,06/01/2025,LIMA CENTRO,DELITOS DE TERRORISMO Y DELITOS CONEXOS,FISCAL ADJUNTO SUPERIOR,TITULAR,MASCULINO,2,150101,LIMA,LIMA,LIMA,31/10/2025
2024,12,06/01/2025,LIMA CENTRO,DELITOS DE TERRORISMO Y DELITOS CONEXOS,FISCAL PROVINCIAL,TITULAR,FEMENINO,1,150101,LIMA,LIMA,LIMA,31/10/2025
2024,12,06/01/2025,LIMA CENTRO,DELITOS DE TERRORISMO Y DELITOS CONEXOS,FISCAL PROVINCIAL,TITULAR,MASCULINO,1,150101,LIMA,LIMA,LIMA,31/10/2025
2024,12,06/01/2025,LIMA CENTRO,DELITOS DE TERRORISMO Y DELITOS CONEXOS,FISCAL SUPERIOR,TITULAR,FEMENINO,1,150101,LIMA,LIMA,LIMA,31/10/2025
2024,12,06/01/2025,LIMA CENTRO,PREVENCION DE VIOLENCIA DE GENERO Y PERSONAS EN CONDICION DE VULNERABILIDAD,FISCAL ADJUNTO PROVINCIAL,PROVISIONAL,FEMENINO,2,150101,LIMA,LIMA,LIMA,31/10/2025
2024,12,06/01/2025,LIMA CENTRO,PREVENCION DE VIOLENCIA DE GENERO Y PERSONAS EN CONDICION DE VULNERABILIDAD,FISCAL ADJUNTO PROVINCIAL,TITULAR,FEMENINO,1,150101,LIMA,LIMA,LIMA,31/10/2025
2024,12,06/01/2025,LIMA CENTRO,PREVENCION DE VIOLENCIA DE GENERO Y PERSONAS EN CONDICION DE VULNERABILIDAD,FISCAL PROVINCIAL,TITULAR,FEMENINO,2,150101,LIMA,LIMA,LIMA,31/10/2025
2024,12,06/01/2025,LIMA CENTRO,CIBERDELINCUENCIA,FISCAL ADJUNTO PROVINCIAL,PROVISIONAL,FEMENINO,13,150101,LIMA,LIMA,LIMA,31/10/2025
2024,12,06/01/2025,LIMA CENTRO,CIBERDELINCUENCIA,FISCAL ADJUNTO PROVINCIAL,PROVISIONAL,MASCULINO,7,150101,LIMA,LIMA,LIMA,31/10/2025
2024,12,06/01/2025,LIMA CENTRO,CIBERDELINCUENCIA,FISCAL ADJUNTO PROVINCIAL,TITULAR,FEMENINO,1,150101,LIMA,LIMA,LIMA,31/10/2025
2024,12,06/01/2025,LIMA CENTRO,CIBERDELINCUENCIA,FISCAL ADJUNTO SUPERIOR,PROVISIONAL (Titular Promovido),FEMENINO,2,150101,LIMA,LIMA,LIMA,31/10/2025
2024,12,06/01/2025,LIMA CENTRO,CIBERDELINCUENCIA,FISCAL PROVINCIAL,PROVISIONAL,FEMENINO,1,150101,LIMA,LIMA,LIMA,31/10/2025
2024,12,06/01/2025,LIMA CENTRO,CIBERDELINCUENCIA,FISCAL PROVINCIAL,PROVISIONAL (Titular Promovido),FEMENINO,1,150101,LIMA,LIMA,LIMA,31/10/2025
2024,12,06/01/2025,LIMA CENTRO,CIBERDELINCUENCIA,FISCAL PROVINCIAL,TITULAR,FEMENINO,1,150101,LIMA,LIMA,LIMA,31/10/2025
2024,12,06/01/2025,LIMA CENTRO,CIBERDELINCUENCIA,FISCAL PROVINCIAL,TITULAR,MASCULINO,1,150101,LIMA,LIMA,LIMA,31/10/2025
2024,12,06/01/2025,LIMA CENTRO,CIBERDELINCUENCIA,FISCAL SUPERIOR,TITULAR,FEMENINO,1,150101,LIMA,LIMA,LIMA,31/10/2025
2024,12,06/01/2025,LIMA CENTRO,"EQUIPO ESPECIAL DE FISCALES AVOCADO AL CONOCIMIENTO DEL CASO ""LOS CUELLOS BLANCOS DEL PUERTO""",FISCAL ADJUNTO PROVINCIAL,PROVISIONAL,FEMENINO,13,150101,LIMA,LIMA,LIMA,31/10/2025
2024,12,06/01/2025,LIMA CENTRO,"EQUIPO ESPECIAL DE FISCALES AVOCADO AL CONOCIMIENTO DEL CASO ""LOS CUELLOS BLANCOS DEL PUERTO""",FISCAL ADJUNTO PROVINCIAL,PROVISIONAL,MASCULINO,9,150101,LIMA,LIMA,LIMA,31/10/2025
2024,12,06/01/2025,LIMA CENTRO,"EQUIPO ESPECIAL DE FISCALES AVOCADO AL CONOCIMIENTO DEL CASO ""LOS CUELLOS BLANCOS DEL PUERTO""",FISCAL ADJUNTO PROVINCIAL,TITULAR,MASCULINO,2,150101,LIMA,LIMA,LIMA,31/10/2025
2024,12,06/01/2025,LIMA CENTRO,"EQUIPO ESPECIAL DE FISCALES AVOCADO AL CONOCIMIENTO DEL CASO ""LOS CUELLOS BLANCOS DEL PUERTO""",FISCAL ADJUNTO SUPERIOR,PROVISIONAL (Titular Promovido),FEMENINO,3,150101,LIMA,LIMA,LIMA,31/10/2025
2024,12,06/01/2025,LIMA CENTRO,"EQUIPO ESPECIAL DE FISCALES AVOCADO AL CONOCIMIENTO DEL CASO ""LOS CUELLOS BLANCOS DEL PUERTO""",FISCAL PROVINCIAL,PROVISIONAL (Titular Promovido),FEMENINO,3,150101,LIMA,LIMA,LIMA,31/10/2025
2024,12,06/01/2025,LIMA CENTRO,"EQUIPO ESPECIAL DE FISCALES AVOCADO AL CONOCIMIENTO DEL CASO ""LOS CUELLOS BLANCOS DEL PUERTO""",FISCAL PROVINCIAL,PROVISIONAL (Titular Promovido),MASCULINO,1,150101,LIMA,LIMA,LIMA,31/10/2025
2024,12,06/01/2025,LIMA CENTRO,"EQUIPO ESPECIAL DE FISCALES AVOCADO AL CONOCIMIENTO DEL CASO ""LOS CUELLOS BLANCOS DEL PUERTO""",FISCAL SUPERIOR,PROVISIONAL (Titular Promovido),FEMENINO,1,150101,LIMA,LIMA,LIMA,31/10/2025
2024,12,06/01/2025,LIMA CENTRO,(en blanco),FISCAL SUPERIOR,TITULAR,MASCULINO,1,150101,LIMA,LIMA,LIMA,31/10/2025
2024,12,06/01/2025,LIMA CENTRO,EQUIPO ESPECIAL DE FISCALES PARA CASOS CON VICTIMAS DURANTE LAS PROTESTAS SOCIALES,FISCAL ADJUNTO PROVINCIAL,PROVISIONAL,FEMENINO,18,150101,LIMA,LIMA,LIMA,31/10/2025
2024,12,06/01/2025,LIMA CENTRO,EQUIPO ESPECIAL DE FISCALES PARA CASOS CON VICTIMAS DURANTE LAS PROTESTAS SOCIALES,FISCAL ADJUNTO PROVINCIAL,PROVISIONAL,MASCULINO,12,150101,LIMA,LIMA,LIMA,31/10/2025
2024,12,06/01/2025,LIMA CENTRO,EQUIPO ESPECIAL DE FISCALES PARA CASOS CON VICTIMAS DURANTE LAS PROTESTAS SOCIALES,FISCAL ADJUNTO SUPERIOR,PROVISIONAL (Titular Promovido),MASCULINO,1,150101,LIMA,LIMA,LIMA,31/10/2025
2024,12,06/01/2025,LIMA CENTRO,EQUIPO ESPECIAL DE FISCALES PARA CASOS CON VICTIMAS DURANTE LAS PROTESTAS SOCIALES,FISCAL PROVINCIAL,PROVISIONAL,FEMENINO,3,150101,LIMA,LIMA,LIMA,31/10/2025
2024,12,06/01/2025,LIMA CENTRO,EQUIPO ESPECIAL DE FISCALES PARA CASOS CON VICTIMAS DURANTE LAS PROTESTAS SOCIALES,FISCAL PROVINCIAL,PROVISIONAL (Titular Promovido),FEMENINO,2,150101,LIMA,LIMA,LIMA,31/10/2025
2024,12,06/01/2025,LIMA CENTRO,EQUIPO ESPECIAL DE FISCALES PARA CASOS CON VICTIMAS DURANTE LAS PROTESTAS SOCIALES,FISCAL PROVINCIAL,PROVISIONAL (Titular Promovido),MASCULINO,1,150101,LIMA,LIMA,LIMA,31/10/2025
2024,12,06/01/2025,LIMA CENTRO,EQUIPO ESPECIAL DE FISCALES PARA CASOS CON VICTIMAS DURANTE LAS PROTESTAS SOCIALES,FISCAL PROVINCIAL,TITULAR,FEMENINO,1,150101,LIMA,LIMA,LIMA,31/10/2025
2024,12,06/01/2025,LIMA CENTRO,EQUIPO ESPECIAL DE FISCALES PARA CASOS CON VICTIMAS DURANTE LAS PROTESTAS SOCIALES,FISCAL SUPERIOR,PROVISIONAL (Titular Promovido),MASCULINO,1,150101,LIMA,LIMA,LIMA,31/10/2025
2024,12,06/01/2025,LIMA CENTRO,JURADO NACIONAL DE ELECCIONES,FISCAL SUPREMO,PROVISIONAL (Titular Promovido),FEMENINO,1,150101,LIMA,LIMA,LIMA,31/10/2025
2024,12,06/01/2025,LIMA ESTE,AUTORIDAD NACIONAL DE CONTROL,FISCAL ADJUNTO SUPERIOR,PROVISIONAL,MASCULINO,1,150137,LIMA,LIMA,SANTA ANITA,31/10/2025
2024,12,06/01/2025,LIMA ESTE,AUTORIDAD NACIONAL DE CONTROL,FISCAL ADJUNTO SUPERIOR,PROVISIONAL (Titular Promovido),FEMENINO,1,150137,LIMA,LIMA,SANTA ANITA,31/10/2025
2024,12,06/01/2025,LIMA ESTE,AUTORIDAD NACIONAL DE CONTROL,FISCAL SUPERIOR,PROVISIONAL (Titular Promovido),FEMENINO,1,150137,LIMA,LIMA,SANTA ANITA,31/10/2025
2024,12,06/01/2025,LIMA ESTE,CORRUPCION DE FUNCIONARIOS,FISCAL ADJUNTO PROVINCIAL,PROVISIONAL,FEMENINO,4,150137,LIMA,LIMA,SANTA ANITA,31/10/2025
2024,12,06/01/2025,LIMA ESTE,CORRUPCION DE FUNCIONARIOS,FISCAL ADJUNTO PROVINCIAL,PROVISIONAL,MASCULINO,2,150137,LIMA,LIMA,SANTA ANITA,31/10/2025
2024,12,06/01/2025,LIMA ESTE,CORRUPCION DE FUNCIONARIOS,FISCAL PROVINCIAL,PROVISIONAL,MASCULINO,1,150137,LIMA,LIMA,SANTA ANITA,31/10/2025
2024,12,06/01/2025,LIMA ESTE,CORRUPCION DE FUNCIONARIOS,FISCAL PROVINCIAL,PROVISIONAL (Titular Promovido),FEMENINO,1,150137,LIMA,LIMA,SANTA ANITA,31/10/2025
2024,12,06/01/2025,LIMA ESTE,CORRUPCION DE FUNCIONARIOS,FISCAL PROVINCIAL,PROVISIONAL (Titular Promovido),MASCULINO,1,150137,LIMA,LIMA,SANTA ANITA,31/10/2025
2024,12,06/01/2025,LIMA ESTE,FAMILIA,FISCAL ADJUNTO PROVINCIAL,PROVISIONAL,FEMENINO,7,150137,LIMA,LIMA,SANTA ANITA,31/10/2025
2024,12,06/01/2025,LIMA ESTE,FAMILIA,FISCAL ADJUNTO PROVINCIAL,PROVISIONAL,MASCULINO,3,150137,LIMA,LIMA,SANTA ANITA,31/10/2025
2024,12,06/01/2025,LIMA ESTE,FAMILIA,FISCAL ADJUNTO PROVINCIAL,TITULAR,FEMENINO,2,150137,LIMA,LIMA,SANTA ANITA,31/10/2025
2024,12,06/01/2025,LIMA ESTE,FAMILIA,FISCAL ADJUNTO PROVINCIAL,TITULAR,MASCULINO,2,150137,LIMA,LIMA,SANTA ANITA,31/10/2025
2024,12,06/01/2025,LIMA ESTE,FAMILIA,FISCAL ADJUNTO SUPERIOR,PROVISIONAL (Titular Promovido),FEMENINO,2,150137,LIMA,LIMA,SANTA ANITA,31/10/2025
2024,12,06/01/2025,LIMA ESTE,FAMILIA,FISCAL PROVINCIAL,PROVISIONAL,FEMENINO,1,150137,LIMA,LIMA,SANTA ANITA,31/10/2025
2024,12,06/01/2025,LIMA ESTE,FAMILIA,FISCAL PROVINCIAL,PROVISIONAL (Titular Promovido),FEMENINO,1,150137,LIMA,LIMA,SANTA ANITA,31/10/2025
2024,12,06/01/2025,LIMA ESTE,FAMILIA,FISCAL PROVINCIAL,PROVISIONAL (Titular Promovido),MASCULINO,1,150137,LIMA,LIMA,SANTA ANITA,31/10/2025
2024,12,06/01/2025,LIMA ESTE,FAMILIA,FISCAL PROVINCIAL,TITULAR,FEMENINO,3,150137,LIMA,LIMA,SANTA ANITA,31/10/2025
2024,12,06/01/2025,LIMA ESTE,FAMILIA,FISCAL PROVINCIAL,TITULAR,MASCULINO,3,150137,LIMA,LIMA,SANTA ANITA,31/10/2025
2024,12,06/01/2025,LIMA ESTE,FAMILIA,FISCAL SUPERIOR,PROVISIONAL (Titular Promovido),FEMENINO,1,150137,LIMA,LIMA,SANTA ANITA,31/10/2025
2024,12,06/01/2025,LIMA ESTE,PENAL,FISCAL ADJUNTO PROVINCIAL,PROVISIONAL,FEMENINO,113,150137,LIMA,LIMA,SANTA ANITA,31/10/2025
2024,12,06/01/2025,LIMA ESTE,PENAL,FISCAL ADJUNTO PROVINCIAL,PROVISIONAL,MASCULINO,80,150137,LIMA,LIMA,SANTA ANITA,31/10/2025
2024,12,06/01/2025,LIMA ESTE,PENAL,FISCAL ADJUNTO PROVINCIAL,TITULAR,FEMENINO,2,150137,LIMA,LIMA,SANTA ANITA,31/10/2025
2024,12,06/01/2025,LIMA ESTE,PENAL,FISCAL ADJUNTO PROVINCIAL,TITULAR,MASCULINO,2,150137,LIMA,LIMA,SANTA ANITA,31/10/2025
2024,12,06/01/2025,LIMA ESTE,PENAL,FISCAL ADJUNTO SUPERIOR,PROVISIONAL,FEMENINO,1,150137,LIMA,LIMA,SANTA ANITA,31/10/2025
2024,12,06/01/2025,LIMA ESTE,PENAL,FISCAL ADJUNTO SUPERIOR,PROVISIONAL,MASCULINO,1,150137,LIMA,LIMA,SANTA ANITA,31/10/2025
2024,12,06/01/2025,LIMA ESTE,PENAL,FISCAL ADJUNTO SUPERIOR,PROVISIONAL (Titular Promovido),FEMENINO,4,150137,LIMA,LIMA,SANTA ANITA,31/10/2025
2024,12,06/01/2025,LIMA ESTE,PENAL,FISCAL ADJUNTO SUPERIOR,PROVISIONAL (Titular Promovido),MASCULINO,3,150137,LIMA,LIMA,SANTA ANITA,31/10/2025
2024,12,06/01/2025,LIMA ESTE,PENAL,FISCAL ADJUNTO SUPERIOR,TITULAR,MASCULINO,2,150137,LIMA,LIMA,SANTA ANITA,31/10/2025
2024,12,06/01/2025,LIMA ESTE,PENAL,FISCAL PROVINCIAL,PROVISIONAL,FEMENINO,12,150137,LIMA,LIMA,SANTA ANITA,31/10/2025
2024,12,06/01/2025,LIMA ESTE,PENAL,FISCAL PROVINCIAL,PROVISIONAL,MASCULINO,8,150137,LIMA,LIMA,SANTA ANITA,31/10/2025
2024,12,06/01/2025,LIMA ESTE,PENAL,FISCAL PROVINCIAL,PROVISIONAL (Titular Promovido),FEMENINO,20,150137,LIMA,LIMA,SANTA ANITA,31/10/2025
2024,12,06/01/2025,LIMA ESTE,PENAL,FISCAL PROVINCIAL,PROVISIONAL (Titular Promovido),MASCULINO,7,150137,LIMA,LIMA,SANTA ANITA,31/10/2025
2024,12,06/01/2025,LIMA ESTE,PENAL,FISCAL PROVINCIAL,TITULAR,FEMENINO,7,150137,LIMA,LIMA,SANTA ANITA,31/10/2025
2024,12,06/01/2025,LIMA ESTE,PENAL,FISCAL PROVINCIAL,TITULAR,MASCULINO,17,150137,LIMA,LIMA,SANTA ANITA,31/10/2025
2024,12,06/01/2025,LIMA ESTE,PENAL,FISCAL SUPERIOR,PROVISIONAL (Titular Promovido),MASCULINO,3,150137,LIMA,LIMA,SANTA ANITA,31/10/2025
2024,12,06/01/2025,LIMA ESTE,PENAL,FISCAL SUPERIOR,TITULAR,FEMENINO,2,150137,LIMA,LIMA,SANTA ANITA,31/10/2025
2024,12,06/01/2025,LIMA ESTE,PENAL,FISCAL SUPERIOR,TITULAR,MASCULINO,1,150137,LIMA,LIMA,SANTA ANITA,31/10/2025
2024,12,06/01/2025,LIMA ESTE,POOL / EQUIPO DE APOYO FISCAL (SIN ESPECIALIDAD),FISCAL ADJUNTO PROVINCIAL,PROVISIONAL,FEMENINO,9,150137,LIMA,LIMA,SANTA ANITA,31/10/2025
2024,12,06/01/2025,LIMA ESTE,POOL / EQUIPO DE APOYO FISCAL (SIN ESPECIALIDAD),FISCAL ADJUNTO PROVINCIAL,PROVISIONAL,MASCULINO,4,150137,LIMA,LIMA,SANTA ANITA,31/10/2025
2024,12,06/01/2025,LIMA ESTE,PREVENCION DEL DELITO,FISCAL ADJUNTO PROVINCIAL,PROVISIONAL,FEMENINO,4,150137,LIMA,LIMA,SANTA ANITA,31/10/2025
2024,12,06/01/2025,LIMA ESTE,PREVENCION DEL DELITO,FISCAL ADJUNTO PROVINCIAL,PROVISIONAL,MASCULINO,1,150137,LIMA,LIMA,SANTA ANITA,31/10/2025
2024,12,06/01/2025,LIMA ESTE,PREVENCION DEL DELITO,FISCAL PROVINCIAL,PROVISIONAL,MASCULINO,3,150137,LIMA,LIMA,SANTA ANITA,31/10/2025
2024,12,06/01/2025,LIMA ESTE,VIOLENCIA CONTRA LA MUJER E INTEGRANTES DEL GRUPO FAMILIAR,FISCAL ADJUNTO PROVINCIAL,PROVISIONAL,FEMENINO,48,150137,LIMA,LIMA,SANTA ANITA,31/10/2025
2024,12,06/01/2025,LIMA ESTE,VIOLENCIA CONTRA LA MUJER E INTEGRANTES DEL GRUPO FAMILIAR,FISCAL ADJUNTO PROVINCIAL,PROVISIONAL,MASCULINO,26,150137,LIMA,LIMA,SANTA ANITA,31/10/2025
2024,12,06/01/2025,LIMA ESTE,VIOLENCIA CONTRA LA MUJER E INTEGRANTES DEL GRUPO FAMILIAR,FISCAL ADJUNTO SUPERIOR,PROVISIONAL (Titular Promovido),FEMENINO,2,150137,LIMA,LIMA,SANTA ANITA,31/10/2025
2024,12,06/01/2025,LIMA ESTE,VIOLENCIA CONTRA LA MUJER E INTEGRANTES DEL GRUPO FAMILIAR,FISCAL PROVINCIAL,PROVISIONAL,FEMENINO,14,150137,LIMA,LIMA,SANTA ANITA,31/10/2025
2024,12,06/01/2025,LIMA ESTE,VIOLENCIA CONTRA LA MUJER E INTEGRANTES DEL GRUPO FAMILIAR,FISCAL PROVINCIAL,PROVISIONAL,MASCULINO,6,150137,LIMA,LIMA,SANTA ANITA,31/10/2025
2024,12,06/01/2025,LIMA ESTE,VIOLENCIA CONTRA LA MUJER E INTEGRANTES DEL GRUPO FAMILIAR,FISCAL PROVINCIAL,PROVISIONAL (Titular Promovido),FEMENINO,7,150137,LIMA,LIMA,SANTA ANITA,31/10/2025
2024,12,06/01/2025,LIMA ESTE,VIOLENCIA CONTRA LA MUJER E INTEGRANTES DEL GRUPO FAMILIAR,FISCAL PROVINCIAL,PROVISIONAL (Titular Promovido),MASCULINO,3,150137,LIMA,LIMA,SANTA ANITA,31/10/2025
2024,12,06/01/2025,LIMA ESTE,VIOLENCIA CONTRA LA MUJER E INTEGRANTES DEL GRUPO FAMILIAR,FISCAL SUPERIOR,PROVISIONAL (Titular Promovido),FEMENINO,1,150137,LIMA,LIMA,SANTA ANITA,31/10/2025
2024,12,06/01/2025,LIMA NOROESTE,AUTORIDAD NACIONAL DE CONTROL,FISCAL ADJUNTO PROVINCIAL,PROVISIONAL,MASCULINO,1,070106,CALLAO,CALLAO,VENTANILLA,31/10/2025
2024,12,06/01/2025,LIMA NOROESTE,AUTORIDAD NACIONAL DE CONTROL,FISCAL ADJUNTO SUPERIOR,PROVISIONAL (Titular Promovido),FEMENINO,1,070106,CALLAO,CALLAO,VENTANILLA,31/10/2025
2024,12,06/01/2025,LIMA NOROESTE,AUTORIDAD NACIONAL DE CONTROL,FISCAL ADJUNTO SUPERIOR,PROVISIONAL (Titular Promovido),MASCULINO,1,070106,CALLAO,CALLAO,VENTANILLA,31/10/2025
2024,12,06/01/2025,LIMA NOROESTE,AUTORIDAD NACIONAL DE CONTROL,FISCAL SUPERIOR,PROVISIONAL (Titular Promovido),FEMENINO,1,070106,CALLAO,CALLAO,VENTANILLA,31/10/2025
2024,12,06/01/2025,LIMA NOROESTE,CORRUPCION DE FUNCIONARIOS,FISCAL ADJUNTO PROVINCIAL,PROVISIONAL,FEMENINO,1,070106,CALLAO,CALLAO,VENTANILLA,31/10/2025
2024,12,06/01/2025,LIMA NOROESTE,CORRUPCION DE FUNCIONARIOS,FISCAL ADJUNTO PROVINCIAL,PROVISIONAL,MASCULINO,3,070106,CALLAO,CALLAO,VENTANILLA,31/10/2025
2024,12,06/01/2025,LIMA NOROESTE,CORRUPCION DE FUNCIONARIOS,FISCAL PROVINCIAL,PROVISIONAL (Titular Promovido),FEMENINO,1,070106,CALLAO,CALLAO,VENTANILLA,31/10/2025
2024,12,06/01/2025,LIMA NOROESTE,CORRUPCION DE FUNCIONARIOS,FISCAL PROVINCIAL,TITULAR,MASCULINO,1,070106,CALLAO,CALLAO,VENTANILLA,31/10/2025
2024,12,06/01/2025,LIMA NOROESTE,CRIMEN ORGANIZADO,FISCAL ADJUNTO PROVINCIAL,PROVISIONAL,FEMENINO,4,070106,CALLAO,CALLAO,VENTANILLA,31/10/2025
2024,12,06/01/2025,LIMA NOROESTE,CRIMEN ORGANIZADO,FISCAL ADJUNTO PROVINCIAL,PROVISIONAL,MASCULINO,3,070106,CALLAO,CALLAO,VENTANILLA,31/10/2025
2024,12,06/01/2025,LIMA NOROESTE,CRIMEN ORGANIZADO,FISCAL PROVINCIAL,PROVISIONAL,FEMENINO,1,070106,CALLAO,CALLAO,VENTANILLA,31/10/2025
2024,12,06/01/2025,LIMA NOROESTE,CRIMEN ORGANIZADO,FISCAL PROVINCIAL,PROVISIONAL,MASCULINO,1,070106,CALLAO,CALLAO,VENTANILLA,31/10/2025
2024,12,06/01/2025,LIMA NOROESTE,CRIMEN ORGANIZADO,FISCAL PROVINCIAL,PROVISIONAL (Titular Promovido),MASCULINO,1,070106,CALLAO,CALLAO,VENTANILLA,31/10/2025
2024,12,06/01/2025,LIMA NOROESTE,DELITOS ADUANEROS Y CONTRA LA PROPIEDAD INTELECTUAL,FISCAL PROVINCIAL,PROVISIONAL,FEMENINO,1,070106,CALLAO,CALLAO,VENTANILLA,31/10/2025
2024,12,06/01/2025,LIMA NOROESTE,FAMILIA,FISCAL ADJUNTO PROVINCIAL,PROVISIONAL,FEMENINO,7,070106,CALLAO,CALLAO,VENTANILLA,31/10/2025
2024,12,06/01/2025,LIMA NOROESTE,FAMILIA,FISCAL ADJUNTO PROVINCIAL,PROVISIONAL,MASCULINO,1,070106,CALLAO,CALLAO,VENTANILLA,31/10/2025
2024,12,06/01/2025,LIMA NOROESTE,FAMILIA,FISCAL ADJUNTO PROVINCIAL,TITULAR,MASCULINO,1,070106,CALLAO,CALLAO,VENTANILLA,31/10/2025
2024,12,06/01/2025,LIMA NOROESTE,FAMILIA,FISCAL ADJUNTO SUPERIOR,PROVISIONAL,MASCULINO,1,070106,CALLAO,CALLAO,VENTANILLA,31/10/2025
2024,12,06/01/2025,LIMA NOROESTE,FAMILIA,FISCAL PROVINCIAL,PROVISIONAL (Titular Promovido),FEMENINO,1,070106,CALLAO,CALLAO,VENTANILLA,31/10/2025
2024,12,06/01/2025,LIMA NOROESTE,FAMILIA,FISCAL PROVINCIAL,PROVISIONAL (Titular Promovido),MASCULINO,1,070106,CALLAO,CALLAO,VENTANILLA,31/10/2025
2024,12,06/01/2025,LIMA NOROESTE,FAMILIA,FISCAL PROVINCIAL,TITULAR,FEMENINO,1,070106,CALLAO,CALLAO,VENTANILLA,31/10/2025
2024,12,06/01/2025,LIMA NOROESTE,FAMILIA,FISCAL PROVINCIAL,TITULAR,MASCULINO,1,070106,CALLAO,CALLAO,VENTANILLA,31/10/2025
2024,12,06/01/2025,LIMA NOROESTE,FAMILIA,FISCAL SUPERIOR,PROVISIONAL (Titular Promovido),FEMENINO,1,070106,CALLAO,CALLAO,VENTANILLA,31/10/2025
2024,12,06/01/2025,LIMA NOROESTE,MATERIA AMBIENTAL,FISCAL ADJUNTO PROVINCIAL,PROVISIONAL,FEMENINO,2,070106,CALLAO,CALLAO,VENTANILLA,31/10/2025
2024,12,06/01/2025,LIMA NOROESTE,MATERIA AMBIENTAL,FISCAL PROVINCIAL,PROVISIONAL,MASCULINO,1,070106,CALLAO,CALLAO,VENTANILLA,31/10/2025
2024,12,06/01/2025,LIMA NOROESTE,PENAL,FISCAL ADJUNTO PROVINCIAL,PROVISIONAL,FEMENINO,41,070106,CALLAO,CALLAO,VENTANILLA,31/10/2025
2024,12,06/01/2025,LIMA NOROESTE,PENAL,FISCAL ADJUNTO PROVINCIAL,PROVISIONAL,MASCULINO,38,070106,CALLAO,CALLAO,VENTANILLA,31/10/2025
2024,12,06/01/2025,LIMA NOROESTE,PENAL,FISCAL ADJUNTO SUPERIOR,PROVISIONAL,MASCULINO,1,070106,CALLAO,CALLAO,VENTANILLA,31/10/2025
2024,12,06/01/2025,LIMA NOROESTE,PENAL,FISCAL ADJUNTO SUPERIOR,PROVISIONAL (Titular Promovido),FEMENINO,2,070106,CALLAO,CALLAO,VENTANILLA,31/10/2025
2024,12,06/01/2025,LIMA NOROESTE,PENAL,FISCAL ADJUNTO SUPERIOR,PROVISIONAL (Titular Promovido),MASCULINO,2,070106,CALLAO,CALLAO,VENTANILLA,31/10/2025
2024,12,06/01/2025,LIMA NOROESTE,PENAL,FISCAL ADJUNTO SUPERIOR,TITULAR,MASCULINO,1,070106,CALLAO,CALLAO,VENTANILLA,31/10/2025
2024,12,06/01/2025,LIMA NOROESTE,PENAL,FISCAL PROVINCIAL,PROVISIONAL,FEMENINO,17,070106,CALLAO,CALLAO,VENTANILLA,31/10/2025
2024,12,06/01/2025,LIMA NOROESTE,PENAL,FISCAL PROVINCIAL,PROVISIONAL,MASCULINO,11,070106,CALLAO,CALLAO,VENTANILLA,31/10/2025
2024,12,06/01/2025,LIMA NOROESTE,PENAL,FISCAL PROVINCIAL,PROVISIONAL (Titular Promovido),FEMENINO,2,070106,CALLAO,CALLAO,VENTANILLA,31/10/2025
2024,12,06/01/2025,LIMA NOROESTE,PENAL,FISCAL PROVINCIAL,PROVISIONAL (Titular Promovido),MASCULINO,5,070106,CALLAO,CALLAO,VENTANILLA,31/10/2025
2024,12,06/01/2025,LIMA NOROESTE,PENAL,FISCAL PROVINCIAL,TITULAR,FEMENINO,1,070106,CALLAO,CALLAO,VENTANILLA,31/10/2025
2024,12,06/01/2025,LIMA NOROESTE,PENAL,FISCAL PROVINCIAL,TITULAR,MASCULINO,2,070106,CALLAO,CALLAO,VENTANILLA,31/10/2025
2024,12,06/01/2025,LIMA NOROESTE,PENAL,FISCAL SUPERIOR,PROVISIONAL (Titular Promovido),MASCULINO,2,070106,CALLAO,CALLAO,VENTANILLA,31/10/2025
2024,12,06/01/2025,LIMA NOROESTE,POOL / EQUIPO DE APOYO FISCAL (SIN ESPECIALIDAD),FISCAL ADJUNTO PROVINCIAL,PROVISIONAL,FEMENINO,15,070106,CALLAO,CALLAO,VENTANILLA,31/10/2025
2024,12,06/01/2025,LIMA NOROESTE,POOL / EQUIPO DE APOYO FISCAL (SIN ESPECIALIDAD),FISCAL ADJUNTO PROVINCIAL,PROVISIONAL,MASCULINO,14,070106,CALLAO,CALLAO,VENTANILLA,31/10/2025
2024,12,06/01/2025,LIMA NOROESTE,PREVENCION DEL DELITO,FISCAL ADJUNTO PROVINCIAL,PROVISIONAL,FEMENINO,1,070106,CALLAO,CALLAO,VENTANILLA,31/10/2025
2024,12,06/01/2025,LIMA NOROESTE,PREVENCION DEL DELITO,FISCAL ADJUNTO PROVINCIAL,PROVISIONAL,MASCULINO,2,070106,CALLAO,CALLAO,VENTANILLA,31/10/2025
2024,12,06/01/2025,LIMA NOROESTE,PREVENCION DEL DELITO,FISCAL PROVINCIAL,PROVISIONAL,MASCULINO,1,070106,CALLAO,CALLAO,VENTANILLA,31/10/2025
2024,12,06/01/2025,LIMA NOROESTE,PREVENCION DEL DELITO,FISCAL PROVINCIAL,TITULAR,FEMENINO,1,070106,CALLAO,CALLAO,VENTANILLA,31/10/2025
2024,12,06/01/2025,LIMA NOROESTE,TRAFICO ILICITO DE DROGAS,FISCAL ADJUNTO PROVINCIAL,PROVISIONAL,FEMENINO,1,070106,CALLAO,CALLAO,VENTANILLA,31/10/2025
2024,12,06/01/2025,LIMA NOROESTE,TRAFICO ILICITO DE DROGAS,FISCAL ADJUNTO PROVINCIAL,PROVISIONAL,MASCULINO,1,070106,CALLAO,CALLAO,VENTANILLA,31/10/2025
2024,12,06/01/2025,LIMA NOROESTE,TRAFICO ILICITO DE DROGAS,FISCAL PROVINCIAL,PROVISIONAL,FEMENINO,1,070106,CALLAO,CALLAO,VENTANILLA,31/10/2025
2024,12,06/01/2025,LIMA NOROESTE,VIOLENCIA CONTRA LA MUJER E INTEGRANTES DEL GRUPO FAMILIAR,FISCAL ADJUNTO PROVINCIAL,PROVISIONAL,FEMENINO,17,070106,CALLAO,CALLAO,VENTANILLA,31/10/2025
2024,12,06/01/2025,LIMA NOROESTE,VIOLENCIA CONTRA LA MUJER E INTEGRANTES DEL GRUPO FAMILIAR,FISCAL ADJUNTO PROVINCIAL,PROVISIONAL,MASCULINO,8,070106,CALLAO,CALLAO,VENTANILLA,31/10/2025
2024,12,06/01/2025,LIMA NOROESTE,VIOLENCIA CONTRA LA MUJER E INTEGRANTES DEL GRUPO FAMILIAR,FISCAL PROVINCIAL,PROVISIONAL,FEMENINO,10,070106,CALLAO,CALLAO,VENTANILLA,31/10/2025
2024,12,06/01/2025,LIMA NOROESTE,VIOLENCIA CONTRA LA MUJER E INTEGRANTES DEL GRUPO FAMILIAR,FISCAL PROVINCIAL,PROVISIONAL,MASCULINO,2,070106,CALLAO,CALLAO,VENTANILLA,31/10/2025
2024,12,06/01/2025,LIMA NOROESTE,VIOLENCIA CONTRA LA MUJER E INTEGRANTES DEL GRUPO FAMILIAR,FISCAL PROVINCIAL,PROVISIONAL (Titular Promovido),MASCULINO,2,070106,CALLAO,CALLAO,VENTANILLA,31/10/2025
2024,12,06/01/2025,LIMA NORTE,AUTORIDAD NACIONAL DE CONTROL,FISCAL ADJUNTO SUPERIOR,PROVISIONAL (Titular Promovido),FEMENINO,2,150112,LIMA,LIMA,INDEPENDENCIA,31/10/2025
2024,12,06/01/2025,LIMA NORTE,AUTORIDAD NACIONAL DE CONTROL,FISCAL ADJUNTO SUPERIOR,PROVISIONAL (Titular Promovido),MASCULINO,3,150112,LIMA,LIMA,INDEPENDENCIA,31/10/2025
2024,12,06/01/2025,LIMA NORTE,AUTORIDAD NACIONAL DE CONTROL,FISCAL SUPERIOR,PROVISIONAL (Titular Promovido),MASCULINO,1,150112,LIMA,LIMA,INDEPENDENCIA,31/10/2025
2024,12,06/01/2025,LIMA NORTE,CORRUPCION DE FUNCIONARIOS,FISCAL ADJUNTO PROVINCIAL,PROVISIONAL,FEMENINO,8,150112,LIMA,LIMA,INDEPENDENCIA,31/10/2025
2024,12,06/01/2025,LIMA NORTE,CORRUPCION DE FUNCIONARIOS,FISCAL ADJUNTO PROVINCIAL,PROVISIONAL,MASCULINO,2,150112,LIMA,LIMA,INDEPENDENCIA,31/10/2025
2024,12,06/01/2025,LIMA NORTE,CORRUPCION DE FUNCIONARIOS,FISCAL ADJUNTO SUPERIOR,PROVISIONAL (Titular Promovido),FEMENINO,1,150112,LIMA,LIMA,INDEPENDENCIA,31/10/2025
2024,12,06/01/2025,LIMA NORTE,CORRUPCION DE FUNCIONARIOS,FISCAL ADJUNTO SUPERIOR,PROVISIONAL (Titular Promovido),MASCULINO,1,150112,LIMA,LIMA,INDEPENDENCIA,31/10/2025
2024,12,06/01/2025,LIMA NORTE,CORRUPCION DE FUNCIONARIOS,FISCAL ADJUNTO SUPERIOR,TITULAR,FEMENINO,1,150112,LIMA,LIMA,INDEPENDENCIA,31/10/2025
2024,12,06/01/2025,LIMA NORTE,CORRUPCION DE FUNCIONARIOS,FISCAL PROVINCIAL,PROVISIONAL,FEMENINO,1,150112,LIMA,LIMA,INDEPENDENCIA,31/10/2025
2024,12,06/01/2025,LIMA NORTE,CORRUPCION DE FUNCIONARIOS,FISCAL PROVINCIAL,PROVISIONAL (Titular Promovido),FEMENINO,1,150112,LIMA,LIMA,INDEPENDENCIA,31/10/2025
2024,12,06/01/2025,LIMA NORTE,CORRUPCION DE FUNCIONARIOS,FISCAL SUPERIOR,TITULAR,FEMENINO,1,150112,LIMA,LIMA,INDEPENDENCIA,31/10/2025
2024,12,06/01/2025,LIMA NORTE,DELITOS ADUANEROS Y CONTRA LA PROPIEDAD INTELECTUAL,FISCAL ADJUNTO PROVINCIAL,PROVISIONAL,FEMENINO,1,150112,LIMA,LIMA,INDEPENDENCIA,31/10/2025
2024,12,06/01/2025,LIMA NORTE,DELITOS ADUANEROS Y CONTRA LA PROPIEDAD INTELECTUAL,FISCAL PROVINCIAL,PROVISIONAL (Titular Promovido),FEMENINO,1,150112,LIMA,LIMA,INDEPENDENCIA,31/10/2025
2024,12,06/01/2025,LIMA NORTE,DELITOS DE TRATA DE PERSONAS,FISCAL ADJUNTO PROVINCIAL,PROVISIONAL,FEMENINO,2,150112,LIMA,LIMA,INDEPENDENCIA,31/10/2025
2024,12,06/01/2025,LIMA NORTE,DELITOS DE TRATA DE PERSONAS,FISCAL ADJUNTO PROVINCIAL,PROVISIONAL,MASCULINO,2,150112,LIMA,LIMA,INDEPENDENCIA,31/10/2025
2024,12,06/01/2025,LIMA NORTE,DELITOS DE TRATA DE PERSONAS,FISCAL PROVINCIAL,PROVISIONAL,FEMENINO,1,150112,LIMA,LIMA,INDEPENDENCIA,31/10/2025
2024,12,06/01/2025,LIMA NORTE,FAMILIA,FISCAL ADJUNTO PROVINCIAL,PROVISIONAL,FEMENINO,14,150112,LIMA,LIMA,INDEPENDENCIA,31/10/2025
2024,12,06/01/2025,LIMA NORTE,FAMILIA,FISCAL ADJUNTO PROVINCIAL,PROVISIONAL,MASCULINO,2,150112,LIMA,LIMA,INDEPENDENCIA,31/10/2025
2024,12,06/01/2025,LIMA NORTE,FAMILIA,FISCAL ADJUNTO PROVINCIAL,TITULAR,FEMENINO,3,150112,LIMA,LIMA,INDEPENDENCIA,31/10/2025
2024,12,06/01/2025,LIMA NORTE,FAMILIA,FISCAL ADJUNTO PROVINCIAL,TITULAR,MASCULINO,2,150112,LIMA,LIMA,INDEPENDENCIA,31/10/2025
2024,12,06/01/2025,LIMA NORTE,FAMILIA,FISCAL ADJUNTO SUPERIOR,TITULAR,MASCULINO,1,150112,LIMA,LIMA,INDEPENDENCIA,31/10/2025
2024,12,06/01/2025,LIMA NORTE,FAMILIA,FISCAL PROVINCIAL,PROVISIONAL,FEMENINO,3,150112,LIMA,LIMA,INDEPENDENCIA,31/10/2025
2024,12,06/01/2025,LIMA NORTE,FAMILIA,FISCAL PROVINCIAL,PROVISIONAL (Titular Promovido),FEMENINO,2,150112,LIMA,LIMA,INDEPENDENCIA,31/10/2025
2024,12,06/01/2025,LIMA NORTE,FAMILIA,FISCAL PROVINCIAL,TITULAR,FEMENINO,3,150112,LIMA,LIMA,INDEPENDENCIA,31/10/2025
2024,12,06/01/2025,LIMA NORTE,FAMILIA,FISCAL PROVINCIAL,TITULAR,MASCULINO,6,150112,LIMA,LIMA,INDEPENDENCIA,31/10/2025
2024,12,06/01/2025,LIMA NORTE,FAMILIA,FISCAL SUPERIOR,TITULAR,MASCULINO,1,150112,LIMA,LIMA,INDEPENDENCIA,31/10/2025
2024,12,06/01/2025,LIMA NORTE,LAVADO DE ACTIVOS,FISCAL ADJUNTO PROVINCIAL,PROVISIONAL,FEMENINO,1,150112,LIMA,LIMA,INDEPENDENCIA,31/10/2025
2024,12,06/01/2025,LIMA NORTE,LAVADO DE ACTIVOS,FISCAL ADJUNTO PROVINCIAL,PROVISIONAL,MASCULINO,3,150112,LIMA,LIMA,INDEPENDENCIA,31/10/2025
2024,12,06/01/2025,LIMA NORTE,LAVADO DE ACTIVOS,FISCAL PROVINCIAL,PROVISIONAL,MASCULINO,2,150112,LIMA,LIMA,INDEPENDENCIA,31/10/2025
2024,12,06/01/2025,LIMA NORTE,MATERIA AMBIENTAL,FISCAL ADJUNTO PROVINCIAL,PROVISIONAL,FEMENINO,1,150112,LIMA,LIMA,INDEPENDENCIA,31/10/2025
2024,12,06/01/2025,LIMA NORTE,MATERIA AMBIENTAL,FISCAL PROVINCIAL,PROVISIONAL (Titular Promovido),FEMENINO,1,150112,LIMA,LIMA,INDEPENDENCIA,31/10/2025
2024,12,06/01/2025,LIMA NORTE,PENAL,FISCAL ADJUNTO PROVINCIAL,PROVISIONAL,FEMENINO,94,150112,LIMA,LIMA,INDEPENDENCIA,31/10/2025
2024,12,06/01/2025,LIMA NORTE,PENAL,FISCAL ADJUNTO PROVINCIAL,PROVISIONAL,MASCULINO,76,150112,LIMA,LIMA,INDEPENDENCIA,31/10/2025
2024,12,06/01/2025,LIMA NORTE,PENAL,FISCAL ADJUNTO PROVINCIAL,TITULAR,FEMENINO,2,150112,LIMA,LIMA,INDEPENDENCIA,31/10/2025
2024,12,06/01/2025,LIMA NORTE,PENAL,FISCAL ADJUNTO PROVINCIAL,TITULAR,MASCULINO,2,150112,LIMA,LIMA,INDEPENDENCIA,31/10/2025
2024,12,06/01/2025,LIMA NORTE,PENAL,FISCAL ADJUNTO SUPERIOR,PROVISIONAL,FEMENINO,2,150112,LIMA,LIMA,INDEPENDENCIA,31/10/2025
2024,12,06/01/2025,LIMA NORTE,PENAL,FISCAL ADJUNTO SUPERIOR,PROVISIONAL,MASCULINO,3,150112,LIMA,LIMA,INDEPENDENCIA,31/10/2025
2024,12,06/01/2025,LIMA NORTE,PENAL,FISCAL ADJUNTO SUPERIOR,PROVISIONAL (Titular Promovido),FEMENINO,6,150112,LIMA,LIMA,INDEPENDENCIA,31/10/2025
2024,12,06/01/2025,LIMA NORTE,PENAL,FISCAL ADJUNTO SUPERIOR,PROVISIONAL (Titular Promovido),MASCULINO,3,150112,LIMA,LIMA,INDEPENDENCIA,31/10/2025
2024,12,06/01/2025,LIMA NORTE,PENAL,FISCAL ADJUNTO SUPERIOR,TITULAR,MASCULINO,3,150112,LIMA,LIMA,INDEPENDENCIA,31/10/2025
2024,12,06/01/2025,LIMA NORTE,PENAL,FISCAL PROVINCIAL,PROVISIONAL,FEMENINO,11,150112,LIMA,LIMA,INDEPENDENCIA,31/10/2025
2024,12,06/01/2025,LIMA NORTE,PENAL,FISCAL PROVINCIAL,PROVISIONAL,MASCULINO,12,150112,LIMA,LIMA,INDEPENDENCIA,31/10/2025
2024,12,06/01/2025,LIMA NORTE,PENAL,FISCAL PROVINCIAL,PROVISIONAL (Titular Promovido),FEMENINO,19,150112,LIMA,LIMA,INDEPENDENCIA,31/10/2025
2024,12,06/01/2025,LIMA NORTE,PENAL,FISCAL PROVINCIAL,PROVISIONAL (Titular Promovido),MASCULINO,25,150112,LIMA,LIMA,INDEPENDENCIA,31/10/2025
2024,12,06/01/2025,LIMA NORTE,PENAL,FISCAL PROVINCIAL,TITULAR,FEMENINO,3,150112,LIMA,LIMA,INDEPENDENCIA,31/10/2025
2024,12,06/01/2025,LIMA NORTE,PENAL,FISCAL PROVINCIAL,TITULAR,MASCULINO,12,150112,LIMA,LIMA,INDEPENDENCIA,31/10/2025
2024,12,06/01/2025,LIMA NORTE,PENAL,FISCAL SUPERIOR,PROVISIONAL (Titular Promovido),FEMENINO,3,150112,LIMA,LIMA,INDEPENDENCIA,31/10/2025
2024,12,06/01/2025,LIMA NORTE,PENAL,FISCAL SUPERIOR,PROVISIONAL (Titular Promovido),MASCULINO,2,150112,LIMA,LIMA,INDEPENDENCIA,31/10/2025
2024,12,06/01/2025,LIMA NORTE,PENAL,FISCAL SUPERIOR,TITULAR,FEMENINO,1,150112,LIMA,LIMA,INDEPENDENCIA,31/10/2025
2024,12,06/01/2025,LIMA NORTE,PENAL,FISCAL SUPERIOR,TITULAR,MASCULINO,3,150112,LIMA,LIMA,INDEPENDENCIA,31/10/2025
2024,12,06/01/2025,LIMA NORTE,POOL / EQUIPO DE APOYO FISCAL (SIN ESPECIALIDAD),FISCAL ADJUNTO PROVINCIAL,PROVISIONAL,FEMENINO,12,150112,LIMA,LIMA,INDEPENDENCIA,31/10/2025
2024,12,06/01/2025,LIMA NORTE,POOL / EQUIPO DE APOYO FISCAL (SIN ESPECIALIDAD),FISCAL ADJUNTO PROVINCIAL,PROVISIONAL,MASCULINO,4,150112,LIMA,LIMA,INDEPENDENCIA,31/10/2025
2024,12,06/01/2025,LIMA NORTE,PREVENCION DEL DELITO,FISCAL ADJUNTO PROVINCIAL,PROVISIONAL,FEMENINO,5,150112,LIMA,LIMA,INDEPENDENCIA,31/10/2025
2024,12,06/01/2025,LIMA NORTE,PREVENCION DEL DELITO,FISCAL ADJUNTO PROVINCIAL,PROVISIONAL,MASCULINO,4,150112,LIMA,LIMA,INDEPENDENCIA,31/10/2025
2024,12,06/01/2025,LIMA NORTE,PREVENCION DEL DELITO,FISCAL PROVINCIAL,PROVISIONAL (Titular Promovido),FEMENINO,1,150112,LIMA,LIMA,INDEPENDENCIA,31/10/2025
2024,12,06/01/2025,LIMA NORTE,PREVENCION DEL DELITO,FISCAL PROVINCIAL,TITULAR,MASCULINO,2,150112,LIMA,LIMA,INDEPENDENCIA,31/10/2025
2024,12,06/01/2025,LIMA NORTE,TRAFICO ILICITO DE DROGAS,FISCAL ADJUNTO PROVINCIAL,PROVISIONAL,MASCULINO,2,150112,LIMA,LIMA,INDEPENDENCIA,31/10/2025
2024,12,06/01/2025,LIMA NORTE,TRAFICO ILICITO DE DROGAS,FISCAL ADJUNTO PROVINCIAL,TITULAR,FEMENINO,1,150112,LIMA,LIMA,INDEPENDENCIA,31/10/2025
2024,12,06/01/2025,LIMA NORTE,TRAFICO ILICITO DE DROGAS,FISCAL ADJUNTO PROVINCIAL,TITULAR,MASCULINO,1,150112,LIMA,LIMA,INDEPENDENCIA,31/10/2025
2024,12,06/01/2025,LIMA NORTE,TRAFICO ILICITO DE DROGAS,FISCAL PROVINCIAL,TITULAR,MASCULINO,2,150112,LIMA,LIMA,INDEPENDENCIA,31/10/2025
2024,12,06/01/2025,LIMA NORTE,TRANSITO Y SEGURIDAD VIAL,FISCAL ADJUNTO PROVINCIAL,PROVISIONAL,FEMENINO,4,150112,LIMA,LIMA,INDEPENDENCIA,31/10/2025
2024,12,06/01/2025,LIMA NORTE,TRANSITO Y SEGURIDAD VIAL,FISCAL ADJUNTO PROVINCIAL,PROVISIONAL,MASCULINO,5,150112,LIMA,LIMA,INDEPENDENCIA,31/10/2025
2024,12,06/01/2025,LIMA NORTE,TRANSITO Y SEGURIDAD VIAL,FISCAL PROVINCIAL,PROVISIONAL,MASCULINO,4,150112,LIMA,LIMA,INDEPENDENCIA,31/10/2025
2024,12,06/01/2025,LIMA NORTE,VIOLENCIA CONTRA LA MUJER E INTEGRANTES DEL GRUPO FAMILIAR,FISCAL ADJUNTO PROVINCIAL,PROVISIONAL,FEMENINO,47,150112,LIMA,LIMA,INDEPENDENCIA,31/10/2025
2024,12,06/01/2025,LIMA NORTE,VIOLENCIA CONTRA LA MUJER E INTEGRANTES DEL GRUPO FAMILIAR,FISCAL ADJUNTO PROVINCIAL,PROVISIONAL,MASCULINO,34,150112,LIMA,LIMA,INDEPENDENCIA,31/10/2025
2024,12,06/01/2025,LIMA NORTE,VIOLENCIA CONTRA LA MUJER E INTEGRANTES DEL GRUPO FAMILIAR,FISCAL ADJUNTO SUPERIOR,PROVISIONAL (Titular Promovido),FEMENINO,3,150112,LIMA,LIMA,INDEPENDENCIA,31/10/2025
2024,12,06/01/2025,LIMA NORTE,VIOLENCIA CONTRA LA MUJER E INTEGRANTES DEL GRUPO FAMILIAR,FISCAL ADJUNTO SUPERIOR,PROVISIONAL (Titular Promovido),MASCULINO,1,150112,LIMA,LIMA,INDEPENDENCIA,31/10/2025
2024,12,06/01/2025,LIMA NORTE,VIOLENCIA CONTRA LA MUJER E INTEGRANTES DEL GRUPO FAMILIAR,FISCAL PROVINCIAL,PROVISIONAL,FEMENINO,27,150112,LIMA,LIMA,INDEPENDENCIA,31/10/2025
2024,12,06/01/2025,LIMA NORTE,VIOLENCIA CONTRA LA MUJER E INTEGRANTES DEL GRUPO FAMILIAR,FISCAL PROVINCIAL,PROVISIONAL,MASCULINO,6,150112,LIMA,LIMA,INDEPENDENCIA,31/10/2025
2024,12,06/01/2025,LIMA NORTE,VIOLENCIA CONTRA LA MUJER E INTEGRANTES DEL GRUPO FAMILIAR,FISCAL PROVINCIAL,PROVISIONAL (Titular Promovido),FEMENINO,7,150112,LIMA,LIMA,INDEPENDENCIA,31/10/2025
2024,12,06/01/2025,LIMA NORTE,VIOLENCIA CONTRA LA MUJER E INTEGRANTES DEL GRUPO FAMILIAR,FISCAL PROVINCIAL,PROVISIONAL (Titular Promovido),MASCULINO,6,150112,LIMA,LIMA,INDEPENDENCIA,31/10/2025
2024,12,06/01/2025,LIMA NORTE,VIOLENCIA CONTRA LA MUJER E INTEGRANTES DEL GRUPO FAMILIAR,FISCAL SUPERIOR,PROVISIONAL (Titular Promovido),FEMENINO,1,150112,LIMA,LIMA,INDEPENDENCIA,31/10/2025
2024,12,06/01/2025,LIMA NORTE,VIOLENCIA CONTRA LA MUJER E INTEGRANTES DEL GRUPO FAMILIAR,FISCAL SUPERIOR,PROVISIONAL (Titular Promovido),MASCULINO,1,150112,LIMA,LIMA,INDEPENDENCIA,31/10/2025
2024,12,06/01/2025,LIMA SUR,AUTORIDAD NACIONAL DE CONTROL,FISCAL ADJUNTO SUPERIOR,PROVISIONAL (Titular Promovido),FEMENINO,2,150142,LIMA,LIMA,VILLA EL SALVADOR,31/10/2025
2024,12,06/01/2025,LIMA SUR,AUTORIDAD NACIONAL DE CONTROL,FISCAL SUPERIOR,PROVISIONAL (Titular Promovido),MASCULINO,1,150142,LIMA,LIMA,VILLA EL SALVADOR,31/10/2025
2024,12,06/01/2025,LIMA SUR,CORRUPCION DE FUNCIONARIOS,FISCAL ADJUNTO PROVINCIAL,PROVISIONAL,FEMENINO,6,150142,LIMA,LIMA,VILLA EL SALVADOR,31/10/2025
2024,12,06/01/2025,LIMA SUR,CORRUPCION DE FUNCIONARIOS,FISCAL ADJUNTO PROVINCIAL,PROVISIONAL,MASCULINO,1,150142,LIMA,LIMA,VILLA EL SALVADOR,31/10/2025
2024,12,06/01/2025,LIMA SUR,CORRUPCION DE FUNCIONARIOS,FISCAL ADJUNTO PROVINCIAL,TITULAR,MASCULINO,1,150142,LIMA,LIMA,VILLA EL SALVADOR,31/10/2025
2024,12,06/01/2025,LIMA SUR,CORRUPCION DE FUNCIONARIOS,FISCAL ADJUNTO SUPERIOR,TITULAR,MASCULINO,1,150142,LIMA,LIMA,VILLA EL SALVADOR,31/10/2025
2024,12,06/01/2025,LIMA SUR,CORRUPCION DE FUNCIONARIOS,FISCAL PROVINCIAL,PROVISIONAL (Titular Promovido),FEMENINO,1,150142,LIMA,LIMA,VILLA EL SALVADOR,31/10/2025
2024,12,06/01/2025,LIMA SUR,CORRUPCION DE FUNCIONARIOS,FISCAL PROVINCIAL,PROVISIONAL (Titular Promovido),MASCULINO,1,150142,LIMA,LIMA,VILLA EL SALVADOR,31/10/2025
2024,12,06/01/2025,LIMA SUR,CORRUPCION DE FUNCIONARIOS,FISCAL PROVINCIAL,TITULAR,FEMENINO,1,150142,LIMA,LIMA,VILLA EL SALVADOR,31/10/2025
2024,12,06/01/2025,LIMA SUR,CORRUPCION DE FUNCIONARIOS,FISCAL SUPERIOR,TITULAR,MASCULINO,1,150142,LIMA,LIMA,VILLA EL SALVADOR,31/10/2025
2024,12,06/01/2025,LIMA SUR,FAMILIA,FISCAL ADJUNTO PROVINCIAL,PROVISIONAL,FEMENINO,6,150142,LIMA,LIMA,VILLA EL SALVADOR,31/10/2025
2024,12,06/01/2025,LIMA SUR,FAMILIA,FISCAL ADJUNTO PROVINCIAL,PROVISIONAL,MASCULINO,1,150142,LIMA,LIMA,VILLA EL SALVADOR,31/10/2025
2024,12,06/01/2025,LIMA SUR,FAMILIA,FISCAL ADJUNTO PROVINCIAL,TITULAR,FEMENINO,4,150142,LIMA,LIMA,VILLA EL SALVADOR,31/10/2025
2024,12,06/01/2025,LIMA SUR,FAMILIA,FISCAL ADJUNTO PROVINCIAL,TITULAR,MASCULINO,2,150142,LIMA,LIMA,VILLA EL SALVADOR,31/10/2025
2024,12,06/01/2025,LIMA SUR,FAMILIA,FISCAL ADJUNTO SUPERIOR,TITULAR,MASCULINO,1,150142,LIMA,LIMA,VILLA EL SALVADOR,31/10/2025
2024,12,06/01/2025,LIMA SUR,FAMILIA,FISCAL PROVINCIAL,PROVISIONAL (Titular Promovido),FEMENINO,1,150142,LIMA,LIMA,VILLA EL SALVADOR,31/10/2025
2024,12,06/01/2025,LIMA SUR,FAMILIA,FISCAL PROVINCIAL,TITULAR,FEMENINO,2,150142,LIMA,LIMA,VILLA EL SALVADOR,31/10/2025
2024,12,06/01/2025,LIMA SUR,FAMILIA,FISCAL PROVINCIAL,TITULAR,MASCULINO,2,150142,LIMA,LIMA,VILLA EL SALVADOR,31/10/2025
2024,12,06/01/2025,LIMA SUR,FAMILIA,FISCAL SUPERIOR,PROVISIONAL (Titular Promovido),MASCULINO,1,150142,LIMA,LIMA,VILLA EL SALVADOR,31/10/2025
2024,12,06/01/2025,LIMA SUR,PENAL,FISCAL ADJUNTO PROVINCIAL,PROVISIONAL,FEMENINO,57,150142,LIMA,LIMA,VILLA EL SALVADOR,31/10/2025
2024,12,06/01/2025,LIMA SUR,PENAL,FISCAL ADJUNTO PROVINCIAL,PROVISIONAL,MASCULINO,41,150142,LIMA,LIMA,VILLA EL SALVADOR,31/10/2025
2024,12,06/01/2025,LIMA SUR,PENAL,FISCAL ADJUNTO PROVINCIAL,TITULAR,MASCULINO,2,150142,LIMA,LIMA,VILLA EL SALVADOR,31/10/2025
2024,12,06/01/2025,LIMA SUR,PENAL,FISCAL ADJUNTO SUPERIOR,PROVISIONAL,FEMENINO,2,150142,LIMA,LIMA,VILLA EL SALVADOR,31/10/2025
2024,12,06/01/2025,LIMA SUR,PENAL,FISCAL ADJUNTO SUPERIOR,PROVISIONAL (Titular Promovido),FEMENINO,3,150142,LIMA,LIMA,VILLA EL SALVADOR,31/10/2025
2024,12,06/01/2025,LIMA SUR,PENAL,FISCAL ADJUNTO SUPERIOR,PROVISIONAL (Titular Promovido),MASCULINO,6,150142,LIMA,LIMA,VILLA EL SALVADOR,31/10/2025
2024,12,06/01/2025,LIMA SUR,PENAL,FISCAL PROVINCIAL,PROVISIONAL,FEMENINO,5,150142,LIMA,LIMA,VILLA EL SALVADOR,31/10/2025
2024,12,06/01/2025,LIMA SUR,PENAL,FISCAL PROVINCIAL,PROVISIONAL,MASCULINO,5,150142,LIMA,LIMA,VILLA EL SALVADOR,31/10/2025
2024,12,06/01/2025,LIMA SUR,PENAL,FISCAL PROVINCIAL,PROVISIONAL (Titular Promovido),FEMENINO,4,150142,LIMA,LIMA,VILLA EL SALVADOR,31/10/2025
2024,12,06/01/2025,LIMA SUR,PENAL,FISCAL PROVINCIAL,PROVISIONAL (Titular Promovido),MASCULINO,6,150142,LIMA,LIMA,VILLA EL SALVADOR,31/10/2025
2024,12,06/01/2025,LIMA SUR,PENAL,FISCAL PROVINCIAL,TITULAR,FEMENINO,2,150142,LIMA,LIMA,VILLA EL SALVADOR,31/10/2025
2024,12,06/01/2025,LIMA SUR,PENAL,FISCAL PROVINCIAL,TITULAR,MASCULINO,2,150142,LIMA,LIMA,VILLA EL SALVADOR,31/10/2025
2024,12,06/01/2025,LIMA SUR,PENAL,FISCAL SUPERIOR,PROVISIONAL (Titular Promovido),FEMENINO,1,150142,LIMA,LIMA,VILLA EL SALVADOR,31/10/2025
2024,12,06/01/2025,LIMA SUR,PENAL,FISCAL SUPERIOR,PROVISIONAL (Titular Promovido),MASCULINO,2,150142,LIMA,LIMA,VILLA EL SALVADOR,31/10/2025
2024,12,06/01/2025,LIMA SUR,PENAL,FISCAL SUPERIOR,TITULAR,FEMENINO,1,150142,LIMA,LIMA,VILLA EL SALVADOR,31/10/2025
2024,12,06/01/2025,LIMA SUR,POOL / EQUIPO DE APOYO FISCAL (SIN ESPECIALIDAD),FISCAL ADJUNTO PROVINCIAL,PROVISIONAL,FEMENINO,11,150142,LIMA,LIMA,VILLA EL SALVADOR,31/10/2025
2024,12,06/01/2025,LIMA SUR,POOL / EQUIPO DE APOYO FISCAL (SIN ESPECIALIDAD),FISCAL ADJUNTO PROVINCIAL,PROVISIONAL,MASCULINO,11,150142,LIMA,LIMA,VILLA EL SALVADOR,31/10/2025
2024,12,06/01/2025,LIMA SUR,PREVENCION DEL DELITO,FISCAL ADJUNTO PROVINCIAL,PROVISIONAL,FEMENINO,2,150142,LIMA,LIMA,VILLA EL SALVADOR,31/10/2025
2024,12,06/01/2025,LIMA SUR,PREVENCION DEL DELITO,FISCAL ADJUNTO PROVINCIAL,PROVISIONAL,MASCULINO,2,150142,LIMA,LIMA,VILLA EL SALVADOR,31/10/2025
2024,12,06/01/2025,LIMA SUR,PREVENCION DEL DELITO,FISCAL ADJUNTO PROVINCIAL,TITULAR,FEMENINO,1,150142,LIMA,LIMA,VILLA EL SALVADOR,31/10/2025
2024,12,06/01/2025,LIMA SUR,PREVENCION DEL DELITO,FISCAL PROVINCIAL,TITULAR,MASCULINO,1,150142,LIMA,LIMA,VILLA EL SALVADOR,31/10/2025
2024,12,06/01/2025,LIMA SUR,VIOLENCIA CONTRA LA MUJER E INTEGRANTES DEL GRUPO FAMILIAR,FISCAL ADJUNTO PROVINCIAL,PROVISIONAL,FEMENINO,20,150142,LIMA,LIMA,VILLA EL SALVADOR,31/10/2025
2024,12,06/01/2025,LIMA SUR,VIOLENCIA CONTRA LA MUJER E INTEGRANTES DEL GRUPO FAMILIAR,FISCAL ADJUNTO PROVINCIAL,PROVISIONAL,MASCULINO,8,150142,LIMA,LIMA,VILLA EL SALVADOR,31/10/2025
2024,12,06/01/2025,LIMA SUR,VIOLENCIA CONTRA LA MUJER E INTEGRANTES DEL GRUPO FAMILIAR,FISCAL PROVINCIAL,PROVISIONAL,FEMENINO,3,150142,LIMA,LIMA,VILLA EL SALVADOR,31/10/2025
2024,12,06/01/2025,LIMA SUR,VIOLENCIA CONTRA LA MUJER E INTEGRANTES DEL GRUPO FAMILIAR,FISCAL PROVINCIAL,PROVISIONAL (Titular Promovido),FEMENINO,3,150142,LIMA,LIMA,VILLA EL SALVADOR,31/10/2025
2024,12,06/01/2025,LIMA SUR,VIOLENCIA CONTRA LA MUJER E INTEGRANTES DEL GRUPO FAMILIAR,FISCAL PROVINCIAL,PROVISIONAL (Titular Promovido),MASCULINO,1,150142,LIMA,LIMA,VILLA EL SALVADOR,31/10/2025
2024,12,06/01/2025,LORETO,AUTORIDAD NACIONAL DE CONTROL,FISCAL ADJUNTO SUPERIOR,PROVISIONAL,FEMENINO,1,160101,LORETO,MAYNAS,IQUITOS,31/10/2025
2024,12,06/01/2025,LORETO,AUTORIDAD NACIONAL DE CONTROL,FISCAL ADJUNTO SUPERIOR,PROVISIONAL (Titular Promovido),FEMENINO,1,160101,LORETO,MAYNAS,IQUITOS,31/10/2025
2024,12,06/01/2025,LORETO,AUTORIDAD NACIONAL DE CONTROL,FISCAL SUPERIOR,PROVISIONAL (Titular Promovido),MASCULINO,1,160101,LORETO,MAYNAS,IQUITOS,31/10/2025
2024,12,06/01/2025,LORETO,CORRUPCION DE FUNCIONARIOS,FISCAL ADJUNTO PROVINCIAL,PROVISIONAL,FEMENINO,6,160101,LORETO,MAYNAS,IQUITOS,31/10/2025
2024,12,06/01/2025,LORETO,CORRUPCION DE FUNCIONARIOS,FISCAL ADJUNTO PROVINCIAL,PROVISIONAL,MASCULINO,6,160101,LORETO,MAYNAS,IQUITOS,31/10/2025
2024,12,06/01/2025,LORETO,CORRUPCION DE FUNCIONARIOS,FISCAL ADJUNTO PROVINCIAL,TITULAR,FEMENINO,1,160101,LORETO,MAYNAS,IQUITOS,31/10/2025
2024,12,06/01/2025,LORETO,CORRUPCION DE FUNCIONARIOS,FISCAL ADJUNTO PROVINCIAL,TITULAR,MASCULINO,1,160101,LORETO,MAYNAS,IQUITOS,31/10/2025
2024,12,06/01/2025,LORETO,CORRUPCION DE FUNCIONARIOS,FISCAL ADJUNTO SUPERIOR,PROVISIONAL (Titular Promovido),MASCULINO,1,160101,LORETO,MAYNAS,IQUITOS,31/10/2025
2024,12,06/01/2025,LORETO,CORRUPCION DE FUNCIONARIOS,FISCAL ADJUNTO SUPERIOR,TITULAR,MASCULINO,1,160101,LORETO,MAYNAS,IQUITOS,31/10/2025
2024,12,06/01/2025,LORETO,CORRUPCION DE FUNCIONARIOS,FISCAL PROVINCIAL,PROVISIONAL,FEMENINO,1,160101,LORETO,MAYNAS,IQUITOS,31/10/2025
2024,12,06/01/2025,LORETO,CORRUPCION DE FUNCIONARIOS,FISCAL PROVINCIAL,PROVISIONAL,MASCULINO,1,160101,LORETO,MAYNAS,IQUITOS,31/10/2025
2024,12,06/01/2025,LORETO,CORRUPCION DE FUNCIONARIOS,FISCAL PROVINCIAL,PROVISIONAL (Titular Promovido),FEMENINO,1,160101,LORETO,MAYNAS,IQUITOS,31/10/2025
2024,12,06/01/2025,LORETO,CORRUPCION DE FUNCIONARIOS,FISCAL PROVINCIAL,PROVISIONAL (Titular Promovido),MASCULINO,1,160101,LORETO,MAYNAS,IQUITOS,31/10/2025
2024,12,06/01/2025,LORETO,CORRUPCION DE FUNCIONARIOS,FISCAL PROVINCIAL,TITULAR,MASCULINO,2,160101,LORETO,MAYNAS,IQUITOS,31/10/2025
2024,12,06/01/2025,LORETO,CORRUPCION DE FUNCIONARIOS,FISCAL SUPERIOR,TITULAR,MASCULINO,1,160101,LORETO,MAYNAS,IQUITOS,31/10/2025
2024,12,06/01/2025,LORETO,DELITOS DE TRATA DE PERSONAS,FISCAL ADJUNTO PROVINCIAL,PROVISIONAL,FEMENINO,1,160101,LORETO,MAYNAS,IQUITOS,31/10/2025
2024,12,06/01/2025,LORETO,DELITOS DE TRATA DE PERSONAS,FISCAL ADJUNTO PROVINCIAL,PROVISIONAL,MASCULINO,1,160101,LORETO,MAYNAS,IQUITOS,31/10/2025
2024,12,06/01/2025,LORETO,DELITOS DE TRATA DE PERSONAS,FISCAL PROVINCIAL,PROVISIONAL,FEMENINO,1,160101,LORETO,MAYNAS,IQUITOS,31/10/2025
2024,12,06/01/2025,LORETO,EXTINCION DE DOMINIO,FISCAL ADJUNTO PROVINCIAL,PROVISIONAL,FEMENINO,1,160101,LORETO,MAYNAS,IQUITOS,31/10/2025
2024,12,06/01/2025,LORETO,EXTINCION DE DOMINIO,FISCAL ADJUNTO PROVINCIAL,PROVISIONAL,MASCULINO,1,160101,LORETO,MAYNAS,IQUITOS,31/10/2025
2024,12,06/01/2025,LORETO,EXTINCION DE DOMINIO,FISCAL PROVINCIAL,PROVISIONAL (Titular Promovido),MASCULINO,1,160101,LORETO,MAYNAS,IQUITOS,31/10/2025
2024,12,06/01/2025,LORETO,FAMILIA,FISCAL ADJUNTO PROVINCIAL,PROVISIONAL,FEMENINO,3,160101,LORETO,MAYNAS,IQUITOS,31/10/2025
2024,12,06/01/2025,LORETO,FAMILIA,FISCAL ADJUNTO PROVINCIAL,PROVISIONAL,MASCULINO,5,160101,LORETO,MAYNAS,IQUITOS,31/10/2025
2024,12,06/01/2025,LORETO,FAMILIA,FISCAL ADJUNTO SUPERIOR,TITULAR,FEMENINO,1,160101,LORETO,MAYNAS,IQUITOS,31/10/2025
2024,12,06/01/2025,LORETO,FAMILIA,FISCAL PROVINCIAL,PROVISIONAL,FEMENINO,2,160101,LORETO,MAYNAS,IQUITOS,31/10/2025
2024,12,06/01/2025,LORETO,FAMILIA,FISCAL PROVINCIAL,PROVISIONAL,MASCULINO,3,160101,LORETO,MAYNAS,IQUITOS,31/10/2025
2024,12,06/01/2025,LORETO,FAMILIA,FISCAL PROVINCIAL,PROVISIONAL (Titular Promovido),FEMENINO,1,160101,LORETO,MAYNAS,IQUITOS,31/10/2025
2024,12,06/01/2025,LORETO,FAMILIA,FISCAL PROVINCIAL,PROVISIONAL (Titular Promovido),MASCULINO,1,160101,LORETO,MAYNAS,IQUITOS,31/10/2025
2024,12,06/01/2025,LORETO,FAMILIA,FISCAL PROVINCIAL,TITULAR,FEMENINO,1,160101,LORETO,MAYNAS,IQUITOS,31/10/2025
2024,12,06/01/2025,LORETO,FAMILIA,FISCAL SUPERIOR,TITULAR,FEMENINO,1,160101,LORETO,MAYNAS,IQUITOS,31/10/2025
2024,12,06/01/2025,LORETO,MATERIA AMBIENTAL,FISCAL ADJUNTO PROVINCIAL,PROVISIONAL,FEMENINO,2,160101,LORETO,MAYNAS,IQUITOS,31/10/2025
2024,12,06/01/2025,LORETO,MATERIA AMBIENTAL,FISCAL ADJUNTO PROVINCIAL,PROVISIONAL,MASCULINO,5,160101,LORETO,MAYNAS,IQUITOS,31/10/2025
2024,12,06/01/2025,LORETO,MATERIA AMBIENTAL,FISCAL PROVINCIAL,PROVISIONAL,MASCULINO,2,160101,LORETO,MAYNAS,IQUITOS,31/10/2025
2024,12,06/01/2025,LORETO,MATERIA AMBIENTAL,FISCAL PROVINCIAL,PROVISIONAL (Titular Promovido),MASCULINO,1,160101,LORETO,MAYNAS,IQUITOS,31/10/2025
2024,12,06/01/2025,LORETO,MIXTA,FISCAL PROVINCIAL,PROVISIONAL,MASCULINO,1,160101,LORETO,MAYNAS,IQUITOS,31/10/2025
2024,12,06/01/2025,LORETO,PENAL,FISCAL ADJUNTO PROVINCIAL,PROVISIONAL,FEMENINO,22,160101,LORETO,MAYNAS,IQUITOS,31/10/2025
2024,12,06/01/2025,LORETO,PENAL,FISCAL ADJUNTO PROVINCIAL,PROVISIONAL,MASCULINO,27,160101,LORETO,MAYNAS,IQUITOS,31/10/2025
2024,12,06/01/2025,LORETO,PENAL,FISCAL ADJUNTO PROVINCIAL,TITULAR,FEMENINO,4,160101,LORETO,MAYNAS,IQUITOS,31/10/2025
2024,12,06/01/2025,LORETO,PENAL,FISCAL ADJUNTO PROVINCIAL,TITULAR,MASCULINO,6,160101,LORETO,MAYNAS,IQUITOS,31/10/2025
2024,12,06/01/2025,LORETO,PENAL,FISCAL ADJUNTO SUPERIOR,PROVISIONAL (Titular Promovido),MASCULINO,1,160101,LORETO,MAYNAS,IQUITOS,31/10/2025
2024,12,06/01/2025,LORETO,PENAL,FISCAL ADJUNTO SUPERIOR,TITULAR,FEMENINO,2,160101,LORETO,MAYNAS,IQUITOS,31/10/2025
2024,12,06/01/2025,LORETO,PENAL,FISCAL ADJUNTO SUPERIOR,TITULAR,MASCULINO,5,160101,LORETO,MAYNAS,IQUITOS,31/10/2025
2024,12,06/01/2025,LORETO,PENAL,FISCAL PROVINCIAL,PROVISIONAL,FEMENINO,9,160101,LORETO,MAYNAS,IQUITOS,31/10/2025
2024,12,06/01/2025,LORETO,PENAL,FISCAL PROVINCIAL,PROVISIONAL,MASCULINO,5,160101,LORETO,MAYNAS,IQUITOS,31/10/2025
2024,12,06/01/2025,LORETO,PENAL,FISCAL PROVINCIAL,PROVISIONAL (Titular Promovido),FEMENINO,1,160101,LORETO,MAYNAS,IQUITOS,31/10/2025
2024,12,06/01/2025,LORETO,PENAL,FISCAL PROVINCIAL,PROVISIONAL (Titular Promovido),MASCULINO,3,160101,LORETO,MAYNAS,IQUITOS,31/10/2025
2024,12,06/01/2025,LORETO,PENAL,FISCAL PROVINCIAL,TITULAR,FEMENINO,3,160101,LORETO,MAYNAS,IQUITOS,31/10/2025
2024,12,06/01/2025,LORETO,PENAL,FISCAL PROVINCIAL,TITULAR,MASCULINO,8,160101,LORETO,MAYNAS,IQUITOS,31/10/2025
2024,12,06/01/2025,LORETO,PENAL,FISCAL SUPERIOR,PROVISIONAL (Titular Promovido),MASCULINO,2,160101,LORETO,MAYNAS,IQUITOS,31/10/2025
2024,12,06/01/2025,LORETO,PENAL,FISCAL SUPERIOR,TITULAR,FEMENINO,1,160101,LORETO,MAYNAS,IQUITOS,31/10/2025
2024,12,06/01/2025,LORETO,PENAL,FISCAL SUPERIOR,TITULAR,MASCULINO,1,160101,LORETO,MAYNAS,IQUITOS,31/10/2025
2024,12,06/01/2025,LORETO,PREVENCION DEL DELITO,FISCAL ADJUNTO PROVINCIAL,PROVISIONAL,FEMENINO,2,160101,LORETO,MAYNAS,IQUITOS,31/10/2025
2024,12,06/01/2025,LORETO,PREVENCION DEL DELITO,FISCAL ADJUNTO PROVINCIAL,PROVISIONAL,MASCULINO,3,160101,LORETO,MAYNAS,IQUITOS,31/10/2025
2024,12,06/01/2025,LORETO,PREVENCION DEL DELITO,FISCAL ADJUNTO PROVINCIAL,TITULAR,MASCULINO,1,160101,LORETO,MAYNAS,IQUITOS,31/10/2025
2024,12,06/01/2025,LORETO,PREVENCION DEL DELITO,FISCAL PROVINCIAL,PROVISIONAL,FEMENINO,1,160101,LORETO,MAYNAS,IQUITOS,31/10/2025
2024,12,06/01/2025,LORETO,PREVENCION DEL DELITO,FISCAL PROVINCIAL,TITULAR,MASCULINO,1,160101,LORETO,MAYNAS,IQUITOS,31/10/2025
2024,12,06/01/2025,LORETO,TRAFICO ILICITO DE DROGAS,FISCAL ADJUNTO PROVINCIAL,PROVISIONAL,FEMENINO,2,160101,LORETO,MAYNAS,IQUITOS,31/10/2025
2024,12,06/01/2025,LORETO,TRAFICO ILICITO DE DROGAS,FISCAL ADJUNTO PROVINCIAL,PROVISIONAL,MASCULINO,2,160101,LORETO,MAYNAS,IQUITOS,31/10/2025
2024,12,06/01/2025,LORETO,TRAFICO ILICITO DE DROGAS,FISCAL PROVINCIAL,PROVISIONAL (Titular Promovido),MASCULINO,1,160101,LORETO,MAYNAS,IQUITOS,31/10/2025
2024,12,06/01/2025,LORETO,VIOLENCIA CONTRA LA MUJER E INTEGRANTES DEL GRUPO FAMILIAR,FISCAL ADJUNTO PROVINCIAL,PROVISIONAL,FEMENINO,5,160101,LORETO,MAYNAS,IQUITOS,31/10/2025
2024,12,06/01/2025,LORETO,VIOLENCIA CONTRA LA MUJER E INTEGRANTES DEL GRUPO FAMILIAR,FISCAL ADJUNTO PROVINCIAL,PROVISIONAL,MASCULINO,2,160101,LORETO,MAYNAS,IQUITOS,31/10/2025
2024,12,06/01/2025,LORETO,VIOLENCIA CONTRA LA MUJER E INTEGRANTES DEL GRUPO FAMILIAR,FISCAL PROVINCIAL,PROVISIONAL,FEMENINO,2,160101,LORETO,MAYNAS,IQUITOS,31/10/2025
2024,12,06/01/2025,LORETO,VIOLENCIA CONTRA LA MUJER E INTEGRANTES DEL GRUPO FAMILIAR,FISCAL PROVINCIAL,TITULAR,FEMENINO,1,160101,LORETO,MAYNAS,IQUITOS,31/10/2025
2024,12,06/01/2025,LORETO,DERECHOS HUMANOS E INTERCULTURALIDAD,FISCAL ADJUNTO PROVINCIAL,PROVISIONAL,FEMENINO,2,160101,LORETO,MAYNAS,IQUITOS,31/10/2025
2024,12,06/01/2025,LORETO,DERECHOS HUMANOS E INTERCULTURALIDAD,FISCAL PROVINCIAL,PROVISIONAL (Titular Promovido),MASCULINO,1,160101,LORETO,MAYNAS,IQUITOS,31/10/2025
2024,12,06/01/2025,MADRE DE DIOS,AUTORIDAD NACIONAL DE CONTROL,FISCAL ADJUNTO SUPERIOR,PROVISIONAL (Titular Promovido),MASCULINO,2,170101,MADRE DE DIOS,TAMBOPATA,TAMBOPATA,31/10/2025
2024,12,06/01/2025,MADRE DE DIOS,AUTORIDAD NACIONAL DE CONTROL,FISCAL SUPERIOR,PROVISIONAL (Titular Promovido),MASCULINO,1,170101,MADRE DE DIOS,TAMBOPATA,TAMBOPATA,31/10/2025
2024,12,06/01/2025,MADRE DE DIOS,CORRUPCION DE FUNCIONARIOS,FISCAL ADJUNTO PROVINCIAL,PROVISIONAL,FEMENINO,4,170101,MADRE DE DIOS,TAMBOPATA,TAMBOPATA,31/10/2025
2024,12,06/01/2025,MADRE DE DIOS,CORRUPCION DE FUNCIONARIOS,FISCAL ADJUNTO PROVINCIAL,PROVISIONAL,MASCULINO,2,170101,MADRE DE DIOS,TAMBOPATA,TAMBOPATA,31/10/2025
2024,12,06/01/2025,MADRE DE DIOS,CORRUPCION DE FUNCIONARIOS,FISCAL ADJUNTO PROVINCIAL,TITULAR,MASCULINO,2,170101,MADRE DE DIOS,TAMBOPATA,TAMBOPATA,31/10/2025
2024,12,06/01/2025,MADRE DE DIOS,CORRUPCION DE FUNCIONARIOS,FISCAL PROVINCIAL,PROVISIONAL,FEMENINO,1,170101,MADRE DE DIOS,TAMBOPATA,TAMBOPATA,31/10/2025
2024,12,06/01/2025,MADRE DE DIOS,CORRUPCION DE FUNCIONARIOS,FISCAL PROVINCIAL,TITULAR,MASCULINO,1,170101,MADRE DE DIOS,TAMBOPATA,TAMBOPATA,31/10/2025
2024,12,06/01/2025,MADRE DE DIOS,CRIMEN ORGANIZADO,FISCAL ADJUNTO PROVINCIAL,PROVISIONAL,FEMENINO,2,170101,MADRE DE DIOS,TAMBOPATA,TAMBOPATA,31/10/2025
2024,12,06/01/2025,MADRE DE DIOS,CRIMEN ORGANIZADO,FISCAL PROVINCIAL,PROVISIONAL (Titular Promovido),MASCULINO,1,170101,MADRE DE DIOS,TAMBOPATA,TAMBOPATA,31/10/2025
2024,12,06/01/2025,MADRE DE DIOS,DELITOS DE TRATA DE PERSONAS,FISCAL ADJUNTO PROVINCIAL,PROVISIONAL,FEMENINO,2,170101,MADRE DE DIOS,TAMBOPATA,TAMBOPATA,31/10/2025
2024,12,06/01/2025,MADRE DE DIOS,DELITOS DE TRATA DE PERSONAS,FISCAL ADJUNTO PROVINCIAL,PROVISIONAL,MASCULINO,1,170101,MADRE DE DIOS,TAMBOPATA,TAMBOPATA,31/10/2025
2024,12,06/01/2025,MADRE DE DIOS,DELITOS DE TRATA DE PERSONAS,FISCAL PROVINCIAL,PROVISIONAL,FEMENINO,1,170101,MADRE DE DIOS,TAMBOPATA,TAMBOPATA,31/10/2025
2024,12,06/01/2025,MADRE DE DIOS,EXTINCION DE DOMINIO,FISCAL ADJUNTO PROVINCIAL,PROVISIONAL,FEMENINO,2,170101,MADRE DE DIOS,TAMBOPATA,TAMBOPATA,31/10/2025
2024,12,06/01/2025,MADRE DE DIOS,EXTINCION DE DOMINIO,FISCAL PROVINCIAL,PROVISIONAL (Titular Promovido),MASCULINO,1,170101,MADRE DE DIOS,TAMBOPATA,TAMBOPATA,31/10/2025
2024,12,06/01/2025,MADRE DE DIOS,FAMILIA,FISCAL ADJUNTO PROVINCIAL,PROVISIONAL,FEMENINO,1,170101,MADRE DE DIOS,TAMBOPATA,TAMBOPATA,31/10/2025
2024,12,06/01/2025,MADRE DE DIOS,FAMILIA,FISCAL ADJUNTO PROVINCIAL,PROVISIONAL,MASCULINO,1,170101,MADRE DE DIOS,TAMBOPATA,TAMBOPATA,31/10/2025
2024,12,06/01/2025,MADRE DE DIOS,FAMILIA,FISCAL ADJUNTO PROVINCIAL,TITULAR,MASCULINO,1,170101,MADRE DE DIOS,TAMBOPATA,TAMBOPATA,31/10/2025
2024,12,06/01/2025,MADRE DE DIOS,FAMILIA,FISCAL PROVINCIAL,PROVISIONAL (Titular Promovido),FEMENINO,1,170101,MADRE DE DIOS,TAMBOPATA,TAMBOPATA,31/10/2025
2024,12,06/01/2025,MADRE DE DIOS,FAMILIA,FISCAL PROVINCIAL,PROVISIONAL (Titular Promovido),MASCULINO,1,170101,MADRE DE DIOS,TAMBOPATA,TAMBOPATA,31/10/2025
2024,12,06/01/2025,MADRE DE DIOS,MATERIA AMBIENTAL,FISCAL ADJUNTO PROVINCIAL,PROVISIONAL,FEMENINO,1,170101,MADRE DE DIOS,TAMBOPATA,TAMBOPATA,31/10/2025
2024,12,06/01/2025,MADRE DE DIOS,MATERIA AMBIENTAL,FISCAL ADJUNTO PROVINCIAL,PROVISIONAL,MASCULINO,6,170101,MADRE DE DIOS,TAMBOPATA,TAMBOPATA,31/10/2025
2024,12,06/01/2025,MADRE DE DIOS,MATERIA AMBIENTAL,FISCAL ADJUNTO PROVINCIAL,TITULAR,FEMENINO,1,170101,MADRE DE DIOS,TAMBOPATA,TAMBOPATA,31/10/2025
2024,12,06/01/2025,MADRE DE DIOS,MATERIA AMBIENTAL,FISCAL ADJUNTO PROVINCIAL,TITULAR,MASCULINO,1,170101,MADRE DE DIOS,TAMBOPATA,TAMBOPATA,31/10/2025
2024,12,06/01/2025,MADRE DE DIOS,MATERIA AMBIENTAL,FISCAL PROVINCIAL,PROVISIONAL,MASCULINO,1,170101,MADRE DE DIOS,TAMBOPATA,TAMBOPATA,31/10/2025
2024,12,06/01/2025,MADRE DE DIOS,MATERIA AMBIENTAL,FISCAL PROVINCIAL,TITULAR,FEMENINO,1,170101,MADRE DE DIOS,TAMBOPATA,TAMBOPATA,31/10/2025
2024,12,06/01/2025,MADRE DE DIOS,MATERIA AMBIENTAL,FISCAL PROVINCIAL,TITULAR,MASCULINO,1,170101,MADRE DE DIOS,TAMBOPATA,TAMBOPATA,31/10/2025
2024,12,06/01/2025,MADRE DE DIOS,MIXTA,FISCAL ADJUNTO PROVINCIAL,PROVISIONAL,FEMENINO,2,170101,MADRE DE DIOS,TAMBOPATA,TAMBOPATA,31/10/2025
2024,12,06/01/2025,MADRE DE DIOS,MIXTA,FISCAL ADJUNTO PROVINCIAL,PROVISIONAL,MASCULINO,3,170101,MADRE DE DIOS,TAMBOPATA,TAMBOPATA,31/10/2025
2024,12,06/01/2025,MADRE DE DIOS,MIXTA,FISCAL ADJUNTO PROVINCIAL,TITULAR,FEMENINO,1,170101,MADRE DE DIOS,TAMBOPATA,TAMBOPATA,31/10/2025
2024,12,06/01/2025,MADRE DE DIOS,MIXTA,FISCAL ADJUNTO PROVINCIAL,TITULAR,MASCULINO,2,170101,MADRE DE DIOS,TAMBOPATA,TAMBOPATA,31/10/2025
2024,12,06/01/2025,MADRE DE DIOS,MIXTA,FISCAL ADJUNTO SUPERIOR,TITULAR,MASCULINO,1,170101,MADRE DE DIOS,TAMBOPATA,TAMBOPATA,31/10/2025
2024,12,06/01/2025,MADRE DE DIOS,MIXTA,FISCAL PROVINCIAL,PROVISIONAL,FEMENINO,1,170101,MADRE DE DIOS,TAMBOPATA,TAMBOPATA,31/10/2025
2024,12,06/01/2025,MADRE DE DIOS,MIXTA,FISCAL PROVINCIAL,PROVISIONAL (Titular Promovido),MASCULINO,1,170101,MADRE DE DIOS,TAMBOPATA,TAMBOPATA,31/10/2025
2024,12,06/01/2025,MADRE DE DIOS,MIXTA,FISCAL PROVINCIAL,TITULAR,MASCULINO,2,170101,MADRE DE DIOS,TAMBOPATA,TAMBOPATA,31/10/2025
2024,12,06/01/2025,MADRE DE DIOS,MIXTA,FISCAL SUPERIOR,TITULAR,MASCULINO,1,170101,MADRE DE DIOS,TAMBOPATA,TAMBOPATA,31/10/2025
2024,12,06/01/2025,MADRE DE DIOS,PENAL,FISCAL ADJUNTO PROVINCIAL,PROVISIONAL,FEMENINO,5,170101,MADRE DE DIOS,TAMBOPATA,TAMBOPATA,31/10/2025
2024,12,06/01/2025,MADRE DE DIOS,PENAL,FISCAL ADJUNTO PROVINCIAL,PROVISIONAL,MASCULINO,3,170101,MADRE DE DIOS,TAMBOPATA,TAMBOPATA,31/10/2025
2024,12,06/01/2025,MADRE DE DIOS,PENAL,FISCAL ADJUNTO PROVINCIAL,TITULAR,MASCULINO,1,170101,MADRE DE DIOS,TAMBOPATA,TAMBOPATA,31/10/2025
2024,12,06/01/2025,MADRE DE DIOS,PENAL,FISCAL ADJUNTO SUPERIOR,PROVISIONAL (Titular Promovido),FEMENINO,1,170101,MADRE DE DIOS,TAMBOPATA,TAMBOPATA,31/10/2025
2024,12,06/01/2025,MADRE DE DIOS,PENAL,FISCAL ADJUNTO SUPERIOR,PROVISIONAL (Titular Promovido),MASCULINO,1,170101,MADRE DE DIOS,TAMBOPATA,TAMBOPATA,31/10/2025
2024,12,06/01/2025,MADRE DE DIOS,PENAL,FISCAL ADJUNTO SUPERIOR,TITULAR,FEMENINO,1,170101,MADRE DE DIOS,TAMBOPATA,TAMBOPATA,31/10/2025
2024,12,06/01/2025,MADRE DE DIOS,PENAL,FISCAL ADJUNTO SUPERIOR,TITULAR,MASCULINO,1,170101,MADRE DE DIOS,TAMBOPATA,TAMBOPATA,31/10/2025
2024,12,06/01/2025,MADRE DE DIOS,PENAL,FISCAL PROVINCIAL,PROVISIONAL,FEMENINO,2,170101,MADRE DE DIOS,TAMBOPATA,TAMBOPATA,31/10/2025
2024,12,06/01/2025,MADRE DE DIOS,PENAL,FISCAL PROVINCIAL,PROVISIONAL,MASCULINO,1,170101,MADRE DE DIOS,TAMBOPATA,TAMBOPATA,31/10/2025
2024,12,06/01/2025,MADRE DE DIOS,PENAL,FISCAL PROVINCIAL,PROVISIONAL (Titular Promovido),MASCULINO,1,170101,MADRE DE DIOS,TAMBOPATA,TAMBOPATA,31/10/2025
2024,12,06/01/2025,MADRE DE DIOS,PENAL,FISCAL PROVINCIAL,TITULAR,MASCULINO,3,170101,MADRE DE DIOS,TAMBOPATA,TAMBOPATA,31/10/2025
2024,12,06/01/2025,MADRE DE DIOS,PENAL,FISCAL SUPERIOR,TITULAR,MASCULINO,1,170101,MADRE DE DIOS,TAMBOPATA,TAMBOPATA,31/10/2025
2024,12,06/01/2025,MADRE DE DIOS,PREVENCION DEL DELITO,FISCAL ADJUNTO PROVINCIAL,PROVISIONAL,FEMENINO,1,170101,MADRE DE DIOS,TAMBOPATA,TAMBOPATA,31/10/2025
2024,12,06/01/2025,MADRE DE DIOS,PREVENCION DEL DELITO,FISCAL ADJUNTO PROVINCIAL,PROVISIONAL,MASCULINO,1,170101,MADRE DE DIOS,TAMBOPATA,TAMBOPATA,31/10/2025
2024,12,06/01/2025,MADRE DE DIOS,PREVENCION DEL DELITO,FISCAL PROVINCIAL,PROVISIONAL (Titular Promovido),MASCULINO,1,170101,MADRE DE DIOS,TAMBOPATA,TAMBOPATA,31/10/2025
2024,12,06/01/2025,MADRE DE DIOS,TRAFICO ILICITO DE DROGAS,FISCAL ADJUNTO PROVINCIAL,PROVISIONAL,MASCULINO,1,170101,MADRE DE DIOS,TAMBOPATA,TAMBOPATA,31/10/2025
2024,12,06/01/2025,MADRE DE DIOS,TRAFICO ILICITO DE DROGAS,FISCAL PROVINCIAL,PROVISIONAL,MASCULINO,1,170101,MADRE DE DIOS,TAMBOPATA,TAMBOPATA,31/10/2025
2024,12,06/01/2025,MADRE DE DIOS,DERECHOS HUMANOS E INTERCULTURALIDAD,FISCAL ADJUNTO PROVINCIAL,PROVISIONAL,MASCULINO,3,170101,MADRE DE DIOS,TAMBOPATA,TAMBOPATA,31/10/2025
2024,12,06/01/2025,MADRE DE DIOS,DERECHOS HUMANOS E INTERCULTURALIDAD,FISCAL PROVINCIAL,PROVISIONAL,FEMENINO,1,170101,MADRE DE DIOS,TAMBOPATA,TAMBOPATA,31/10/2025
2024,12,06/01/2025,MADRE DE DIOS,DERECHOS HUMANOS E INTERCULTURALIDAD,FISCAL PROVINCIAL,PROVISIONAL,MASCULINO,1,170101,MADRE DE DIOS,TAMBOPATA,TAMBOPATA,31/10/2025
2024,12,06/01/2025,MOQUEGUA,AUTORIDAD NACIONAL DE CONTROL,FISCAL ADJUNTO SUPERIOR,PROVISIONAL (Titular Promovido),MASCULINO,1,180101,MOQUEGUA,MARISCAL NIETO,MOQUEGUA,31/10/2025
2024,12,06/01/2025,MOQUEGUA,AUTORIDAD NACIONAL DE CONTROL,FISCAL ADJUNTO SUPERIOR,TITULAR,MASCULINO,1,180101,MOQUEGUA,MARISCAL NIETO,MOQUEGUA,31/10/2025
2024,12,06/01/2025,MOQUEGUA,AUTORIDAD NACIONAL DE CONTROL,FISCAL SUPERIOR,TITULAR,MASCULINO,1,180101,MOQUEGUA,MARISCAL NIETO,MOQUEGUA,31/10/2025
2024,12,06/01/2025,MOQUEGUA,CORRUPCION DE FUNCIONARIOS,FISCAL ADJUNTO PROVINCIAL,PROVISIONAL,FEMENINO,3,180101,MOQUEGUA,MARISCAL NIETO,MOQUEGUA,31/10/2025
2024,12,06/01/2025,MOQUEGUA,CORRUPCION DE FUNCIONARIOS,FISCAL ADJUNTO PROVINCIAL,PROVISIONAL,MASCULINO,2,180101,MOQUEGUA,MARISCAL NIETO,MOQUEGUA,31/10/2025
2024,12,06/01/2025,MOQUEGUA,CORRUPCION DE FUNCIONARIOS,FISCAL ADJUNTO PROVINCIAL,TITULAR,FEMENINO,1,180101,MOQUEGUA,MARISCAL NIETO,MOQUEGUA,31/10/2025
2024,12,06/01/2025,MOQUEGUA,CORRUPCION DE FUNCIONARIOS,FISCAL ADJUNTO PROVINCIAL,TITULAR,MASCULINO,2,180101,MOQUEGUA,MARISCAL NIETO,MOQUEGUA,31/10/2025
2024,12,06/01/2025,MOQUEGUA,CORRUPCION DE FUNCIONARIOS,FISCAL PROVINCIAL,TITULAR,FEMENINO,1,180101,MOQUEGUA,MARISCAL NIETO,MOQUEGUA,31/10/2025
2024,12,06/01/2025,MOQUEGUA,CORRUPCION DE FUNCIONARIOS,FISCAL PROVINCIAL,TITULAR,MASCULINO,4,180101,MOQUEGUA,MARISCAL NIETO,MOQUEGUA,31/10/2025
2024,12,06/01/2025,MOQUEGUA,FAMILIA,FISCAL ADJUNTO PROVINCIAL,TITULAR,FEMENINO,1,180101,MOQUEGUA,MARISCAL NIETO,MOQUEGUA,31/10/2025
2024,12,06/01/2025,MOQUEGUA,FAMILIA,FISCAL ADJUNTO PROVINCIAL,TITULAR,MASCULINO,1,180101,MOQUEGUA,MARISCAL NIETO,MOQUEGUA,31/10/2025
2024,12,06/01/2025,MOQUEGUA,FAMILIA,FISCAL ADJUNTO SUPERIOR,TITULAR,FEMENINO,1,180101,MOQUEGUA,MARISCAL NIETO,MOQUEGUA,31/10/2025
2024,12,06/01/2025,MOQUEGUA,FAMILIA,FISCAL PROVINCIAL,TITULAR,FEMENINO,1,180101,MOQUEGUA,MARISCAL NIETO,MOQUEGUA,31/10/2025
2024,12,06/01/2025,MOQUEGUA,FAMILIA,FISCAL PROVINCIAL,TITULAR,MASCULINO,1,180101,MOQUEGUA,MARISCAL NIETO,MOQUEGUA,31/10/2025
2024,12,06/01/2025,MOQUEGUA,FAMILIA,FISCAL SUPERIOR,TITULAR,FEMENINO,1,180101,MOQUEGUA,MARISCAL NIETO,MOQUEGUA,31/10/2025
2024,12,06/01/2025,MOQUEGUA,MIXTA,FISCAL ADJUNTO PROVINCIAL,PROVISIONAL,FEMENINO,1,180101,MOQUEGUA,MARISCAL NIETO,MOQUEGUA,31/10/2025
2024,12,06/01/2025,MOQUEGUA,MIXTA,FISCAL ADJUNTO PROVINCIAL,PROVISIONAL,MASCULINO,2,180101,MOQUEGUA,MARISCAL NIETO,MOQUEGUA,31/10/2025
2024,12,06/01/2025,MOQUEGUA,MIXTA,FISCAL PROVINCIAL,PROVISIONAL (Titular Promovido),MASCULINO,1,180101,MOQUEGUA,MARISCAL NIETO,MOQUEGUA,31/10/2025
2024,12,06/01/2025,MOQUEGUA,MIXTA,FISCAL PROVINCIAL,TITULAR,MASCULINO,1,180101,MOQUEGUA,MARISCAL NIETO,MOQUEGUA,31/10/2025
2024,12,06/01/2025,MOQUEGUA,PENAL,FISCAL ADJUNTO PROVINCIAL,PROVISIONAL,FEMENINO,5,180101,MOQUEGUA,MARISCAL NIETO,MOQUEGUA,31/10/2025
2024,12,06/01/2025,MOQUEGUA,PENAL,FISCAL ADJUNTO PROVINCIAL,PROVISIONAL,MASCULINO,8,180101,MOQUEGUA,MARISCAL NIETO,MOQUEGUA,31/10/2025
2024,12,06/01/2025,MOQUEGUA,PENAL,FISCAL ADJUNTO PROVINCIAL,TITULAR,FEMENINO,3,180101,MOQUEGUA,MARISCAL NIETO,MOQUEGUA,31/10/2025
2024,12,06/01/2025,MOQUEGUA,PENAL,FISCAL ADJUNTO PROVINCIAL,TITULAR,MASCULINO,6,180101,MOQUEGUA,MARISCAL NIETO,MOQUEGUA,31/10/2025
2024,12,06/01/2025,MOQUEGUA,PENAL,FISCAL ADJUNTO SUPERIOR,PROVISIONAL (Titular Promovido),FEMENINO,3,180101,MOQUEGUA,MARISCAL NIETO,MOQUEGUA,31/10/2025
2024,12,06/01/2025,MOQUEGUA,PENAL,FISCAL ADJUNTO SUPERIOR,PROVISIONAL (Titular Promovido),MASCULINO,1,180101,MOQUEGUA,MARISCAL NIETO,MOQUEGUA,31/10/2025
2024,12,06/01/2025,MOQUEGUA,PENAL,FISCAL ADJUNTO SUPERIOR,TITULAR,MASCULINO,1,180101,MOQUEGUA,MARISCAL NIETO,MOQUEGUA,31/10/2025
2024,12,06/01/2025,MOQUEGUA,PENAL,FISCAL PROVINCIAL,PROVISIONAL,MASCULINO,1,180101,MOQUEGUA,MARISCAL NIETO,MOQUEGUA,31/10/2025
2024,12,06/01/2025,MOQUEGUA,PENAL,FISCAL PROVINCIAL,PROVISIONAL (Titular Promovido),MASCULINO,1,180101,MOQUEGUA,MARISCAL NIETO,MOQUEGUA,31/10/2025
2024,12,06/01/2025,MOQUEGUA,PENAL,FISCAL PROVINCIAL,TITULAR,FEMENINO,2,180101,MOQUEGUA,MARISCAL NIETO,MOQUEGUA,31/10/2025
2024,12,06/01/2025,MOQUEGUA,PENAL,FISCAL PROVINCIAL,TITULAR,MASCULINO,4,180101,MOQUEGUA,MARISCAL NIETO,MOQUEGUA,31/10/2025
2024,12,06/01/2025,MOQUEGUA,PENAL,FISCAL SUPERIOR,TITULAR,MASCULINO,2,180101,MOQUEGUA,MARISCAL NIETO,MOQUEGUA,31/10/2025
2024,12,06/01/2025,MOQUEGUA,PREVENCION DEL DELITO,FISCAL ADJUNTO PROVINCIAL,PROVISIONAL,FEMENINO,2,180101,MOQUEGUA,MARISCAL NIETO,MOQUEGUA,31/10/2025
2024,12,06/01/2025,MOQUEGUA,PREVENCION DEL DELITO,FISCAL ADJUNTO PROVINCIAL,PROVISIONAL,MASCULINO,1,180101,MOQUEGUA,MARISCAL NIETO,MOQUEGUA,31/10/2025
2024,12,06/01/2025,MOQUEGUA,PREVENCION DEL DELITO,FISCAL ADJUNTO PROVINCIAL,TITULAR,MASCULINO,1,180101,MOQUEGUA,MARISCAL NIETO,MOQUEGUA,31/10/2025
2024,12,06/01/2025,MOQUEGUA,PREVENCION DEL DELITO,FISCAL PROVINCIAL,TITULAR,MASCULINO,2,180101,MOQUEGUA,MARISCAL NIETO,MOQUEGUA,31/10/2025
2024,12,06/01/2025,MOQUEGUA,VIOLENCIA CONTRA LA MUJER E INTEGRANTES DEL GRUPO FAMILIAR,FISCAL ADJUNTO PROVINCIAL,PROVISIONAL,FEMENINO,3,180101,MOQUEGUA,MARISCAL NIETO,MOQUEGUA,31/10/2025
2024,12,06/01/2025,MOQUEGUA,VIOLENCIA CONTRA LA MUJER E INTEGRANTES DEL GRUPO FAMILIAR,FISCAL ADJUNTO PROVINCIAL,PROVISIONAL,MASCULINO,2,180101,MOQUEGUA,MARISCAL NIETO,MOQUEGUA,31/10/2025
2024,12,06/01/2025,MOQUEGUA,VIOLENCIA CONTRA LA MUJER E INTEGRANTES DEL GRUPO FAMILIAR,FISCAL ADJUNTO PROVINCIAL,TITULAR,FEMENINO,1,180101,MOQUEGUA,MARISCAL NIETO,MOQUEGUA,31/10/2025
2024,12,06/01/2025,MOQUEGUA,VIOLENCIA CONTRA LA MUJER E INTEGRANTES DEL GRUPO FAMILIAR,FISCAL PROVINCIAL,PROVISIONAL (Titular Promovido),MASCULINO,1,180101,MOQUEGUA,MARISCAL NIETO,MOQUEGUA,31/10/2025
2024,12,06/01/2025,MOQUEGUA,VIOLENCIA CONTRA LA MUJER E INTEGRANTES DEL GRUPO FAMILIAR,FISCAL PROVINCIAL,TITULAR,MASCULINO,3,180101,MOQUEGUA,MARISCAL NIETO,MOQUEGUA,31/10/2025
2024,12,06/01/2025,PASCO,AUTORIDAD NACIONAL DE CONTROL,FISCAL ADJUNTO SUPERIOR,PROVISIONAL,FEMENINO,2,190113,PASCO,PASCO,YANACANCHA,31/10/2025
2024,12,06/01/2025,PASCO,CORRUPCION DE FUNCIONARIOS,FISCAL ADJUNTO PROVINCIAL,PROVISIONAL,MASCULINO,5,190113,PASCO,PASCO,YANACANCHA,31/10/2025
2024,12,06/01/2025,PASCO,CORRUPCION DE FUNCIONARIOS,FISCAL ADJUNTO PROVINCIAL,TITULAR,FEMENINO,1,190113,PASCO,PASCO,YANACANCHA,31/10/2025
2024,12,06/01/2025,PASCO,CORRUPCION DE FUNCIONARIOS,FISCAL ADJUNTO PROVINCIAL,TITULAR,MASCULINO,1,190113,PASCO,PASCO,YANACANCHA,31/10/2025
2024,12,06/01/2025,PASCO,CORRUPCION DE FUNCIONARIOS,FISCAL ADJUNTO SUPERIOR,TITULAR,MASCULINO,1,190113,PASCO,PASCO,YANACANCHA,31/10/2025
2024,12,06/01/2025,PASCO,CORRUPCION DE FUNCIONARIOS,FISCAL PROVINCIAL,PROVISIONAL,FEMENINO,1,190113,PASCO,PASCO,YANACANCHA,31/10/2025
2024,12,06/01/2025,PASCO,CORRUPCION DE FUNCIONARIOS,FISCAL PROVINCIAL,PROVISIONAL (Titular Promovido),MASCULINO,1,190113,PASCO,PASCO,YANACANCHA,31/10/2025
2024,12,06/01/2025,PASCO,CORRUPCION DE FUNCIONARIOS,FISCAL PROVINCIAL,TITULAR,MASCULINO,1,190113,PASCO,PASCO,YANACANCHA,31/10/2025
2024,12,06/01/2025,PASCO,CORRUPCION DE FUNCIONARIOS,FISCAL SUPERIOR,TITULAR,MASCULINO,1,190113,PASCO,PASCO,YANACANCHA,31/10/2025
2024,12,06/01/2025,PASCO,FAMILIA,FISCAL ADJUNTO PROVINCIAL,PROVISIONAL,FEMENINO,3,190113,PASCO,PASCO,YANACANCHA,31/10/2025
2024,12,06/01/2025,PASCO,FAMILIA,FISCAL ADJUNTO SUPERIOR,PROVISIONAL,FEMENINO,1,190113,PASCO,PASCO,YANACANCHA,31/10/2025
2024,12,06/01/2025,PASCO,FAMILIA,FISCAL PROVINCIAL,PROVISIONAL,FEMENINO,2,190113,PASCO,PASCO,YANACANCHA,31/10/2025
2024,12,06/01/2025,PASCO,FAMILIA,FISCAL PROVINCIAL,PROVISIONAL,MASCULINO,1,190113,PASCO,PASCO,YANACANCHA,31/10/2025
2024,12,06/01/2025,PASCO,FAMILIA,FISCAL SUPERIOR,PROVISIONAL (Titular Promovido),MASCULINO,1,190113,PASCO,PASCO,YANACANCHA,31/10/2025
2024,12,06/01/2025,PASCO,MATERIA AMBIENTAL,FISCAL ADJUNTO PROVINCIAL,PROVISIONAL,FEMENINO,1,190113,PASCO,PASCO,YANACANCHA,31/10/2025
2024,12,06/01/2025,PASCO,MATERIA AMBIENTAL,FISCAL ADJUNTO PROVINCIAL,PROVISIONAL,MASCULINO,1,190113,PASCO,PASCO,YANACANCHA,31/10/2025
2024,12,06/01/2025,PASCO,MATERIA AMBIENTAL,FISCAL PROVINCIAL,PROVISIONAL,FEMENINO,1,190113,PASCO,PASCO,YANACANCHA,31/10/2025
2024,12,06/01/2025,PASCO,MIXTA,FISCAL ADJUNTO PROVINCIAL,PROVISIONAL,FEMENINO,2,190113,PASCO,PASCO,YANACANCHA,31/10/2025
2024,12,06/01/2025,PASCO,MIXTA,FISCAL ADJUNTO PROVINCIAL,PROVISIONAL,MASCULINO,3,190113,PASCO,PASCO,YANACANCHA,31/10/2025
2024,12,06/01/2025,PASCO,MIXTA,FISCAL ADJUNTO SUPERIOR,PROVISIONAL,FEMENINO,1,190113,PASCO,PASCO,YANACANCHA,31/10/2025
2024,12,06/01/2025,PASCO,MIXTA,FISCAL ADJUNTO SUPERIOR,PROVISIONAL,MASCULINO,1,190113,PASCO,PASCO,YANACANCHA,31/10/2025
2024,12,06/01/2025,PASCO,MIXTA,FISCAL PROVINCIAL,PROVISIONAL,FEMENINO,3,190113,PASCO,PASCO,YANACANCHA,31/10/2025
2024,12,06/01/2025,PASCO,MIXTA,FISCAL PROVINCIAL,PROVISIONAL,MASCULINO,1,190113,PASCO,PASCO,YANACANCHA,31/10/2025
2024,12,06/01/2025,PASCO,MIXTA,FISCAL SUPERIOR,PROVISIONAL,FEMENINO,1,190113,PASCO,PASCO,YANACANCHA,31/10/2025
2024,12,06/01/2025,PASCO,PENAL,FISCAL ADJUNTO PROVINCIAL,PROVISIONAL,FEMENINO,9,190113,PASCO,PASCO,YANACANCHA,31/10/2025
2024,12,06/01/2025,PASCO,PENAL,FISCAL ADJUNTO PROVINCIAL,PROVISIONAL,MASCULINO,3,190113,PASCO,PASCO,YANACANCHA,31/10/2025
2024,12,06/01/2025,PASCO,PENAL,FISCAL ADJUNTO PROVINCIAL,TITULAR,FEMENINO,2,190113,PASCO,PASCO,YANACANCHA,31/10/2025
2024,12,06/01/2025,PASCO,PENAL,FISCAL ADJUNTO PROVINCIAL,TITULAR,MASCULINO,2,190113,PASCO,PASCO,YANACANCHA,31/10/2025
2024,12,06/01/2025,PASCO,PENAL,FISCAL ADJUNTO SUPERIOR,PROVISIONAL (Titular Promovido),FEMENINO,1,190113,PASCO,PASCO,YANACANCHA,31/10/2025
2024,12,06/01/2025,PASCO,PENAL,FISCAL ADJUNTO SUPERIOR,TITULAR,FEMENINO,1,190113,PASCO,PASCO,YANACANCHA,31/10/2025
2024,12,06/01/2025,PASCO,PENAL,FISCAL ADJUNTO SUPERIOR,TITULAR,MASCULINO,2,190113,PASCO,PASCO,YANACANCHA,31/10/2025
2024,12,06/01/2025,PASCO,PENAL,FISCAL PROVINCIAL,PROVISIONAL,MASCULINO,3,190113,PASCO,PASCO,YANACANCHA,31/10/2025
2024,12,06/01/2025,PASCO,PENAL,FISCAL PROVINCIAL,PROVISIONAL (Titular Promovido),MASCULINO,1,190113,PASCO,PASCO,YANACANCHA,31/10/2025
2024,12,06/01/2025,PASCO,PENAL,FISCAL PROVINCIAL,TITULAR,FEMENINO,1,190113,PASCO,PASCO,YANACANCHA,31/10/2025
2024,12,06/01/2025,PASCO,PENAL,FISCAL PROVINCIAL,TITULAR,MASCULINO,4,190113,PASCO,PASCO,YANACANCHA,31/10/2025
2024,12,06/01/2025,PASCO,PENAL,FISCAL SUPERIOR,TITULAR,FEMENINO,1,190113,PASCO,PASCO,YANACANCHA,31/10/2025
2024,12,06/01/2025,PASCO,PENAL,FISCAL SUPERIOR,TITULAR,MASCULINO,1,190113,PASCO,PASCO,YANACANCHA,31/10/2025
2024,12,06/01/2025,PASCO,PREVENCION DEL DELITO,FISCAL ADJUNTO PROVINCIAL,PROVISIONAL,FEMENINO,2,190113,PASCO,PASCO,YANACANCHA,31/10/2025
2024,12,06/01/2025,PASCO,PREVENCION DEL DELITO,FISCAL ADJUNTO PROVINCIAL,PROVISIONAL,MASCULINO,1,190113,PASCO,PASCO,YANACANCHA,31/10/2025
2024,12,06/01/2025,PASCO,PREVENCION DEL DELITO,FISCAL PROVINCIAL,PROVISIONAL,MASCULINO,1,190113,PASCO,PASCO,YANACANCHA,31/10/2025
2024,12,06/01/2025,PASCO,PREVENCION DEL DELITO,FISCAL PROVINCIAL,TITULAR,MASCULINO,1,190113,PASCO,PASCO,YANACANCHA,31/10/2025
2024,12,06/01/2025,PIURA,AUTORIDAD NACIONAL DE CONTROL,FISCAL ADJUNTO SUPERIOR,PROVISIONAL,FEMENINO,1,200101,PIURA,PIURA,PIURA,31/10/2025
2024,12,06/01/2025,PIURA,AUTORIDAD NACIONAL DE CONTROL,FISCAL ADJUNTO SUPERIOR,PROVISIONAL (Titular Promovido),FEMENINO,1,200101,PIURA,PIURA,PIURA,31/10/2025
2024,12,06/01/2025,PIURA,AUTORIDAD NACIONAL DE CONTROL,FISCAL SUPERIOR,PROVISIONAL (Titular Promovido),FEMENINO,1,200101,PIURA,PIURA,PIURA,31/10/2025
2024,12,06/01/2025,PIURA,CORRUPCION DE FUNCIONARIOS,FISCAL ADJUNTO PROVINCIAL,PROVISIONAL,FEMENINO,3,200101,PIURA,PIURA,PIURA,31/10/2025
2024,12,06/01/2025,PIURA,CORRUPCION DE FUNCIONARIOS,FISCAL ADJUNTO PROVINCIAL,PROVISIONAL,MASCULINO,3,200101,PIURA,PIURA,PIURA,31/10/2025
2024,12,06/01/2025,PIURA,CORRUPCION DE FUNCIONARIOS,FISCAL ADJUNTO PROVINCIAL,TITULAR,MASCULINO,3,200101,PIURA,PIURA,PIURA,31/10/2025
2024,12,06/01/2025,PIURA,CORRUPCION DE FUNCIONARIOS,FISCAL PROVINCIAL,PROVISIONAL (Titular Promovido),FEMENINO,1,200101,PIURA,PIURA,PIURA,31/10/2025
2024,12,06/01/2025,PIURA,CORRUPCION DE FUNCIONARIOS,FISCAL PROVINCIAL,TITULAR,FEMENINO,1,200101,PIURA,PIURA,PIURA,31/10/2025
2024,12,06/01/2025,PIURA,CORRUPCION DE FUNCIONARIOS,FISCAL PROVINCIAL,TITULAR,MASCULINO,1,200101,PIURA,PIURA,PIURA,31/10/2025
2024,12,06/01/2025,PIURA,CRIMEN ORGANIZADO,FISCAL ADJUNTO PROVINCIAL,PROVISIONAL,MASCULINO,2,200101,PIURA,PIURA,PIURA,31/10/2025
2024,12,06/01/2025,PIURA,CRIMEN ORGANIZADO,FISCAL ADJUNTO PROVINCIAL,TITULAR,FEMENINO,3,200101,PIURA,PIURA,PIURA,31/10/2025
2024,12,06/01/2025,PIURA,CRIMEN ORGANIZADO,FISCAL ADJUNTO PROVINCIAL,TITULAR,MASCULINO,1,200101,PIURA,PIURA,PIURA,31/10/2025
2024,12,06/01/2025,PIURA,CRIMEN ORGANIZADO,FISCAL PROVINCIAL,TITULAR,FEMENINO,1,200101,PIURA,PIURA,PIURA,31/10/2025
2024,12,06/01/2025,PIURA,CRIMEN ORGANIZADO,FISCAL PROVINCIAL,TITULAR,MASCULINO,1,200101,PIURA,PIURA,PIURA,31/10/2025
2024,12,06/01/2025,PIURA,DELITOS DE TRATA DE PERSONAS,FISCAL ADJUNTO PROVINCIAL,PROVISIONAL,FEMENINO,1,200101,PIURA,PIURA,PIURA,31/10/2025
2024,12,06/01/2025,PIURA,DELITOS DE TRATA DE PERSONAS,FISCAL ADJUNTO PROVINCIAL,PROVISIONAL,MASCULINO,1,200101,PIURA,PIURA,PIURA,31/10/2025
2024,12,06/01/2025,PIURA,EXTINCION DE DOMINIO,FISCAL ADJUNTO PROVINCIAL,PROVISIONAL,FEMENINO,1,200101,PIURA,PIURA,PIURA,31/10/2025
2024,12,06/01/2025,PIURA,EXTINCION DE DOMINIO,FISCAL ADJUNTO PROVINCIAL,PROVISIONAL,MASCULINO,1,200101,PIURA,PIURA,PIURA,31/10/2025
2024,12,06/01/2025,PIURA,EXTINCION DE DOMINIO,FISCAL PROVINCIAL,PROVISIONAL (Titular Promovido),FEMENINO,1,200101,PIURA,PIURA,PIURA,31/10/2025
2024,12,06/01/2025,PIURA,FAMILIA,FISCAL ADJUNTO PROVINCIAL,PROVISIONAL,FEMENINO,1,200101,PIURA,PIURA,PIURA,31/10/2025
2024,12,06/01/2025,PIURA,FAMILIA,FISCAL ADJUNTO PROVINCIAL,TITULAR,FEMENINO,1,200101,PIURA,PIURA,PIURA,31/10/2025
2024,12,06/01/2025,PIURA,FAMILIA,FISCAL PROVINCIAL,TITULAR,FEMENINO,2,200101,PIURA,PIURA,PIURA,31/10/2025
2024,12,06/01/2025,PIURA,FAMILIA,FISCAL PROVINCIAL,TITULAR,MASCULINO,2,200101,PIURA,PIURA,PIURA,31/10/2025
2024,12,06/01/2025,PIURA,MATERIA AMBIENTAL,FISCAL ADJUNTO PROVINCIAL,PROVISIONAL,MASCULINO,2,200101,PIURA,PIURA,PIURA,31/10/2025
2024,12,06/01/2025,PIURA,MATERIA AMBIENTAL,FISCAL PROVINCIAL,PROVISIONAL (Titular Promovido),FEMENINO,1,200101,PIURA,PIURA,PIURA,31/10/2025
2024,12,06/01/2025,PIURA,MIXTA,FISCAL ADJUNTO PROVINCIAL,PROVISIONAL,FEMENINO,1,200101,PIURA,PIURA,PIURA,31/10/2025
2024,12,06/01/2025,PIURA,MIXTA,FISCAL ADJUNTO PROVINCIAL,PROVISIONAL,MASCULINO,6,200101,PIURA,PIURA,PIURA,31/10/2025
2024,12,06/01/2025,PIURA,MIXTA,FISCAL ADJUNTO PROVINCIAL,TITULAR,FEMENINO,2,200101,PIURA,PIURA,PIURA,31/10/2025
2024,12,06/01/2025,PIURA,MIXTA,FISCAL ADJUNTO SUPERIOR,TITULAR,FEMENINO,1,200101,PIURA,PIURA,PIURA,31/10/2025
2024,12,06/01/2025,PIURA,MIXTA,FISCAL PROVINCIAL,PROVISIONAL (Titular Promovido),FEMENINO,2,200101,PIURA,PIURA,PIURA,31/10/2025
2024,12,06/01/2025,PIURA,MIXTA,FISCAL PROVINCIAL,PROVISIONAL (Titular Promovido),MASCULINO,1,200101,PIURA,PIURA,PIURA,31/10/2025
2024,12,06/01/2025,PIURA,MIXTA,FISCAL PROVINCIAL,TITULAR,FEMENINO,1,200101,PIURA,PIURA,PIURA,31/10/2025
2024,12,06/01/2025,PIURA,MIXTA,FISCAL PROVINCIAL,TITULAR,MASCULINO,1,200101,PIURA,PIURA,PIURA,31/10/2025
2024,12,06/01/2025,PIURA,MIXTA,FISCAL SUPERIOR,TITULAR,MASCULINO,1,200101,PIURA,PIURA,PIURA,31/10/2025
2024,12,06/01/2025,PIURA,PENAL,FISCAL ADJUNTO PROVINCIAL,PROVISIONAL,FEMENINO,21,200101,PIURA,PIURA,PIURA,31/10/2025
2024,12,06/01/2025,PIURA,PENAL,FISCAL ADJUNTO PROVINCIAL,PROVISIONAL,MASCULINO,11,200101,PIURA,PIURA,PIURA,31/10/2025
2024,12,06/01/2025,PIURA,PENAL,FISCAL ADJUNTO PROVINCIAL,TITULAR,FEMENINO,12,200101,PIURA,PIURA,PIURA,31/10/2025
2024,12,06/01/2025,PIURA,PENAL,FISCAL ADJUNTO PROVINCIAL,TITULAR,MASCULINO,7,200101,PIURA,PIURA,PIURA,31/10/2025
2024,12,06/01/2025,PIURA,PENAL,FISCAL ADJUNTO SUPERIOR,PROVISIONAL (Titular Promovido),FEMENINO,2,200101,PIURA,PIURA,PIURA,31/10/2025
2024,12,06/01/2025,PIURA,PENAL,FISCAL ADJUNTO SUPERIOR,TITULAR,FEMENINO,2,200101,PIURA,PIURA,PIURA,31/10/2025
2024,12,06/01/2025,PIURA,PENAL,FISCAL ADJUNTO SUPERIOR,TITULAR,MASCULINO,1,200101,PIURA,PIURA,PIURA,31/10/2025
2024,12,06/01/2025,PIURA,PENAL,FISCAL PROVINCIAL,PROVISIONAL (Titular Promovido),FEMENINO,2,200101,PIURA,PIURA,PIURA,31/10/2025
2024,12,06/01/2025,PIURA,PENAL,FISCAL PROVINCIAL,PROVISIONAL (Titular Promovido),MASCULINO,2,200101,PIURA,PIURA,PIURA,31/10/2025
2024,12,06/01/2025,PIURA,PENAL,FISCAL PROVINCIAL,TITULAR,FEMENINO,10,200101,PIURA,PIURA,PIURA,31/10/2025
2024,12,06/01/2025,PIURA,PENAL,FISCAL PROVINCIAL,TITULAR,MASCULINO,9,200101,PIURA,PIURA,PIURA,31/10/2025
2024,12,06/01/2025,PIURA,PENAL,FISCAL SUPERIOR,PROVISIONAL (Titular Promovido),MASCULINO,1,200101,PIURA,PIURA,PIURA,31/10/2025
2024,12,06/01/2025,PIURA,PENAL,FISCAL SUPERIOR,TITULAR,FEMENINO,1,200101,PIURA,PIURA,PIURA,31/10/2025
2024,12,06/01/2025,PIURA,PENAL,FISCAL SUPERIOR,TITULAR,MASCULINO,2,200101,PIURA,PIURA,PIURA,31/10/2025
2024,12,06/01/2025,PIURA,PREVENCION DEL DELITO,FISCAL ADJUNTO PROVINCIAL,PROVISIONAL,FEMENINO,2,200101,PIURA,PIURA,PIURA,31/10/2025
2024,12,06/01/2025,PIURA,PREVENCION DEL DELITO,FISCAL ADJUNTO PROVINCIAL,PROVISIONAL,MASCULINO,1,200101,PIURA,PIURA,PIURA,31/10/2025
2024,12,06/01/2025,PIURA,PREVENCION DEL DELITO,FISCAL ADJUNTO PROVINCIAL,TITULAR,FEMENINO,1,200101,PIURA,PIURA,PIURA,31/10/2025
2024,12,06/01/2025,PIURA,PREVENCION DEL DELITO,FISCAL PROVINCIAL,PROVISIONAL (Titular Promovido),FEMENINO,1,200101,PIURA,PIURA,PIURA,31/10/2025
2024,12,06/01/2025,PIURA,TRAFICO ILICITO DE DROGAS,FISCAL ADJUNTO PROVINCIAL,PROVISIONAL,MASCULINO,2,200101,PIURA,PIURA,PIURA,31/10/2025
2024,12,06/01/2025,PIURA,TRAFICO ILICITO DE DROGAS,FISCAL PROVINCIAL,PROVISIONAL (Titular Promovido),MASCULINO,1,200101,PIURA,PIURA,PIURA,31/10/2025
2024,12,06/01/2025,PIURA,VIOLENCIA CONTRA LA MUJER E INTEGRANTES DEL GRUPO FAMILIAR,FISCAL ADJUNTO PROVINCIAL,PROVISIONAL,FEMENINO,11,200101,PIURA,PIURA,PIURA,31/10/2025
2024,12,06/01/2025,PIURA,VIOLENCIA CONTRA LA MUJER E INTEGRANTES DEL GRUPO FAMILIAR,FISCAL ADJUNTO PROVINCIAL,PROVISIONAL,MASCULINO,5,200101,PIURA,PIURA,PIURA,31/10/2025
2024,12,06/01/2025,PIURA,VIOLENCIA CONTRA LA MUJER E INTEGRANTES DEL GRUPO FAMILIAR,FISCAL ADJUNTO PROVINCIAL,TITULAR,FEMENINO,7,200101,PIURA,PIURA,PIURA,31/10/2025
2024,12,06/01/2025,PIURA,VIOLENCIA CONTRA LA MUJER E INTEGRANTES DEL GRUPO FAMILIAR,FISCAL ADJUNTO PROVINCIAL,TITULAR,MASCULINO,2,200101,PIURA,PIURA,PIURA,31/10/2025
2024,12,06/01/2025,PIURA,VIOLENCIA CONTRA LA MUJER E INTEGRANTES DEL GRUPO FAMILIAR,FISCAL PROVINCIAL,PROVISIONAL (Titular Promovido),FEMENINO,2,200101,PIURA,PIURA,PIURA,31/10/2025
2024,12,06/01/2025,PIURA,VIOLENCIA CONTRA LA MUJER E INTEGRANTES DEL GRUPO FAMILIAR,FISCAL PROVINCIAL,PROVISIONAL (Titular Promovido),MASCULINO,4,200101,PIURA,PIURA,PIURA,31/10/2025
2024,12,06/01/2025,PIURA,VIOLENCIA CONTRA LA MUJER E INTEGRANTES DEL GRUPO FAMILIAR,FISCAL PROVINCIAL,TITULAR,FEMENINO,5,200101,PIURA,PIURA,PIURA,31/10/2025
2024,12,06/01/2025,PIURA,VIOLENCIA CONTRA LA MUJER E INTEGRANTES DEL GRUPO FAMILIAR,FISCAL PROVINCIAL,TITULAR,MASCULINO,3,200101,PIURA,PIURA,PIURA,31/10/2025
2024,12,06/01/2025,PIURA,DERECHOS HUMANOS E INTERCULTURALIDAD,FISCAL ADJUNTO PROVINCIAL,PROVISIONAL,FEMENINO,2,200101,PIURA,PIURA,PIURA,31/10/2025
2024,12,06/01/2025,PIURA,DERECHOS HUMANOS E INTERCULTURALIDAD,FISCAL ADJUNTO PROVINCIAL,PROVISIONAL,MASCULINO,1,200101,PIURA,PIURA,PIURA,31/10/2025
2024,12,06/01/2025,PIURA,DERECHOS HUMANOS E INTERCULTURALIDAD,FISCAL PROVINCIAL,PROVISIONAL (Titular Promovido),FEMENINO,1,200101,PIURA,PIURA,PIURA,31/10/2025
2024,12,06/01/2025,PUNO,AUTORIDAD NACIONAL DE CONTROL,FISCAL ADJUNTO SUPERIOR,PROVISIONAL (Titular Promovido),FEMENINO,2,210101,PUNO,PUNO,PUNO,31/10/2025
2024,12,06/01/2025,PUNO,CORRUPCION DE FUNCIONARIOS,FISCAL ADJUNTO PROVINCIAL,PROVISIONAL,FEMENINO,1,210101,PUNO,PUNO,PUNO,31/10/2025
2024,12,06/01/2025,PUNO,CORRUPCION DE FUNCIONARIOS,FISCAL ADJUNTO PROVINCIAL,PROVISIONAL,MASCULINO,4,210101,PUNO,PUNO,PUNO,31/10/2025
2024,12,06/01/2025,PUNO,CORRUPCION DE FUNCIONARIOS,FISCAL ADJUNTO PROVINCIAL,TITULAR,FEMENINO,2,210101,PUNO,PUNO,PUNO,31/10/2025
2024,12,06/01/2025,PUNO,CORRUPCION DE FUNCIONARIOS,FISCAL ADJUNTO PROVINCIAL,TITULAR,MASCULINO,1,210101,PUNO,PUNO,PUNO,31/10/2025
2024,12,06/01/2025,PUNO,CORRUPCION DE FUNCIONARIOS,FISCAL PROVINCIAL,PROVISIONAL (Titular Promovido),MASCULINO,1,210101,PUNO,PUNO,PUNO,31/10/2025
2024,12,06/01/2025,PUNO,CORRUPCION DE FUNCIONARIOS,FISCAL PROVINCIAL,TITULAR,MASCULINO,1,210101,PUNO,PUNO,PUNO,31/10/2025
2024,12,06/01/2025,PUNO,CRIMEN ORGANIZADO,FISCAL ADJUNTO PROVINCIAL,PROVISIONAL,FEMENINO,1,210101,PUNO,PUNO,PUNO,31/10/2025
2024,12,06/01/2025,PUNO,CRIMEN ORGANIZADO,FISCAL ADJUNTO PROVINCIAL,PROVISIONAL,MASCULINO,1,210101,PUNO,PUNO,PUNO,31/10/2025
2024,12,06/01/2025,PUNO,CRIMEN ORGANIZADO,FISCAL ADJUNTO PROVINCIAL,TITULAR,FEMENINO,1,210101,PUNO,PUNO,PUNO,31/10/2025
2024,12,06/01/2025,PUNO,CRIMEN ORGANIZADO,FISCAL ADJUNTO PROVINCIAL,TITULAR,MASCULINO,1,210101,PUNO,PUNO,PUNO,31/10/2025
2024,12,06/01/2025,PUNO,CRIMEN ORGANIZADO,FISCAL PROVINCIAL,TITULAR,MASCULINO,2,210101,PUNO,PUNO,PUNO,31/10/2025
2024,12,06/01/2025,PUNO,DELITOS ADUANEROS Y CONTRA LA PROPIEDAD INTELECTUAL,FISCAL ADJUNTO PROVINCIAL,PROVISIONAL,FEMENINO,1,210101,PUNO,PUNO,PUNO,31/10/2025
2024,12,06/01/2025,PUNO,DELITOS ADUANEROS Y CONTRA LA PROPIEDAD INTELECTUAL,FISCAL ADJUNTO PROVINCIAL,TITULAR,FEMENINO,2,210101,PUNO,PUNO,PUNO,31/10/2025
2024,12,06/01/2025,PUNO,DELITOS ADUANEROS Y CONTRA LA PROPIEDAD INTELECTUAL,FISCAL ADJUNTO PROVINCIAL,TITULAR,MASCULINO,2,210101,PUNO,PUNO,PUNO,31/10/2025
2024,12,06/01/2025,PUNO,DELITOS ADUANEROS Y CONTRA LA PROPIEDAD INTELECTUAL,FISCAL PROVINCIAL,TITULAR,FEMENINO,1,210101,PUNO,PUNO,PUNO,31/10/2025
2024,12,06/01/2025,PUNO,DELITOS ADUANEROS Y CONTRA LA PROPIEDAD INTELECTUAL,FISCAL PROVINCIAL,TITULAR,MASCULINO,1,210101,PUNO,PUNO,PUNO,31/10/2025
2024,12,06/01/2025,PUNO,DELITOS DE TRATA DE PERSONAS,FISCAL ADJUNTO PROVINCIAL,PROVISIONAL,FEMENINO,2,210101,PUNO,PUNO,PUNO,31/10/2025
2024,12,06/01/2025,PUNO,DELITOS DE TRATA DE PERSONAS,FISCAL ADJUNTO PROVINCIAL,TITULAR,MASCULINO,1,210101,PUNO,PUNO,PUNO,31/10/2025
2024,12,06/01/2025,PUNO,DELITOS DE TRATA DE PERSONAS,FISCAL PROVINCIAL,PROVISIONAL (Titular Promovido),MASCULINO,1,210101,PUNO,PUNO,PUNO,31/10/2025
2024,12,06/01/2025,PUNO,EXTINCION DE DOMINIO,FISCAL ADJUNTO PROVINCIAL,PROVISIONAL,FEMENINO,1,210101,PUNO,PUNO,PUNO,31/10/2025
2024,12,06/01/2025,PUNO,EXTINCION DE DOMINIO,FISCAL ADJUNTO PROVINCIAL,PROVISIONAL,MASCULINO,1,210101,PUNO,PUNO,PUNO,31/10/2025
2024,12,06/01/2025,PUNO,EXTINCION DE DOMINIO,FISCAL PROVINCIAL,PROVISIONAL (Titular Promovido),MASCULINO,1,210101,PUNO,PUNO,PUNO,31/10/2025
2024,12,06/01/2025,PUNO,FAMILIA,FISCAL ADJUNTO PROVINCIAL,PROVISIONAL,FEMENINO,5,210101,PUNO,PUNO,PUNO,31/10/2025
2024,12,06/01/2025,PUNO,FAMILIA,FISCAL ADJUNTO PROVINCIAL,PROVISIONAL,MASCULINO,3,210101,PUNO,PUNO,PUNO,31/10/2025
2024,12,06/01/2025,PUNO,FAMILIA,FISCAL ADJUNTO PROVINCIAL,TITULAR,FEMENINO,4,210101,PUNO,PUNO,PUNO,31/10/2025
2024,12,06/01/2025,PUNO,FAMILIA,FISCAL ADJUNTO PROVINCIAL,TITULAR,MASCULINO,7,210101,PUNO,PUNO,PUNO,31/10/2025
2024,12,06/01/2025,PUNO,FAMILIA,FISCAL ADJUNTO SUPERIOR,TITULAR,FEMENINO,1,210101,PUNO,PUNO,PUNO,31/10/2025
2024,12,06/01/2025,PUNO,FAMILIA,FISCAL ADJUNTO SUPERIOR,TITULAR,MASCULINO,1,210101,PUNO,PUNO,PUNO,31/10/2025
2024,12,06/01/2025,PUNO,FAMILIA,FISCAL PROVINCIAL,PROVISIONAL,MASCULINO,1,210101,PUNO,PUNO,PUNO,31/10/2025
2024,12,06/01/2025,PUNO,FAMILIA,FISCAL PROVINCIAL,PROVISIONAL (Titular Promovido),MASCULINO,2,210101,PUNO,PUNO,PUNO,31/10/2025
2024,12,06/01/2025,PUNO,FAMILIA,FISCAL PROVINCIAL,TITULAR,FEMENINO,6,210101,PUNO,PUNO,PUNO,31/10/2025
2024,12,06/01/2025,PUNO,FAMILIA,FISCAL PROVINCIAL,TITULAR,MASCULINO,5,210101,PUNO,PUNO,PUNO,31/10/2025
2024,12,06/01/2025,PUNO,FAMILIA,FISCAL SUPERIOR,TITULAR,FEMENINO,2,210101,PUNO,PUNO,PUNO,31/10/2025
2024,12,06/01/2025,PUNO,LAVADO DE ACTIVOS,FISCAL ADJUNTO PROVINCIAL,PROVISIONAL,FEMENINO,4,210101,PUNO,PUNO,PUNO,31/10/2025
2024,12,06/01/2025,PUNO,LAVADO DE ACTIVOS,FISCAL ADJUNTO PROVINCIAL,PROVISIONAL,MASCULINO,3,210101,PUNO,PUNO,PUNO,31/10/2025
2024,12,06/01/2025,PUNO,LAVADO DE ACTIVOS,FISCAL ADJUNTO PROVINCIAL,TITULAR,MASCULINO,1,210101,PUNO,PUNO,PUNO,31/10/2025
2024,12,06/01/2025,PUNO,LAVADO DE ACTIVOS,FISCAL PROVINCIAL,PROVISIONAL,FEMENINO,1,210101,PUNO,PUNO,PUNO,31/10/2025
2024,12,06/01/2025,PUNO,LAVADO DE ACTIVOS,FISCAL PROVINCIAL,PROVISIONAL (Titular Promovido),MASCULINO,2,210101,PUNO,PUNO,PUNO,31/10/2025
2024,12,06/01/2025,PUNO,LAVADO DE ACTIVOS,FISCAL PROVINCIAL,TITULAR,FEMENINO,1,210101,PUNO,PUNO,PUNO,31/10/2025
2024,12,06/01/2025,PUNO,MATERIA AMBIENTAL,FISCAL ADJUNTO PROVINCIAL,PROVISIONAL,FEMENINO,1,210101,PUNO,PUNO,PUNO,31/10/2025
2024,12,06/01/2025,PUNO,MATERIA AMBIENTAL,FISCAL ADJUNTO PROVINCIAL,PROVISIONAL,MASCULINO,1,210101,PUNO,PUNO,PUNO,31/10/2025
2024,12,06/01/2025,PUNO,MATERIA AMBIENTAL,FISCAL PROVINCIAL,PROVISIONAL,MASCULINO,1,210101,PUNO,PUNO,PUNO,31/10/2025
2024,12,06/01/2025,PUNO,MATERIA AMBIENTAL,FISCAL PROVINCIAL,PROVISIONAL (Titular Promovido),MASCULINO,1,210101,PUNO,PUNO,PUNO,31/10/2025
2024,12,06/01/2025,PUNO,MIXTA,FISCAL ADJUNTO PROVINCIAL,PROVISIONAL,FEMENINO,1,210101,PUNO,PUNO,PUNO,31/10/2025
2024,12,06/01/2025,PUNO,MIXTA,FISCAL ADJUNTO PROVINCIAL,PROVISIONAL,MASCULINO,4,210101,PUNO,PUNO,PUNO,31/10/2025
2024,12,06/01/2025,PUNO,MIXTA,FISCAL ADJUNTO PROVINCIAL,TITULAR,MASCULINO,6,210101,PUNO,PUNO,PUNO,31/10/2025
2024,12,06/01/2025,PUNO,MIXTA,FISCAL ADJUNTO SUPERIOR,TITULAR,FEMENINO,1,210101,PUNO,PUNO,PUNO,31/10/2025
2024,12,06/01/2025,PUNO,MIXTA,FISCAL PROVINCIAL,TITULAR,MASCULINO,4,210101,PUNO,PUNO,PUNO,31/10/2025
2024,12,06/01/2025,PUNO,MIXTA,FISCAL SUPERIOR,PROVISIONAL (Titular Promovido),FEMENINO,1,210101,PUNO,PUNO,PUNO,31/10/2025
2024,12,06/01/2025,PUNO,PENAL,FISCAL ADJUNTO PROVINCIAL,PROVISIONAL,FEMENINO,11,210101,PUNO,PUNO,PUNO,31/10/2025
2024,12,06/01/2025,PUNO,PENAL,FISCAL ADJUNTO PROVINCIAL,PROVISIONAL,MASCULINO,13,210101,PUNO,PUNO,PUNO,31/10/2025
2024,12,06/01/2025,PUNO,PENAL,FISCAL ADJUNTO PROVINCIAL,TITULAR,FEMENINO,13,210101,PUNO,PUNO,PUNO,31/10/2025
2024,12,06/01/2025,PUNO,PENAL,FISCAL ADJUNTO PROVINCIAL,TITULAR,MASCULINO,16,210101,PUNO,PUNO,PUNO,31/10/2025
2024,12,06/01/2025,PUNO,PENAL,FISCAL ADJUNTO SUPERIOR,PROVISIONAL (Titular Promovido),FEMENINO,1,210101,PUNO,PUNO,PUNO,31/10/2025
2024,12,06/01/2025,PUNO,PENAL,FISCAL ADJUNTO SUPERIOR,PROVISIONAL (Titular Promovido),MASCULINO,2,210101,PUNO,PUNO,PUNO,31/10/2025
2024,12,06/01/2025,PUNO,PENAL,FISCAL ADJUNTO SUPERIOR,TITULAR,MASCULINO,2,210101,PUNO,PUNO,PUNO,31/10/2025
2024,12,06/01/2025,PUNO,PENAL,FISCAL PROVINCIAL,PROVISIONAL (Titular Promovido),FEMENINO,3,210101,PUNO,PUNO,PUNO,31/10/2025
2024,12,06/01/2025,PUNO,PENAL,FISCAL PROVINCIAL,PROVISIONAL (Titular Promovido),MASCULINO,7,210101,PUNO,PUNO,PUNO,31/10/2025
2024,12,06/01/2025,PUNO,PENAL,FISCAL PROVINCIAL,TITULAR,FEMENINO,3,210101,PUNO,PUNO,PUNO,31/10/2025
2024,12,06/01/2025,PUNO,PENAL,FISCAL PROVINCIAL,TITULAR,MASCULINO,15,210101,PUNO,PUNO,PUNO,31/10/2025
2024,12,06/01/2025,PUNO,PENAL,FISCAL SUPERIOR,PROVISIONAL (Titular Promovido),FEMENINO,1,210101,PUNO,PUNO,PUNO,31/10/2025
2024,12,06/01/2025,PUNO,PENAL,FISCAL SUPERIOR,TITULAR,FEMENINO,1,210101,PUNO,PUNO,PUNO,31/10/2025
2024,12,06/01/2025,PUNO,PENAL,FISCAL SUPERIOR,TITULAR,MASCULINO,2,210101,PUNO,PUNO,PUNO,31/10/2025
2024,12,06/01/2025,PUNO,PREVENCION DEL DELITO,FISCAL ADJUNTO PROVINCIAL,PROVISIONAL,FEMENINO,1,210101,PUNO,PUNO,PUNO,31/10/2025
2024,12,06/01/2025,PUNO,PREVENCION DEL DELITO,FISCAL ADJUNTO PROVINCIAL,PROVISIONAL,MASCULINO,1,210101,PUNO,PUNO,PUNO,31/10/2025
2024,12,06/01/2025,PUNO,PREVENCION DEL DELITO,FISCAL ADJUNTO PROVINCIAL,TITULAR,FEMENINO,1,210101,PUNO,PUNO,PUNO,31/10/2025
2024,12,06/01/2025,PUNO,PREVENCION DEL DELITO,FISCAL ADJUNTO PROVINCIAL,TITULAR,MASCULINO,1,210101,PUNO,PUNO,PUNO,31/10/2025
2024,12,06/01/2025,PUNO,PREVENCION DEL DELITO,FISCAL PROVINCIAL,TITULAR,FEMENINO,2,210101,PUNO,PUNO,PUNO,31/10/2025
2024,12,06/01/2025,PUNO,PREVENCION DEL DELITO,FISCAL PROVINCIAL,TITULAR,MASCULINO,1,210101,PUNO,PUNO,PUNO,31/10/2025
2024,12,06/01/2025,PUNO,TRAFICO ILICITO DE DROGAS,FISCAL ADJUNTO PROVINCIAL,PROVISIONAL,FEMENINO,3,210101,PUNO,PUNO,PUNO,31/10/2025
2024,12,06/01/2025,PUNO,TRAFICO ILICITO DE DROGAS,FISCAL PROVINCIAL,PROVISIONAL (Titular Promovido),MASCULINO,1,210101,PUNO,PUNO,PUNO,31/10/2025
2024,12,06/01/2025,PUNO,DERECHOS HUMANOS E INTERCULTURALIDAD,FISCAL ADJUNTO PROVINCIAL,PROVISIONAL,FEMENINO,1,210101,PUNO,PUNO,PUNO,31/10/2025
2024,12,06/01/2025,PUNO,DERECHOS HUMANOS E INTERCULTURALIDAD,FISCAL ADJUNTO PROVINCIAL,PROVISIONAL,MASCULINO,2,210101,PUNO,PUNO,PUNO,31/10/2025
2024,12,06/01/2025,PUNO,DERECHOS HUMANOS E INTERCULTURALIDAD,FISCAL PROVINCIAL,PROVISIONAL (Titular Promovido),MASCULINO,2,210101,PUNO,PUNO,PUNO,31/10/2025
2024,12,06/01/2025,SAN MARTIN,AUTORIDAD NACIONAL DE CONTROL,FISCAL ADJUNTO SUPERIOR,PROVISIONAL,FEMENINO,1,220101,SAN MARTIN,MOYOBAMBA,MOYOBAMBA,31/10/2025
2024,12,06/01/2025,SAN MARTIN,AUTORIDAD NACIONAL DE CONTROL,FISCAL ADJUNTO SUPERIOR,PROVISIONAL (Titular Promovido),MASCULINO,1,220101,SAN MARTIN,MOYOBAMBA,MOYOBAMBA,31/10/2025
2024,12,06/01/2025,SAN MARTIN,AUTORIDAD NACIONAL DE CONTROL,FISCAL SUPERIOR,PROVISIONAL (Titular Promovido),FEMENINO,1,220101,SAN MARTIN,MOYOBAMBA,MOYOBAMBA,31/10/2025
2024,12,06/01/2025,SAN MARTIN,CORRUPCION DE FUNCIONARIOS,FISCAL ADJUNTO PROVINCIAL,PROVISIONAL,FEMENINO,6,220101,SAN MARTIN,MOYOBAMBA,MOYOBAMBA,31/10/2025
2024,12,06/01/2025,SAN MARTIN,CORRUPCION DE FUNCIONARIOS,FISCAL ADJUNTO PROVINCIAL,PROVISIONAL,MASCULINO,3,220101,SAN MARTIN,MOYOBAMBA,MOYOBAMBA,31/10/2025
2024,12,06/01/2025,SAN MARTIN,CORRUPCION DE FUNCIONARIOS,FISCAL ADJUNTO PROVINCIAL,TITULAR,FEMENINO,1,220101,SAN MARTIN,MOYOBAMBA,MOYOBAMBA,31/10/2025
2024,12,06/01/2025,SAN MARTIN,CORRUPCION DE FUNCIONARIOS,FISCAL PROVINCIAL,PROVISIONAL (Titular Promovido),MASCULINO,1,220101,SAN MARTIN,MOYOBAMBA,MOYOBAMBA,31/10/2025
2024,12,06/01/2025,SAN MARTIN,CORRUPCION DE FUNCIONARIOS,FISCAL PROVINCIAL,TITULAR,MASCULINO,1,220101,SAN MARTIN,MOYOBAMBA,MOYOBAMBA,31/10/2025
2024,12,06/01/2025,SAN MARTIN,CRIMEN ORGANIZADO,FISCAL ADJUNTO PROVINCIAL,TITULAR,MASCULINO,2,220101,SAN MARTIN,MOYOBAMBA,MOYOBAMBA,31/10/2025
2024,12,06/01/2025,SAN MARTIN,CRIMEN ORGANIZADO,FISCAL PROVINCIAL,TITULAR,MASCULINO,1,220101,SAN MARTIN,MOYOBAMBA,MOYOBAMBA,31/10/2025
2024,12,06/01/2025,SAN MARTIN,FAMILIA,FISCAL ADJUNTO PROVINCIAL,PROVISIONAL,FEMENINO,8,220101,SAN MARTIN,MOYOBAMBA,MOYOBAMBA,31/10/2025
2024,12,06/01/2025,SAN MARTIN,FAMILIA,FISCAL ADJUNTO PROVINCIAL,PROVISIONAL,MASCULINO,4,220101,SAN MARTIN,MOYOBAMBA,MOYOBAMBA,31/10/2025
2024,12,06/01/2025,SAN MARTIN,FAMILIA,FISCAL ADJUNTO PROVINCIAL,TITULAR,FEMENINO,3,220101,SAN MARTIN,MOYOBAMBA,MOYOBAMBA,31/10/2025
2024,12,06/01/2025,SAN MARTIN,FAMILIA,FISCAL ADJUNTO PROVINCIAL,TITULAR,MASCULINO,3,220101,SAN MARTIN,MOYOBAMBA,MOYOBAMBA,31/10/2025
2024,12,06/01/2025,SAN MARTIN,FAMILIA,FISCAL ADJUNTO SUPERIOR,TITULAR,FEMENINO,1,220101,SAN MARTIN,MOYOBAMBA,MOYOBAMBA,31/10/2025
2024,12,06/01/2025,SAN MARTIN,FAMILIA,FISCAL ADJUNTO SUPERIOR,TITULAR,MASCULINO,1,220101,SAN MARTIN,MOYOBAMBA,MOYOBAMBA,31/10/2025
2024,12,06/01/2025,SAN MARTIN,FAMILIA,FISCAL PROVINCIAL,PROVISIONAL,FEMENINO,1,220101,SAN MARTIN,MOYOBAMBA,MOYOBAMBA,31/10/2025
2024,12,06/01/2025,SAN MARTIN,FAMILIA,FISCAL PROVINCIAL,PROVISIONAL,MASCULINO,1,220101,SAN MARTIN,MOYOBAMBA,MOYOBAMBA,31/10/2025
2024,12,06/01/2025,SAN MARTIN,FAMILIA,FISCAL PROVINCIAL,PROVISIONAL (Titular Promovido),FEMENINO,1,220101,SAN MARTIN,MOYOBAMBA,MOYOBAMBA,31/10/2025
2024,12,06/01/2025,SAN MARTIN,FAMILIA,FISCAL PROVINCIAL,PROVISIONAL (Titular Promovido),MASCULINO,2,220101,SAN MARTIN,MOYOBAMBA,MOYOBAMBA,31/10/2025
2024,12,06/01/2025,SAN MARTIN,FAMILIA,FISCAL PROVINCIAL,TITULAR,FEMENINO,2,220101,SAN MARTIN,MOYOBAMBA,MOYOBAMBA,31/10/2025
2024,12,06/01/2025,SAN MARTIN,FAMILIA,FISCAL PROVINCIAL,TITULAR,MASCULINO,5,220101,SAN MARTIN,MOYOBAMBA,MOYOBAMBA,31/10/2025
2024,12,06/01/2025,SAN MARTIN,FAMILIA,FISCAL SUPERIOR,PROVISIONAL (Titular Promovido),FEMENINO,1,220101,SAN MARTIN,MOYOBAMBA,MOYOBAMBA,31/10/2025
2024,12,06/01/2025,SAN MARTIN,FAMILIA,FISCAL SUPERIOR,TITULAR,FEMENINO,1,220101,SAN MARTIN,MOYOBAMBA,MOYOBAMBA,31/10/2025
2024,12,06/01/2025,SAN MARTIN,MATERIA AMBIENTAL,FISCAL ADJUNTO PROVINCIAL,PROVISIONAL,MASCULINO,3,220101,SAN MARTIN,MOYOBAMBA,MOYOBAMBA,31/10/2025
2024,12,06/01/2025,SAN MARTIN,MATERIA AMBIENTAL,FISCAL PROVINCIAL,PROVISIONAL,MASCULINO,2,220101,SAN MARTIN,MOYOBAMBA,MOYOBAMBA,31/10/2025
2024,12,06/01/2025,SAN MARTIN,MATERIA AMBIENTAL,FISCAL PROVINCIAL,PROVISIONAL (Titular Promovido),FEMENINO,1,220101,SAN MARTIN,MOYOBAMBA,MOYOBAMBA,31/10/2025
2024,12,06/01/2025,SAN MARTIN,MIXTA,FISCAL ADJUNTO PROVINCIAL,PROVISIONAL,FEMENINO,6,220101,SAN MARTIN,MOYOBAMBA,MOYOBAMBA,31/10/2025
2024,12,06/01/2025,SAN MARTIN,MIXTA,FISCAL ADJUNTO PROVINCIAL,PROVISIONAL,MASCULINO,4,220101,SAN MARTIN,MOYOBAMBA,MOYOBAMBA,31/10/2025
2024,12,06/01/2025,SAN MARTIN,MIXTA,FISCAL ADJUNTO PROVINCIAL,TITULAR,FEMENINO,4,220101,SAN MARTIN,MOYOBAMBA,MOYOBAMBA,31/10/2025
2024,12,06/01/2025,SAN MARTIN,MIXTA,FISCAL ADJUNTO PROVINCIAL,TITULAR,MASCULINO,5,220101,SAN MARTIN,MOYOBAMBA,MOYOBAMBA,31/10/2025
2024,12,06/01/2025,SAN MARTIN,MIXTA,FISCAL ADJUNTO SUPERIOR,PROVISIONAL (Titular Promovido),MASCULINO,1,220101,SAN MARTIN,MOYOBAMBA,MOYOBAMBA,31/10/2025
2024,12,06/01/2025,SAN MARTIN,MIXTA,FISCAL ADJUNTO SUPERIOR,TITULAR,MASCULINO,1,220101,SAN MARTIN,MOYOBAMBA,MOYOBAMBA,31/10/2025
2024,12,06/01/2025,SAN MARTIN,MIXTA,FISCAL PROVINCIAL,PROVISIONAL,FEMENINO,2,220101,SAN MARTIN,MOYOBAMBA,MOYOBAMBA,31/10/2025
2024,12,06/01/2025,SAN MARTIN,MIXTA,FISCAL PROVINCIAL,PROVISIONAL (Titular Promovido),FEMENINO,1,220101,SAN MARTIN,MOYOBAMBA,MOYOBAMBA,31/10/2025
2024,12,06/01/2025,SAN MARTIN,MIXTA,FISCAL PROVINCIAL,PROVISIONAL (Titular Promovido),MASCULINO,5,220101,SAN MARTIN,MOYOBAMBA,MOYOBAMBA,31/10/2025
2024,12,06/01/2025,SAN MARTIN,MIXTA,FISCAL PROVINCIAL,TITULAR,MASCULINO,2,220101,SAN MARTIN,MOYOBAMBA,MOYOBAMBA,31/10/2025
2024,12,06/01/2025,SAN MARTIN,MIXTA,FISCAL SUPERIOR,TITULAR,MASCULINO,1,220101,SAN MARTIN,MOYOBAMBA,MOYOBAMBA,31/10/2025
2024,12,06/01/2025,SAN MARTIN,PENAL,FISCAL ADJUNTO PROVINCIAL,PROVISIONAL,FEMENINO,19,220101,SAN MARTIN,MOYOBAMBA,MOYOBAMBA,31/10/2025
2024,12,06/01/2025,SAN MARTIN,PENAL,FISCAL ADJUNTO PROVINCIAL,PROVISIONAL,MASCULINO,12,220101,SAN MARTIN,MOYOBAMBA,MOYOBAMBA,31/10/2025
2024,12,06/01/2025,SAN MARTIN,PENAL,FISCAL ADJUNTO PROVINCIAL,TITULAR,FEMENINO,12,220101,SAN MARTIN,MOYOBAMBA,MOYOBAMBA,31/10/2025
2024,12,06/01/2025,SAN MARTIN,PENAL,FISCAL ADJUNTO PROVINCIAL,TITULAR,MASCULINO,23,220101,SAN MARTIN,MOYOBAMBA,MOYOBAMBA,31/10/2025
2024,12,06/01/2025,SAN MARTIN,PENAL,FISCAL ADJUNTO SUPERIOR,PROVISIONAL (Titular Promovido),FEMENINO,3,220101,SAN MARTIN,MOYOBAMBA,MOYOBAMBA,31/10/2025
2024,12,06/01/2025,SAN MARTIN,PENAL,FISCAL ADJUNTO SUPERIOR,PROVISIONAL (Titular Promovido),MASCULINO,1,220101,SAN MARTIN,MOYOBAMBA,MOYOBAMBA,31/10/2025
2024,12,06/01/2025,SAN MARTIN,PENAL,FISCAL ADJUNTO SUPERIOR,TITULAR,FEMENINO,1,220101,SAN MARTIN,MOYOBAMBA,MOYOBAMBA,31/10/2025
2024,12,06/01/2025,SAN MARTIN,PENAL,FISCAL ADJUNTO SUPERIOR,TITULAR,MASCULINO,3,220101,SAN MARTIN,MOYOBAMBA,MOYOBAMBA,31/10/2025
2024,12,06/01/2025,SAN MARTIN,PENAL,FISCAL PROVINCIAL,PROVISIONAL,FEMENINO,3,220101,SAN MARTIN,MOYOBAMBA,MOYOBAMBA,31/10/2025
2024,12,06/01/2025,SAN MARTIN,PENAL,FISCAL PROVINCIAL,PROVISIONAL,MASCULINO,3,220101,SAN MARTIN,MOYOBAMBA,MOYOBAMBA,31/10/2025
2024,12,06/01/2025,SAN MARTIN,PENAL,FISCAL PROVINCIAL,PROVISIONAL (Titular Promovido),FEMENINO,1,220101,SAN MARTIN,MOYOBAMBA,MOYOBAMBA,31/10/2025
2024,12,06/01/2025,SAN MARTIN,PENAL,FISCAL PROVINCIAL,PROVISIONAL (Titular Promovido),MASCULINO,5,220101,SAN MARTIN,MOYOBAMBA,MOYOBAMBA,31/10/2025
2024,12,06/01/2025,SAN MARTIN,PENAL,FISCAL PROVINCIAL,TITULAR,FEMENINO,5,220101,SAN MARTIN,MOYOBAMBA,MOYOBAMBA,31/10/2025
2024,12,06/01/2025,SAN MARTIN,PENAL,FISCAL PROVINCIAL,TITULAR,MASCULINO,19,220101,SAN MARTIN,MOYOBAMBA,MOYOBAMBA,31/10/2025
2024,12,06/01/2025,SAN MARTIN,PENAL,FISCAL SUPERIOR,PROVISIONAL (Titular Promovido),MASCULINO,1,220101,SAN MARTIN,MOYOBAMBA,MOYOBAMBA,31/10/2025
2024,12,06/01/2025,SAN MARTIN,PENAL,FISCAL SUPERIOR,TITULAR,MASCULINO,3,220101,SAN MARTIN,MOYOBAMBA,MOYOBAMBA,31/10/2025
2024,12,06/01/2025,SAN MARTIN,PREVENCION DEL DELITO,FISCAL ADJUNTO PROVINCIAL,PROVISIONAL,FEMENINO,1,220101,SAN MARTIN,MOYOBAMBA,MOYOBAMBA,31/10/2025
2024,12,06/01/2025,SAN MARTIN,PREVENCION DEL DELITO,FISCAL ADJUNTO PROVINCIAL,PROVISIONAL,MASCULINO,1,220101,SAN MARTIN,MOYOBAMBA,MOYOBAMBA,31/10/2025
2024,12,06/01/2025,SAN MARTIN,PREVENCION DEL DELITO,FISCAL ADJUNTO PROVINCIAL,TITULAR,FEMENINO,1,220101,SAN MARTIN,MOYOBAMBA,MOYOBAMBA,31/10/2025
2024,12,06/01/2025,SAN MARTIN,PREVENCION DEL DELITO,FISCAL ADJUNTO PROVINCIAL,TITULAR,MASCULINO,1,220101,SAN MARTIN,MOYOBAMBA,MOYOBAMBA,31/10/2025
2024,12,06/01/2025,SAN MARTIN,PREVENCION DEL DELITO,FISCAL PROVINCIAL,PROVISIONAL (Titular Promovido),FEMENINO,1,220101,SAN MARTIN,MOYOBAMBA,MOYOBAMBA,31/10/2025
2024,12,06/01/2025,SAN MARTIN,PREVENCION DEL DELITO,FISCAL PROVINCIAL,TITULAR,MASCULINO,1,220101,SAN MARTIN,MOYOBAMBA,MOYOBAMBA,31/10/2025
2024,12,06/01/2025,SAN MARTIN,TRAFICO ILICITO DE DROGAS,FISCAL ADJUNTO PROVINCIAL,PROVISIONAL,FEMENINO,3,220101,SAN MARTIN,MOYOBAMBA,MOYOBAMBA,31/10/2025
2024,12,06/01/2025,SAN MARTIN,TRAFICO ILICITO DE DROGAS,FISCAL ADJUNTO PROVINCIAL,PROVISIONAL,MASCULINO,1,220101,SAN MARTIN,MOYOBAMBA,MOYOBAMBA,31/10/2025
2024,12,06/01/2025,SAN MARTIN,TRAFICO ILICITO DE DROGAS,FISCAL PROVINCIAL,TITULAR,MASCULINO,1,220101,SAN MARTIN,MOYOBAMBA,MOYOBAMBA,31/10/2025
2024,12,06/01/2025,SAN MARTIN,DERECHOS HUMANOS E INTERCULTURALIDAD,FISCAL ADJUNTO PROVINCIAL,PROVISIONAL,FEMENINO,3,220101,SAN MARTIN,MOYOBAMBA,MOYOBAMBA,31/10/2025
2024,12,06/01/2025,SAN MARTIN,DERECHOS HUMANOS E INTERCULTURALIDAD,FISCAL PROVINCIAL,PROVISIONAL (Titular Promovido),MASCULINO,1,220101,SAN MARTIN,MOYOBAMBA,MOYOBAMBA,31/10/2025
2024,12,06/01/2025,SANTA,AUTORIDAD NACIONAL DE CONTROL,FISCAL ADJUNTO SUPERIOR,PROVISIONAL,MASCULINO,1,021801,ANCASH,SANTA,CHIMBOTE,31/10/2025
2024,12,06/01/2025,SANTA,AUTORIDAD NACIONAL DE CONTROL,FISCAL ADJUNTO SUPERIOR,PROVISIONAL (Titular Promovido),MASCULINO,1,021801,ANCASH,SANTA,CHIMBOTE,31/10/2025
2024,12,06/01/2025,SANTA,AUTORIDAD NACIONAL DE CONTROL,FISCAL SUPERIOR,PROVISIONAL (Titular Promovido),MASCULINO,1,021801,ANCASH,SANTA,CHIMBOTE,31/10/2025
2024,12,06/01/2025,SANTA,CORRUPCION DE FUNCIONARIOS,FISCAL ADJUNTO PROVINCIAL,PROVISIONAL,FEMENINO,3,021801,ANCASH,SANTA,CHIMBOTE,31/10/2025
2024,12,06/01/2025,SANTA,CORRUPCION DE FUNCIONARIOS,FISCAL ADJUNTO PROVINCIAL,PROVISIONAL,MASCULINO,2,021801,ANCASH,SANTA,CHIMBOTE,31/10/2025
2024,12,06/01/2025,SANTA,CORRUPCION DE FUNCIONARIOS,FISCAL ADJUNTO PROVINCIAL,TITULAR,FEMENINO,1,021801,ANCASH,SANTA,CHIMBOTE,31/10/2025
2024,12,06/01/2025,SANTA,CORRUPCION DE FUNCIONARIOS,FISCAL ADJUNTO PROVINCIAL,TITULAR,MASCULINO,1,021801,ANCASH,SANTA,CHIMBOTE,31/10/2025
2024,12,06/01/2025,SANTA,CORRUPCION DE FUNCIONARIOS,FISCAL ADJUNTO SUPERIOR,TITULAR,FEMENINO,1,021801,ANCASH,SANTA,CHIMBOTE,31/10/2025
2024,12,06/01/2025,SANTA,CORRUPCION DE FUNCIONARIOS,FISCAL ADJUNTO SUPERIOR,TITULAR,MASCULINO,1,021801,ANCASH,SANTA,CHIMBOTE,31/10/2025
2024,12,06/01/2025,SANTA,CORRUPCION DE FUNCIONARIOS,FISCAL PROVINCIAL,TITULAR,MASCULINO,3,021801,ANCASH,SANTA,CHIMBOTE,31/10/2025
2024,12,06/01/2025,SANTA,CORRUPCION DE FUNCIONARIOS,FISCAL SUPERIOR,PROVISIONAL (Titular Promovido),MASCULINO,1,021801,ANCASH,SANTA,CHIMBOTE,31/10/2025
2024,12,06/01/2025,SANTA,CRIMEN ORGANIZADO,FISCAL ADJUNTO PROVINCIAL,PROVISIONAL,FEMENINO,1,021801,ANCASH,SANTA,CHIMBOTE,31/10/2025
2024,12,06/01/2025,SANTA,CRIMEN ORGANIZADO,FISCAL ADJUNTO PROVINCIAL,PROVISIONAL,MASCULINO,1,021801,ANCASH,SANTA,CHIMBOTE,31/10/2025
2024,12,06/01/2025,SANTA,CRIMEN ORGANIZADO,FISCAL ADJUNTO PROVINCIAL,TITULAR,MASCULINO,1,021801,ANCASH,SANTA,CHIMBOTE,31/10/2025
2024,12,06/01/2025,SANTA,CRIMEN ORGANIZADO,FISCAL PROVINCIAL,TITULAR,MASCULINO,2,021801,ANCASH,SANTA,CHIMBOTE,31/10/2025
2024,12,06/01/2025,SANTA,EXTINCION DE DOMINIO,FISCAL ADJUNTO PROVINCIAL,PROVISIONAL,FEMENINO,1,021801,ANCASH,SANTA,CHIMBOTE,31/10/2025
2024,12,06/01/2025,SANTA,EXTINCION DE DOMINIO,FISCAL ADJUNTO PROVINCIAL,PROVISIONAL,MASCULINO,1,021801,ANCASH,SANTA,CHIMBOTE,31/10/2025
2024,12,06/01/2025,SANTA,EXTINCION DE DOMINIO,FISCAL PROVINCIAL,PROVISIONAL (Titular Promovido),MASCULINO,1,021801,ANCASH,SANTA,CHIMBOTE,31/10/2025
2024,12,06/01/2025,SANTA,FAMILIA,FISCAL ADJUNTO PROVINCIAL,PROVISIONAL,FEMENINO,3,021801,ANCASH,SANTA,CHIMBOTE,31/10/2025
2024,12,06/01/2025,SANTA,FAMILIA,FISCAL ADJUNTO PROVINCIAL,PROVISIONAL,MASCULINO,4,021801,ANCASH,SANTA,CHIMBOTE,31/10/2025
2024,12,06/01/2025,SANTA,FAMILIA,FISCAL ADJUNTO PROVINCIAL,TITULAR,FEMENINO,1,021801,ANCASH,SANTA,CHIMBOTE,31/10/2025
2024,12,06/01/2025,SANTA,FAMILIA,FISCAL ADJUNTO PROVINCIAL,TITULAR,MASCULINO,1,021801,ANCASH,SANTA,CHIMBOTE,31/10/2025
2024,12,06/01/2025,SANTA,FAMILIA,FISCAL ADJUNTO SUPERIOR,TITULAR,MASCULINO,1,021801,ANCASH,SANTA,CHIMBOTE,31/10/2025
2024,12,06/01/2025,SANTA,FAMILIA,FISCAL PROVINCIAL,TITULAR,FEMENINO,5,021801,ANCASH,SANTA,CHIMBOTE,31/10/2025
2024,12,06/01/2025,SANTA,FAMILIA,FISCAL PROVINCIAL,TITULAR,MASCULINO,3,021801,ANCASH,SANTA,CHIMBOTE,31/10/2025
2024,12,06/01/2025,SANTA,FAMILIA,FISCAL SUPERIOR,TITULAR,FEMENINO,1,021801,ANCASH,SANTA,CHIMBOTE,31/10/2025
2024,12,06/01/2025,SANTA,LAVADO DE ACTIVOS,FISCAL ADJUNTO PROVINCIAL,PROVISIONAL,FEMENINO,1,021801,ANCASH,SANTA,CHIMBOTE,31/10/2025
2024,12,06/01/2025,SANTA,LAVADO DE ACTIVOS,FISCAL ADJUNTO PROVINCIAL,PROVISIONAL,MASCULINO,1,021801,ANCASH,SANTA,CHIMBOTE,31/10/2025
2024,12,06/01/2025,SANTA,LAVADO DE ACTIVOS,FISCAL PROVINCIAL,PROVISIONAL (Titular Promovido),MASCULINO,1,021801,ANCASH,SANTA,CHIMBOTE,31/10/2025
2024,12,06/01/2025,SANTA,MATERIA AMBIENTAL,FISCAL ADJUNTO PROVINCIAL,PROVISIONAL,MASCULINO,1,021801,ANCASH,SANTA,CHIMBOTE,31/10/2025
2024,12,06/01/2025,SANTA,MATERIA AMBIENTAL,FISCAL ADJUNTO PROVINCIAL,TITULAR,MASCULINO,1,021801,ANCASH,SANTA,CHIMBOTE,31/10/2025
2024,12,06/01/2025,SANTA,MATERIA AMBIENTAL,FISCAL PROVINCIAL,PROVISIONAL,FEMENINO,1,021801,ANCASH,SANTA,CHIMBOTE,31/10/2025
2024,12,06/01/2025,SANTA,MIXTA,FISCAL ADJUNTO PROVINCIAL,PROVISIONAL,FEMENINO,2,021801,ANCASH,SANTA,CHIMBOTE,31/10/2025
2024,12,06/01/2025,SANTA,MIXTA,FISCAL ADJUNTO PROVINCIAL,PROVISIONAL,MASCULINO,2,021801,ANCASH,SANTA,CHIMBOTE,31/10/2025
2024,12,06/01/2025,SANTA,MIXTA,FISCAL ADJUNTO PROVINCIAL,TITULAR,FEMENINO,4,021801,ANCASH,SANTA,CHIMBOTE,31/10/2025
2024,12,06/01/2025,SANTA,MIXTA,FISCAL ADJUNTO PROVINCIAL,TITULAR,MASCULINO,2,021801,ANCASH,SANTA,CHIMBOTE,31/10/2025
2024,12,06/01/2025,SANTA,MIXTA,FISCAL PROVINCIAL,PROVISIONAL,FEMENINO,1,021801,ANCASH,SANTA,CHIMBOTE,31/10/2025
2024,12,06/01/2025,SANTA,MIXTA,FISCAL PROVINCIAL,PROVISIONAL,MASCULINO,1,021801,ANCASH,SANTA,CHIMBOTE,31/10/2025
2024,12,06/01/2025,SANTA,MIXTA,FISCAL PROVINCIAL,TITULAR,MASCULINO,2,021801,ANCASH,SANTA,CHIMBOTE,31/10/2025
2024,12,06/01/2025,SANTA,PENAL,FISCAL ADJUNTO PROVINCIAL,PROVISIONAL,FEMENINO,12,021801,ANCASH,SANTA,CHIMBOTE,31/10/2025
2024,12,06/01/2025,SANTA,PENAL,FISCAL ADJUNTO PROVINCIAL,PROVISIONAL,MASCULINO,17,021801,ANCASH,SANTA,CHIMBOTE,31/10/2025
2024,12,06/01/2025,SANTA,PENAL,FISCAL ADJUNTO PROVINCIAL,TITULAR,FEMENINO,21,021801,ANCASH,SANTA,CHIMBOTE,31/10/2025
2024,12,06/01/2025,SANTA,PENAL,FISCAL ADJUNTO PROVINCIAL,TITULAR,MASCULINO,20,021801,ANCASH,SANTA,CHIMBOTE,31/10/2025
2024,12,06/01/2025,SANTA,PENAL,FISCAL ADJUNTO SUPERIOR,PROVISIONAL (Titular Promovido),MASCULINO,1,021801,ANCASH,SANTA,CHIMBOTE,31/10/2025
2024,12,06/01/2025,SANTA,PENAL,FISCAL ADJUNTO SUPERIOR,TITULAR,FEMENINO,3,021801,ANCASH,SANTA,CHIMBOTE,31/10/2025
2024,12,06/01/2025,SANTA,PENAL,FISCAL ADJUNTO SUPERIOR,TITULAR,MASCULINO,4,021801,ANCASH,SANTA,CHIMBOTE,31/10/2025
2024,12,06/01/2025,SANTA,PENAL,FISCAL PROVINCIAL,PROVISIONAL,MASCULINO,1,021801,ANCASH,SANTA,CHIMBOTE,31/10/2025
2024,12,06/01/2025,SANTA,PENAL,FISCAL PROVINCIAL,PROVISIONAL (Titular Promovido),MASCULINO,4,021801,ANCASH,SANTA,CHIMBOTE,31/10/2025
2024,12,06/01/2025,SANTA,PENAL,FISCAL PROVINCIAL,TITULAR,FEMENINO,10,021801,ANCASH,SANTA,CHIMBOTE,31/10/2025
2024,12,06/01/2025,SANTA,PENAL,FISCAL PROVINCIAL,TITULAR,MASCULINO,20,021801,ANCASH,SANTA,CHIMBOTE,31/10/2025
2024,12,06/01/2025,SANTA,PENAL,FISCAL SUPERIOR,PROVISIONAL (Titular Promovido),MASCULINO,1,021801,ANCASH,SANTA,CHIMBOTE,31/10/2025
2024,12,06/01/2025,SANTA,PENAL,FISCAL SUPERIOR,TITULAR,FEMENINO,1,021801,ANCASH,SANTA,CHIMBOTE,31/10/2025
2024,12,06/01/2025,SANTA,PREVENCION DEL DELITO,FISCAL ADJUNTO PROVINCIAL,PROVISIONAL,FEMENINO,3,021801,ANCASH,SANTA,CHIMBOTE,31/10/2025
2024,12,06/01/2025,SANTA,PREVENCION DEL DELITO,FISCAL ADJUNTO PROVINCIAL,TITULAR,MASCULINO,1,021801,ANCASH,SANTA,CHIMBOTE,31/10/2025
2024,12,06/01/2025,SANTA,PREVENCION DEL DELITO,FISCAL PROVINCIAL,PROVISIONAL (Titular Promovido),MASCULINO,1,021801,ANCASH,SANTA,CHIMBOTE,31/10/2025
2024,12,06/01/2025,SANTA,PREVENCION DEL DELITO,FISCAL PROVINCIAL,TITULAR,FEMENINO,1,021801,ANCASH,SANTA,CHIMBOTE,31/10/2025
2024,12,06/01/2025,SANTA,TRAFICO ILICITO DE DROGAS,FISCAL ADJUNTO PROVINCIAL,PROVISIONAL,FEMENINO,2,021801,ANCASH,SANTA,CHIMBOTE,31/10/2025
2024,12,06/01/2025,SANTA,TRAFICO ILICITO DE DROGAS,FISCAL PROVINCIAL,TITULAR,FEMENINO,1,021801,ANCASH,SANTA,CHIMBOTE,31/10/2025
2024,12,06/01/2025,SELVA CENTRAL,CORRUPCION DE FUNCIONARIOS,FISCAL ADJUNTO PROVINCIAL,PROVISIONAL,FEMENINO,1,120301,JUNIN,CHANCHAMAYO,CHANCHAMAYO,31/10/2025
2024,12,06/01/2025,SELVA CENTRAL,CORRUPCION DE FUNCIONARIOS,FISCAL ADJUNTO PROVINCIAL,PROVISIONAL,MASCULINO,4,120301,JUNIN,CHANCHAMAYO,CHANCHAMAYO,31/10/2025
2024,12,06/01/2025,SELVA CENTRAL,CORRUPCION DE FUNCIONARIOS,FISCAL PROVINCIAL,PROVISIONAL,FEMENINO,1,120301,JUNIN,CHANCHAMAYO,CHANCHAMAYO,31/10/2025
2024,12,06/01/2025,SELVA CENTRAL,CORRUPCION DE FUNCIONARIOS,FISCAL PROVINCIAL,PROVISIONAL (Titular Promovido),MASCULINO,1,120301,JUNIN,CHANCHAMAYO,CHANCHAMAYO,31/10/2025
2024,12,06/01/2025,SELVA CENTRAL,FAMILIA,FISCAL ADJUNTO PROVINCIAL,PROVISIONAL,FEMENINO,2,120301,JUNIN,CHANCHAMAYO,CHANCHAMAYO,31/10/2025
2024,12,06/01/2025,SELVA CENTRAL,FAMILIA,FISCAL ADJUNTO PROVINCIAL,PROVISIONAL,MASCULINO,1,120301,JUNIN,CHANCHAMAYO,CHANCHAMAYO,31/10/2025
2024,12,06/01/2025,SELVA CENTRAL,FAMILIA,FISCAL ADJUNTO SUPERIOR,PROVISIONAL (Titular Promovido),MASCULINO,1,120301,JUNIN,CHANCHAMAYO,CHANCHAMAYO,31/10/2025
2024,12,06/01/2025,SELVA CENTRAL,FAMILIA,FISCAL PROVINCIAL,PROVISIONAL,MASCULINO,2,120301,JUNIN,CHANCHAMAYO,CHANCHAMAYO,31/10/2025
2024,12,06/01/2025,SELVA CENTRAL,FAMILIA,FISCAL PROVINCIAL,TITULAR,FEMENINO,1,120301,JUNIN,CHANCHAMAYO,CHANCHAMAYO,31/10/2025
2024,12,06/01/2025,SELVA CENTRAL,FAMILIA,FISCAL SUPERIOR,PROVISIONAL,MASCULINO,1,120301,JUNIN,CHANCHAMAYO,CHANCHAMAYO,31/10/2025
2024,12,06/01/2025,SELVA CENTRAL,MATERIA AMBIENTAL,FISCAL ADJUNTO PROVINCIAL,PROVISIONAL,FEMENINO,1,120301,JUNIN,CHANCHAMAYO,CHANCHAMAYO,31/10/2025
2024,12,06/01/2025,SELVA CENTRAL,MATERIA AMBIENTAL,FISCAL PROVINCIAL,PROVISIONAL,FEMENINO,1,120301,JUNIN,CHANCHAMAYO,CHANCHAMAYO,31/10/2025
2024,12,06/01/2025,SELVA CENTRAL,MIXTA,FISCAL ADJUNTO PROVINCIAL,PROVISIONAL,FEMENINO,3,120301,JUNIN,CHANCHAMAYO,CHANCHAMAYO,31/10/2025
2024,12,06/01/2025,SELVA CENTRAL,MIXTA,FISCAL ADJUNTO PROVINCIAL,PROVISIONAL,MASCULINO,2,120301,JUNIN,CHANCHAMAYO,CHANCHAMAYO,31/10/2025
2024,12,06/01/2025,SELVA CENTRAL,MIXTA,FISCAL ADJUNTO SUPERIOR,PROVISIONAL,FEMENINO,1,120301,JUNIN,CHANCHAMAYO,CHANCHAMAYO,31/10/2025
2024,12,06/01/2025,SELVA CENTRAL,MIXTA,FISCAL ADJUNTO SUPERIOR,PROVISIONAL,MASCULINO,1,120301,JUNIN,CHANCHAMAYO,CHANCHAMAYO,31/10/2025
2024,12,06/01/2025,SELVA CENTRAL,MIXTA,FISCAL PROVINCIAL,PROVISIONAL,FEMENINO,2,120301,JUNIN,CHANCHAMAYO,CHANCHAMAYO,31/10/2025
2024,12,06/01/2025,SELVA CENTRAL,MIXTA,FISCAL PROVINCIAL,PROVISIONAL,MASCULINO,1,120301,JUNIN,CHANCHAMAYO,CHANCHAMAYO,31/10/2025
2024,12,06/01/2025,SELVA CENTRAL,MIXTA,FISCAL SUPERIOR,PROVISIONAL (Titular Promovido),MASCULINO,1,120301,JUNIN,CHANCHAMAYO,CHANCHAMAYO,31/10/2025
2024,12,06/01/2025,SELVA CENTRAL,PENAL,FISCAL ADJUNTO PROVINCIAL,PROVISIONAL,FEMENINO,16,120301,JUNIN,CHANCHAMAYO,CHANCHAMAYO,31/10/2025
2024,12,06/01/2025,SELVA CENTRAL,PENAL,FISCAL ADJUNTO PROVINCIAL,PROVISIONAL,MASCULINO,11,120301,JUNIN,CHANCHAMAYO,CHANCHAMAYO,31/10/2025
2024,12,06/01/2025,SELVA CENTRAL,PENAL,FISCAL ADJUNTO SUPERIOR,PROVISIONAL,FEMENINO,1,120301,JUNIN,CHANCHAMAYO,CHANCHAMAYO,31/10/2025
2024,12,06/01/2025,SELVA CENTRAL,PENAL,FISCAL ADJUNTO SUPERIOR,PROVISIONAL,MASCULINO,2,120301,JUNIN,CHANCHAMAYO,CHANCHAMAYO,31/10/2025
2024,12,06/01/2025,SELVA CENTRAL,PENAL,FISCAL ADJUNTO SUPERIOR,PROVISIONAL (Titular Promovido),FEMENINO,1,120301,JUNIN,CHANCHAMAYO,CHANCHAMAYO,31/10/2025
2024,12,06/01/2025,SELVA CENTRAL,PENAL,FISCAL PROVINCIAL,PROVISIONAL,FEMENINO,6,120301,JUNIN,CHANCHAMAYO,CHANCHAMAYO,31/10/2025
2024,12,06/01/2025,SELVA CENTRAL,PENAL,FISCAL PROVINCIAL,PROVISIONAL,MASCULINO,7,120301,JUNIN,CHANCHAMAYO,CHANCHAMAYO,31/10/2025
2024,12,06/01/2025,SELVA CENTRAL,PENAL,FISCAL PROVINCIAL,PROVISIONAL (Titular Promovido),MASCULINO,2,120301,JUNIN,CHANCHAMAYO,CHANCHAMAYO,31/10/2025
2024,12,06/01/2025,SELVA CENTRAL,PENAL,FISCAL PROVINCIAL,TITULAR,MASCULINO,1,120301,JUNIN,CHANCHAMAYO,CHANCHAMAYO,31/10/2025
2024,12,06/01/2025,SELVA CENTRAL,PENAL,FISCAL SUPERIOR,PROVISIONAL (Titular Promovido),MASCULINO,1,120301,JUNIN,CHANCHAMAYO,CHANCHAMAYO,31/10/2025
2024,12,06/01/2025,SELVA CENTRAL,PENAL,FISCAL SUPERIOR,TITULAR,FEMENINO,1,120301,JUNIN,CHANCHAMAYO,CHANCHAMAYO,31/10/2025
2024,12,06/01/2025,SELVA CENTRAL,PREVENCION DEL DELITO,FISCAL ADJUNTO PROVINCIAL,PROVISIONAL,FEMENINO,1,120301,JUNIN,CHANCHAMAYO,CHANCHAMAYO,31/10/2025
2024,12,06/01/2025,SELVA CENTRAL,PREVENCION DEL DELITO,FISCAL ADJUNTO PROVINCIAL,PROVISIONAL,MASCULINO,1,120301,JUNIN,CHANCHAMAYO,CHANCHAMAYO,31/10/2025
2024,12,06/01/2025,SELVA CENTRAL,PREVENCION DEL DELITO,FISCAL PROVINCIAL,PROVISIONAL,MASCULINO,1,120301,JUNIN,CHANCHAMAYO,CHANCHAMAYO,31/10/2025
2024,12,06/01/2025,SELVA CENTRAL,TRAFICO ILICITO DE DROGAS,FISCAL ADJUNTO PROVINCIAL,PROVISIONAL,FEMENINO,1,120301,JUNIN,CHANCHAMAYO,CHANCHAMAYO,31/10/2025
2024,12,06/01/2025,SELVA CENTRAL,TRAFICO ILICITO DE DROGAS,FISCAL ADJUNTO PROVINCIAL,PROVISIONAL,MASCULINO,1,120301,JUNIN,CHANCHAMAYO,CHANCHAMAYO,31/10/2025
2024,12,06/01/2025,SELVA CENTRAL,TRAFICO ILICITO DE DROGAS,FISCAL PROVINCIAL,PROVISIONAL (Titular Promovido),MASCULINO,1,120301,JUNIN,CHANCHAMAYO,CHANCHAMAYO,31/10/2025
2024,12,06/01/2025,SELVA CENTRAL,DERECHOS HUMANOS E INTERCULTURALIDAD,FISCAL ADJUNTO PROVINCIAL,PROVISIONAL,FEMENINO,1,120301,JUNIN,CHANCHAMAYO,CHANCHAMAYO,31/10/2025
2024,12,06/01/2025,SELVA CENTRAL,DERECHOS HUMANOS E INTERCULTURALIDAD,FISCAL ADJUNTO PROVINCIAL,PROVISIONAL,MASCULINO,1,120301,JUNIN,CHANCHAMAYO,CHANCHAMAYO,31/10/2025
2024,12,06/01/2025,SULLANA,AUTORIDAD NACIONAL DE CONTROL,FISCAL ADJUNTO SUPERIOR,PROVISIONAL (Titular Promovido),FEMENINO,1,200601,PIURA,SULLANA,SULLANA,31/10/2025
2024,12,06/01/2025,SULLANA,AUTORIDAD NACIONAL DE CONTROL,FISCAL ADJUNTO SUPERIOR,PROVISIONAL (Titular Promovido),MASCULINO,1,200601,PIURA,SULLANA,SULLANA,31/10/2025
2024,12,06/01/2025,SULLANA,AUTORIDAD NACIONAL DE CONTROL,FISCAL SUPERIOR,PROVISIONAL (Titular Promovido),MASCULINO,1,200601,PIURA,SULLANA,SULLANA,31/10/2025
2024,12,06/01/2025,SULLANA,CORRUPCION DE FUNCIONARIOS,FISCAL ADJUNTO PROVINCIAL,PROVISIONAL,MASCULINO,2,200601,PIURA,SULLANA,SULLANA,31/10/2025
2024,12,06/01/2025,SULLANA,CORRUPCION DE FUNCIONARIOS,FISCAL ADJUNTO PROVINCIAL,TITULAR,MASCULINO,3,200601,PIURA,SULLANA,SULLANA,31/10/2025
2024,12,06/01/2025,SULLANA,CORRUPCION DE FUNCIONARIOS,FISCAL PROVINCIAL,TITULAR,MASCULINO,2,200601,PIURA,SULLANA,SULLANA,31/10/2025
2024,12,06/01/2025,SULLANA,FAMILIA,FISCAL ADJUNTO PROVINCIAL,PROVISIONAL,FEMENINO,2,200601,PIURA,SULLANA,SULLANA,31/10/2025
2024,12,06/01/2025,SULLANA,FAMILIA,FISCAL PROVINCIAL,TITULAR,MASCULINO,2,200601,PIURA,SULLANA,SULLANA,31/10/2025
2024,12,06/01/2025,SULLANA,MATERIA AMBIENTAL,FISCAL ADJUNTO PROVINCIAL,PROVISIONAL,MASCULINO,1,200601,PIURA,SULLANA,SULLANA,31/10/2025
2024,12,06/01/2025,SULLANA,MATERIA AMBIENTAL,FISCAL ADJUNTO PROVINCIAL,TITULAR,FEMENINO,1,200601,PIURA,SULLANA,SULLANA,31/10/2025
2024,12,06/01/2025,SULLANA,MATERIA AMBIENTAL,FISCAL PROVINCIAL,TITULAR,MASCULINO,1,200601,PIURA,SULLANA,SULLANA,31/10/2025
2024,12,06/01/2025,SULLANA,MIXTA,FISCAL ADJUNTO PROVINCIAL,PROVISIONAL,FEMENINO,4,200601,PIURA,SULLANA,SULLANA,31/10/2025
2024,12,06/01/2025,SULLANA,MIXTA,FISCAL ADJUNTO PROVINCIAL,PROVISIONAL,MASCULINO,2,200601,PIURA,SULLANA,SULLANA,31/10/2025
2024,12,06/01/2025,SULLANA,MIXTA,FISCAL ADJUNTO SUPERIOR,TITULAR,MASCULINO,1,200601,PIURA,SULLANA,SULLANA,31/10/2025
2024,12,06/01/2025,SULLANA,MIXTA,FISCAL PROVINCIAL,PROVISIONAL,MASCULINO,1,200601,PIURA,SULLANA,SULLANA,31/10/2025
2024,12,06/01/2025,SULLANA,MIXTA,FISCAL PROVINCIAL,PROVISIONAL (Titular Promovido),MASCULINO,2,200601,PIURA,SULLANA,SULLANA,31/10/2025
2024,12,06/01/2025,SULLANA,MIXTA,FISCAL PROVINCIAL,TITULAR,FEMENINO,1,200601,PIURA,SULLANA,SULLANA,31/10/2025
2024,12,06/01/2025,SULLANA,MIXTA,FISCAL SUPERIOR,TITULAR,FEMENINO,1,200601,PIURA,SULLANA,SULLANA,31/10/2025
2024,12,06/01/2025,SULLANA,PENAL,FISCAL ADJUNTO PROVINCIAL,PROVISIONAL,FEMENINO,7,200601,PIURA,SULLANA,SULLANA,31/10/2025
2024,12,06/01/2025,SULLANA,PENAL,FISCAL ADJUNTO PROVINCIAL,PROVISIONAL,MASCULINO,4,200601,PIURA,SULLANA,SULLANA,31/10/2025
2024,12,06/01/2025,SULLANA,PENAL,FISCAL ADJUNTO PROVINCIAL,TITULAR,FEMENINO,7,200601,PIURA,SULLANA,SULLANA,31/10/2025
2024,12,06/01/2025,SULLANA,PENAL,FISCAL ADJUNTO PROVINCIAL,TITULAR,MASCULINO,3,200601,PIURA,SULLANA,SULLANA,31/10/2025
2024,12,06/01/2025,SULLANA,PENAL,FISCAL ADJUNTO SUPERIOR,TITULAR,FEMENINO,2,200601,PIURA,SULLANA,SULLANA,31/10/2025
2024,12,06/01/2025,SULLANA,PENAL,FISCAL ADJUNTO SUPERIOR,TITULAR,MASCULINO,1,200601,PIURA,SULLANA,SULLANA,31/10/2025
2024,12,06/01/2025,SULLANA,PENAL,FISCAL PROVINCIAL,PROVISIONAL (Titular Promovido),FEMENINO,1,200601,PIURA,SULLANA,SULLANA,31/10/2025
2024,12,06/01/2025,SULLANA,PENAL,FISCAL PROVINCIAL,PROVISIONAL (Titular Promovido),MASCULINO,2,200601,PIURA,SULLANA,SULLANA,31/10/2025
2024,12,06/01/2025,SULLANA,PENAL,FISCAL PROVINCIAL,TITULAR,FEMENINO,2,200601,PIURA,SULLANA,SULLANA,31/10/2025
2024,12,06/01/2025,SULLANA,PENAL,FISCAL PROVINCIAL,TITULAR,MASCULINO,8,200601,PIURA,SULLANA,SULLANA,31/10/2025
2024,12,06/01/2025,SULLANA,PENAL,FISCAL SUPERIOR,TITULAR,FEMENINO,1,200601,PIURA,SULLANA,SULLANA,31/10/2025
2024,12,06/01/2025,SULLANA,PENAL,FISCAL SUPERIOR,TITULAR,MASCULINO,1,200601,PIURA,SULLANA,SULLANA,31/10/2025
2024,12,06/01/2025,SULLANA,PREVENCION DEL DELITO,FISCAL ADJUNTO PROVINCIAL,PROVISIONAL,FEMENINO,1,200601,PIURA,SULLANA,SULLANA,31/10/2025
2024,12,06/01/2025,SULLANA,PREVENCION DEL DELITO,FISCAL ADJUNTO PROVINCIAL,PROVISIONAL,MASCULINO,1,200601,PIURA,SULLANA,SULLANA,31/10/2025
2024,12,06/01/2025,TACNA,AUTORIDAD NACIONAL DE CONTROL,FISCAL ADJUNTO SUPERIOR,PROVISIONAL (Titular Promovido),MASCULINO,2,230101,TACNA,TACNA,TACNA,31/10/2025
2024,12,06/01/2025,TACNA,AUTORIDAD NACIONAL DE CONTROL,FISCAL SUPERIOR,TITULAR,MASCULINO,1,230101,TACNA,TACNA,TACNA,31/10/2025
2024,12,06/01/2025,TACNA,CORRUPCION DE FUNCIONARIOS,FISCAL ADJUNTO PROVINCIAL,PROVISIONAL,FEMENINO,2,230101,TACNA,TACNA,TACNA,31/10/2025
2024,12,06/01/2025,TACNA,CORRUPCION DE FUNCIONARIOS,FISCAL ADJUNTO PROVINCIAL,PROVISIONAL,MASCULINO,1,230101,TACNA,TACNA,TACNA,31/10/2025
2024,12,06/01/2025,TACNA,CORRUPCION DE FUNCIONARIOS,FISCAL ADJUNTO PROVINCIAL,TITULAR,FEMENINO,2,230101,TACNA,TACNA,TACNA,31/10/2025
2024,12,06/01/2025,TACNA,CORRUPCION DE FUNCIONARIOS,FISCAL ADJUNTO PROVINCIAL,TITULAR,MASCULINO,3,230101,TACNA,TACNA,TACNA,31/10/2025
2024,12,06/01/2025,TACNA,CORRUPCION DE FUNCIONARIOS,FISCAL PROVINCIAL,PROVISIONAL (Titular Promovido),MASCULINO,1,230101,TACNA,TACNA,TACNA,31/10/2025
2024,12,06/01/2025,TACNA,CORRUPCION DE FUNCIONARIOS,FISCAL PROVINCIAL,TITULAR,FEMENINO,1,230101,TACNA,TACNA,TACNA,31/10/2025
2024,12,06/01/2025,TACNA,CORRUPCION DE FUNCIONARIOS,FISCAL PROVINCIAL,TITULAR,MASCULINO,1,230101,TACNA,TACNA,TACNA,31/10/2025
2024,12,06/01/2025,TACNA,DELITOS ADUANEROS Y CONTRA LA PROPIEDAD INTELECTUAL,FISCAL ADJUNTO PROVINCIAL,PROVISIONAL,FEMENINO,1,230101,TACNA,TACNA,TACNA,31/10/2025
2024,12,06/01/2025,TACNA,DELITOS ADUANEROS Y CONTRA LA PROPIEDAD INTELECTUAL,FISCAL ADJUNTO PROVINCIAL,TITULAR,MASCULINO,1,230101,TACNA,TACNA,TACNA,31/10/2025
2024,12,06/01/2025,TACNA,DELITOS ADUANEROS Y CONTRA LA PROPIEDAD INTELECTUAL,FISCAL PROVINCIAL,TITULAR,MASCULINO,1,230101,TACNA,TACNA,TACNA,31/10/2025
2024,12,06/01/2025,TACNA,DELITOS DE TRATA DE PERSONAS,FISCAL ADJUNTO PROVINCIAL,PROVISIONAL,FEMENINO,1,230101,TACNA,TACNA,TACNA,31/10/2025
2024,12,06/01/2025,TACNA,DELITOS DE TRATA DE PERSONAS,FISCAL ADJUNTO PROVINCIAL,PROVISIONAL,MASCULINO,1,230101,TACNA,TACNA,TACNA,31/10/2025
2024,12,06/01/2025,TACNA,DELITOS DE TRATA DE PERSONAS,FISCAL PROVINCIAL,PROVISIONAL,FEMENINO,1,230101,TACNA,TACNA,TACNA,31/10/2025
2024,12,06/01/2025,TACNA,EXTINCION DE DOMINIO,FISCAL ADJUNTO PROVINCIAL,PROVISIONAL,FEMENINO,1,230101,TACNA,TACNA,TACNA,31/10/2025
2024,12,06/01/2025,TACNA,EXTINCION DE DOMINIO,FISCAL ADJUNTO PROVINCIAL,PROVISIONAL,MASCULINO,1,230101,TACNA,TACNA,TACNA,31/10/2025
2024,12,06/01/2025,TACNA,EXTINCION DE DOMINIO,FISCAL PROVINCIAL,PROVISIONAL (Titular Promovido),FEMENINO,1,230101,TACNA,TACNA,TACNA,31/10/2025
2024,12,06/01/2025,TACNA,FAMILIA,FISCAL ADJUNTO PROVINCIAL,PROVISIONAL,FEMENINO,1,230101,TACNA,TACNA,TACNA,31/10/2025
2024,12,06/01/2025,TACNA,FAMILIA,FISCAL ADJUNTO PROVINCIAL,TITULAR,FEMENINO,1,230101,TACNA,TACNA,TACNA,31/10/2025
2024,12,06/01/2025,TACNA,FAMILIA,FISCAL ADJUNTO SUPERIOR,TITULAR,FEMENINO,1,230101,TACNA,TACNA,TACNA,31/10/2025
2024,12,06/01/2025,TACNA,FAMILIA,FISCAL PROVINCIAL,TITULAR,MASCULINO,1,230101,TACNA,TACNA,TACNA,31/10/2025
2024,12,06/01/2025,TACNA,FAMILIA,FISCAL SUPERIOR,TITULAR,MASCULINO,1,230101,TACNA,TACNA,TACNA,31/10/2025
2024,12,06/01/2025,TACNA,LAVADO DE ACTIVOS,FISCAL ADJUNTO PROVINCIAL,PROVISIONAL,FEMENINO,1,230101,TACNA,TACNA,TACNA,31/10/2025
2024,12,06/01/2025,TACNA,LAVADO DE ACTIVOS,FISCAL ADJUNTO PROVINCIAL,PROVISIONAL,MASCULINO,1,230101,TACNA,TACNA,TACNA,31/10/2025
2024,12,06/01/2025,TACNA,LAVADO DE ACTIVOS,FISCAL PROVINCIAL,PROVISIONAL (Titular Promovido),MASCULINO,1,230101,TACNA,TACNA,TACNA,31/10/2025
2024,12,06/01/2025,TACNA,MATERIA AMBIENTAL,FISCAL ADJUNTO PROVINCIAL,PROVISIONAL,FEMENINO,1,230101,TACNA,TACNA,TACNA,31/10/2025
2024,12,06/01/2025,TACNA,MATERIA AMBIENTAL,FISCAL PROVINCIAL,PROVISIONAL (Titular Promovido),MASCULINO,1,230101,TACNA,TACNA,TACNA,31/10/2025
2024,12,06/01/2025,TACNA,MIXTA,FISCAL ADJUNTO PROVINCIAL,PROVISIONAL,FEMENINO,2,230101,TACNA,TACNA,TACNA,31/10/2025
2024,12,06/01/2025,TACNA,MIXTA,FISCAL ADJUNTO PROVINCIAL,PROVISIONAL,MASCULINO,6,230101,TACNA,TACNA,TACNA,31/10/2025
2024,12,06/01/2025,TACNA,MIXTA,FISCAL ADJUNTO PROVINCIAL,TITULAR,FEMENINO,2,230101,TACNA,TACNA,TACNA,31/10/2025
2024,12,06/01/2025,TACNA,MIXTA,FISCAL ADJUNTO PROVINCIAL,TITULAR,MASCULINO,1,230101,TACNA,TACNA,TACNA,31/10/2025
2024,12,06/01/2025,TACNA,MIXTA,FISCAL PROVINCIAL,PROVISIONAL,MASCULINO,1,230101,TACNA,TACNA,TACNA,31/10/2025
2024,12,06/01/2025,TACNA,MIXTA,FISCAL PROVINCIAL,PROVISIONAL (Titular Promovido),FEMENINO,1,230101,TACNA,TACNA,TACNA,31/10/2025
2024,12,06/01/2025,TACNA,MIXTA,FISCAL PROVINCIAL,PROVISIONAL (Titular Promovido),MASCULINO,1,230101,TACNA,TACNA,TACNA,31/10/2025
2024,12,06/01/2025,TACNA,MIXTA,FISCAL PROVINCIAL,TITULAR,FEMENINO,3,230101,TACNA,TACNA,TACNA,31/10/2025
2024,12,06/01/2025,TACNA,MIXTA,FISCAL PROVINCIAL,TITULAR,MASCULINO,3,230101,TACNA,TACNA,TACNA,31/10/2025
2024,12,06/01/2025,TACNA,PENAL,FISCAL ADJUNTO PROVINCIAL,PROVISIONAL,FEMENINO,6,230101,TACNA,TACNA,TACNA,31/10/2025
2024,12,06/01/2025,TACNA,PENAL,FISCAL ADJUNTO PROVINCIAL,PROVISIONAL,MASCULINO,4,230101,TACNA,TACNA,TACNA,31/10/2025
2024,12,06/01/2025,TACNA,PENAL,FISCAL ADJUNTO PROVINCIAL,TITULAR,FEMENINO,3,230101,TACNA,TACNA,TACNA,31/10/2025
2024,12,06/01/2025,TACNA,PENAL,FISCAL ADJUNTO PROVINCIAL,TITULAR,MASCULINO,7,230101,TACNA,TACNA,TACNA,31/10/2025
2024,12,06/01/2025,TACNA,PENAL,FISCAL ADJUNTO SUPERIOR,PROVISIONAL,MASCULINO,1,230101,TACNA,TACNA,TACNA,31/10/2025
2024,12,06/01/2025,TACNA,PENAL,FISCAL ADJUNTO SUPERIOR,PROVISIONAL (Titular Promovido),MASCULINO,2,230101,TACNA,TACNA,TACNA,31/10/2025
2024,12,06/01/2025,TACNA,PENAL,FISCAL ADJUNTO SUPERIOR,TITULAR,FEMENINO,1,230101,TACNA,TACNA,TACNA,31/10/2025
2024,12,06/01/2025,TACNA,PENAL,FISCAL ADJUNTO SUPERIOR,TITULAR,MASCULINO,2,230101,TACNA,TACNA,TACNA,31/10/2025
2024,12,06/01/2025,TACNA,PENAL,FISCAL PROVINCIAL,PROVISIONAL (Titular Promovido),FEMENINO,1,230101,TACNA,TACNA,TACNA,31/10/2025
2024,12,06/01/2025,TACNA,PENAL,FISCAL PROVINCIAL,PROVISIONAL (Titular Promovido),MASCULINO,1,230101,TACNA,TACNA,TACNA,31/10/2025
2024,12,06/01/2025,TACNA,PENAL,FISCAL PROVINCIAL,TITULAR,FEMENINO,1,230101,TACNA,TACNA,TACNA,31/10/2025
2024,12,06/01/2025,TACNA,PENAL,FISCAL PROVINCIAL,TITULAR,MASCULINO,6,230101,TACNA,TACNA,TACNA,31/10/2025
2024,12,06/01/2025,TACNA,PENAL,FISCAL SUPERIOR,PROVISIONAL (Titular Promovido),FEMENINO,1,230101,TACNA,TACNA,TACNA,31/10/2025
2024,12,06/01/2025,TACNA,PENAL,FISCAL SUPERIOR,TITULAR,FEMENINO,1,230101,TACNA,TACNA,TACNA,31/10/2025
2024,12,06/01/2025,TACNA,PENAL,FISCAL SUPERIOR,TITULAR,MASCULINO,1,230101,TACNA,TACNA,TACNA,31/10/2025
2024,12,06/01/2025,TACNA,PREVENCION DEL DELITO,FISCAL ADJUNTO PROVINCIAL,PROVISIONAL,FEMENINO,1,230101,TACNA,TACNA,TACNA,31/10/2025
2024,12,06/01/2025,TACNA,PREVENCION DEL DELITO,FISCAL ADJUNTO PROVINCIAL,PROVISIONAL,MASCULINO,1,230101,TACNA,TACNA,TACNA,31/10/2025
2024,12,06/01/2025,TACNA,PREVENCION DEL DELITO,FISCAL ADJUNTO PROVINCIAL,TITULAR,FEMENINO,1,230101,TACNA,TACNA,TACNA,31/10/2025
2024,12,06/01/2025,TACNA,PREVENCION DEL DELITO,FISCAL ADJUNTO PROVINCIAL,TITULAR,MASCULINO,1,230101,TACNA,TACNA,TACNA,31/10/2025
2024,12,06/01/2025,TACNA,PREVENCION DEL DELITO,FISCAL PROVINCIAL,PROVISIONAL (Titular Promovido),FEMENINO,1,230101,TACNA,TACNA,TACNA,31/10/2025
2024,12,06/01/2025,TACNA,PREVENCION DEL DELITO,FISCAL PROVINCIAL,TITULAR,MASCULINO,1,230101,TACNA,TACNA,TACNA,31/10/2025
2024,12,06/01/2025,TACNA,TRAFICO ILICITO DE DROGAS,FISCAL ADJUNTO PROVINCIAL,PROVISIONAL,FEMENINO,1,230101,TACNA,TACNA,TACNA,31/10/2025
2024,12,06/01/2025,TACNA,TRAFICO ILICITO DE DROGAS,FISCAL PROVINCIAL,PROVISIONAL (Titular Promovido),FEMENINO,1,230101,TACNA,TACNA,TACNA,31/10/2025
2024,12,06/01/2025,TACNA,VIOLENCIA CONTRA LA MUJER E INTEGRANTES DEL GRUPO FAMILIAR,FISCAL ADJUNTO PROVINCIAL,PROVISIONAL,FEMENINO,1,230101,TACNA,TACNA,TACNA,31/10/2025
2024,12,06/01/2025,TACNA,VIOLENCIA CONTRA LA MUJER E INTEGRANTES DEL GRUPO FAMILIAR,FISCAL ADJUNTO PROVINCIAL,PROVISIONAL,MASCULINO,3,230101,TACNA,TACNA,TACNA,31/10/2025
2024,12,06/01/2025,TACNA,VIOLENCIA CONTRA LA MUJER E INTEGRANTES DEL GRUPO FAMILIAR,FISCAL PROVINCIAL,PROVISIONAL (Titular Promovido),FEMENINO,1,230101,TACNA,TACNA,TACNA,31/10/2025
2024,12,06/01/2025,TACNA,VIOLENCIA CONTRA LA MUJER E INTEGRANTES DEL GRUPO FAMILIAR,FISCAL PROVINCIAL,TITULAR,FEMENINO,1,230101,TACNA,TACNA,TACNA,31/10/2025
2024,12,06/01/2025,TACNA,DERECHOS HUMANOS E INTERCULTURALIDAD,FISCAL ADJUNTO PROVINCIAL,PROVISIONAL,FEMENINO,1,230101,TACNA,TACNA,TACNA,31/10/2025
2024,12,06/01/2025,TACNA,DERECHOS HUMANOS E INTERCULTURALIDAD,FISCAL ADJUNTO PROVINCIAL,PROVISIONAL,MASCULINO,2,230101,TACNA,TACNA,TACNA,31/10/2025
2024,12,06/01/2025,TACNA,DERECHOS HUMANOS E INTERCULTURALIDAD,FISCAL PROVINCIAL,PROVISIONAL,FEMENINO,1,230101,TACNA,TACNA,TACNA,31/10/2025
2024,12,06/01/2025,TUMBES,AUTORIDAD NACIONAL DE CONTROL,FISCAL ADJUNTO SUPERIOR,PROVISIONAL (Titular Promovido),FEMENINO,2,240101,TUMBES,TUMBES,TUMBES,31/10/2025
2024,12,06/01/2025,TUMBES,AUTORIDAD NACIONAL DE CONTROL,FISCAL SUPERIOR,PROVISIONAL (Titular Promovido),MASCULINO,1,240101,TUMBES,TUMBES,TUMBES,31/10/2025
2024,12,06/01/2025,TUMBES,CORRUPCION DE FUNCIONARIOS,FISCAL ADJUNTO PROVINCIAL,PROVISIONAL,FEMENINO,3,240101,TUMBES,TUMBES,TUMBES,31/10/2025
2024,12,06/01/2025,TUMBES,CORRUPCION DE FUNCIONARIOS,FISCAL ADJUNTO PROVINCIAL,TITULAR,FEMENINO,3,240101,TUMBES,TUMBES,TUMBES,31/10/2025
2024,12,06/01/2025,TUMBES,CORRUPCION DE FUNCIONARIOS,FISCAL ADJUNTO PROVINCIAL,TITULAR,MASCULINO,1,240101,TUMBES,TUMBES,TUMBES,31/10/2025
2024,12,06/01/2025,TUMBES,CORRUPCION DE FUNCIONARIOS,FISCAL PROVINCIAL,TITULAR,FEMENINO,1,240101,TUMBES,TUMBES,TUMBES,31/10/2025
2024,12,06/01/2025,TUMBES,CORRUPCION DE FUNCIONARIOS,FISCAL PROVINCIAL,TITULAR,MASCULINO,1,240101,TUMBES,TUMBES,TUMBES,31/10/2025
2024,12,06/01/2025,TUMBES,CRIMEN ORGANIZADO,FISCAL ADJUNTO PROVINCIAL,PROVISIONAL,FEMENINO,1,240101,TUMBES,TUMBES,TUMBES,31/10/2025
2024,12,06/01/2025,TUMBES,CRIMEN ORGANIZADO,FISCAL ADJUNTO PROVINCIAL,TITULAR,FEMENINO,2,240101,TUMBES,TUMBES,TUMBES,31/10/2025
2024,12,06/01/2025,TUMBES,CRIMEN ORGANIZADO,FISCAL ADJUNTO PROVINCIAL,TITULAR,MASCULINO,1,240101,TUMBES,TUMBES,TUMBES,31/10/2025
2024,12,06/01/2025,TUMBES,CRIMEN ORGANIZADO,FISCAL PROVINCIAL,TITULAR,MASCULINO,1,240101,TUMBES,TUMBES,TUMBES,31/10/2025
2024,12,06/01/2025,TUMBES,DELITOS ADUANEROS Y CONTRA LA PROPIEDAD INTELECTUAL,FISCAL ADJUNTO PROVINCIAL,TITULAR,MASCULINO,2,240101,TUMBES,TUMBES,TUMBES,31/10/2025
2024,12,06/01/2025,TUMBES,DELITOS ADUANEROS Y CONTRA LA PROPIEDAD INTELECTUAL,FISCAL PROVINCIAL,TITULAR,MASCULINO,1,240101,TUMBES,TUMBES,TUMBES,31/10/2025
2024,12,06/01/2025,TUMBES,DELITOS DE TRATA DE PERSONAS,FISCAL ADJUNTO PROVINCIAL,PROVISIONAL,FEMENINO,2,240101,TUMBES,TUMBES,TUMBES,31/10/2025
2024,12,06/01/2025,TUMBES,DELITOS DE TRATA DE PERSONAS,FISCAL PROVINCIAL,PROVISIONAL (Titular Promovido),MASCULINO,1,240101,TUMBES,TUMBES,TUMBES,31/10/2025
2024,12,06/01/2025,TUMBES,EXTINCION DE DOMINIO,FISCAL ADJUNTO PROVINCIAL,PROVISIONAL,MASCULINO,2,240101,TUMBES,TUMBES,TUMBES,31/10/2025
2024,12,06/01/2025,TUMBES,EXTINCION DE DOMINIO,FISCAL PROVINCIAL,PROVISIONAL (Titular Promovido),FEMENINO,1,240101,TUMBES,TUMBES,TUMBES,31/10/2025
2024,12,06/01/2025,TUMBES,LAVADO DE ACTIVOS,FISCAL ADJUNTO PROVINCIAL,PROVISIONAL,FEMENINO,1,240101,TUMBES,TUMBES,TUMBES,31/10/2025
2024,12,06/01/2025,TUMBES,LAVADO DE ACTIVOS,FISCAL PROVINCIAL,PROVISIONAL,MASCULINO,1,240101,TUMBES,TUMBES,TUMBES,31/10/2025
2024,12,06/01/2025,TUMBES,MATERIA AMBIENTAL,FISCAL ADJUNTO PROVINCIAL,PROVISIONAL,FEMENINO,1,240101,TUMBES,TUMBES,TUMBES,31/10/2025
2024,12,06/01/2025,TUMBES,MATERIA AMBIENTAL,FISCAL ADJUNTO PROVINCIAL,PROVISIONAL,MASCULINO,1,240101,TUMBES,TUMBES,TUMBES,31/10/2025
2024,12,06/01/2025,TUMBES,MATERIA AMBIENTAL,FISCAL PROVINCIAL,PROVISIONAL (Titular Promovido),FEMENINO,1,240101,TUMBES,TUMBES,TUMBES,31/10/2025
2024,12,06/01/2025,TUMBES,MIXTA,FISCAL ADJUNTO PROVINCIAL,PROVISIONAL,FEMENINO,2,240101,TUMBES,TUMBES,TUMBES,31/10/2025
2024,12,06/01/2025,TUMBES,MIXTA,FISCAL ADJUNTO PROVINCIAL,PROVISIONAL,MASCULINO,2,240101,TUMBES,TUMBES,TUMBES,31/10/2025
2024,12,06/01/2025,TUMBES,MIXTA,FISCAL ADJUNTO PROVINCIAL,TITULAR,FEMENINO,1,240101,TUMBES,TUMBES,TUMBES,31/10/2025
2024,12,06/01/2025,TUMBES,MIXTA,FISCAL ADJUNTO PROVINCIAL,TITULAR,MASCULINO,1,240101,TUMBES,TUMBES,TUMBES,31/10/2025
2024,12,06/01/2025,TUMBES,MIXTA,FISCAL ADJUNTO SUPERIOR,TITULAR,FEMENINO,1,240101,TUMBES,TUMBES,TUMBES,31/10/2025
2024,12,06/01/2025,TUMBES,MIXTA,FISCAL PROVINCIAL,PROVISIONAL (Titular Promovido),FEMENINO,1,240101,TUMBES,TUMBES,TUMBES,31/10/2025
2024,12,06/01/2025,TUMBES,MIXTA,FISCAL PROVINCIAL,TITULAR,FEMENINO,2,240101,TUMBES,TUMBES,TUMBES,31/10/2025
2024,12,06/01/2025,TUMBES,MIXTA,FISCAL PROVINCIAL,TITULAR,MASCULINO,1,240101,TUMBES,TUMBES,TUMBES,31/10/2025
2024,12,06/01/2025,TUMBES,MIXTA,FISCAL SUPERIOR,PROVISIONAL (Titular Promovido),MASCULINO,1,240101,TUMBES,TUMBES,TUMBES,31/10/2025
2024,12,06/01/2025,TUMBES,PENAL,FISCAL ADJUNTO PROVINCIAL,PROVISIONAL,FEMENINO,7,240101,TUMBES,TUMBES,TUMBES,31/10/2025
2024,12,06/01/2025,TUMBES,PENAL,FISCAL ADJUNTO PROVINCIAL,PROVISIONAL,MASCULINO,7,240101,TUMBES,TUMBES,TUMBES,31/10/2025
2024,12,06/01/2025,TUMBES,PENAL,FISCAL ADJUNTO PROVINCIAL,TITULAR,FEMENINO,1,240101,TUMBES,TUMBES,TUMBES,31/10/2025
2024,12,06/01/2025,TUMBES,PENAL,FISCAL ADJUNTO PROVINCIAL,TITULAR,MASCULINO,3,240101,TUMBES,TUMBES,TUMBES,31/10/2025
2024,12,06/01/2025,TUMBES,PENAL,FISCAL ADJUNTO SUPERIOR,PROVISIONAL (Titular Promovido),MASCULINO,2,240101,TUMBES,TUMBES,TUMBES,31/10/2025
2024,12,06/01/2025,TUMBES,PENAL,FISCAL ADJUNTO SUPERIOR,TITULAR,FEMENINO,2,240101,TUMBES,TUMBES,TUMBES,31/10/2025
2024,12,06/01/2025,TUMBES,PENAL,FISCAL PROVINCIAL,PROVISIONAL,MASCULINO,1,240101,TUMBES,TUMBES,TUMBES,31/10/2025
2024,12,06/01/2025,TUMBES,PENAL,FISCAL PROVINCIAL,PROVISIONAL (Titular Promovido),FEMENINO,1,240101,TUMBES,TUMBES,TUMBES,31/10/2025
2024,12,06/01/2025,TUMBES,PENAL,FISCAL PROVINCIAL,PROVISIONAL (Titular Promovido),MASCULINO,3,240101,TUMBES,TUMBES,TUMBES,31/10/2025
2024,12,06/01/2025,TUMBES,PENAL,FISCAL PROVINCIAL,TITULAR,MASCULINO,4,240101,TUMBES,TUMBES,TUMBES,31/10/2025
2024,12,06/01/2025,TUMBES,PENAL,FISCAL SUPERIOR,PROVISIONAL (Titular Promovido),MASCULINO,1,240101,TUMBES,TUMBES,TUMBES,31/10/2025
2024,12,06/01/2025,TUMBES,PENAL,FISCAL SUPERIOR,TITULAR,MASCULINO,1,240101,TUMBES,TUMBES,TUMBES,31/10/2025
2024,12,06/01/2025,TUMBES,PREVENCION DEL DELITO,FISCAL ADJUNTO PROVINCIAL,PROVISIONAL,FEMENINO,2,240101,TUMBES,TUMBES,TUMBES,31/10/2025
2024,12,06/01/2025,TUMBES,PREVENCION DEL DELITO,FISCAL ADJUNTO PROVINCIAL,PROVISIONAL,MASCULINO,1,240101,TUMBES,TUMBES,TUMBES,31/10/2025
2024,12,06/01/2025,TUMBES,PREVENCION DEL DELITO,FISCAL PROVINCIAL,PROVISIONAL,MASCULINO,1,240101,TUMBES,TUMBES,TUMBES,31/10/2025
2024,12,06/01/2025,TUMBES,TRAFICO ILICITO DE DROGAS,FISCAL ADJUNTO PROVINCIAL,PROVISIONAL,FEMENINO,1,240101,TUMBES,TUMBES,TUMBES,31/10/2025
2024,12,06/01/2025,TUMBES,TRAFICO ILICITO DE DROGAS,FISCAL ADJUNTO PROVINCIAL,PROVISIONAL,MASCULINO,1,240101,TUMBES,TUMBES,TUMBES,31/10/2025
2024,12,06/01/2025,TUMBES,TRAFICO ILICITO DE DROGAS,FISCAL PROVINCIAL,PROVISIONAL,MASCULINO,1,240101,TUMBES,TUMBES,TUMBES,31/10/2025
2024,12,06/01/2025,TUMBES,VIOLENCIA CONTRA LA MUJER E INTEGRANTES DEL GRUPO FAMILIAR,FISCAL ADJUNTO PROVINCIAL,PROVISIONAL,FEMENINO,1,240101,TUMBES,TUMBES,TUMBES,31/10/2025
2024,12,06/01/2025,TUMBES,VIOLENCIA CONTRA LA MUJER E INTEGRANTES DEL GRUPO FAMILIAR,FISCAL ADJUNTO PROVINCIAL,PROVISIONAL,MASCULINO,1,240101,TUMBES,TUMBES,TUMBES,31/10/2025
2024,12,06/01/2025,TUMBES,VIOLENCIA CONTRA LA MUJER E INTEGRANTES DEL GRUPO FAMILIAR,FISCAL ADJUNTO PROVINCIAL,TITULAR,MASCULINO,1,240101,TUMBES,TUMBES,TUMBES,31/10/2025
2024,12,06/01/2025,TUMBES,VIOLENCIA CONTRA LA MUJER E INTEGRANTES DEL GRUPO FAMILIAR,FISCAL PROVINCIAL,PROVISIONAL (Titular Promovido),FEMENINO,1,240101,TUMBES,TUMBES,TUMBES,31/10/2025
2024,12,06/01/2025,TUMBES,VIOLENCIA CONTRA LA MUJER E INTEGRANTES DEL GRUPO FAMILIAR,FISCAL PROVINCIAL,PROVISIONAL (Titular Promovido),MASCULINO,1,240101,TUMBES,TUMBES,TUMBES,31/10/2025
2024,12,06/01/2025,TUMBES,VIOLENCIA CONTRA LA MUJER E INTEGRANTES DEL GRUPO FAMILIAR,FISCAL PROVINCIAL,TITULAR,FEMENINO,1,240101,TUMBES,TUMBES,TUMBES,31/10/2025
2024,12,06/01/2025,TUMBES,DERECHOS HUMANOS E INTERCULTURALIDAD,FISCAL ADJUNTO PROVINCIAL,PROVISIONAL,FEMENINO,1,240101,TUMBES,TUMBES,TUMBES,31/10/2025
2024,12,06/01/2025,TUMBES,DERECHOS HUMANOS E INTERCULTURALIDAD,FISCAL PROVINCIAL,PROVISIONAL (Titular Promovido),FEMENINO,1,240101,TUMBES,TUMBES,TUMBES,31/10/2025
2024,12,06/01/2025,UCAYALI,AUTORIDAD NACIONAL DE CONTROL,FISCAL ADJUNTO SUPERIOR,PROVISIONAL (Titular Promovido),MASCULINO,2,250101,UCAYALI,CORONEL PORTILLO,CALLERIA,31/10/2025
2024,12,06/01/2025,UCAYALI,AUTORIDAD NACIONAL DE CONTROL,FISCAL SUPERIOR,PROVISIONAL (Titular Promovido),MASCULINO,1,250101,UCAYALI,CORONEL PORTILLO,CALLERIA,31/10/2025
2024,12,06/01/2025,UCAYALI,CORRUPCION DE FUNCIONARIOS,FISCAL ADJUNTO PROVINCIAL,PROVISIONAL,FEMENINO,2,250101,UCAYALI,CORONEL PORTILLO,CALLERIA,31/10/2025
2024,12,06/01/2025,UCAYALI,CORRUPCION DE FUNCIONARIOS,FISCAL ADJUNTO PROVINCIAL,PROVISIONAL,MASCULINO,5,250101,UCAYALI,CORONEL PORTILLO,CALLERIA,31/10/2025
2024,12,06/01/2025,UCAYALI,CORRUPCION DE FUNCIONARIOS,FISCAL ADJUNTO PROVINCIAL,TITULAR,MASCULINO,3,250101,UCAYALI,CORONEL PORTILLO,CALLERIA,31/10/2025
2024,12,06/01/2025,UCAYALI,CORRUPCION DE FUNCIONARIOS,FISCAL ADJUNTO SUPERIOR,PROVISIONAL (Titular Promovido),MASCULINO,1,250101,UCAYALI,CORONEL PORTILLO,CALLERIA,31/10/2025
2024,12,06/01/2025,UCAYALI,CORRUPCION DE FUNCIONARIOS,FISCAL PROVINCIAL,PROVISIONAL (Titular Promovido),FEMENINO,1,250101,UCAYALI,CORONEL PORTILLO,CALLERIA,31/10/2025
2024,12,06/01/2025,UCAYALI,CORRUPCION DE FUNCIONARIOS,FISCAL PROVINCIAL,TITULAR,MASCULINO,2,250101,UCAYALI,CORONEL PORTILLO,CALLERIA,31/10/2025
2024,12,06/01/2025,UCAYALI,CORRUPCION DE FUNCIONARIOS,FISCAL SUPERIOR,TITULAR,FEMENINO,1,250101,UCAYALI,CORONEL PORTILLO,CALLERIA,31/10/2025
2024,12,06/01/2025,UCAYALI,CRIMEN ORGANIZADO,FISCAL ADJUNTO PROVINCIAL,PROVISIONAL,MASCULINO,2,250101,UCAYALI,CORONEL PORTILLO,CALLERIA,31/10/2025
2024,12,06/01/2025,UCAYALI,CRIMEN ORGANIZADO,FISCAL PROVINCIAL,PROVISIONAL,FEMENINO,1,250101,UCAYALI,CORONEL PORTILLO,CALLERIA,31/10/2025
2024,12,06/01/2025,UCAYALI,EXTINCION DE DOMINIO,FISCAL ADJUNTO PROVINCIAL,PROVISIONAL,FEMENINO,2,250101,UCAYALI,CORONEL PORTILLO,CALLERIA,31/10/2025
2024,12,06/01/2025,UCAYALI,EXTINCION DE DOMINIO,FISCAL PROVINCIAL,PROVISIONAL,MASCULINO,1,250101,UCAYALI,CORONEL PORTILLO,CALLERIA,31/10/2025
2024,12,06/01/2025,UCAYALI,FAMILIA,FISCAL ADJUNTO PROVINCIAL,PROVISIONAL,FEMENINO,6,250101,UCAYALI,CORONEL PORTILLO,CALLERIA,31/10/2025
2024,12,06/01/2025,UCAYALI,FAMILIA,FISCAL ADJUNTO PROVINCIAL,PROVISIONAL,MASCULINO,1,250101,UCAYALI,CORONEL PORTILLO,CALLERIA,31/10/2025
2024,12,06/01/2025,UCAYALI,FAMILIA,FISCAL ADJUNTO PROVINCIAL,TITULAR,FEMENINO,2,250101,UCAYALI,CORONEL PORTILLO,CALLERIA,31/10/2025
2024,12,06/01/2025,UCAYALI,FAMILIA,FISCAL ADJUNTO SUPERIOR,TITULAR,MASCULINO,2,250101,UCAYALI,CORONEL PORTILLO,CALLERIA,31/10/2025
2024,12,06/01/2025,UCAYALI,FAMILIA,FISCAL PROVINCIAL,PROVISIONAL,FEMENINO,2,250101,UCAYALI,CORONEL PORTILLO,CALLERIA,31/10/2025
2024,12,06/01/2025,UCAYALI,FAMILIA,FISCAL PROVINCIAL,PROVISIONAL,MASCULINO,3,250101,UCAYALI,CORONEL PORTILLO,CALLERIA,31/10/2025
2024,12,06/01/2025,UCAYALI,FAMILIA,FISCAL PROVINCIAL,PROVISIONAL (Titular Promovido),MASCULINO,1,250101,UCAYALI,CORONEL PORTILLO,CALLERIA,31/10/2025
2024,12,06/01/2025,UCAYALI,FAMILIA,FISCAL PROVINCIAL,TITULAR,FEMENINO,1,250101,UCAYALI,CORONEL PORTILLO,CALLERIA,31/10/2025
2024,12,06/01/2025,UCAYALI,FAMILIA,FISCAL PROVINCIAL,TITULAR,MASCULINO,3,250101,UCAYALI,CORONEL PORTILLO,CALLERIA,31/10/2025
2024,12,06/01/2025,UCAYALI,FAMILIA,FISCAL SUPERIOR,TITULAR,FEMENINO,1,250101,UCAYALI,CORONEL PORTILLO,CALLERIA,31/10/2025
2024,12,06/01/2025,UCAYALI,FAMILIA,FISCAL SUPERIOR,TITULAR,MASCULINO,1,250101,UCAYALI,CORONEL PORTILLO,CALLERIA,31/10/2025
2024,12,06/01/2025,UCAYALI,MATERIA AMBIENTAL,FISCAL ADJUNTO PROVINCIAL,PROVISIONAL,FEMENINO,3,250101,UCAYALI,CORONEL PORTILLO,CALLERIA,31/10/2025
2024,12,06/01/2025,UCAYALI,MATERIA AMBIENTAL,FISCAL ADJUNTO PROVINCIAL,PROVISIONAL,MASCULINO,4,250101,UCAYALI,CORONEL PORTILLO,CALLERIA,31/10/2025
2024,12,06/01/2025,UCAYALI,MATERIA AMBIENTAL,FISCAL ADJUNTO PROVINCIAL,TITULAR,MASCULINO,2,250101,UCAYALI,CORONEL PORTILLO,CALLERIA,31/10/2025
2024,12,06/01/2025,UCAYALI,MATERIA AMBIENTAL,FISCAL PROVINCIAL,PROVISIONAL,MASCULINO,3,250101,UCAYALI,CORONEL PORTILLO,CALLERIA,31/10/2025
2024,12,06/01/2025,UCAYALI,MATERIA AMBIENTAL,FISCAL PROVINCIAL,PROVISIONAL (Titular Promovido),MASCULINO,1,250101,UCAYALI,CORONEL PORTILLO,CALLERIA,31/10/2025
2024,12,06/01/2025,UCAYALI,MATERIA AMBIENTAL,FISCAL PROVINCIAL,TITULAR,MASCULINO,1,250101,UCAYALI,CORONEL PORTILLO,CALLERIA,31/10/2025
2024,12,06/01/2025,UCAYALI,MIXTA,FISCAL ADJUNTO PROVINCIAL,PROVISIONAL,FEMENINO,1,250101,UCAYALI,CORONEL PORTILLO,CALLERIA,31/10/2025
2024,12,06/01/2025,UCAYALI,MIXTA,FISCAL ADJUNTO PROVINCIAL,TITULAR,FEMENINO,1,250101,UCAYALI,CORONEL PORTILLO,CALLERIA,31/10/2025
2024,12,06/01/2025,UCAYALI,MIXTA,FISCAL ADJUNTO PROVINCIAL,TITULAR,MASCULINO,1,250101,UCAYALI,CORONEL PORTILLO,CALLERIA,31/10/2025
2024,12,06/01/2025,UCAYALI,MIXTA,FISCAL PROVINCIAL,PROVISIONAL,MASCULINO,2,250101,UCAYALI,CORONEL PORTILLO,CALLERIA,31/10/2025
2024,12,06/01/2025,UCAYALI,PENAL,FISCAL ADJUNTO PROVINCIAL,PROVISIONAL,FEMENINO,38,250101,UCAYALI,CORONEL PORTILLO,CALLERIA,31/10/2025
2024,12,06/01/2025,UCAYALI,PENAL,FISCAL ADJUNTO PROVINCIAL,PROVISIONAL,MASCULINO,20,250101,UCAYALI,CORONEL PORTILLO,CALLERIA,31/10/2025
2024,12,06/01/2025,UCAYALI,PENAL,FISCAL ADJUNTO PROVINCIAL,TITULAR,FEMENINO,4,250101,UCAYALI,CORONEL PORTILLO,CALLERIA,31/10/2025
2024,12,06/01/2025,UCAYALI,PENAL,FISCAL ADJUNTO PROVINCIAL,TITULAR,MASCULINO,8,250101,UCAYALI,CORONEL PORTILLO,CALLERIA,31/10/2025
2024,12,06/01/2025,UCAYALI,PENAL,FISCAL ADJUNTO SUPERIOR,PROVISIONAL (Titular Promovido),MASCULINO,2,250101,UCAYALI,CORONEL PORTILLO,CALLERIA,31/10/2025
2024,12,06/01/2025,UCAYALI,PENAL,FISCAL ADJUNTO SUPERIOR,TITULAR,FEMENINO,1,250101,UCAYALI,CORONEL PORTILLO,CALLERIA,31/10/2025
2024,12,06/01/2025,UCAYALI,PENAL,FISCAL ADJUNTO SUPERIOR,TITULAR,MASCULINO,1,250101,UCAYALI,CORONEL PORTILLO,CALLERIA,31/10/2025
2024,12,06/01/2025,UCAYALI,PENAL,FISCAL PROVINCIAL,PROVISIONAL,FEMENINO,6,250101,UCAYALI,CORONEL PORTILLO,CALLERIA,31/10/2025
2024,12,06/01/2025,UCAYALI,PENAL,FISCAL PROVINCIAL,PROVISIONAL,MASCULINO,10,250101,UCAYALI,CORONEL PORTILLO,CALLERIA,31/10/2025
2024,12,06/01/2025,UCAYALI,PENAL,FISCAL PROVINCIAL,PROVISIONAL (Titular Promovido),FEMENINO,5,250101,UCAYALI,CORONEL PORTILLO,CALLERIA,31/10/2025
2024,12,06/01/2025,UCAYALI,PENAL,FISCAL PROVINCIAL,PROVISIONAL (Titular Promovido),MASCULINO,7,250101,UCAYALI,CORONEL PORTILLO,CALLERIA,31/10/2025
2024,12,06/01/2025,UCAYALI,PENAL,FISCAL PROVINCIAL,TITULAR,FEMENINO,2,250101,UCAYALI,CORONEL PORTILLO,CALLERIA,31/10/2025
2024,12,06/01/2025,UCAYALI,PENAL,FISCAL PROVINCIAL,TITULAR,MASCULINO,10,250101,UCAYALI,CORONEL PORTILLO,CALLERIA,31/10/2025
2024,12,06/01/2025,UCAYALI,PENAL,FISCAL SUPERIOR,TITULAR,FEMENINO,1,250101,UCAYALI,CORONEL PORTILLO,CALLERIA,31/10/2025
2024,12,06/01/2025,UCAYALI,PENAL,FISCAL SUPERIOR,TITULAR,MASCULINO,2,250101,UCAYALI,CORONEL PORTILLO,CALLERIA,31/10/2025
2024,12,06/01/2025,UCAYALI,PREVENCION DEL DELITO,FISCAL ADJUNTO PROVINCIAL,PROVISIONAL,FEMENINO,1,250101,UCAYALI,CORONEL PORTILLO,CALLERIA,31/10/2025
2024,12,06/01/2025,UCAYALI,PREVENCION DEL DELITO,FISCAL ADJUNTO PROVINCIAL,TITULAR,FEMENINO,2,250101,UCAYALI,CORONEL PORTILLO,CALLERIA,31/10/2025
2024,12,06/01/2025,UCAYALI,PREVENCION DEL DELITO,FISCAL ADJUNTO PROVINCIAL,TITULAR,MASCULINO,2,250101,UCAYALI,CORONEL PORTILLO,CALLERIA,31/10/2025
2024,12,06/01/2025,UCAYALI,PREVENCION DEL DELITO,FISCAL PROVINCIAL,TITULAR,MASCULINO,2,250101,UCAYALI,CORONEL PORTILLO,CALLERIA,31/10/2025
2024,12,06/01/2025,UCAYALI,TRAFICO ILICITO DE DROGAS,FISCAL ADJUNTO PROVINCIAL,PROVISIONAL,FEMENINO,3,250101,UCAYALI,CORONEL PORTILLO,CALLERIA,31/10/2025
2024,12,06/01/2025,UCAYALI,TRAFICO ILICITO DE DROGAS,FISCAL ADJUNTO PROVINCIAL,PROVISIONAL,MASCULINO,2,250101,UCAYALI,CORONEL PORTILLO,CALLERIA,31/10/2025
2024,12,06/01/2025,UCAYALI,TRAFICO ILICITO DE DROGAS,FISCAL PROVINCIAL,PROVISIONAL,FEMENINO,1,250101,UCAYALI,CORONEL PORTILLO,CALLERIA,31/10/2025
2024,12,06/01/2025,UCAYALI,TRAFICO ILICITO DE DROGAS,FISCAL PROVINCIAL,TITULAR,FEMENINO,1,250101,UCAYALI,CORONEL PORTILLO,CALLERIA,31/10/2025
2024,12,06/01/2025,UCAYALI,DERECHOS HUMANOS E INTERCULTURALIDAD,FISCAL ADJUNTO PROVINCIAL,PROVISIONAL,FEMENINO,2,250101,UCAYALI,CORONEL PORTILLO,CALLERIA,31/10/2025
2024,12,06/01/2025,UCAYALI,DERECHOS HUMANOS E INTERCULTURALIDAD,FISCAL ADJUNTO PROVINCIAL,PROVISIONAL,MASCULINO,1,250101,UCAYALI,CORONEL PORTILLO,CALLERIA,31/10/2025
2024,12,06/01/2025,UCAYALI,DERECHOS HUMANOS E INTERCULTURALIDAD,FISCAL PROVINCIAL,PROVISIONAL,MASCULINO,1,250101,UCAYALI,CORONEL PORTILLO,CALLERIA,31/10/2025
2024,12,06/01/2025,UCAYALI,DERECHOS HUMANOS E INTERCULTURALIDAD,FISCAL PROVINCIAL,PROVISIONAL (Titular Promovido),FEMENINO,1,250101,UCAYALI,CORONEL PORTILLO,CALLERIA,31/10/2025
