anio,mes,fecha_descarga,distrito_fiscal,ubicacion_especialidad,cargo,condicion,sexo,total,ubigeo_pjfs,dpto_pjfs,prov_pjfs,dist_pjfs,fecha_corte
2025,12,09/01/2026,AMAZONAS,AUTORIDAD NACIONAL DE CONTROL,FISCAL ADJUNTO SUPERIOR,PROVISIONAL (Titular Promovido),FEMENINO,1,010101,AMAZONAS,CHACHAPOYAS,CHACHAPOYAS,12/01/2026
2025,12,09/01/2026,AMAZONAS,AUTORIDAD NACIONAL DE CONTROL,FISCAL ADJUNTO SUPERIOR,PROVISIONAL (Titular Promovido),MASCULINO,1,010101,AMAZONAS,CHACHAPOYAS,CHACHAPOYAS,12/01/2026
2025,12,09/01/2026,AMAZONAS,AUTORIDAD NACIONAL DE CONTROL,FISCAL SUPERIOR,PROVISIONAL (Titular Promovido),MASCULINO,1,010101,AMAZONAS,CHACHAPOYAS,CHACHAPOYAS,12/01/2026
2025,12,09/01/2026,AMAZONAS,CORRUPCION DE FUNCIONARIOS,FISCAL ADJUNTO PROVINCIAL,PROVISIONAL,FEMENINO,2,010101,AMAZONAS,CHACHAPOYAS,CHACHAPOYAS,12/01/2026
2025,12,09/01/2026,AMAZONAS,CORRUPCION DE FUNCIONARIOS,FISCAL ADJUNTO PROVINCIAL,PROVISIONAL,MASCULINO,3,010101,AMAZONAS,CHACHAPOYAS,CHACHAPOYAS,12/01/2026
2025,12,09/01/2026,AMAZONAS,CORRUPCION DE FUNCIONARIOS,FISCAL ADJUNTO PROVINCIAL,TITULAR,MASCULINO,2,010101,AMAZONAS,CHACHAPOYAS,CHACHAPOYAS,12/01/2026
2025,12,09/01/2026,AMAZONAS,CORRUPCION DE FUNCIONARIOS,FISCAL PROVINCIAL,PROVISIONAL (Titular Promovido),FEMENINO,1,010101,AMAZONAS,CHACHAPOYAS,CHACHAPOYAS,12/01/2026
2025,12,09/01/2026,AMAZONAS,CORRUPCION DE FUNCIONARIOS,FISCAL PROVINCIAL,TITULAR,FEMENINO,1,010101,AMAZONAS,CHACHAPOYAS,CHACHAPOYAS,12/01/2026
2025,12,09/01/2026,AMAZONAS,CRIMEN ORGANIZADO,FISCAL ADJUNTO PROVINCIAL,PROVISIONAL,MASCULINO,2,010101,AMAZONAS,CHACHAPOYAS,CHACHAPOYAS,12/01/2026
2025,12,09/01/2026,AMAZONAS,CRIMEN ORGANIZADO,FISCAL PROVINCIAL,TITULAR,FEMENINO,1,010101,AMAZONAS,CHACHAPOYAS,CHACHAPOYAS,12/01/2026
2025,12,09/01/2026,AMAZONAS,FAMILIA,FISCAL ADJUNTO PROVINCIAL,PROVISIONAL,FEMENINO,2,010101,AMAZONAS,CHACHAPOYAS,CHACHAPOYAS,12/01/2026
2025,12,09/01/2026,AMAZONAS,FAMILIA,FISCAL ADJUNTO PROVINCIAL,PROVISIONAL,MASCULINO,2,010101,AMAZONAS,CHACHAPOYAS,CHACHAPOYAS,12/01/2026
2025,12,09/01/2026,AMAZONAS,FAMILIA,FISCAL ADJUNTO PROVINCIAL,TITULAR,FEMENINO,4,010101,AMAZONAS,CHACHAPOYAS,CHACHAPOYAS,12/01/2026
2025,12,09/01/2026,AMAZONAS,FAMILIA,FISCAL ADJUNTO PROVINCIAL,TITULAR,MASCULINO,2,010101,AMAZONAS,CHACHAPOYAS,CHACHAPOYAS,12/01/2026
2025,12,09/01/2026,AMAZONAS,FAMILIA,FISCAL PROVINCIAL,PROVISIONAL,MASCULINO,2,010101,AMAZONAS,CHACHAPOYAS,CHACHAPOYAS,12/01/2026
2025,12,09/01/2026,AMAZONAS,FAMILIA,FISCAL PROVINCIAL,TITULAR,FEMENINO,1,010101,AMAZONAS,CHACHAPOYAS,CHACHAPOYAS,12/01/2026
2025,12,09/01/2026,AMAZONAS,FAMILIA,FISCAL PROVINCIAL,TITULAR,MASCULINO,3,010101,AMAZONAS,CHACHAPOYAS,CHACHAPOYAS,12/01/2026
2025,12,09/01/2026,AMAZONAS,MATERIA AMBIENTAL,FISCAL ADJUNTO PROVINCIAL,PROVISIONAL,FEMENINO,3,010101,AMAZONAS,CHACHAPOYAS,CHACHAPOYAS,12/01/2026
2025,12,09/01/2026,AMAZONAS,MATERIA AMBIENTAL,FISCAL ADJUNTO PROVINCIAL,PROVISIONAL,MASCULINO,3,010101,AMAZONAS,CHACHAPOYAS,CHACHAPOYAS,12/01/2026
2025,12,09/01/2026,AMAZONAS,MATERIA AMBIENTAL,FISCAL PROVINCIAL,PROVISIONAL (Titular Promovido),MASCULINO,1,010101,AMAZONAS,CHACHAPOYAS,CHACHAPOYAS,12/01/2026
2025,12,09/01/2026,AMAZONAS,MATERIA AMBIENTAL,FISCAL PROVINCIAL,TITULAR,MASCULINO,1,010101,AMAZONAS,CHACHAPOYAS,CHACHAPOYAS,12/01/2026
2025,12,09/01/2026,AMAZONAS,MIXTA,FISCAL ADJUNTO PROVINCIAL,PROVISIONAL,FEMENINO,4,010101,AMAZONAS,CHACHAPOYAS,CHACHAPOYAS,12/01/2026
2025,12,09/01/2026,AMAZONAS,MIXTA,FISCAL ADJUNTO PROVINCIAL,PROVISIONAL,MASCULINO,3,010101,AMAZONAS,CHACHAPOYAS,CHACHAPOYAS,12/01/2026
2025,12,09/01/2026,AMAZONAS,MIXTA,FISCAL ADJUNTO PROVINCIAL,TITULAR,FEMENINO,2,010101,AMAZONAS,CHACHAPOYAS,CHACHAPOYAS,12/01/2026
2025,12,09/01/2026,AMAZONAS,MIXTA,FISCAL ADJUNTO PROVINCIAL,TITULAR,MASCULINO,6,010101,AMAZONAS,CHACHAPOYAS,CHACHAPOYAS,12/01/2026
2025,12,09/01/2026,AMAZONAS,MIXTA,FISCAL ADJUNTO SUPERIOR,PROVISIONAL,FEMENINO,1,010101,AMAZONAS,CHACHAPOYAS,CHACHAPOYAS,12/01/2026
2025,12,09/01/2026,AMAZONAS,MIXTA,FISCAL ADJUNTO SUPERIOR,PROVISIONAL (Titular Promovido),MASCULINO,3,010101,AMAZONAS,CHACHAPOYAS,CHACHAPOYAS,12/01/2026
2025,12,09/01/2026,AMAZONAS,MIXTA,FISCAL ADJUNTO SUPERIOR,TITULAR,FEMENINO,1,010101,AMAZONAS,CHACHAPOYAS,CHACHAPOYAS,12/01/2026
2025,12,09/01/2026,AMAZONAS,MIXTA,FISCAL ADJUNTO SUPERIOR,TITULAR,MASCULINO,1,010101,AMAZONAS,CHACHAPOYAS,CHACHAPOYAS,12/01/2026
2025,12,09/01/2026,AMAZONAS,MIXTA,FISCAL PROVINCIAL,PROVISIONAL,FEMENINO,3,010101,AMAZONAS,CHACHAPOYAS,CHACHAPOYAS,12/01/2026
2025,12,09/01/2026,AMAZONAS,MIXTA,FISCAL PROVINCIAL,PROVISIONAL,MASCULINO,2,010101,AMAZONAS,CHACHAPOYAS,CHACHAPOYAS,12/01/2026
2025,12,09/01/2026,AMAZONAS,MIXTA,FISCAL PROVINCIAL,PROVISIONAL (Titular Promovido),FEMENINO,1,010101,AMAZONAS,CHACHAPOYAS,CHACHAPOYAS,12/01/2026
2025,12,09/01/2026,AMAZONAS,MIXTA,FISCAL PROVINCIAL,PROVISIONAL (Titular Promovido),MASCULINO,4,010101,AMAZONAS,CHACHAPOYAS,CHACHAPOYAS,12/01/2026
2025,12,09/01/2026,AMAZONAS,MIXTA,FISCAL SUPERIOR,TITULAR,MASCULINO,2,010101,AMAZONAS,CHACHAPOYAS,CHACHAPOYAS,12/01/2026
2025,12,09/01/2026,AMAZONAS,PENAL,FISCAL ADJUNTO PROVINCIAL,PROVISIONAL,FEMENINO,6,010101,AMAZONAS,CHACHAPOYAS,CHACHAPOYAS,12/01/2026
2025,12,09/01/2026,AMAZONAS,PENAL,FISCAL ADJUNTO PROVINCIAL,PROVISIONAL,MASCULINO,10,010101,AMAZONAS,CHACHAPOYAS,CHACHAPOYAS,12/01/2026
2025,12,09/01/2026,AMAZONAS,PENAL,FISCAL ADJUNTO PROVINCIAL,TITULAR,FEMENINO,8,010101,AMAZONAS,CHACHAPOYAS,CHACHAPOYAS,12/01/2026
2025,12,09/01/2026,AMAZONAS,PENAL,FISCAL ADJUNTO PROVINCIAL,TITULAR,MASCULINO,14,010101,AMAZONAS,CHACHAPOYAS,CHACHAPOYAS,12/01/2026
2025,12,09/01/2026,AMAZONAS,PENAL,FISCAL ADJUNTO SUPERIOR,PROVISIONAL,MASCULINO,1,010101,AMAZONAS,CHACHAPOYAS,CHACHAPOYAS,12/01/2026
2025,12,09/01/2026,AMAZONAS,PENAL,FISCAL ADJUNTO SUPERIOR,PROVISIONAL (Titular Promovido),FEMENINO,2,010101,AMAZONAS,CHACHAPOYAS,CHACHAPOYAS,12/01/2026
2025,12,09/01/2026,AMAZONAS,PENAL,FISCAL ADJUNTO SUPERIOR,PROVISIONAL (Titular Promovido),MASCULINO,1,010101,AMAZONAS,CHACHAPOYAS,CHACHAPOYAS,12/01/2026
2025,12,09/01/2026,AMAZONAS,PENAL,FISCAL ADJUNTO SUPERIOR,TITULAR,MASCULINO,1,010101,AMAZONAS,CHACHAPOYAS,CHACHAPOYAS,12/01/2026
2025,12,09/01/2026,AMAZONAS,PENAL,FISCAL PROVINCIAL,PROVISIONAL,FEMENINO,1,010101,AMAZONAS,CHACHAPOYAS,CHACHAPOYAS,12/01/2026
2025,12,09/01/2026,AMAZONAS,PENAL,FISCAL PROVINCIAL,PROVISIONAL,MASCULINO,3,010101,AMAZONAS,CHACHAPOYAS,CHACHAPOYAS,12/01/2026
2025,12,09/01/2026,AMAZONAS,PENAL,FISCAL PROVINCIAL,PROVISIONAL (Titular Promovido),FEMENINO,1,010101,AMAZONAS,CHACHAPOYAS,CHACHAPOYAS,12/01/2026
2025,12,09/01/2026,AMAZONAS,PENAL,FISCAL PROVINCIAL,PROVISIONAL (Titular Promovido),MASCULINO,6,010101,AMAZONAS,CHACHAPOYAS,CHACHAPOYAS,12/01/2026
2025,12,09/01/2026,AMAZONAS,PENAL,FISCAL PROVINCIAL,TITULAR,FEMENINO,2,010101,AMAZONAS,CHACHAPOYAS,CHACHAPOYAS,12/01/2026
2025,12,09/01/2026,AMAZONAS,PENAL,FISCAL PROVINCIAL,TITULAR,MASCULINO,8,010101,AMAZONAS,CHACHAPOYAS,CHACHAPOYAS,12/01/2026
2025,12,09/01/2026,AMAZONAS,PENAL,FISCAL SUPERIOR,PROVISIONAL (Titular Promovido),MASCULINO,1,010101,AMAZONAS,CHACHAPOYAS,CHACHAPOYAS,12/01/2026
2025,12,09/01/2026,AMAZONAS,PENAL,FISCAL SUPERIOR,TITULAR,MASCULINO,1,010101,AMAZONAS,CHACHAPOYAS,CHACHAPOYAS,12/01/2026
2025,12,09/01/2026,AMAZONAS,PREVENCION DEL DELITO,FISCAL ADJUNTO PROVINCIAL,PROVISIONAL,FEMENINO,2,010101,AMAZONAS,CHACHAPOYAS,CHACHAPOYAS,12/01/2026
2025,12,09/01/2026,AMAZONAS,PREVENCION DEL DELITO,FISCAL ADJUNTO PROVINCIAL,PROVISIONAL,MASCULINO,1,010101,AMAZONAS,CHACHAPOYAS,CHACHAPOYAS,12/01/2026
2025,12,09/01/2026,AMAZONAS,PREVENCION DEL DELITO,FISCAL ADJUNTO PROVINCIAL,TITULAR,FEMENINO,1,010101,AMAZONAS,CHACHAPOYAS,CHACHAPOYAS,12/01/2026
2025,12,09/01/2026,AMAZONAS,PREVENCION DEL DELITO,FISCAL ADJUNTO PROVINCIAL,TITULAR,MASCULINO,2,010101,AMAZONAS,CHACHAPOYAS,CHACHAPOYAS,12/01/2026
2025,12,09/01/2026,AMAZONAS,PREVENCION DEL DELITO,FISCAL PROVINCIAL,PROVISIONAL,MASCULINO,1,010101,AMAZONAS,CHACHAPOYAS,CHACHAPOYAS,12/01/2026
2025,12,09/01/2026,AMAZONAS,PREVENCION DEL DELITO,FISCAL PROVINCIAL,TITULAR,FEMENINO,1,010101,AMAZONAS,CHACHAPOYAS,CHACHAPOYAS,12/01/2026
2025,12,09/01/2026,AMAZONAS,PREVENCION DEL DELITO,FISCAL PROVINCIAL,TITULAR,MASCULINO,1,010101,AMAZONAS,CHACHAPOYAS,CHACHAPOYAS,12/01/2026
2025,12,09/01/2026,AMAZONAS,TRAFICO ILICITO DE DROGAS,FISCAL ADJUNTO PROVINCIAL,PROVISIONAL,MASCULINO,2,010101,AMAZONAS,CHACHAPOYAS,CHACHAPOYAS,12/01/2026
2025,12,09/01/2026,AMAZONAS,VIOLENCIA CONTRA LA MUJER E INTEGRANTES DEL GRUPO FAMILIAR,FISCAL ADJUNTO PROVINCIAL,PROVISIONAL,FEMENINO,7,010101,AMAZONAS,CHACHAPOYAS,CHACHAPOYAS,12/01/2026
2025,12,09/01/2026,AMAZONAS,VIOLENCIA CONTRA LA MUJER E INTEGRANTES DEL GRUPO FAMILIAR,FISCAL ADJUNTO PROVINCIAL,PROVISIONAL,MASCULINO,6,010101,AMAZONAS,CHACHAPOYAS,CHACHAPOYAS,12/01/2026
2025,12,09/01/2026,AMAZONAS,VIOLENCIA CONTRA LA MUJER E INTEGRANTES DEL GRUPO FAMILIAR,FISCAL ADJUNTO PROVINCIAL,TITULAR,FEMENINO,2,010101,AMAZONAS,CHACHAPOYAS,CHACHAPOYAS,12/01/2026
2025,12,09/01/2026,AMAZONAS,VIOLENCIA CONTRA LA MUJER E INTEGRANTES DEL GRUPO FAMILIAR,FISCAL PROVINCIAL,PROVISIONAL,FEMENINO,1,010101,AMAZONAS,CHACHAPOYAS,CHACHAPOYAS,12/01/2026
2025,12,09/01/2026,AMAZONAS,VIOLENCIA CONTRA LA MUJER E INTEGRANTES DEL GRUPO FAMILIAR,FISCAL PROVINCIAL,PROVISIONAL,MASCULINO,1,010101,AMAZONAS,CHACHAPOYAS,CHACHAPOYAS,12/01/2026
2025,12,09/01/2026,AMAZONAS,VIOLENCIA CONTRA LA MUJER E INTEGRANTES DEL GRUPO FAMILIAR,FISCAL PROVINCIAL,PROVISIONAL (Titular Promovido),FEMENINO,1,010101,AMAZONAS,CHACHAPOYAS,CHACHAPOYAS,12/01/2026
2025,12,09/01/2026,AMAZONAS,VIOLENCIA CONTRA LA MUJER E INTEGRANTES DEL GRUPO FAMILIAR,FISCAL PROVINCIAL,PROVISIONAL (Titular Promovido),MASCULINO,2,010101,AMAZONAS,CHACHAPOYAS,CHACHAPOYAS,12/01/2026
2025,12,09/01/2026,AMAZONAS,DERECHOS HUMANOS Y CONTRA EL TERRORISMO,FISCAL ADJUNTO PROVINCIAL,PROVISIONAL,FEMENINO,2,010101,AMAZONAS,CHACHAPOYAS,CHACHAPOYAS,12/01/2026
2025,12,09/01/2026,AMAZONAS,DERECHOS HUMANOS Y CONTRA EL TERRORISMO,FISCAL ADJUNTO PROVINCIAL,PROVISIONAL,MASCULINO,1,010101,AMAZONAS,CHACHAPOYAS,CHACHAPOYAS,12/01/2026
2025,12,09/01/2026,AMAZONAS,DERECHOS HUMANOS Y CONTRA EL TERRORISMO,FISCAL PROVINCIAL,TITULAR,MASCULINO,1,010101,AMAZONAS,CHACHAPOYAS,CHACHAPOYAS,12/01/2026
2025,12,09/01/2026,ANCASH,AUTORIDAD NACIONAL DE CONTROL,FISCAL ADJUNTO SUPERIOR,PROVISIONAL (Titular Promovido),FEMENINO,1,020101,ANCASH,HUARAZ,HUARAZ,12/01/2026
2025,12,09/01/2026,ANCASH,AUTORIDAD NACIONAL DE CONTROL,FISCAL ADJUNTO SUPERIOR,PROVISIONAL (Titular Promovido),MASCULINO,1,020101,ANCASH,HUARAZ,HUARAZ,12/01/2026
2025,12,09/01/2026,ANCASH,AUTORIDAD NACIONAL DE CONTROL,FISCAL SUPERIOR,PROVISIONAL (Titular Promovido),FEMENINO,1,020101,ANCASH,HUARAZ,HUARAZ,12/01/2026
2025,12,09/01/2026,ANCASH,CORRUPCION DE FUNCIONARIOS,FISCAL ADJUNTO PROVINCIAL,PROVISIONAL,FEMENINO,7,020101,ANCASH,HUARAZ,HUARAZ,12/01/2026
2025,12,09/01/2026,ANCASH,CORRUPCION DE FUNCIONARIOS,FISCAL ADJUNTO PROVINCIAL,PROVISIONAL,MASCULINO,7,020101,ANCASH,HUARAZ,HUARAZ,12/01/2026
2025,12,09/01/2026,ANCASH,CORRUPCION DE FUNCIONARIOS,FISCAL ADJUNTO PROVINCIAL,TITULAR,MASCULINO,3,020101,ANCASH,HUARAZ,HUARAZ,12/01/2026
2025,12,09/01/2026,ANCASH,CORRUPCION DE FUNCIONARIOS,FISCAL ADJUNTO SUPERIOR,PROVISIONAL (Titular Promovido),FEMENINO,2,020101,ANCASH,HUARAZ,HUARAZ,12/01/2026
2025,12,09/01/2026,ANCASH,CORRUPCION DE FUNCIONARIOS,FISCAL ADJUNTO SUPERIOR,TITULAR,FEMENINO,1,020101,ANCASH,HUARAZ,HUARAZ,12/01/2026
2025,12,09/01/2026,ANCASH,CORRUPCION DE FUNCIONARIOS,FISCAL ADJUNTO SUPERIOR,TITULAR,MASCULINO,1,020101,ANCASH,HUARAZ,HUARAZ,12/01/2026
2025,12,09/01/2026,ANCASH,CORRUPCION DE FUNCIONARIOS,FISCAL PROVINCIAL,PROVISIONAL (Titular Promovido),MASCULINO,2,020101,ANCASH,HUARAZ,HUARAZ,12/01/2026
2025,12,09/01/2026,ANCASH,CORRUPCION DE FUNCIONARIOS,FISCAL PROVINCIAL,TITULAR,FEMENINO,2,020101,ANCASH,HUARAZ,HUARAZ,12/01/2026
2025,12,09/01/2026,ANCASH,CORRUPCION DE FUNCIONARIOS,FISCAL PROVINCIAL,TITULAR,MASCULINO,2,020101,ANCASH,HUARAZ,HUARAZ,12/01/2026
2025,12,09/01/2026,ANCASH,CORRUPCION DE FUNCIONARIOS,FISCAL SUPERIOR,PROVISIONAL (Titular Promovido),FEMENINO,1,020101,ANCASH,HUARAZ,HUARAZ,12/01/2026
2025,12,09/01/2026,ANCASH,CORRUPCION DE FUNCIONARIOS,FISCAL SUPERIOR,TITULAR,MASCULINO,1,020101,ANCASH,HUARAZ,HUARAZ,12/01/2026
2025,12,09/01/2026,ANCASH,EXTINCION DE DOMINIO,FISCAL ADJUNTO PROVINCIAL,PROVISIONAL,FEMENINO,1,020101,ANCASH,HUARAZ,HUARAZ,12/01/2026
2025,12,09/01/2026,ANCASH,EXTINCION DE DOMINIO,FISCAL ADJUNTO PROVINCIAL,PROVISIONAL,MASCULINO,1,020101,ANCASH,HUARAZ,HUARAZ,12/01/2026
2025,12,09/01/2026,ANCASH,EXTINCION DE DOMINIO,FISCAL PROVINCIAL,PROVISIONAL (Titular Promovido),FEMENINO,1,020101,ANCASH,HUARAZ,HUARAZ,12/01/2026
2025,12,09/01/2026,ANCASH,FAMILIA,FISCAL ADJUNTO PROVINCIAL,PROVISIONAL,FEMENINO,8,020101,ANCASH,HUARAZ,HUARAZ,12/01/2026
2025,12,09/01/2026,ANCASH,FAMILIA,FISCAL ADJUNTO PROVINCIAL,PROVISIONAL,MASCULINO,4,020101,ANCASH,HUARAZ,HUARAZ,12/01/2026
2025,12,09/01/2026,ANCASH,FAMILIA,FISCAL ADJUNTO PROVINCIAL,TITULAR,FEMENINO,6,020101,ANCASH,HUARAZ,HUARAZ,12/01/2026
2025,12,09/01/2026,ANCASH,FAMILIA,FISCAL ADJUNTO PROVINCIAL,TITULAR,MASCULINO,1,020101,ANCASH,HUARAZ,HUARAZ,12/01/2026
2025,12,09/01/2026,ANCASH,FAMILIA,FISCAL ADJUNTO SUPERIOR,TITULAR,MASCULINO,1,020101,ANCASH,HUARAZ,HUARAZ,12/01/2026
2025,12,09/01/2026,ANCASH,FAMILIA,FISCAL PROVINCIAL,PROVISIONAL,FEMENINO,1,020101,ANCASH,HUARAZ,HUARAZ,12/01/2026
2025,12,09/01/2026,ANCASH,FAMILIA,FISCAL PROVINCIAL,PROVISIONAL,MASCULINO,3,020101,ANCASH,HUARAZ,HUARAZ,12/01/2026
2025,12,09/01/2026,ANCASH,FAMILIA,FISCAL PROVINCIAL,PROVISIONAL (Titular Promovido),FEMENINO,2,020101,ANCASH,HUARAZ,HUARAZ,12/01/2026
2025,12,09/01/2026,ANCASH,FAMILIA,FISCAL PROVINCIAL,TITULAR,FEMENINO,5,020101,ANCASH,HUARAZ,HUARAZ,12/01/2026
2025,12,09/01/2026,ANCASH,FAMILIA,FISCAL PROVINCIAL,TITULAR,MASCULINO,7,020101,ANCASH,HUARAZ,HUARAZ,12/01/2026
2025,12,09/01/2026,ANCASH,FAMILIA,FISCAL SUPERIOR,TITULAR,FEMENINO,1,020101,ANCASH,HUARAZ,HUARAZ,12/01/2026
2025,12,09/01/2026,ANCASH,MATERIA AMBIENTAL,FISCAL ADJUNTO PROVINCIAL,PROVISIONAL,MASCULINO,1,020101,ANCASH,HUARAZ,HUARAZ,12/01/2026
2025,12,09/01/2026,ANCASH,MATERIA AMBIENTAL,FISCAL ADJUNTO PROVINCIAL,TITULAR,MASCULINO,1,020101,ANCASH,HUARAZ,HUARAZ,12/01/2026
2025,12,09/01/2026,ANCASH,MATERIA AMBIENTAL,FISCAL PROVINCIAL,PROVISIONAL (Titular Promovido),MASCULINO,1,020101,ANCASH,HUARAZ,HUARAZ,12/01/2026
2025,12,09/01/2026,ANCASH,MIXTA,FISCAL ADJUNTO PROVINCIAL,TITULAR,FEMENINO,6,020101,ANCASH,HUARAZ,HUARAZ,12/01/2026
2025,12,09/01/2026,ANCASH,MIXTA,FISCAL ADJUNTO PROVINCIAL,TITULAR,MASCULINO,1,020101,ANCASH,HUARAZ,HUARAZ,12/01/2026
2025,12,09/01/2026,ANCASH,MIXTA,FISCAL ADJUNTO SUPERIOR,PROVISIONAL,FEMENINO,1,020101,ANCASH,HUARAZ,HUARAZ,12/01/2026
2025,12,09/01/2026,ANCASH,MIXTA,FISCAL ADJUNTO SUPERIOR,TITULAR,MASCULINO,1,020101,ANCASH,HUARAZ,HUARAZ,12/01/2026
2025,12,09/01/2026,ANCASH,MIXTA,FISCAL PROVINCIAL,TITULAR,FEMENINO,1,020101,ANCASH,HUARAZ,HUARAZ,12/01/2026
2025,12,09/01/2026,ANCASH,MIXTA,FISCAL PROVINCIAL,TITULAR,MASCULINO,2,020101,ANCASH,HUARAZ,HUARAZ,12/01/2026
2025,12,09/01/2026,ANCASH,MIXTA,FISCAL SUPERIOR,PROVISIONAL (Titular Promovido),MASCULINO,1,020101,ANCASH,HUARAZ,HUARAZ,12/01/2026
2025,12,09/01/2026,ANCASH,PENAL,FISCAL ADJUNTO PROVINCIAL,PROVISIONAL,FEMENINO,32,020101,ANCASH,HUARAZ,HUARAZ,12/01/2026
2025,12,09/01/2026,ANCASH,PENAL,FISCAL ADJUNTO PROVINCIAL,PROVISIONAL,MASCULINO,29,020101,ANCASH,HUARAZ,HUARAZ,12/01/2026
2025,12,09/01/2026,ANCASH,PENAL,FISCAL ADJUNTO PROVINCIAL,TITULAR,FEMENINO,32,020101,ANCASH,HUARAZ,HUARAZ,12/01/2026
2025,12,09/01/2026,ANCASH,PENAL,FISCAL ADJUNTO PROVINCIAL,TITULAR,MASCULINO,36,020101,ANCASH,HUARAZ,HUARAZ,12/01/2026
2025,12,09/01/2026,ANCASH,PENAL,FISCAL ADJUNTO SUPERIOR,PROVISIONAL (Titular Promovido),FEMENINO,1,020101,ANCASH,HUARAZ,HUARAZ,12/01/2026
2025,12,09/01/2026,ANCASH,PENAL,FISCAL ADJUNTO SUPERIOR,TITULAR,FEMENINO,2,020101,ANCASH,HUARAZ,HUARAZ,12/01/2026
2025,12,09/01/2026,ANCASH,PENAL,FISCAL ADJUNTO SUPERIOR,TITULAR,MASCULINO,4,020101,ANCASH,HUARAZ,HUARAZ,12/01/2026
2025,12,09/01/2026,ANCASH,PENAL,FISCAL PROVINCIAL,PROVISIONAL,FEMENINO,6,020101,ANCASH,HUARAZ,HUARAZ,12/01/2026
2025,12,09/01/2026,ANCASH,PENAL,FISCAL PROVINCIAL,PROVISIONAL,MASCULINO,5,020101,ANCASH,HUARAZ,HUARAZ,12/01/2026
2025,12,09/01/2026,ANCASH,PENAL,FISCAL PROVINCIAL,PROVISIONAL (Titular Promovido),FEMENINO,4,020101,ANCASH,HUARAZ,HUARAZ,12/01/2026
2025,12,09/01/2026,ANCASH,PENAL,FISCAL PROVINCIAL,PROVISIONAL (Titular Promovido),MASCULINO,2,020101,ANCASH,HUARAZ,HUARAZ,12/01/2026
2025,12,09/01/2026,ANCASH,PENAL,FISCAL PROVINCIAL,TITULAR,FEMENINO,8,020101,ANCASH,HUARAZ,HUARAZ,12/01/2026
2025,12,09/01/2026,ANCASH,PENAL,FISCAL PROVINCIAL,TITULAR,MASCULINO,33,020101,ANCASH,HUARAZ,HUARAZ,12/01/2026
2025,12,09/01/2026,ANCASH,PENAL,FISCAL SUPERIOR,TITULAR,FEMENINO,2,020101,ANCASH,HUARAZ,HUARAZ,12/01/2026
2025,12,09/01/2026,ANCASH,PENAL,FISCAL SUPERIOR,TITULAR,MASCULINO,1,020101,ANCASH,HUARAZ,HUARAZ,12/01/2026
2025,12,09/01/2026,ANCASH,PREVENCION DEL DELITO,FISCAL ADJUNTO PROVINCIAL,TITULAR,FEMENINO,2,020101,ANCASH,HUARAZ,HUARAZ,12/01/2026
2025,12,09/01/2026,ANCASH,PREVENCION DEL DELITO,FISCAL ADJUNTO PROVINCIAL,TITULAR,MASCULINO,1,020101,ANCASH,HUARAZ,HUARAZ,12/01/2026
2025,12,09/01/2026,ANCASH,PREVENCION DEL DELITO,FISCAL PROVINCIAL,TITULAR,MASCULINO,1,020101,ANCASH,HUARAZ,HUARAZ,12/01/2026
2025,12,09/01/2026,ANCASH,VIOLENCIA CONTRA LA MUJER E INTEGRANTES DEL GRUPO FAMILIAR,FISCAL ADJUNTO PROVINCIAL,PROVISIONAL,FEMENINO,12,020101,ANCASH,HUARAZ,HUARAZ,12/01/2026
2025,12,09/01/2026,ANCASH,VIOLENCIA CONTRA LA MUJER E INTEGRANTES DEL GRUPO FAMILIAR,FISCAL ADJUNTO PROVINCIAL,PROVISIONAL,MASCULINO,4,020101,ANCASH,HUARAZ,HUARAZ,12/01/2026
2025,12,09/01/2026,ANCASH,VIOLENCIA CONTRA LA MUJER E INTEGRANTES DEL GRUPO FAMILIAR,FISCAL PROVINCIAL,PROVISIONAL,MASCULINO,3,020101,ANCASH,HUARAZ,HUARAZ,12/01/2026
2025,12,09/01/2026,ANCASH,VIOLENCIA CONTRA LA MUJER E INTEGRANTES DEL GRUPO FAMILIAR,FISCAL PROVINCIAL,PROVISIONAL (Titular Promovido),FEMENINO,4,020101,ANCASH,HUARAZ,HUARAZ,12/01/2026
2025,12,09/01/2026,ANCASH,DERECHOS HUMANOS Y CONTRA EL TERRORISMO,FISCAL ADJUNTO PROVINCIAL,PROVISIONAL,MASCULINO,2,020101,ANCASH,HUARAZ,HUARAZ,12/01/2026
2025,12,09/01/2026,ANCASH,DERECHOS HUMANOS Y CONTRA EL TERRORISMO,FISCAL PROVINCIAL,PROVISIONAL (Titular Promovido),FEMENINO,1,020101,ANCASH,HUARAZ,HUARAZ,12/01/2026
2025,12,09/01/2026,APURIMAC,AUTORIDAD NACIONAL DE CONTROL,FISCAL ADJUNTO SUPERIOR,PROVISIONAL (Titular Promovido),FEMENINO,2,030101,APURIMAC,ABANCAY,ABANCAY,12/01/2026
2025,12,09/01/2026,APURIMAC,AUTORIDAD NACIONAL DE CONTROL,FISCAL PROVINCIAL,PROVISIONAL,MASCULINO,1,030101,APURIMAC,ABANCAY,ABANCAY,12/01/2026
2025,12,09/01/2026,APURIMAC,AUTORIDAD NACIONAL DE CONTROL,FISCAL SUPERIOR,PROVISIONAL (Titular Promovido),MASCULINO,1,030101,APURIMAC,ABANCAY,ABANCAY,12/01/2026
2025,12,09/01/2026,APURIMAC,CORRUPCION DE FUNCIONARIOS,FISCAL ADJUNTO PROVINCIAL,PROVISIONAL,FEMENINO,3,030101,APURIMAC,ABANCAY,ABANCAY,12/01/2026
2025,12,09/01/2026,APURIMAC,CORRUPCION DE FUNCIONARIOS,FISCAL ADJUNTO PROVINCIAL,PROVISIONAL,MASCULINO,4,030101,APURIMAC,ABANCAY,ABANCAY,12/01/2026
2025,12,09/01/2026,APURIMAC,CORRUPCION DE FUNCIONARIOS,FISCAL ADJUNTO SUPERIOR,TITULAR,MASCULINO,2,030101,APURIMAC,ABANCAY,ABANCAY,12/01/2026
2025,12,09/01/2026,APURIMAC,CORRUPCION DE FUNCIONARIOS,FISCAL PROVINCIAL,PROVISIONAL,FEMENINO,1,030101,APURIMAC,ABANCAY,ABANCAY,12/01/2026
2025,12,09/01/2026,APURIMAC,CORRUPCION DE FUNCIONARIOS,FISCAL PROVINCIAL,PROVISIONAL (Titular Promovido),MASCULINO,1,030101,APURIMAC,ABANCAY,ABANCAY,12/01/2026
2025,12,09/01/2026,APURIMAC,CORRUPCION DE FUNCIONARIOS,FISCAL PROVINCIAL,TITULAR,MASCULINO,1,030101,APURIMAC,ABANCAY,ABANCAY,12/01/2026
2025,12,09/01/2026,APURIMAC,CORRUPCION DE FUNCIONARIOS,FISCAL SUPERIOR,TITULAR,MASCULINO,1,030101,APURIMAC,ABANCAY,ABANCAY,12/01/2026
2025,12,09/01/2026,APURIMAC,CRIMEN ORGANIZADO,FISCAL ADJUNTO PROVINCIAL,PROVISIONAL,FEMENINO,1,030101,APURIMAC,ABANCAY,ABANCAY,12/01/2026
2025,12,09/01/2026,APURIMAC,CRIMEN ORGANIZADO,FISCAL ADJUNTO PROVINCIAL,PROVISIONAL,MASCULINO,3,030101,APURIMAC,ABANCAY,ABANCAY,12/01/2026
2025,12,09/01/2026,APURIMAC,CRIMEN ORGANIZADO,FISCAL PROVINCIAL,TITULAR,MASCULINO,2,030101,APURIMAC,ABANCAY,ABANCAY,12/01/2026
2025,12,09/01/2026,APURIMAC,EXTINCION DE DOMINIO,FISCAL ADJUNTO PROVINCIAL,PROVISIONAL,FEMENINO,1,030101,APURIMAC,ABANCAY,ABANCAY,12/01/2026
2025,12,09/01/2026,APURIMAC,EXTINCION DE DOMINIO,FISCAL ADJUNTO PROVINCIAL,PROVISIONAL,MASCULINO,1,030101,APURIMAC,ABANCAY,ABANCAY,12/01/2026
2025,12,09/01/2026,APURIMAC,EXTINCION DE DOMINIO,FISCAL PROVINCIAL,PROVISIONAL (Titular Promovido),FEMENINO,1,030101,APURIMAC,ABANCAY,ABANCAY,12/01/2026
2025,12,09/01/2026,APURIMAC,FAMILIA,FISCAL ADJUNTO PROVINCIAL,PROVISIONAL,FEMENINO,2,030101,APURIMAC,ABANCAY,ABANCAY,12/01/2026
2025,12,09/01/2026,APURIMAC,FAMILIA,FISCAL ADJUNTO PROVINCIAL,PROVISIONAL,MASCULINO,2,030101,APURIMAC,ABANCAY,ABANCAY,12/01/2026
2025,12,09/01/2026,APURIMAC,FAMILIA,FISCAL ADJUNTO PROVINCIAL,TITULAR,FEMENINO,1,030101,APURIMAC,ABANCAY,ABANCAY,12/01/2026
2025,12,09/01/2026,APURIMAC,FAMILIA,FISCAL ADJUNTO PROVINCIAL,TITULAR,MASCULINO,4,030101,APURIMAC,ABANCAY,ABANCAY,12/01/2026
2025,12,09/01/2026,APURIMAC,FAMILIA,FISCAL ADJUNTO SUPERIOR,TITULAR,FEMENINO,1,030101,APURIMAC,ABANCAY,ABANCAY,12/01/2026
2025,12,09/01/2026,APURIMAC,FAMILIA,FISCAL ADJUNTO SUPERIOR,TITULAR,MASCULINO,1,030101,APURIMAC,ABANCAY,ABANCAY,12/01/2026
2025,12,09/01/2026,APURIMAC,FAMILIA,FISCAL PROVINCIAL,PROVISIONAL,MASCULINO,1,030101,APURIMAC,ABANCAY,ABANCAY,12/01/2026
2025,12,09/01/2026,APURIMAC,FAMILIA,FISCAL PROVINCIAL,TITULAR,FEMENINO,5,030101,APURIMAC,ABANCAY,ABANCAY,12/01/2026
2025,12,09/01/2026,APURIMAC,FAMILIA,FISCAL PROVINCIAL,TITULAR,MASCULINO,3,030101,APURIMAC,ABANCAY,ABANCAY,12/01/2026
2025,12,09/01/2026,APURIMAC,FAMILIA,FISCAL SUPERIOR,TITULAR,MASCULINO,2,030101,APURIMAC,ABANCAY,ABANCAY,12/01/2026
2025,12,09/01/2026,APURIMAC,MATERIA AMBIENTAL,FISCAL ADJUNTO PROVINCIAL,PROVISIONAL,FEMENINO,1,030101,APURIMAC,ABANCAY,ABANCAY,12/01/2026
2025,12,09/01/2026,APURIMAC,MATERIA AMBIENTAL,FISCAL ADJUNTO PROVINCIAL,PROVISIONAL,MASCULINO,1,030101,APURIMAC,ABANCAY,ABANCAY,12/01/2026
2025,12,09/01/2026,APURIMAC,MATERIA AMBIENTAL,FISCAL PROVINCIAL,TITULAR,MASCULINO,1,030101,APURIMAC,ABANCAY,ABANCAY,12/01/2026
2025,12,09/01/2026,APURIMAC,MIXTA,FISCAL ADJUNTO PROVINCIAL,PROVISIONAL,FEMENINO,3,030101,APURIMAC,ABANCAY,ABANCAY,12/01/2026
2025,12,09/01/2026,APURIMAC,MIXTA,FISCAL ADJUNTO PROVINCIAL,PROVISIONAL,MASCULINO,1,030101,APURIMAC,ABANCAY,ABANCAY,12/01/2026
2025,12,09/01/2026,APURIMAC,MIXTA,FISCAL PROVINCIAL,PROVISIONAL (Titular Promovido),MASCULINO,1,030101,APURIMAC,ABANCAY,ABANCAY,12/01/2026
2025,12,09/01/2026,APURIMAC,MIXTA,FISCAL PROVINCIAL,TITULAR,MASCULINO,3,030101,APURIMAC,ABANCAY,ABANCAY,12/01/2026
2025,12,09/01/2026,APURIMAC,PENAL,FISCAL ADJUNTO PROVINCIAL,PROVISIONAL,FEMENINO,17,030101,APURIMAC,ABANCAY,ABANCAY,12/01/2026
2025,12,09/01/2026,APURIMAC,PENAL,FISCAL ADJUNTO PROVINCIAL,PROVISIONAL,MASCULINO,16,030101,APURIMAC,ABANCAY,ABANCAY,12/01/2026
2025,12,09/01/2026,APURIMAC,PENAL,FISCAL ADJUNTO PROVINCIAL,TITULAR,FEMENINO,2,030101,APURIMAC,ABANCAY,ABANCAY,12/01/2026
2025,12,09/01/2026,APURIMAC,PENAL,FISCAL ADJUNTO PROVINCIAL,TITULAR,MASCULINO,2,030101,APURIMAC,ABANCAY,ABANCAY,12/01/2026
2025,12,09/01/2026,APURIMAC,PENAL,FISCAL ADJUNTO SUPERIOR,PROVISIONAL (Titular Promovido),MASCULINO,1,030101,APURIMAC,ABANCAY,ABANCAY,12/01/2026
2025,12,09/01/2026,APURIMAC,PENAL,FISCAL ADJUNTO SUPERIOR,TITULAR,FEMENINO,4,030101,APURIMAC,ABANCAY,ABANCAY,12/01/2026
2025,12,09/01/2026,APURIMAC,PENAL,FISCAL ADJUNTO SUPERIOR,TITULAR,MASCULINO,1,030101,APURIMAC,ABANCAY,ABANCAY,12/01/2026
2025,12,09/01/2026,APURIMAC,PENAL,FISCAL PROVINCIAL,PROVISIONAL,FEMENINO,2,030101,APURIMAC,ABANCAY,ABANCAY,12/01/2026
2025,12,09/01/2026,APURIMAC,PENAL,FISCAL PROVINCIAL,PROVISIONAL,MASCULINO,1,030101,APURIMAC,ABANCAY,ABANCAY,12/01/2026
2025,12,09/01/2026,APURIMAC,PENAL,FISCAL PROVINCIAL,PROVISIONAL (Titular Promovido),FEMENINO,2,030101,APURIMAC,ABANCAY,ABANCAY,12/01/2026
2025,12,09/01/2026,APURIMAC,PENAL,FISCAL PROVINCIAL,TITULAR,FEMENINO,7,030101,APURIMAC,ABANCAY,ABANCAY,12/01/2026
2025,12,09/01/2026,APURIMAC,PENAL,FISCAL PROVINCIAL,TITULAR,MASCULINO,9,030101,APURIMAC,ABANCAY,ABANCAY,12/01/2026
2025,12,09/01/2026,APURIMAC,PENAL,FISCAL SUPERIOR,TITULAR,MASCULINO,4,030101,APURIMAC,ABANCAY,ABANCAY,12/01/2026
2025,12,09/01/2026,APURIMAC,POOL / EQUIPO DE APOYO FISCAL (SIN ESPECIALIDAD),FISCAL ADJUNTO PROVINCIAL,PROVISIONAL,FEMENINO,1,030101,APURIMAC,ABANCAY,ABANCAY,12/01/2026
2025,12,09/01/2026,APURIMAC,POOL / EQUIPO DE APOYO FISCAL (SIN ESPECIALIDAD),FISCAL ADJUNTO PROVINCIAL,PROVISIONAL,MASCULINO,1,030101,APURIMAC,ABANCAY,ABANCAY,12/01/2026
2025,12,09/01/2026,APURIMAC,PREVENCION DEL DELITO,FISCAL ADJUNTO PROVINCIAL,PROVISIONAL,FEMENINO,4,030101,APURIMAC,ABANCAY,ABANCAY,12/01/2026
2025,12,09/01/2026,APURIMAC,PREVENCION DEL DELITO,FISCAL PROVINCIAL,TITULAR,MASCULINO,1,030101,APURIMAC,ABANCAY,ABANCAY,12/01/2026
2025,12,09/01/2026,APURIMAC,TRAFICO ILICITO DE DROGAS,FISCAL ADJUNTO PROVINCIAL,PROVISIONAL,FEMENINO,1,030101,APURIMAC,ABANCAY,ABANCAY,12/01/2026
2025,12,09/01/2026,APURIMAC,TRAFICO ILICITO DE DROGAS,FISCAL ADJUNTO PROVINCIAL,PROVISIONAL,MASCULINO,2,030101,APURIMAC,ABANCAY,ABANCAY,12/01/2026
2025,12,09/01/2026,APURIMAC,TRAFICO ILICITO DE DROGAS,FISCAL PROVINCIAL,PROVISIONAL,MASCULINO,1,030101,APURIMAC,ABANCAY,ABANCAY,12/01/2026
2025,12,09/01/2026,APURIMAC,DERECHOS HUMANOS Y CONTRA EL TERRORISMO,FISCAL ADJUNTO PROVINCIAL,PROVISIONAL,FEMENINO,2,030101,APURIMAC,ABANCAY,ABANCAY,12/01/2026
2025,12,09/01/2026,APURIMAC,DERECHOS HUMANOS Y CONTRA EL TERRORISMO,FISCAL ADJUNTO PROVINCIAL,PROVISIONAL,MASCULINO,2,030101,APURIMAC,ABANCAY,ABANCAY,12/01/2026
2025,12,09/01/2026,APURIMAC,DERECHOS HUMANOS Y CONTRA EL TERRORISMO,FISCAL PROVINCIAL,PROVISIONAL,MASCULINO,1,030101,APURIMAC,ABANCAY,ABANCAY,12/01/2026
2025,12,09/01/2026,APURIMAC,DERECHOS HUMANOS Y CONTRA EL TERRORISMO,FISCAL PROVINCIAL,PROVISIONAL (Titular Promovido),MASCULINO,2,030101,APURIMAC,ABANCAY,ABANCAY,12/01/2026
2025,12,09/01/2026,AREQUIPA,AUTORIDAD NACIONAL DE CONTROL,FISCAL ADJUNTO SUPERIOR,PROVISIONAL (Titular Promovido),MASCULINO,2,040101,AREQUIPA,AREQUIPA,AREQUIPA,12/01/2026
2025,12,09/01/2026,AREQUIPA,CORRUPCION DE FUNCIONARIOS,FISCAL ADJUNTO PROVINCIAL,PROVISIONAL,FEMENINO,5,040101,AREQUIPA,AREQUIPA,AREQUIPA,12/01/2026
2025,12,09/01/2026,AREQUIPA,CORRUPCION DE FUNCIONARIOS,FISCAL ADJUNTO PROVINCIAL,PROVISIONAL,MASCULINO,1,040101,AREQUIPA,AREQUIPA,AREQUIPA,12/01/2026
2025,12,09/01/2026,AREQUIPA,CORRUPCION DE FUNCIONARIOS,FISCAL ADJUNTO PROVINCIAL,TITULAR,FEMENINO,3,040101,AREQUIPA,AREQUIPA,AREQUIPA,12/01/2026
2025,12,09/01/2026,AREQUIPA,CORRUPCION DE FUNCIONARIOS,FISCAL ADJUNTO PROVINCIAL,TITULAR,MASCULINO,2,040101,AREQUIPA,AREQUIPA,AREQUIPA,12/01/2026
2025,12,09/01/2026,AREQUIPA,CORRUPCION DE FUNCIONARIOS,FISCAL PROVINCIAL,TITULAR,FEMENINO,2,040101,AREQUIPA,AREQUIPA,AREQUIPA,12/01/2026
2025,12,09/01/2026,AREQUIPA,CORRUPCION DE FUNCIONARIOS,FISCAL PROVINCIAL,TITULAR,MASCULINO,2,040101,AREQUIPA,AREQUIPA,AREQUIPA,12/01/2026
2025,12,09/01/2026,AREQUIPA,CRIMEN ORGANIZADO,FISCAL ADJUNTO PROVINCIAL,PROVISIONAL,MASCULINO,2,040101,AREQUIPA,AREQUIPA,AREQUIPA,12/01/2026
2025,12,09/01/2026,AREQUIPA,CRIMEN ORGANIZADO,FISCAL ADJUNTO PROVINCIAL,TITULAR,FEMENINO,2,040101,AREQUIPA,AREQUIPA,AREQUIPA,12/01/2026
2025,12,09/01/2026,AREQUIPA,CRIMEN ORGANIZADO,FISCAL ADJUNTO PROVINCIAL,TITULAR,MASCULINO,1,040101,AREQUIPA,AREQUIPA,AREQUIPA,12/01/2026
2025,12,09/01/2026,AREQUIPA,CRIMEN ORGANIZADO,FISCAL PROVINCIAL,TITULAR,FEMENINO,2,040101,AREQUIPA,AREQUIPA,AREQUIPA,12/01/2026
2025,12,09/01/2026,AREQUIPA,DELITOS DE TRATA DE PERSONAS,FISCAL ADJUNTO PROVINCIAL,PROVISIONAL,MASCULINO,2,040101,AREQUIPA,AREQUIPA,AREQUIPA,12/01/2026
2025,12,09/01/2026,AREQUIPA,DELITOS DE TRATA DE PERSONAS,FISCAL PROVINCIAL,PROVISIONAL (Titular Promovido),FEMENINO,1,040101,AREQUIPA,AREQUIPA,AREQUIPA,12/01/2026
2025,12,09/01/2026,AREQUIPA,EXTINCION DE DOMINIO,FISCAL ADJUNTO PROVINCIAL,PROVISIONAL,FEMENINO,2,040101,AREQUIPA,AREQUIPA,AREQUIPA,12/01/2026
2025,12,09/01/2026,AREQUIPA,EXTINCION DE DOMINIO,FISCAL ADJUNTO SUPERIOR,PROVISIONAL,FEMENINO,1,040101,AREQUIPA,AREQUIPA,AREQUIPA,12/01/2026
2025,12,09/01/2026,AREQUIPA,EXTINCION DE DOMINIO,FISCAL ADJUNTO SUPERIOR,PROVISIONAL (Titular Promovido),FEMENINO,1,040101,AREQUIPA,AREQUIPA,AREQUIPA,12/01/2026
2025,12,09/01/2026,AREQUIPA,EXTINCION DE DOMINIO,FISCAL PROVINCIAL,PROVISIONAL (Titular Promovido),MASCULINO,1,040101,AREQUIPA,AREQUIPA,AREQUIPA,12/01/2026
2025,12,09/01/2026,AREQUIPA,EXTINCION DE DOMINIO,FISCAL SUPERIOR,PROVISIONAL (Titular Promovido),MASCULINO,1,040101,AREQUIPA,AREQUIPA,AREQUIPA,12/01/2026
2025,12,09/01/2026,AREQUIPA,FAMILIA,FISCAL ADJUNTO PROVINCIAL,PROVISIONAL,FEMENINO,4,040101,AREQUIPA,AREQUIPA,AREQUIPA,12/01/2026
2025,12,09/01/2026,AREQUIPA,FAMILIA,FISCAL ADJUNTO PROVINCIAL,PROVISIONAL,MASCULINO,3,040101,AREQUIPA,AREQUIPA,AREQUIPA,12/01/2026
2025,12,09/01/2026,AREQUIPA,FAMILIA,FISCAL ADJUNTO PROVINCIAL,TITULAR,FEMENINO,4,040101,AREQUIPA,AREQUIPA,AREQUIPA,12/01/2026
2025,12,09/01/2026,AREQUIPA,FAMILIA,FISCAL ADJUNTO PROVINCIAL,TITULAR,MASCULINO,1,040101,AREQUIPA,AREQUIPA,AREQUIPA,12/01/2026
2025,12,09/01/2026,AREQUIPA,FAMILIA,FISCAL ADJUNTO SUPERIOR,TITULAR,MASCULINO,2,040101,AREQUIPA,AREQUIPA,AREQUIPA,12/01/2026
2025,12,09/01/2026,AREQUIPA,FAMILIA,FISCAL PROVINCIAL,PROVISIONAL (Titular Promovido),FEMENINO,2,040101,AREQUIPA,AREQUIPA,AREQUIPA,12/01/2026
2025,12,09/01/2026,AREQUIPA,FAMILIA,FISCAL PROVINCIAL,PROVISIONAL (Titular Promovido),MASCULINO,1,040101,AREQUIPA,AREQUIPA,AREQUIPA,12/01/2026
2025,12,09/01/2026,AREQUIPA,FAMILIA,FISCAL PROVINCIAL,TITULAR,FEMENINO,5,040101,AREQUIPA,AREQUIPA,AREQUIPA,12/01/2026
2025,12,09/01/2026,AREQUIPA,FAMILIA,FISCAL PROVINCIAL,TITULAR,MASCULINO,2,040101,AREQUIPA,AREQUIPA,AREQUIPA,12/01/2026
2025,12,09/01/2026,AREQUIPA,FAMILIA,FISCAL SUPERIOR,TITULAR,FEMENINO,1,040101,AREQUIPA,AREQUIPA,AREQUIPA,12/01/2026
2025,12,09/01/2026,AREQUIPA,FAMILIA,FISCAL SUPERIOR,TITULAR,MASCULINO,1,040101,AREQUIPA,AREQUIPA,AREQUIPA,12/01/2026
2025,12,09/01/2026,AREQUIPA,LAVADO DE ACTIVOS,FISCAL ADJUNTO PROVINCIAL,PROVISIONAL,FEMENINO,1,040101,AREQUIPA,AREQUIPA,AREQUIPA,12/01/2026
2025,12,09/01/2026,AREQUIPA,LAVADO DE ACTIVOS,FISCAL ADJUNTO PROVINCIAL,TITULAR,FEMENINO,1,040101,AREQUIPA,AREQUIPA,AREQUIPA,12/01/2026
2025,12,09/01/2026,AREQUIPA,LAVADO DE ACTIVOS,FISCAL ADJUNTO PROVINCIAL,TITULAR,MASCULINO,2,040101,AREQUIPA,AREQUIPA,AREQUIPA,12/01/2026
2025,12,09/01/2026,AREQUIPA,LAVADO DE ACTIVOS,FISCAL PROVINCIAL,TITULAR,FEMENINO,2,040101,AREQUIPA,AREQUIPA,AREQUIPA,12/01/2026
2025,12,09/01/2026,AREQUIPA,MATERIA AMBIENTAL,FISCAL ADJUNTO PROVINCIAL,TITULAR,MASCULINO,1,040101,AREQUIPA,AREQUIPA,AREQUIPA,12/01/2026
2025,12,09/01/2026,AREQUIPA,MATERIA AMBIENTAL,FISCAL PROVINCIAL,TITULAR,FEMENINO,1,040101,AREQUIPA,AREQUIPA,AREQUIPA,12/01/2026
2025,12,09/01/2026,AREQUIPA,MIXTA,FISCAL ADJUNTO PROVINCIAL,PROVISIONAL,FEMENINO,4,040101,AREQUIPA,AREQUIPA,AREQUIPA,12/01/2026
2025,12,09/01/2026,AREQUIPA,MIXTA,FISCAL ADJUNTO PROVINCIAL,PROVISIONAL,MASCULINO,1,040101,AREQUIPA,AREQUIPA,AREQUIPA,12/01/2026
2025,12,09/01/2026,AREQUIPA,MIXTA,FISCAL ADJUNTO SUPERIOR,TITULAR,FEMENINO,1,040101,AREQUIPA,AREQUIPA,AREQUIPA,12/01/2026
2025,12,09/01/2026,AREQUIPA,MIXTA,FISCAL PROVINCIAL,PROVISIONAL (Titular Promovido),MASCULINO,1,040101,AREQUIPA,AREQUIPA,AREQUIPA,12/01/2026
2025,12,09/01/2026,AREQUIPA,MIXTA,FISCAL PROVINCIAL,TITULAR,FEMENINO,1,040101,AREQUIPA,AREQUIPA,AREQUIPA,12/01/2026
2025,12,09/01/2026,AREQUIPA,MIXTA,FISCAL PROVINCIAL,TITULAR,MASCULINO,1,040101,AREQUIPA,AREQUIPA,AREQUIPA,12/01/2026
2025,12,09/01/2026,AREQUIPA,MIXTA,FISCAL SUPERIOR,TITULAR,MASCULINO,1,040101,AREQUIPA,AREQUIPA,AREQUIPA,12/01/2026
2025,12,09/01/2026,AREQUIPA,PENAL,FISCAL ADJUNTO PROVINCIAL,PROVISIONAL,FEMENINO,29,040101,AREQUIPA,AREQUIPA,AREQUIPA,12/01/2026
2025,12,09/01/2026,AREQUIPA,PENAL,FISCAL ADJUNTO PROVINCIAL,PROVISIONAL,MASCULINO,23,040101,AREQUIPA,AREQUIPA,AREQUIPA,12/01/2026
2025,12,09/01/2026,AREQUIPA,PENAL,FISCAL ADJUNTO PROVINCIAL,TITULAR,FEMENINO,28,040101,AREQUIPA,AREQUIPA,AREQUIPA,12/01/2026
2025,12,09/01/2026,AREQUIPA,PENAL,FISCAL ADJUNTO PROVINCIAL,TITULAR,MASCULINO,19,040101,AREQUIPA,AREQUIPA,AREQUIPA,12/01/2026
2025,12,09/01/2026,AREQUIPA,PENAL,FISCAL ADJUNTO SUPERIOR,PROVISIONAL (Titular Promovido),FEMENINO,1,040101,AREQUIPA,AREQUIPA,AREQUIPA,12/01/2026
2025,12,09/01/2026,AREQUIPA,PENAL,FISCAL ADJUNTO SUPERIOR,PROVISIONAL (Titular Promovido),MASCULINO,5,040101,AREQUIPA,AREQUIPA,AREQUIPA,12/01/2026
2025,12,09/01/2026,AREQUIPA,PENAL,FISCAL ADJUNTO SUPERIOR,TITULAR,FEMENINO,2,040101,AREQUIPA,AREQUIPA,AREQUIPA,12/01/2026
2025,12,09/01/2026,AREQUIPA,PENAL,FISCAL ADJUNTO SUPERIOR,TITULAR,MASCULINO,1,040101,AREQUIPA,AREQUIPA,AREQUIPA,12/01/2026
2025,12,09/01/2026,AREQUIPA,PENAL,FISCAL PROVINCIAL,PROVISIONAL,FEMENINO,1,040101,AREQUIPA,AREQUIPA,AREQUIPA,12/01/2026
2025,12,09/01/2026,AREQUIPA,PENAL,FISCAL PROVINCIAL,PROVISIONAL,MASCULINO,2,040101,AREQUIPA,AREQUIPA,AREQUIPA,12/01/2026
2025,12,09/01/2026,AREQUIPA,PENAL,FISCAL PROVINCIAL,PROVISIONAL (Titular Promovido),FEMENINO,7,040101,AREQUIPA,AREQUIPA,AREQUIPA,12/01/2026
2025,12,09/01/2026,AREQUIPA,PENAL,FISCAL PROVINCIAL,PROVISIONAL (Titular Promovido),MASCULINO,4,040101,AREQUIPA,AREQUIPA,AREQUIPA,12/01/2026
2025,12,09/01/2026,AREQUIPA,PENAL,FISCAL PROVINCIAL,TITULAR,FEMENINO,13,040101,AREQUIPA,AREQUIPA,AREQUIPA,12/01/2026
2025,12,09/01/2026,AREQUIPA,PENAL,FISCAL PROVINCIAL,TITULAR,MASCULINO,26,040101,AREQUIPA,AREQUIPA,AREQUIPA,12/01/2026
2025,12,09/01/2026,AREQUIPA,PENAL,FISCAL SUPERIOR,TITULAR,FEMENINO,1,040101,AREQUIPA,AREQUIPA,AREQUIPA,12/01/2026
2025,12,09/01/2026,AREQUIPA,PENAL,FISCAL SUPERIOR,TITULAR,MASCULINO,4,040101,AREQUIPA,AREQUIPA,AREQUIPA,12/01/2026
2025,12,09/01/2026,AREQUIPA,PREVENCION DEL DELITO,FISCAL ADJUNTO PROVINCIAL,TITULAR,FEMENINO,2,040101,AREQUIPA,AREQUIPA,AREQUIPA,12/01/2026
2025,12,09/01/2026,AREQUIPA,PREVENCION DEL DELITO,FISCAL ADJUNTO PROVINCIAL,TITULAR,MASCULINO,1,040101,AREQUIPA,AREQUIPA,AREQUIPA,12/01/2026
2025,12,09/01/2026,AREQUIPA,PREVENCION DEL DELITO,FISCAL PROVINCIAL,TITULAR,FEMENINO,3,040101,AREQUIPA,AREQUIPA,AREQUIPA,12/01/2026
2025,12,09/01/2026,AREQUIPA,VIOLENCIA CONTRA LA MUJER E INTEGRANTES DEL GRUPO FAMILIAR,FISCAL ADJUNTO PROVINCIAL,PROVISIONAL,FEMENINO,30,040101,AREQUIPA,AREQUIPA,AREQUIPA,12/01/2026
2025,12,09/01/2026,AREQUIPA,VIOLENCIA CONTRA LA MUJER E INTEGRANTES DEL GRUPO FAMILIAR,FISCAL ADJUNTO PROVINCIAL,PROVISIONAL,MASCULINO,13,040101,AREQUIPA,AREQUIPA,AREQUIPA,12/01/2026
2025,12,09/01/2026,AREQUIPA,VIOLENCIA CONTRA LA MUJER E INTEGRANTES DEL GRUPO FAMILIAR,FISCAL ADJUNTO PROVINCIAL,TITULAR,FEMENINO,1,040101,AREQUIPA,AREQUIPA,AREQUIPA,12/01/2026
2025,12,09/01/2026,AREQUIPA,VIOLENCIA CONTRA LA MUJER E INTEGRANTES DEL GRUPO FAMILIAR,FISCAL ADJUNTO SUPERIOR,PROVISIONAL (Titular Promovido),FEMENINO,2,040101,AREQUIPA,AREQUIPA,AREQUIPA,12/01/2026
2025,12,09/01/2026,AREQUIPA,VIOLENCIA CONTRA LA MUJER E INTEGRANTES DEL GRUPO FAMILIAR,FISCAL PROVINCIAL,PROVISIONAL,FEMENINO,2,040101,AREQUIPA,AREQUIPA,AREQUIPA,12/01/2026
2025,12,09/01/2026,AREQUIPA,VIOLENCIA CONTRA LA MUJER E INTEGRANTES DEL GRUPO FAMILIAR,FISCAL PROVINCIAL,PROVISIONAL,MASCULINO,2,040101,AREQUIPA,AREQUIPA,AREQUIPA,12/01/2026
2025,12,09/01/2026,AREQUIPA,VIOLENCIA CONTRA LA MUJER E INTEGRANTES DEL GRUPO FAMILIAR,FISCAL PROVINCIAL,PROVISIONAL (Titular Promovido),FEMENINO,14,040101,AREQUIPA,AREQUIPA,AREQUIPA,12/01/2026
2025,12,09/01/2026,AREQUIPA,VIOLENCIA CONTRA LA MUJER E INTEGRANTES DEL GRUPO FAMILIAR,FISCAL PROVINCIAL,PROVISIONAL (Titular Promovido),MASCULINO,2,040101,AREQUIPA,AREQUIPA,AREQUIPA,12/01/2026
2025,12,09/01/2026,AREQUIPA,VIOLENCIA CONTRA LA MUJER E INTEGRANTES DEL GRUPO FAMILIAR,FISCAL PROVINCIAL,TITULAR,FEMENINO,3,040101,AREQUIPA,AREQUIPA,AREQUIPA,12/01/2026
2025,12,09/01/2026,AREQUIPA,VIOLENCIA CONTRA LA MUJER E INTEGRANTES DEL GRUPO FAMILIAR,FISCAL PROVINCIAL,TITULAR,MASCULINO,2,040101,AREQUIPA,AREQUIPA,AREQUIPA,12/01/2026
2025,12,09/01/2026,AREQUIPA,VIOLENCIA CONTRA LA MUJER E INTEGRANTES DEL GRUPO FAMILIAR,FISCAL SUPERIOR,PROVISIONAL (Titular Promovido),FEMENINO,1,040101,AREQUIPA,AREQUIPA,AREQUIPA,12/01/2026
2025,12,09/01/2026,AREQUIPA,CIBERDELINCUENCIA,FISCAL ADJUNTO PROVINCIAL,PROVISIONAL,FEMENINO,1,040101,AREQUIPA,AREQUIPA,AREQUIPA,12/01/2026
2025,12,09/01/2026,AREQUIPA,CIBERDELINCUENCIA,FISCAL PROVINCIAL,PROVISIONAL (Titular Promovido),MASCULINO,1,040101,AREQUIPA,AREQUIPA,AREQUIPA,12/01/2026
2025,12,09/01/2026,AREQUIPA,PENAL DE FLAGRANCIA DELICTIVA,FISCAL ADJUNTO PROVINCIAL,PROVISIONAL,FEMENINO,10,040101,AREQUIPA,AREQUIPA,AREQUIPA,12/01/2026
2025,12,09/01/2026,AREQUIPA,PENAL DE FLAGRANCIA DELICTIVA,FISCAL ADJUNTO PROVINCIAL,PROVISIONAL,MASCULINO,4,040101,AREQUIPA,AREQUIPA,AREQUIPA,12/01/2026
2025,12,09/01/2026,AREQUIPA,PENAL DE FLAGRANCIA DELICTIVA,FISCAL PROVINCIAL,PROVISIONAL,MASCULINO,1,040101,AREQUIPA,AREQUIPA,AREQUIPA,12/01/2026
2025,12,09/01/2026,AREQUIPA,PENAL DE FLAGRANCIA DELICTIVA,FISCAL PROVINCIAL,PROVISIONAL (Titular Promovido),FEMENINO,1,040101,AREQUIPA,AREQUIPA,AREQUIPA,12/01/2026
2025,12,09/01/2026,AREQUIPA,DERECHOS HUMANOS Y CONTRA EL TERRORISMO,FISCAL ADJUNTO PROVINCIAL,PROVISIONAL,FEMENINO,1,040101,AREQUIPA,AREQUIPA,AREQUIPA,12/01/2026
2025,12,09/01/2026,AREQUIPA,DERECHOS HUMANOS Y CONTRA EL TERRORISMO,FISCAL ADJUNTO PROVINCIAL,PROVISIONAL,MASCULINO,2,040101,AREQUIPA,AREQUIPA,AREQUIPA,12/01/2026
2025,12,09/01/2026,AREQUIPA,DERECHOS HUMANOS Y CONTRA EL TERRORISMO,FISCAL ADJUNTO PROVINCIAL,TITULAR,FEMENINO,1,040101,AREQUIPA,AREQUIPA,AREQUIPA,12/01/2026
2025,12,09/01/2026,AREQUIPA,DERECHOS HUMANOS Y CONTRA EL TERRORISMO,FISCAL PROVINCIAL,TITULAR,FEMENINO,1,040101,AREQUIPA,AREQUIPA,AREQUIPA,12/01/2026
2025,12,09/01/2026,AYACUCHO,AUTORIDAD NACIONAL DE CONTROL,FISCAL ADJUNTO PROVINCIAL,PROVISIONAL,FEMENINO,1,050110,AYACUCHO,HUAMANGA,SAN JUAN BAUTISTA,12/01/2026
2025,12,09/01/2026,AYACUCHO,AUTORIDAD NACIONAL DE CONTROL,FISCAL ADJUNTO SUPERIOR,PROVISIONAL (Titular Promovido),FEMENINO,1,050110,AYACUCHO,HUAMANGA,SAN JUAN BAUTISTA,12/01/2026
2025,12,09/01/2026,AYACUCHO,AUTORIDAD NACIONAL DE CONTROL,FISCAL ADJUNTO SUPERIOR,PROVISIONAL (Titular Promovido),MASCULINO,1,050110,AYACUCHO,HUAMANGA,SAN JUAN BAUTISTA,12/01/2026
2025,12,09/01/2026,AYACUCHO,AUTORIDAD NACIONAL DE CONTROL,FISCAL SUPERIOR,PROVISIONAL (Titular Promovido),MASCULINO,1,050110,AYACUCHO,HUAMANGA,SAN JUAN BAUTISTA,12/01/2026
2025,12,09/01/2026,AYACUCHO,CORRUPCION DE FUNCIONARIOS,FISCAL ADJUNTO PROVINCIAL,PROVISIONAL,FEMENINO,11,050110,AYACUCHO,HUAMANGA,SAN JUAN BAUTISTA,12/01/2026
2025,12,09/01/2026,AYACUCHO,CORRUPCION DE FUNCIONARIOS,FISCAL ADJUNTO PROVINCIAL,PROVISIONAL,MASCULINO,4,050110,AYACUCHO,HUAMANGA,SAN JUAN BAUTISTA,12/01/2026
2025,12,09/01/2026,AYACUCHO,CORRUPCION DE FUNCIONARIOS,FISCAL ADJUNTO PROVINCIAL,TITULAR,FEMENINO,2,050110,AYACUCHO,HUAMANGA,SAN JUAN BAUTISTA,12/01/2026
2025,12,09/01/2026,AYACUCHO,CORRUPCION DE FUNCIONARIOS,FISCAL ADJUNTO SUPERIOR,PROVISIONAL (Titular Promovido),FEMENINO,1,050110,AYACUCHO,HUAMANGA,SAN JUAN BAUTISTA,12/01/2026
2025,12,09/01/2026,AYACUCHO,CORRUPCION DE FUNCIONARIOS,FISCAL ADJUNTO SUPERIOR,TITULAR,FEMENINO,1,050110,AYACUCHO,HUAMANGA,SAN JUAN BAUTISTA,12/01/2026
2025,12,09/01/2026,AYACUCHO,CORRUPCION DE FUNCIONARIOS,FISCAL PROVINCIAL,PROVISIONAL,FEMENINO,1,050110,AYACUCHO,HUAMANGA,SAN JUAN BAUTISTA,12/01/2026
2025,12,09/01/2026,AYACUCHO,CORRUPCION DE FUNCIONARIOS,FISCAL PROVINCIAL,PROVISIONAL,MASCULINO,1,050110,AYACUCHO,HUAMANGA,SAN JUAN BAUTISTA,12/01/2026
2025,12,09/01/2026,AYACUCHO,CORRUPCION DE FUNCIONARIOS,FISCAL PROVINCIAL,TITULAR,FEMENINO,1,050110,AYACUCHO,HUAMANGA,SAN JUAN BAUTISTA,12/01/2026
2025,12,09/01/2026,AYACUCHO,CORRUPCION DE FUNCIONARIOS,FISCAL PROVINCIAL,TITULAR,MASCULINO,2,050110,AYACUCHO,HUAMANGA,SAN JUAN BAUTISTA,12/01/2026
2025,12,09/01/2026,AYACUCHO,CORRUPCION DE FUNCIONARIOS,FISCAL SUPERIOR,TITULAR,MASCULINO,1,050110,AYACUCHO,HUAMANGA,SAN JUAN BAUTISTA,12/01/2026
2025,12,09/01/2026,AYACUCHO,CRIMEN ORGANIZADO,FISCAL ADJUNTO PROVINCIAL,PROVISIONAL,FEMENINO,2,050110,AYACUCHO,HUAMANGA,SAN JUAN BAUTISTA,12/01/2026
2025,12,09/01/2026,AYACUCHO,CRIMEN ORGANIZADO,FISCAL ADJUNTO PROVINCIAL,PROVISIONAL,MASCULINO,3,050110,AYACUCHO,HUAMANGA,SAN JUAN BAUTISTA,12/01/2026
2025,12,09/01/2026,AYACUCHO,CRIMEN ORGANIZADO,FISCAL ADJUNTO PROVINCIAL,TITULAR,MASCULINO,1,050110,AYACUCHO,HUAMANGA,SAN JUAN BAUTISTA,12/01/2026
2025,12,09/01/2026,AYACUCHO,CRIMEN ORGANIZADO,FISCAL PROVINCIAL,TITULAR,FEMENINO,1,050110,AYACUCHO,HUAMANGA,SAN JUAN BAUTISTA,12/01/2026
2025,12,09/01/2026,AYACUCHO,CRIMEN ORGANIZADO,FISCAL PROVINCIAL,TITULAR,MASCULINO,1,050110,AYACUCHO,HUAMANGA,SAN JUAN BAUTISTA,12/01/2026
2025,12,09/01/2026,AYACUCHO,EXTINCION DE DOMINIO,FISCAL ADJUNTO PROVINCIAL,PROVISIONAL,FEMENINO,2,050110,AYACUCHO,HUAMANGA,SAN JUAN BAUTISTA,12/01/2026
2025,12,09/01/2026,AYACUCHO,EXTINCION DE DOMINIO,FISCAL PROVINCIAL,PROVISIONAL (Titular Promovido),FEMENINO,1,050110,AYACUCHO,HUAMANGA,SAN JUAN BAUTISTA,12/01/2026
2025,12,09/01/2026,AYACUCHO,FAMILIA,FISCAL ADJUNTO PROVINCIAL,PROVISIONAL,FEMENINO,3,050110,AYACUCHO,HUAMANGA,SAN JUAN BAUTISTA,12/01/2026
2025,12,09/01/2026,AYACUCHO,FAMILIA,FISCAL ADJUNTO PROVINCIAL,PROVISIONAL,MASCULINO,3,050110,AYACUCHO,HUAMANGA,SAN JUAN BAUTISTA,12/01/2026
2025,12,09/01/2026,AYACUCHO,FAMILIA,FISCAL ADJUNTO PROVINCIAL,TITULAR,FEMENINO,1,050110,AYACUCHO,HUAMANGA,SAN JUAN BAUTISTA,12/01/2026
2025,12,09/01/2026,AYACUCHO,FAMILIA,FISCAL ADJUNTO PROVINCIAL,TITULAR,MASCULINO,2,050110,AYACUCHO,HUAMANGA,SAN JUAN BAUTISTA,12/01/2026
2025,12,09/01/2026,AYACUCHO,FAMILIA,FISCAL ADJUNTO SUPERIOR,PROVISIONAL (Titular Promovido),FEMENINO,1,050110,AYACUCHO,HUAMANGA,SAN JUAN BAUTISTA,12/01/2026
2025,12,09/01/2026,AYACUCHO,FAMILIA,FISCAL PROVINCIAL,PROVISIONAL,FEMENINO,4,050110,AYACUCHO,HUAMANGA,SAN JUAN BAUTISTA,12/01/2026
2025,12,09/01/2026,AYACUCHO,FAMILIA,FISCAL PROVINCIAL,PROVISIONAL,MASCULINO,5,050110,AYACUCHO,HUAMANGA,SAN JUAN BAUTISTA,12/01/2026
2025,12,09/01/2026,AYACUCHO,FAMILIA,FISCAL PROVINCIAL,TITULAR,FEMENINO,2,050110,AYACUCHO,HUAMANGA,SAN JUAN BAUTISTA,12/01/2026
2025,12,09/01/2026,AYACUCHO,FAMILIA,FISCAL PROVINCIAL,TITULAR,MASCULINO,3,050110,AYACUCHO,HUAMANGA,SAN JUAN BAUTISTA,12/01/2026
2025,12,09/01/2026,AYACUCHO,FAMILIA,FISCAL SUPERIOR,TITULAR,FEMENINO,1,050110,AYACUCHO,HUAMANGA,SAN JUAN BAUTISTA,12/01/2026
2025,12,09/01/2026,AYACUCHO,MATERIA AMBIENTAL,FISCAL ADJUNTO PROVINCIAL,PROVISIONAL,FEMENINO,1,050110,AYACUCHO,HUAMANGA,SAN JUAN BAUTISTA,12/01/2026
2025,12,09/01/2026,AYACUCHO,MATERIA AMBIENTAL,FISCAL ADJUNTO PROVINCIAL,PROVISIONAL,MASCULINO,3,050110,AYACUCHO,HUAMANGA,SAN JUAN BAUTISTA,12/01/2026
2025,12,09/01/2026,AYACUCHO,MATERIA AMBIENTAL,FISCAL ADJUNTO PROVINCIAL,TITULAR,MASCULINO,1,050110,AYACUCHO,HUAMANGA,SAN JUAN BAUTISTA,12/01/2026
2025,12,09/01/2026,AYACUCHO,MATERIA AMBIENTAL,FISCAL PROVINCIAL,PROVISIONAL,FEMENINO,1,050110,AYACUCHO,HUAMANGA,SAN JUAN BAUTISTA,12/01/2026
2025,12,09/01/2026,AYACUCHO,MATERIA AMBIENTAL,FISCAL PROVINCIAL,PROVISIONAL,MASCULINO,1,050110,AYACUCHO,HUAMANGA,SAN JUAN BAUTISTA,12/01/2026
2025,12,09/01/2026,AYACUCHO,MATERIA AMBIENTAL,FISCAL PROVINCIAL,TITULAR,MASCULINO,1,050110,AYACUCHO,HUAMANGA,SAN JUAN BAUTISTA,12/01/2026
2025,12,09/01/2026,AYACUCHO,MIXTA,FISCAL ADJUNTO PROVINCIAL,PROVISIONAL,FEMENINO,3,050110,AYACUCHO,HUAMANGA,SAN JUAN BAUTISTA,12/01/2026
2025,12,09/01/2026,AYACUCHO,MIXTA,FISCAL ADJUNTO PROVINCIAL,PROVISIONAL,MASCULINO,5,050110,AYACUCHO,HUAMANGA,SAN JUAN BAUTISTA,12/01/2026
2025,12,09/01/2026,AYACUCHO,MIXTA,FISCAL ADJUNTO PROVINCIAL,TITULAR,FEMENINO,1,050110,AYACUCHO,HUAMANGA,SAN JUAN BAUTISTA,12/01/2026
2025,12,09/01/2026,AYACUCHO,MIXTA,FISCAL ADJUNTO SUPERIOR,PROVISIONAL,FEMENINO,2,050110,AYACUCHO,HUAMANGA,SAN JUAN BAUTISTA,12/01/2026
2025,12,09/01/2026,AYACUCHO,MIXTA,FISCAL ADJUNTO SUPERIOR,PROVISIONAL,MASCULINO,1,050110,AYACUCHO,HUAMANGA,SAN JUAN BAUTISTA,12/01/2026
2025,12,09/01/2026,AYACUCHO,MIXTA,FISCAL PROVINCIAL,PROVISIONAL,MASCULINO,3,050110,AYACUCHO,HUAMANGA,SAN JUAN BAUTISTA,12/01/2026
2025,12,09/01/2026,AYACUCHO,MIXTA,FISCAL SUPERIOR,PROVISIONAL,FEMENINO,1,050110,AYACUCHO,HUAMANGA,SAN JUAN BAUTISTA,12/01/2026
2025,12,09/01/2026,AYACUCHO,PENAL,FISCAL ADJUNTO PROVINCIAL,PROVISIONAL,FEMENINO,37,050110,AYACUCHO,HUAMANGA,SAN JUAN BAUTISTA,12/01/2026
2025,12,09/01/2026,AYACUCHO,PENAL,FISCAL ADJUNTO PROVINCIAL,PROVISIONAL,MASCULINO,35,050110,AYACUCHO,HUAMANGA,SAN JUAN BAUTISTA,12/01/2026
2025,12,09/01/2026,AYACUCHO,PENAL,FISCAL ADJUNTO PROVINCIAL,TITULAR,MASCULINO,1,050110,AYACUCHO,HUAMANGA,SAN JUAN BAUTISTA,12/01/2026
2025,12,09/01/2026,AYACUCHO,PENAL,FISCAL ADJUNTO SUPERIOR,PROVISIONAL,FEMENINO,2,050110,AYACUCHO,HUAMANGA,SAN JUAN BAUTISTA,12/01/2026
2025,12,09/01/2026,AYACUCHO,PENAL,FISCAL ADJUNTO SUPERIOR,PROVISIONAL,MASCULINO,3,050110,AYACUCHO,HUAMANGA,SAN JUAN BAUTISTA,12/01/2026
2025,12,09/01/2026,AYACUCHO,PENAL,FISCAL ADJUNTO SUPERIOR,PROVISIONAL (Titular Promovido),FEMENINO,3,050110,AYACUCHO,HUAMANGA,SAN JUAN BAUTISTA,12/01/2026
2025,12,09/01/2026,AYACUCHO,PENAL,FISCAL ADJUNTO SUPERIOR,PROVISIONAL (Titular Promovido),MASCULINO,2,050110,AYACUCHO,HUAMANGA,SAN JUAN BAUTISTA,12/01/2026
2025,12,09/01/2026,AYACUCHO,PENAL,FISCAL PROVINCIAL,PROVISIONAL,FEMENINO,9,050110,AYACUCHO,HUAMANGA,SAN JUAN BAUTISTA,12/01/2026
2025,12,09/01/2026,AYACUCHO,PENAL,FISCAL PROVINCIAL,PROVISIONAL,MASCULINO,15,050110,AYACUCHO,HUAMANGA,SAN JUAN BAUTISTA,12/01/2026
2025,12,09/01/2026,AYACUCHO,PENAL,FISCAL PROVINCIAL,PROVISIONAL (Titular Promovido),FEMENINO,1,050110,AYACUCHO,HUAMANGA,SAN JUAN BAUTISTA,12/01/2026
2025,12,09/01/2026,AYACUCHO,PENAL,FISCAL PROVINCIAL,PROVISIONAL (Titular Promovido),MASCULINO,5,050110,AYACUCHO,HUAMANGA,SAN JUAN BAUTISTA,12/01/2026
2025,12,09/01/2026,AYACUCHO,PENAL,FISCAL PROVINCIAL,TITULAR,FEMENINO,1,050110,AYACUCHO,HUAMANGA,SAN JUAN BAUTISTA,12/01/2026
2025,12,09/01/2026,AYACUCHO,PENAL,FISCAL PROVINCIAL,TITULAR,MASCULINO,7,050110,AYACUCHO,HUAMANGA,SAN JUAN BAUTISTA,12/01/2026
2025,12,09/01/2026,AYACUCHO,PENAL,FISCAL SUPERIOR,PROVISIONAL (Titular Promovido),MASCULINO,1,050110,AYACUCHO,HUAMANGA,SAN JUAN BAUTISTA,12/01/2026
2025,12,09/01/2026,AYACUCHO,PENAL,FISCAL SUPERIOR,TITULAR,MASCULINO,4,050110,AYACUCHO,HUAMANGA,SAN JUAN BAUTISTA,12/01/2026
2025,12,09/01/2026,AYACUCHO,PREVENCION DEL DELITO,FISCAL ADJUNTO PROVINCIAL,PROVISIONAL,FEMENINO,2,050110,AYACUCHO,HUAMANGA,SAN JUAN BAUTISTA,12/01/2026
2025,12,09/01/2026,AYACUCHO,PREVENCION DEL DELITO,FISCAL ADJUNTO PROVINCIAL,PROVISIONAL,MASCULINO,3,050110,AYACUCHO,HUAMANGA,SAN JUAN BAUTISTA,12/01/2026
2025,12,09/01/2026,AYACUCHO,PREVENCION DEL DELITO,FISCAL PROVINCIAL,PROVISIONAL,FEMENINO,1,050110,AYACUCHO,HUAMANGA,SAN JUAN BAUTISTA,12/01/2026
2025,12,09/01/2026,AYACUCHO,PREVENCION DEL DELITO,FISCAL PROVINCIAL,PROVISIONAL,MASCULINO,2,050110,AYACUCHO,HUAMANGA,SAN JUAN BAUTISTA,12/01/2026
2025,12,09/01/2026,AYACUCHO,PREVENCION DEL DELITO,FISCAL PROVINCIAL,TITULAR,FEMENINO,1,050110,AYACUCHO,HUAMANGA,SAN JUAN BAUTISTA,12/01/2026
2025,12,09/01/2026,AYACUCHO,TRAFICO ILICITO DE DROGAS,FISCAL ADJUNTO PROVINCIAL,PROVISIONAL,FEMENINO,3,050110,AYACUCHO,HUAMANGA,SAN JUAN BAUTISTA,12/01/2026
2025,12,09/01/2026,AYACUCHO,TRAFICO ILICITO DE DROGAS,FISCAL ADJUNTO PROVINCIAL,PROVISIONAL,MASCULINO,5,050110,AYACUCHO,HUAMANGA,SAN JUAN BAUTISTA,12/01/2026
2025,12,09/01/2026,AYACUCHO,TRAFICO ILICITO DE DROGAS,FISCAL PROVINCIAL,PROVISIONAL,FEMENINO,1,050110,AYACUCHO,HUAMANGA,SAN JUAN BAUTISTA,12/01/2026
2025,12,09/01/2026,AYACUCHO,TRAFICO ILICITO DE DROGAS,FISCAL PROVINCIAL,TITULAR,MASCULINO,1,050110,AYACUCHO,HUAMANGA,SAN JUAN BAUTISTA,12/01/2026
2025,12,09/01/2026,AYACUCHO,DERECHOS HUMANOS Y CONTRA EL TERRORISMO,FISCAL ADJUNTO PROVINCIAL,PROVISIONAL,FEMENINO,13,050110,AYACUCHO,HUAMANGA,SAN JUAN BAUTISTA,12/01/2026
2025,12,09/01/2026,AYACUCHO,DERECHOS HUMANOS Y CONTRA EL TERRORISMO,FISCAL ADJUNTO PROVINCIAL,PROVISIONAL,MASCULINO,4,050110,AYACUCHO,HUAMANGA,SAN JUAN BAUTISTA,12/01/2026
2025,12,09/01/2026,AYACUCHO,DERECHOS HUMANOS Y CONTRA EL TERRORISMO,FISCAL ADJUNTO PROVINCIAL,TITULAR,FEMENINO,1,050110,AYACUCHO,HUAMANGA,SAN JUAN BAUTISTA,12/01/2026
2025,12,09/01/2026,AYACUCHO,DERECHOS HUMANOS Y CONTRA EL TERRORISMO,FISCAL PROVINCIAL,PROVISIONAL,MASCULINO,2,050110,AYACUCHO,HUAMANGA,SAN JUAN BAUTISTA,12/01/2026
2025,12,09/01/2026,AYACUCHO,DERECHOS HUMANOS Y CONTRA EL TERRORISMO,FISCAL PROVINCIAL,PROVISIONAL (Titular Promovido),MASCULINO,2,050110,AYACUCHO,HUAMANGA,SAN JUAN BAUTISTA,12/01/2026
2025,12,09/01/2026,AYACUCHO,DERECHOS HUMANOS Y CONTRA EL TERRORISMO,FISCAL PROVINCIAL,TITULAR,FEMENINO,1,050110,AYACUCHO,HUAMANGA,SAN JUAN BAUTISTA,12/01/2026
2025,12,09/01/2026,CAJAMARCA,AUTORIDAD NACIONAL DE CONTROL,FISCAL ADJUNTO SUPERIOR,PROVISIONAL (Titular Promovido),FEMENINO,1,060101,CAJAMARCA,CAJAMARCA,CAJAMARCA,12/01/2026
2025,12,09/01/2026,CAJAMARCA,AUTORIDAD NACIONAL DE CONTROL,FISCAL ADJUNTO SUPERIOR,PROVISIONAL (Titular Promovido),MASCULINO,1,060101,CAJAMARCA,CAJAMARCA,CAJAMARCA,12/01/2026
2025,12,09/01/2026,CAJAMARCA,AUTORIDAD NACIONAL DE CONTROL,FISCAL SUPERIOR,PROVISIONAL (Titular Promovido),MASCULINO,1,060101,CAJAMARCA,CAJAMARCA,CAJAMARCA,12/01/2026
2025,12,09/01/2026,CAJAMARCA,CORRUPCION DE FUNCIONARIOS,FISCAL ADJUNTO PROVINCIAL,PROVISIONAL,FEMENINO,2,060101,CAJAMARCA,CAJAMARCA,CAJAMARCA,12/01/2026
2025,12,09/01/2026,CAJAMARCA,CORRUPCION DE FUNCIONARIOS,FISCAL ADJUNTO PROVINCIAL,PROVISIONAL,MASCULINO,2,060101,CAJAMARCA,CAJAMARCA,CAJAMARCA,12/01/2026
2025,12,09/01/2026,CAJAMARCA,CORRUPCION DE FUNCIONARIOS,FISCAL ADJUNTO PROVINCIAL,TITULAR,FEMENINO,5,060101,CAJAMARCA,CAJAMARCA,CAJAMARCA,12/01/2026
2025,12,09/01/2026,CAJAMARCA,CORRUPCION DE FUNCIONARIOS,FISCAL ADJUNTO PROVINCIAL,TITULAR,MASCULINO,1,060101,CAJAMARCA,CAJAMARCA,CAJAMARCA,12/01/2026
2025,12,09/01/2026,CAJAMARCA,CORRUPCION DE FUNCIONARIOS,FISCAL PROVINCIAL,TITULAR,FEMENINO,2,060101,CAJAMARCA,CAJAMARCA,CAJAMARCA,12/01/2026
2025,12,09/01/2026,CAJAMARCA,CRIMEN ORGANIZADO,FISCAL ADJUNTO PROVINCIAL,PROVISIONAL,MASCULINO,1,060101,CAJAMARCA,CAJAMARCA,CAJAMARCA,12/01/2026
2025,12,09/01/2026,CAJAMARCA,CRIMEN ORGANIZADO,FISCAL ADJUNTO PROVINCIAL,TITULAR,FEMENINO,1,060101,CAJAMARCA,CAJAMARCA,CAJAMARCA,12/01/2026
2025,12,09/01/2026,CAJAMARCA,CRIMEN ORGANIZADO,FISCAL PROVINCIAL,TITULAR,MASCULINO,1,060101,CAJAMARCA,CAJAMARCA,CAJAMARCA,12/01/2026
2025,12,09/01/2026,CAJAMARCA,EXTINCION DE DOMINIO,FISCAL ADJUNTO PROVINCIAL,PROVISIONAL,FEMENINO,1,060101,CAJAMARCA,CAJAMARCA,CAJAMARCA,12/01/2026
2025,12,09/01/2026,CAJAMARCA,EXTINCION DE DOMINIO,FISCAL ADJUNTO PROVINCIAL,PROVISIONAL,MASCULINO,1,060101,CAJAMARCA,CAJAMARCA,CAJAMARCA,12/01/2026
2025,12,09/01/2026,CAJAMARCA,EXTINCION DE DOMINIO,FISCAL PROVINCIAL,PROVISIONAL (Titular Promovido),FEMENINO,1,060101,CAJAMARCA,CAJAMARCA,CAJAMARCA,12/01/2026
2025,12,09/01/2026,CAJAMARCA,FAMILIA,FISCAL ADJUNTO PROVINCIAL,PROVISIONAL,FEMENINO,7,060101,CAJAMARCA,CAJAMARCA,CAJAMARCA,12/01/2026
2025,12,09/01/2026,CAJAMARCA,FAMILIA,FISCAL ADJUNTO PROVINCIAL,PROVISIONAL,MASCULINO,3,060101,CAJAMARCA,CAJAMARCA,CAJAMARCA,12/01/2026
2025,12,09/01/2026,CAJAMARCA,FAMILIA,FISCAL ADJUNTO PROVINCIAL,TITULAR,FEMENINO,9,060101,CAJAMARCA,CAJAMARCA,CAJAMARCA,12/01/2026
2025,12,09/01/2026,CAJAMARCA,FAMILIA,FISCAL ADJUNTO PROVINCIAL,TITULAR,MASCULINO,5,060101,CAJAMARCA,CAJAMARCA,CAJAMARCA,12/01/2026
2025,12,09/01/2026,CAJAMARCA,FAMILIA,FISCAL ADJUNTO SUPERIOR,TITULAR,MASCULINO,1,060101,CAJAMARCA,CAJAMARCA,CAJAMARCA,12/01/2026
2025,12,09/01/2026,CAJAMARCA,FAMILIA,FISCAL PROVINCIAL,PROVISIONAL (Titular Promovido),FEMENINO,2,060101,CAJAMARCA,CAJAMARCA,CAJAMARCA,12/01/2026
2025,12,09/01/2026,CAJAMARCA,FAMILIA,FISCAL PROVINCIAL,TITULAR,FEMENINO,2,060101,CAJAMARCA,CAJAMARCA,CAJAMARCA,12/01/2026
2025,12,09/01/2026,CAJAMARCA,FAMILIA,FISCAL PROVINCIAL,TITULAR,MASCULINO,8,060101,CAJAMARCA,CAJAMARCA,CAJAMARCA,12/01/2026
2025,12,09/01/2026,CAJAMARCA,FAMILIA,FISCAL SUPERIOR,TITULAR,MASCULINO,1,060101,CAJAMARCA,CAJAMARCA,CAJAMARCA,12/01/2026
2025,12,09/01/2026,CAJAMARCA,MATERIA AMBIENTAL,FISCAL ADJUNTO PROVINCIAL,PROVISIONAL,FEMENINO,2,060101,CAJAMARCA,CAJAMARCA,CAJAMARCA,12/01/2026
2025,12,09/01/2026,CAJAMARCA,MATERIA AMBIENTAL,FISCAL PROVINCIAL,PROVISIONAL (Titular Promovido),MASCULINO,1,060101,CAJAMARCA,CAJAMARCA,CAJAMARCA,12/01/2026
2025,12,09/01/2026,CAJAMARCA,MIXTA,FISCAL ADJUNTO PROVINCIAL,PROVISIONAL,FEMENINO,5,060101,CAJAMARCA,CAJAMARCA,CAJAMARCA,12/01/2026
2025,12,09/01/2026,CAJAMARCA,MIXTA,FISCAL ADJUNTO PROVINCIAL,PROVISIONAL,MASCULINO,6,060101,CAJAMARCA,CAJAMARCA,CAJAMARCA,12/01/2026
2025,12,09/01/2026,CAJAMARCA,MIXTA,FISCAL ADJUNTO PROVINCIAL,TITULAR,FEMENINO,4,060101,CAJAMARCA,CAJAMARCA,CAJAMARCA,12/01/2026
2025,12,09/01/2026,CAJAMARCA,MIXTA,FISCAL ADJUNTO PROVINCIAL,TITULAR,MASCULINO,6,060101,CAJAMARCA,CAJAMARCA,CAJAMARCA,12/01/2026
2025,12,09/01/2026,CAJAMARCA,MIXTA,FISCAL ADJUNTO SUPERIOR,PROVISIONAL (Titular Promovido),FEMENINO,1,060101,CAJAMARCA,CAJAMARCA,CAJAMARCA,12/01/2026
2025,12,09/01/2026,CAJAMARCA,MIXTA,FISCAL ADJUNTO SUPERIOR,TITULAR,MASCULINO,2,060101,CAJAMARCA,CAJAMARCA,CAJAMARCA,12/01/2026
2025,12,09/01/2026,CAJAMARCA,MIXTA,FISCAL PROVINCIAL,PROVISIONAL,MASCULINO,2,060101,CAJAMARCA,CAJAMARCA,CAJAMARCA,12/01/2026
2025,12,09/01/2026,CAJAMARCA,MIXTA,FISCAL PROVINCIAL,PROVISIONAL (Titular Promovido),MASCULINO,2,060101,CAJAMARCA,CAJAMARCA,CAJAMARCA,12/01/2026
2025,12,09/01/2026,CAJAMARCA,MIXTA,FISCAL PROVINCIAL,TITULAR,FEMENINO,1,060101,CAJAMARCA,CAJAMARCA,CAJAMARCA,12/01/2026
2025,12,09/01/2026,CAJAMARCA,MIXTA,FISCAL PROVINCIAL,TITULAR,MASCULINO,2,060101,CAJAMARCA,CAJAMARCA,CAJAMARCA,12/01/2026
2025,12,09/01/2026,CAJAMARCA,MIXTA,FISCAL SUPERIOR,PROVISIONAL (Titular Promovido),MASCULINO,1,060101,CAJAMARCA,CAJAMARCA,CAJAMARCA,12/01/2026
2025,12,09/01/2026,CAJAMARCA,PENAL,FISCAL ADJUNTO PROVINCIAL,PROVISIONAL,FEMENINO,15,060101,CAJAMARCA,CAJAMARCA,CAJAMARCA,12/01/2026
2025,12,09/01/2026,CAJAMARCA,PENAL,FISCAL ADJUNTO PROVINCIAL,PROVISIONAL,MASCULINO,9,060101,CAJAMARCA,CAJAMARCA,CAJAMARCA,12/01/2026
2025,12,09/01/2026,CAJAMARCA,PENAL,FISCAL ADJUNTO PROVINCIAL,TITULAR,FEMENINO,17,060101,CAJAMARCA,CAJAMARCA,CAJAMARCA,12/01/2026
2025,12,09/01/2026,CAJAMARCA,PENAL,FISCAL ADJUNTO PROVINCIAL,TITULAR,MASCULINO,26,060101,CAJAMARCA,CAJAMARCA,CAJAMARCA,12/01/2026
2025,12,09/01/2026,CAJAMARCA,PENAL,FISCAL ADJUNTO SUPERIOR,PROVISIONAL (Titular Promovido),MASCULINO,1,060101,CAJAMARCA,CAJAMARCA,CAJAMARCA,12/01/2026
2025,12,09/01/2026,CAJAMARCA,PENAL,FISCAL ADJUNTO SUPERIOR,TITULAR,FEMENINO,1,060101,CAJAMARCA,CAJAMARCA,CAJAMARCA,12/01/2026
2025,12,09/01/2026,CAJAMARCA,PENAL,FISCAL ADJUNTO SUPERIOR,TITULAR,MASCULINO,4,060101,CAJAMARCA,CAJAMARCA,CAJAMARCA,12/01/2026
2025,12,09/01/2026,CAJAMARCA,PENAL,FISCAL PROVINCIAL,PROVISIONAL,MASCULINO,1,060101,CAJAMARCA,CAJAMARCA,CAJAMARCA,12/01/2026
2025,12,09/01/2026,CAJAMARCA,PENAL,FISCAL PROVINCIAL,PROVISIONAL (Titular Promovido),MASCULINO,1,060101,CAJAMARCA,CAJAMARCA,CAJAMARCA,12/01/2026
2025,12,09/01/2026,CAJAMARCA,PENAL,FISCAL PROVINCIAL,TITULAR,FEMENINO,9,060101,CAJAMARCA,CAJAMARCA,CAJAMARCA,12/01/2026
2025,12,09/01/2026,CAJAMARCA,PENAL,FISCAL PROVINCIAL,TITULAR,MASCULINO,27,060101,CAJAMARCA,CAJAMARCA,CAJAMARCA,12/01/2026
2025,12,09/01/2026,CAJAMARCA,PENAL,FISCAL SUPERIOR,TITULAR,FEMENINO,1,060101,CAJAMARCA,CAJAMARCA,CAJAMARCA,12/01/2026
2025,12,09/01/2026,CAJAMARCA,PENAL,FISCAL SUPERIOR,TITULAR,MASCULINO,2,060101,CAJAMARCA,CAJAMARCA,CAJAMARCA,12/01/2026
2025,12,09/01/2026,CAJAMARCA,PREVENCION DEL DELITO,FISCAL ADJUNTO PROVINCIAL,TITULAR,FEMENINO,2,060101,CAJAMARCA,CAJAMARCA,CAJAMARCA,12/01/2026
2025,12,09/01/2026,CAJAMARCA,PREVENCION DEL DELITO,FISCAL ADJUNTO PROVINCIAL,TITULAR,MASCULINO,1,060101,CAJAMARCA,CAJAMARCA,CAJAMARCA,12/01/2026
2025,12,09/01/2026,CAJAMARCA,PREVENCION DEL DELITO,FISCAL PROVINCIAL,TITULAR,FEMENINO,2,060101,CAJAMARCA,CAJAMARCA,CAJAMARCA,12/01/2026
2025,12,09/01/2026,CAJAMARCA,VIOLENCIA CONTRA LA MUJER E INTEGRANTES DEL GRUPO FAMILIAR,FISCAL ADJUNTO PROVINCIAL,PROVISIONAL,FEMENINO,1,060101,CAJAMARCA,CAJAMARCA,CAJAMARCA,12/01/2026
2025,12,09/01/2026,CAJAMARCA,VIOLENCIA CONTRA LA MUJER E INTEGRANTES DEL GRUPO FAMILIAR,FISCAL ADJUNTO PROVINCIAL,TITULAR,FEMENINO,1,060101,CAJAMARCA,CAJAMARCA,CAJAMARCA,12/01/2026
2025,12,09/01/2026,CAJAMARCA,VIOLENCIA CONTRA LA MUJER E INTEGRANTES DEL GRUPO FAMILIAR,FISCAL PROVINCIAL,TITULAR,FEMENINO,2,060101,CAJAMARCA,CAJAMARCA,CAJAMARCA,12/01/2026
2025,12,09/01/2026,CAJAMARCA,VIOLENCIA CONTRA LA MUJER E INTEGRANTES DEL GRUPO FAMILIAR,FISCAL PROVINCIAL,TITULAR,MASCULINO,1,060101,CAJAMARCA,CAJAMARCA,CAJAMARCA,12/01/2026
2025,12,09/01/2026,CAJAMARCA,DERECHOS HUMANOS Y CONTRA EL TERRORISMO,FISCAL ADJUNTO PROVINCIAL,PROVISIONAL,FEMENINO,2,060101,CAJAMARCA,CAJAMARCA,CAJAMARCA,12/01/2026
2025,12,09/01/2026,CAJAMARCA,DERECHOS HUMANOS Y CONTRA EL TERRORISMO,FISCAL PROVINCIAL,TITULAR,MASCULINO,1,060101,CAJAMARCA,CAJAMARCA,CAJAMARCA,12/01/2026
2025,12,09/01/2026,CALLAO,AUTORIDAD NACIONAL DE CONTROL,FISCAL ADJUNTO PROVINCIAL,PROVISIONAL,FEMENINO,1,070101,CALLAO,CALLAO,CALLAO,12/01/2026
2025,12,09/01/2026,CALLAO,AUTORIDAD NACIONAL DE CONTROL,FISCAL ADJUNTO PROVINCIAL,TITULAR,FEMENINO,1,070101,CALLAO,CALLAO,CALLAO,12/01/2026
2025,12,09/01/2026,CALLAO,AUTORIDAD NACIONAL DE CONTROL,FISCAL ADJUNTO SUPERIOR,PROVISIONAL (Titular Promovido),FEMENINO,2,070101,CALLAO,CALLAO,CALLAO,12/01/2026
2025,12,09/01/2026,CALLAO,AUTORIDAD NACIONAL DE CONTROL,FISCAL SUPERIOR,TITULAR,FEMENINO,1,070101,CALLAO,CALLAO,CALLAO,12/01/2026
2025,12,09/01/2026,CALLAO,CORRUPCION DE FUNCIONARIOS,FISCAL ADJUNTO PROVINCIAL,PROVISIONAL,FEMENINO,5,070101,CALLAO,CALLAO,CALLAO,12/01/2026
2025,12,09/01/2026,CALLAO,CORRUPCION DE FUNCIONARIOS,FISCAL ADJUNTO PROVINCIAL,PROVISIONAL,MASCULINO,3,070101,CALLAO,CALLAO,CALLAO,12/01/2026
2025,12,09/01/2026,CALLAO,CORRUPCION DE FUNCIONARIOS,FISCAL ADJUNTO PROVINCIAL,TITULAR,MASCULINO,1,070101,CALLAO,CALLAO,CALLAO,12/01/2026
2025,12,09/01/2026,CALLAO,CORRUPCION DE FUNCIONARIOS,FISCAL ADJUNTO SUPERIOR,PROVISIONAL (Titular Promovido),FEMENINO,1,070101,CALLAO,CALLAO,CALLAO,12/01/2026
2025,12,09/01/2026,CALLAO,CORRUPCION DE FUNCIONARIOS,FISCAL ADJUNTO SUPERIOR,TITULAR,FEMENINO,1,070101,CALLAO,CALLAO,CALLAO,12/01/2026
2025,12,09/01/2026,CALLAO,CORRUPCION DE FUNCIONARIOS,FISCAL PROVINCIAL,PROVISIONAL,MASCULINO,1,070101,CALLAO,CALLAO,CALLAO,12/01/2026
2025,12,09/01/2026,CALLAO,CORRUPCION DE FUNCIONARIOS,FISCAL PROVINCIAL,PROVISIONAL (Titular Promovido),FEMENINO,1,070101,CALLAO,CALLAO,CALLAO,12/01/2026
2025,12,09/01/2026,CALLAO,CORRUPCION DE FUNCIONARIOS,FISCAL PROVINCIAL,PROVISIONAL (Titular Promovido),MASCULINO,1,070101,CALLAO,CALLAO,CALLAO,12/01/2026
2025,12,09/01/2026,CALLAO,CORRUPCION DE FUNCIONARIOS,FISCAL PROVINCIAL,TITULAR,MASCULINO,1,070101,CALLAO,CALLAO,CALLAO,12/01/2026
2025,12,09/01/2026,CALLAO,CORRUPCION DE FUNCIONARIOS,FISCAL SUPERIOR,TITULAR,FEMENINO,1,070101,CALLAO,CALLAO,CALLAO,12/01/2026
2025,12,09/01/2026,CALLAO,CRIMEN ORGANIZADO,FISCAL ADJUNTO PROVINCIAL,PROVISIONAL,FEMENINO,3,070101,CALLAO,CALLAO,CALLAO,12/01/2026
2025,12,09/01/2026,CALLAO,CRIMEN ORGANIZADO,FISCAL ADJUNTO PROVINCIAL,PROVISIONAL,MASCULINO,2,070101,CALLAO,CALLAO,CALLAO,12/01/2026
2025,12,09/01/2026,CALLAO,DELITOS ADUANEROS Y CONTRA LA PROPIEDAD INTELECTUAL,FISCAL ADJUNTO PROVINCIAL,PROVISIONAL,FEMENINO,3,070101,CALLAO,CALLAO,CALLAO,12/01/2026
2025,12,09/01/2026,CALLAO,DELITOS ADUANEROS Y CONTRA LA PROPIEDAD INTELECTUAL,FISCAL ADJUNTO PROVINCIAL,PROVISIONAL,MASCULINO,1,070101,CALLAO,CALLAO,CALLAO,12/01/2026
2025,12,09/01/2026,CALLAO,DELITOS ADUANEROS Y CONTRA LA PROPIEDAD INTELECTUAL,FISCAL ADJUNTO PROVINCIAL,TITULAR,FEMENINO,2,070101,CALLAO,CALLAO,CALLAO,12/01/2026
2025,12,09/01/2026,CALLAO,DELITOS ADUANEROS Y CONTRA LA PROPIEDAD INTELECTUAL,FISCAL PROVINCIAL,PROVISIONAL,FEMENINO,1,070101,CALLAO,CALLAO,CALLAO,12/01/2026
2025,12,09/01/2026,CALLAO,DELITOS ADUANEROS Y CONTRA LA PROPIEDAD INTELECTUAL,FISCAL PROVINCIAL,PROVISIONAL (Titular Promovido),MASCULINO,1,070101,CALLAO,CALLAO,CALLAO,12/01/2026
2025,12,09/01/2026,CALLAO,DELITOS ADUANEROS Y CONTRA LA PROPIEDAD INTELECTUAL,FISCAL PROVINCIAL,TITULAR,MASCULINO,1,070101,CALLAO,CALLAO,CALLAO,12/01/2026
2025,12,09/01/2026,CALLAO,DELITOS DE TRATA DE PERSONAS,FISCAL ADJUNTO PROVINCIAL,PROVISIONAL,FEMENINO,1,070101,CALLAO,CALLAO,CALLAO,12/01/2026
2025,12,09/01/2026,CALLAO,DELITOS DE TRATA DE PERSONAS,FISCAL PROVINCIAL,PROVISIONAL (Titular Promovido),FEMENINO,1,070101,CALLAO,CALLAO,CALLAO,12/01/2026
2025,12,09/01/2026,CALLAO,FAMILIA,FISCAL ADJUNTO PROVINCIAL,PROVISIONAL,FEMENINO,3,070101,CALLAO,CALLAO,CALLAO,12/01/2026
2025,12,09/01/2026,CALLAO,FAMILIA,FISCAL ADJUNTO PROVINCIAL,PROVISIONAL,MASCULINO,1,070101,CALLAO,CALLAO,CALLAO,12/01/2026
2025,12,09/01/2026,CALLAO,FAMILIA,FISCAL ADJUNTO PROVINCIAL,TITULAR,FEMENINO,1,070101,CALLAO,CALLAO,CALLAO,12/01/2026
2025,12,09/01/2026,CALLAO,FAMILIA,FISCAL ADJUNTO PROVINCIAL,TITULAR,MASCULINO,1,070101,CALLAO,CALLAO,CALLAO,12/01/2026
2025,12,09/01/2026,CALLAO,FAMILIA,FISCAL ADJUNTO SUPERIOR,TITULAR,MASCULINO,1,070101,CALLAO,CALLAO,CALLAO,12/01/2026
2025,12,09/01/2026,CALLAO,FAMILIA,FISCAL PROVINCIAL,PROVISIONAL (Titular Promovido),FEMENINO,1,070101,CALLAO,CALLAO,CALLAO,12/01/2026
2025,12,09/01/2026,CALLAO,FAMILIA,FISCAL PROVINCIAL,TITULAR,FEMENINO,3,070101,CALLAO,CALLAO,CALLAO,12/01/2026
2025,12,09/01/2026,CALLAO,FAMILIA,FISCAL PROVINCIAL,TITULAR,MASCULINO,1,070101,CALLAO,CALLAO,CALLAO,12/01/2026
2025,12,09/01/2026,CALLAO,FAMILIA,FISCAL SUPERIOR,TITULAR,FEMENINO,1,070101,CALLAO,CALLAO,CALLAO,12/01/2026
2025,12,09/01/2026,CALLAO,LAVADO DE ACTIVOS,FISCAL ADJUNTO PROVINCIAL,PROVISIONAL,FEMENINO,5,070101,CALLAO,CALLAO,CALLAO,12/01/2026
2025,12,09/01/2026,CALLAO,LAVADO DE ACTIVOS,FISCAL ADJUNTO PROVINCIAL,PROVISIONAL,MASCULINO,1,070101,CALLAO,CALLAO,CALLAO,12/01/2026
2025,12,09/01/2026,CALLAO,LAVADO DE ACTIVOS,FISCAL PROVINCIAL,PROVISIONAL,FEMENINO,1,070101,CALLAO,CALLAO,CALLAO,12/01/2026
2025,12,09/01/2026,CALLAO,LAVADO DE ACTIVOS,FISCAL PROVINCIAL,PROVISIONAL (Titular Promovido),MASCULINO,1,070101,CALLAO,CALLAO,CALLAO,12/01/2026
2025,12,09/01/2026,CALLAO,LAVADO DE ACTIVOS,FISCAL PROVINCIAL,TITULAR,FEMENINO,1,070101,CALLAO,CALLAO,CALLAO,12/01/2026
2025,12,09/01/2026,CALLAO,MATERIA AMBIENTAL,FISCAL ADJUNTO PROVINCIAL,PROVISIONAL,FEMENINO,1,070101,CALLAO,CALLAO,CALLAO,12/01/2026
2025,12,09/01/2026,CALLAO,MATERIA AMBIENTAL,FISCAL ADJUNTO PROVINCIAL,PROVISIONAL,MASCULINO,2,070101,CALLAO,CALLAO,CALLAO,12/01/2026
2025,12,09/01/2026,CALLAO,MATERIA AMBIENTAL,FISCAL PROVINCIAL,TITULAR,MASCULINO,1,070101,CALLAO,CALLAO,CALLAO,12/01/2026
2025,12,09/01/2026,CALLAO,PENAL,FISCAL ADJUNTO PROVINCIAL,PROVISIONAL,FEMENINO,75,070101,CALLAO,CALLAO,CALLAO,12/01/2026
2025,12,09/01/2026,CALLAO,PENAL,FISCAL ADJUNTO PROVINCIAL,PROVISIONAL,MASCULINO,27,070101,CALLAO,CALLAO,CALLAO,12/01/2026
2025,12,09/01/2026,CALLAO,PENAL,FISCAL ADJUNTO PROVINCIAL,TITULAR,FEMENINO,4,070101,CALLAO,CALLAO,CALLAO,12/01/2026
2025,12,09/01/2026,CALLAO,PENAL,FISCAL ADJUNTO PROVINCIAL,TITULAR,MASCULINO,3,070101,CALLAO,CALLAO,CALLAO,12/01/2026
2025,12,09/01/2026,CALLAO,PENAL,FISCAL ADJUNTO SUPERIOR,PROVISIONAL,FEMENINO,1,070101,CALLAO,CALLAO,CALLAO,12/01/2026
2025,12,09/01/2026,CALLAO,PENAL,FISCAL ADJUNTO SUPERIOR,PROVISIONAL (Titular Promovido),FEMENINO,3,070101,CALLAO,CALLAO,CALLAO,12/01/2026
2025,12,09/01/2026,CALLAO,PENAL,FISCAL ADJUNTO SUPERIOR,PROVISIONAL (Titular Promovido),MASCULINO,1,070101,CALLAO,CALLAO,CALLAO,12/01/2026
2025,12,09/01/2026,CALLAO,PENAL,FISCAL ADJUNTO SUPERIOR,TITULAR,FEMENINO,7,070101,CALLAO,CALLAO,CALLAO,12/01/2026
2025,12,09/01/2026,CALLAO,PENAL,FISCAL ADJUNTO SUPERIOR,TITULAR,MASCULINO,2,070101,CALLAO,CALLAO,CALLAO,12/01/2026
2025,12,09/01/2026,CALLAO,PENAL,FISCAL PROVINCIAL,PROVISIONAL,FEMENINO,13,070101,CALLAO,CALLAO,CALLAO,12/01/2026
2025,12,09/01/2026,CALLAO,PENAL,FISCAL PROVINCIAL,PROVISIONAL,MASCULINO,6,070101,CALLAO,CALLAO,CALLAO,12/01/2026
2025,12,09/01/2026,CALLAO,PENAL,FISCAL PROVINCIAL,PROVISIONAL (Titular Promovido),FEMENINO,11,070101,CALLAO,CALLAO,CALLAO,12/01/2026
2025,12,09/01/2026,CALLAO,PENAL,FISCAL PROVINCIAL,PROVISIONAL (Titular Promovido),MASCULINO,11,070101,CALLAO,CALLAO,CALLAO,12/01/2026
2025,12,09/01/2026,CALLAO,PENAL,FISCAL PROVINCIAL,TITULAR,FEMENINO,11,070101,CALLAO,CALLAO,CALLAO,12/01/2026
2025,12,09/01/2026,CALLAO,PENAL,FISCAL PROVINCIAL,TITULAR,MASCULINO,4,070101,CALLAO,CALLAO,CALLAO,12/01/2026
2025,12,09/01/2026,CALLAO,PENAL,FISCAL SUPERIOR,PROVISIONAL (Titular Promovido),FEMENINO,1,070101,CALLAO,CALLAO,CALLAO,12/01/2026
2025,12,09/01/2026,CALLAO,PENAL,FISCAL SUPERIOR,TITULAR,FEMENINO,3,070101,CALLAO,CALLAO,CALLAO,12/01/2026
2025,12,09/01/2026,CALLAO,PENAL,FISCAL SUPERIOR,TITULAR,MASCULINO,3,070101,CALLAO,CALLAO,CALLAO,12/01/2026
2025,12,09/01/2026,CALLAO,POOL / EQUIPO DE APOYO FISCAL (SIN ESPECIALIDAD),FISCAL ADJUNTO PROVINCIAL,PROVISIONAL,FEMENINO,9,070101,CALLAO,CALLAO,CALLAO,12/01/2026
2025,12,09/01/2026,CALLAO,POOL / EQUIPO DE APOYO FISCAL (SIN ESPECIALIDAD),FISCAL ADJUNTO PROVINCIAL,PROVISIONAL,MASCULINO,5,070101,CALLAO,CALLAO,CALLAO,12/01/2026
2025,12,09/01/2026,CALLAO,POOL / EQUIPO DE APOYO FISCAL (SIN ESPECIALIDAD),FISCAL ADJUNTO PROVINCIAL,TITULAR,MASCULINO,1,070101,CALLAO,CALLAO,CALLAO,12/01/2026
2025,12,09/01/2026,CALLAO,PREVENCION DEL DELITO,FISCAL ADJUNTO PROVINCIAL,PROVISIONAL,FEMENINO,3,070101,CALLAO,CALLAO,CALLAO,12/01/2026
2025,12,09/01/2026,CALLAO,PREVENCION DEL DELITO,FISCAL PROVINCIAL,TITULAR,MASCULINO,1,070101,CALLAO,CALLAO,CALLAO,12/01/2026
2025,12,09/01/2026,CALLAO,TRAFICO ILICITO DE DROGAS,FISCAL ADJUNTO PROVINCIAL,PROVISIONAL,FEMENINO,4,070101,CALLAO,CALLAO,CALLAO,12/01/2026
2025,12,09/01/2026,CALLAO,TRAFICO ILICITO DE DROGAS,FISCAL ADJUNTO PROVINCIAL,PROVISIONAL,MASCULINO,10,070101,CALLAO,CALLAO,CALLAO,12/01/2026
2025,12,09/01/2026,CALLAO,TRAFICO ILICITO DE DROGAS,FISCAL ADJUNTO PROVINCIAL,TITULAR,FEMENINO,1,070101,CALLAO,CALLAO,CALLAO,12/01/2026
2025,12,09/01/2026,CALLAO,TRAFICO ILICITO DE DROGAS,FISCAL ADJUNTO PROVINCIAL,TITULAR,MASCULINO,4,070101,CALLAO,CALLAO,CALLAO,12/01/2026
2025,12,09/01/2026,CALLAO,TRAFICO ILICITO DE DROGAS,FISCAL PROVINCIAL,PROVISIONAL (Titular Promovido),MASCULINO,1,070101,CALLAO,CALLAO,CALLAO,12/01/2026
2025,12,09/01/2026,CALLAO,TRAFICO ILICITO DE DROGAS,FISCAL PROVINCIAL,TITULAR,MASCULINO,5,070101,CALLAO,CALLAO,CALLAO,12/01/2026
2025,12,09/01/2026,CALLAO,TRANSITO Y SEGURIDAD VIAL,FISCAL ADJUNTO PROVINCIAL,PROVISIONAL,FEMENINO,4,070101,CALLAO,CALLAO,CALLAO,12/01/2026
2025,12,09/01/2026,CALLAO,TRANSITO Y SEGURIDAD VIAL,FISCAL ADJUNTO PROVINCIAL,PROVISIONAL,MASCULINO,4,070101,CALLAO,CALLAO,CALLAO,12/01/2026
2025,12,09/01/2026,CALLAO,TRANSITO Y SEGURIDAD VIAL,FISCAL PROVINCIAL,PROVISIONAL,FEMENINO,2,070101,CALLAO,CALLAO,CALLAO,12/01/2026
2025,12,09/01/2026,CALLAO,TRANSITO Y SEGURIDAD VIAL,FISCAL PROVINCIAL,PROVISIONAL,MASCULINO,1,070101,CALLAO,CALLAO,CALLAO,12/01/2026
2025,12,09/01/2026,CALLAO,TRANSITO Y SEGURIDAD VIAL,FISCAL PROVINCIAL,PROVISIONAL (Titular Promovido),MASCULINO,1,070101,CALLAO,CALLAO,CALLAO,12/01/2026
2025,12,09/01/2026,CALLAO,VIOLENCIA CONTRA LA MUJER E INTEGRANTES DEL GRUPO FAMILIAR,FISCAL ADJUNTO PROVINCIAL,PROVISIONAL,FEMENINO,12,070101,CALLAO,CALLAO,CALLAO,12/01/2026
2025,12,09/01/2026,CALLAO,VIOLENCIA CONTRA LA MUJER E INTEGRANTES DEL GRUPO FAMILIAR,FISCAL ADJUNTO PROVINCIAL,PROVISIONAL,MASCULINO,7,070101,CALLAO,CALLAO,CALLAO,12/01/2026
2025,12,09/01/2026,CALLAO,VIOLENCIA CONTRA LA MUJER E INTEGRANTES DEL GRUPO FAMILIAR,FISCAL PROVINCIAL,PROVISIONAL,FEMENINO,3,070101,CALLAO,CALLAO,CALLAO,12/01/2026
2025,12,09/01/2026,CALLAO,VIOLENCIA CONTRA LA MUJER E INTEGRANTES DEL GRUPO FAMILIAR,FISCAL PROVINCIAL,PROVISIONAL,MASCULINO,2,070101,CALLAO,CALLAO,CALLAO,12/01/2026
2025,12,09/01/2026,CALLAO,VIOLENCIA CONTRA LA MUJER E INTEGRANTES DEL GRUPO FAMILIAR,FISCAL PROVINCIAL,PROVISIONAL (Titular Promovido),FEMENINO,3,070101,CALLAO,CALLAO,CALLAO,12/01/2026
2025,12,09/01/2026,CALLAO,VIOLENCIA CONTRA LA MUJER E INTEGRANTES DEL GRUPO FAMILIAR,FISCAL PROVINCIAL,PROVISIONAL (Titular Promovido),MASCULINO,1,070101,CALLAO,CALLAO,CALLAO,12/01/2026
2025,12,09/01/2026,CALLAO,PENAL DE FLAGRANCIA DELICTIVA,FISCAL ADJUNTO PROVINCIAL,PROVISIONAL,FEMENINO,13,070101,CALLAO,CALLAO,CALLAO,12/01/2026
2025,12,09/01/2026,CALLAO,PENAL DE FLAGRANCIA DELICTIVA,FISCAL PROVINCIAL,PROVISIONAL,FEMENINO,2,070101,CALLAO,CALLAO,CALLAO,12/01/2026
2025,12,09/01/2026,CALLAO,PENAL DE FLAGRANCIA DELICTIVA,FISCAL PROVINCIAL,PROVISIONAL (Titular Promovido),MASCULINO,1,070101,CALLAO,CALLAO,CALLAO,12/01/2026
2025,12,09/01/2026,CAÑETE,AUTORIDAD NACIONAL DE CONTROL,FISCAL ADJUNTO SUPERIOR,PROVISIONAL (Titular Promovido),FEMENINO,1,150501,LIMA,CAÑETE,SAN VICENTE DE CAÑETE,12/01/2026
2025,12,09/01/2026,CAÑETE,AUTORIDAD NACIONAL DE CONTROL,FISCAL ADJUNTO SUPERIOR,PROVISIONAL (Titular Promovido),MASCULINO,1,150501,LIMA,CAÑETE,SAN VICENTE DE CAÑETE,12/01/2026
2025,12,09/01/2026,CAÑETE,AUTORIDAD NACIONAL DE CONTROL,FISCAL SUPERIOR,PROVISIONAL (Titular Promovido),MASCULINO,1,150501,LIMA,CAÑETE,SAN VICENTE DE CAÑETE,12/01/2026
2025,12,09/01/2026,CAÑETE,CORRUPCION DE FUNCIONARIOS,FISCAL ADJUNTO PROVINCIAL,PROVISIONAL,FEMENINO,2,150501,LIMA,CAÑETE,SAN VICENTE DE CAÑETE,12/01/2026
2025,12,09/01/2026,CAÑETE,CORRUPCION DE FUNCIONARIOS,FISCAL ADJUNTO PROVINCIAL,PROVISIONAL,MASCULINO,4,150501,LIMA,CAÑETE,SAN VICENTE DE CAÑETE,12/01/2026
2025,12,09/01/2026,CAÑETE,CORRUPCION DE FUNCIONARIOS,FISCAL PROVINCIAL,PROVISIONAL,FEMENINO,1,150501,LIMA,CAÑETE,SAN VICENTE DE CAÑETE,12/01/2026
2025,12,09/01/2026,CAÑETE,FAMILIA,FISCAL ADJUNTO PROVINCIAL,PROVISIONAL,FEMENINO,5,150501,LIMA,CAÑETE,SAN VICENTE DE CAÑETE,12/01/2026
2025,12,09/01/2026,CAÑETE,FAMILIA,FISCAL ADJUNTO SUPERIOR,PROVISIONAL (Titular Promovido),FEMENINO,1,150501,LIMA,CAÑETE,SAN VICENTE DE CAÑETE,12/01/2026
2025,12,09/01/2026,CAÑETE,FAMILIA,FISCAL PROVINCIAL,PROVISIONAL,FEMENINO,2,150501,LIMA,CAÑETE,SAN VICENTE DE CAÑETE,12/01/2026
2025,12,09/01/2026,CAÑETE,FAMILIA,FISCAL PROVINCIAL,TITULAR,FEMENINO,1,150501,LIMA,CAÑETE,SAN VICENTE DE CAÑETE,12/01/2026
2025,12,09/01/2026,CAÑETE,FAMILIA,FISCAL PROVINCIAL,TITULAR,MASCULINO,1,150501,LIMA,CAÑETE,SAN VICENTE DE CAÑETE,12/01/2026
2025,12,09/01/2026,CAÑETE,FAMILIA,FISCAL SUPERIOR,TITULAR,MASCULINO,1,150501,LIMA,CAÑETE,SAN VICENTE DE CAÑETE,12/01/2026
2025,12,09/01/2026,CAÑETE,PENAL,FISCAL ADJUNTO PROVINCIAL,PROVISIONAL,FEMENINO,10,150501,LIMA,CAÑETE,SAN VICENTE DE CAÑETE,12/01/2026
2025,12,09/01/2026,CAÑETE,PENAL,FISCAL ADJUNTO PROVINCIAL,PROVISIONAL,MASCULINO,6,150501,LIMA,CAÑETE,SAN VICENTE DE CAÑETE,12/01/2026
2025,12,09/01/2026,CAÑETE,PENAL,FISCAL ADJUNTO PROVINCIAL,TITULAR,FEMENINO,4,150501,LIMA,CAÑETE,SAN VICENTE DE CAÑETE,12/01/2026
2025,12,09/01/2026,CAÑETE,PENAL,FISCAL ADJUNTO PROVINCIAL,TITULAR,MASCULINO,5,150501,LIMA,CAÑETE,SAN VICENTE DE CAÑETE,12/01/2026
2025,12,09/01/2026,CAÑETE,PENAL,FISCAL ADJUNTO SUPERIOR,PROVISIONAL (Titular Promovido),MASCULINO,1,150501,LIMA,CAÑETE,SAN VICENTE DE CAÑETE,12/01/2026
2025,12,09/01/2026,CAÑETE,PENAL,FISCAL ADJUNTO SUPERIOR,TITULAR,MASCULINO,3,150501,LIMA,CAÑETE,SAN VICENTE DE CAÑETE,12/01/2026
2025,12,09/01/2026,CAÑETE,PENAL,FISCAL PROVINCIAL,PROVISIONAL,MASCULINO,1,150501,LIMA,CAÑETE,SAN VICENTE DE CAÑETE,12/01/2026
2025,12,09/01/2026,CAÑETE,PENAL,FISCAL PROVINCIAL,PROVISIONAL (Titular Promovido),MASCULINO,4,150501,LIMA,CAÑETE,SAN VICENTE DE CAÑETE,12/01/2026
2025,12,09/01/2026,CAÑETE,PENAL,FISCAL PROVINCIAL,TITULAR,FEMENINO,2,150501,LIMA,CAÑETE,SAN VICENTE DE CAÑETE,12/01/2026
2025,12,09/01/2026,CAÑETE,PENAL,FISCAL PROVINCIAL,TITULAR,MASCULINO,6,150501,LIMA,CAÑETE,SAN VICENTE DE CAÑETE,12/01/2026
2025,12,09/01/2026,CAÑETE,PENAL,FISCAL SUPERIOR,PROVISIONAL (Titular Promovido),FEMENINO,1,150501,LIMA,CAÑETE,SAN VICENTE DE CAÑETE,12/01/2026
2025,12,09/01/2026,CAÑETE,PENAL,FISCAL SUPERIOR,TITULAR,MASCULINO,1,150501,LIMA,CAÑETE,SAN VICENTE DE CAÑETE,12/01/2026
2025,12,09/01/2026,CAÑETE,PREVENCION DEL DELITO,FISCAL ADJUNTO PROVINCIAL,PROVISIONAL,FEMENINO,2,150501,LIMA,CAÑETE,SAN VICENTE DE CAÑETE,12/01/2026
2025,12,09/01/2026,CAÑETE,PREVENCION DEL DELITO,FISCAL ADJUNTO PROVINCIAL,PROVISIONAL,MASCULINO,2,150501,LIMA,CAÑETE,SAN VICENTE DE CAÑETE,12/01/2026
2025,12,09/01/2026,CAÑETE,PREVENCION DEL DELITO,FISCAL PROVINCIAL,PROVISIONAL (Titular Promovido),MASCULINO,2,150501,LIMA,CAÑETE,SAN VICENTE DE CAÑETE,12/01/2026
2025,12,09/01/2026,CUSCO,AUTORIDAD NACIONAL DE CONTROL,FISCAL ADJUNTO SUPERIOR,PROVISIONAL (Titular Promovido),MASCULINO,2,080108,CUSCO,CUSCO,WANCHAQ,12/01/2026
2025,12,09/01/2026,CUSCO,AUTORIDAD NACIONAL DE CONTROL,FISCAL SUPERIOR,PROVISIONAL (Titular Promovido),MASCULINO,1,080108,CUSCO,CUSCO,WANCHAQ,12/01/2026
2025,12,09/01/2026,CUSCO,CORRUPCION DE FUNCIONARIOS,FISCAL ADJUNTO PROVINCIAL,PROVISIONAL,FEMENINO,7,080108,CUSCO,CUSCO,WANCHAQ,12/01/2026
2025,12,09/01/2026,CUSCO,CORRUPCION DE FUNCIONARIOS,FISCAL ADJUNTO PROVINCIAL,PROVISIONAL,MASCULINO,9,080108,CUSCO,CUSCO,WANCHAQ,12/01/2026
2025,12,09/01/2026,CUSCO,CORRUPCION DE FUNCIONARIOS,FISCAL ADJUNTO PROVINCIAL,TITULAR,FEMENINO,2,080108,CUSCO,CUSCO,WANCHAQ,12/01/2026
2025,12,09/01/2026,CUSCO,CORRUPCION DE FUNCIONARIOS,FISCAL ADJUNTO PROVINCIAL,TITULAR,MASCULINO,1,080108,CUSCO,CUSCO,WANCHAQ,12/01/2026
2025,12,09/01/2026,CUSCO,CORRUPCION DE FUNCIONARIOS,FISCAL PROVINCIAL,PROVISIONAL,MASCULINO,1,080108,CUSCO,CUSCO,WANCHAQ,12/01/2026
2025,12,09/01/2026,CUSCO,CORRUPCION DE FUNCIONARIOS,FISCAL PROVINCIAL,PROVISIONAL (Titular Promovido),MASCULINO,2,080108,CUSCO,CUSCO,WANCHAQ,12/01/2026
2025,12,09/01/2026,CUSCO,CORRUPCION DE FUNCIONARIOS,FISCAL PROVINCIAL,TITULAR,FEMENINO,2,080108,CUSCO,CUSCO,WANCHAQ,12/01/2026
2025,12,09/01/2026,CUSCO,CRIMEN ORGANIZADO,FISCAL ADJUNTO PROVINCIAL,TITULAR,FEMENINO,1,080108,CUSCO,CUSCO,WANCHAQ,12/01/2026
2025,12,09/01/2026,CUSCO,CRIMEN ORGANIZADO,FISCAL ADJUNTO PROVINCIAL,TITULAR,MASCULINO,1,080108,CUSCO,CUSCO,WANCHAQ,12/01/2026
2025,12,09/01/2026,CUSCO,CRIMEN ORGANIZADO,FISCAL PROVINCIAL,PROVISIONAL (Titular Promovido),MASCULINO,1,080108,CUSCO,CUSCO,WANCHAQ,12/01/2026
2025,12,09/01/2026,CUSCO,DELITOS DE TRATA DE PERSONAS,FISCAL ADJUNTO PROVINCIAL,PROVISIONAL,FEMENINO,1,080108,CUSCO,CUSCO,WANCHAQ,12/01/2026
2025,12,09/01/2026,CUSCO,DELITOS DE TRATA DE PERSONAS,FISCAL ADJUNTO PROVINCIAL,PROVISIONAL,MASCULINO,1,080108,CUSCO,CUSCO,WANCHAQ,12/01/2026
2025,12,09/01/2026,CUSCO,DELITOS DE TRATA DE PERSONAS,FISCAL PROVINCIAL,TITULAR,FEMENINO,1,080108,CUSCO,CUSCO,WANCHAQ,12/01/2026
2025,12,09/01/2026,CUSCO,EXTINCION DE DOMINIO,FISCAL ADJUNTO PROVINCIAL,PROVISIONAL,FEMENINO,2,080108,CUSCO,CUSCO,WANCHAQ,12/01/2026
2025,12,09/01/2026,CUSCO,EXTINCION DE DOMINIO,FISCAL PROVINCIAL,PROVISIONAL (Titular Promovido),MASCULINO,1,080108,CUSCO,CUSCO,WANCHAQ,12/01/2026
2025,12,09/01/2026,CUSCO,FAMILIA,FISCAL ADJUNTO PROVINCIAL,PROVISIONAL,FEMENINO,9,080108,CUSCO,CUSCO,WANCHAQ,12/01/2026
2025,12,09/01/2026,CUSCO,FAMILIA,FISCAL ADJUNTO PROVINCIAL,PROVISIONAL,MASCULINO,3,080108,CUSCO,CUSCO,WANCHAQ,12/01/2026
2025,12,09/01/2026,CUSCO,FAMILIA,FISCAL ADJUNTO PROVINCIAL,TITULAR,FEMENINO,2,080108,CUSCO,CUSCO,WANCHAQ,12/01/2026
2025,12,09/01/2026,CUSCO,FAMILIA,FISCAL ADJUNTO PROVINCIAL,TITULAR,MASCULINO,2,080108,CUSCO,CUSCO,WANCHAQ,12/01/2026
2025,12,09/01/2026,CUSCO,FAMILIA,FISCAL ADJUNTO SUPERIOR,PROVISIONAL (Titular Promovido),MASCULINO,1,080108,CUSCO,CUSCO,WANCHAQ,12/01/2026
2025,12,09/01/2026,CUSCO,FAMILIA,FISCAL PROVINCIAL,PROVISIONAL (Titular Promovido),FEMENINO,1,080108,CUSCO,CUSCO,WANCHAQ,12/01/2026
2025,12,09/01/2026,CUSCO,FAMILIA,FISCAL PROVINCIAL,PROVISIONAL (Titular Promovido),MASCULINO,1,080108,CUSCO,CUSCO,WANCHAQ,12/01/2026
2025,12,09/01/2026,CUSCO,FAMILIA,FISCAL PROVINCIAL,TITULAR,FEMENINO,7,080108,CUSCO,CUSCO,WANCHAQ,12/01/2026
2025,12,09/01/2026,CUSCO,FAMILIA,FISCAL PROVINCIAL,TITULAR,MASCULINO,6,080108,CUSCO,CUSCO,WANCHAQ,12/01/2026
2025,12,09/01/2026,CUSCO,FAMILIA,FISCAL SUPERIOR,PROVISIONAL (Titular Promovido),FEMENINO,1,080108,CUSCO,CUSCO,WANCHAQ,12/01/2026
2025,12,09/01/2026,CUSCO,MATERIA AMBIENTAL,FISCAL ADJUNTO PROVINCIAL,PROVISIONAL,FEMENINO,1,080108,CUSCO,CUSCO,WANCHAQ,12/01/2026
2025,12,09/01/2026,CUSCO,MATERIA AMBIENTAL,FISCAL PROVINCIAL,PROVISIONAL (Titular Promovido),MASCULINO,1,080108,CUSCO,CUSCO,WANCHAQ,12/01/2026
2025,12,09/01/2026,CUSCO,MIXTA,FISCAL ADJUNTO PROVINCIAL,PROVISIONAL,FEMENINO,4,080108,CUSCO,CUSCO,WANCHAQ,12/01/2026
2025,12,09/01/2026,CUSCO,MIXTA,FISCAL ADJUNTO PROVINCIAL,PROVISIONAL,MASCULINO,3,080108,CUSCO,CUSCO,WANCHAQ,12/01/2026
2025,12,09/01/2026,CUSCO,MIXTA,FISCAL ADJUNTO PROVINCIAL,TITULAR,MASCULINO,1,080108,CUSCO,CUSCO,WANCHAQ,12/01/2026
2025,12,09/01/2026,CUSCO,MIXTA,FISCAL ADJUNTO SUPERIOR,PROVISIONAL (Titular Promovido),MASCULINO,1,080108,CUSCO,CUSCO,WANCHAQ,12/01/2026
2025,12,09/01/2026,CUSCO,MIXTA,FISCAL ADJUNTO SUPERIOR,TITULAR,MASCULINO,1,080108,CUSCO,CUSCO,WANCHAQ,12/01/2026
2025,12,09/01/2026,CUSCO,MIXTA,FISCAL PROVINCIAL,TITULAR,FEMENINO,2,080108,CUSCO,CUSCO,WANCHAQ,12/01/2026
2025,12,09/01/2026,CUSCO,MIXTA,FISCAL PROVINCIAL,TITULAR,MASCULINO,2,080108,CUSCO,CUSCO,WANCHAQ,12/01/2026
2025,12,09/01/2026,CUSCO,MIXTA,FISCAL SUPERIOR,PROVISIONAL (Titular Promovido),MASCULINO,1,080108,CUSCO,CUSCO,WANCHAQ,12/01/2026
2025,12,09/01/2026,CUSCO,MIXTA,FISCAL SUPERIOR,TITULAR,MASCULINO,1,080108,CUSCO,CUSCO,WANCHAQ,12/01/2026
2025,12,09/01/2026,CUSCO,PENAL,FISCAL ADJUNTO PROVINCIAL,PROVISIONAL,FEMENINO,22,080108,CUSCO,CUSCO,WANCHAQ,12/01/2026
2025,12,09/01/2026,CUSCO,PENAL,FISCAL ADJUNTO PROVINCIAL,PROVISIONAL,MASCULINO,23,080108,CUSCO,CUSCO,WANCHAQ,12/01/2026
2025,12,09/01/2026,CUSCO,PENAL,FISCAL ADJUNTO PROVINCIAL,TITULAR,FEMENINO,9,080108,CUSCO,CUSCO,WANCHAQ,12/01/2026
2025,12,09/01/2026,CUSCO,PENAL,FISCAL ADJUNTO PROVINCIAL,TITULAR,MASCULINO,10,080108,CUSCO,CUSCO,WANCHAQ,12/01/2026
2025,12,09/01/2026,CUSCO,PENAL,FISCAL ADJUNTO SUPERIOR,PROVISIONAL (Titular Promovido),MASCULINO,2,080108,CUSCO,CUSCO,WANCHAQ,12/01/2026
2025,12,09/01/2026,CUSCO,PENAL,FISCAL ADJUNTO SUPERIOR,TITULAR,FEMENINO,2,080108,CUSCO,CUSCO,WANCHAQ,12/01/2026
2025,12,09/01/2026,CUSCO,PENAL,FISCAL ADJUNTO SUPERIOR,TITULAR,MASCULINO,4,080108,CUSCO,CUSCO,WANCHAQ,12/01/2026
2025,12,09/01/2026,CUSCO,PENAL,FISCAL PROVINCIAL,PROVISIONAL (Titular Promovido),FEMENINO,4,080108,CUSCO,CUSCO,WANCHAQ,12/01/2026
2025,12,09/01/2026,CUSCO,PENAL,FISCAL PROVINCIAL,PROVISIONAL (Titular Promovido),MASCULINO,7,080108,CUSCO,CUSCO,WANCHAQ,12/01/2026
2025,12,09/01/2026,CUSCO,PENAL,FISCAL PROVINCIAL,TITULAR,FEMENINO,17,080108,CUSCO,CUSCO,WANCHAQ,12/01/2026
2025,12,09/01/2026,CUSCO,PENAL,FISCAL PROVINCIAL,TITULAR,MASCULINO,13,080108,CUSCO,CUSCO,WANCHAQ,12/01/2026
2025,12,09/01/2026,CUSCO,PENAL,FISCAL SUPERIOR,TITULAR,FEMENINO,1,080108,CUSCO,CUSCO,WANCHAQ,12/01/2026
2025,12,09/01/2026,CUSCO,PENAL,FISCAL SUPERIOR,TITULAR,MASCULINO,3,080108,CUSCO,CUSCO,WANCHAQ,12/01/2026
2025,12,09/01/2026,CUSCO,PREVENCION DEL DELITO,FISCAL ADJUNTO PROVINCIAL,PROVISIONAL,FEMENINO,4,080108,CUSCO,CUSCO,WANCHAQ,12/01/2026
2025,12,09/01/2026,CUSCO,PREVENCION DEL DELITO,FISCAL PROVINCIAL,PROVISIONAL (Titular Promovido),FEMENINO,2,080108,CUSCO,CUSCO,WANCHAQ,12/01/2026
2025,12,09/01/2026,CUSCO,TRAFICO ILICITO DE DROGAS,FISCAL ADJUNTO PROVINCIAL,PROVISIONAL,MASCULINO,2,080108,CUSCO,CUSCO,WANCHAQ,12/01/2026
2025,12,09/01/2026,CUSCO,TRAFICO ILICITO DE DROGAS,FISCAL ADJUNTO PROVINCIAL,TITULAR,MASCULINO,1,080108,CUSCO,CUSCO,WANCHAQ,12/01/2026
2025,12,09/01/2026,CUSCO,TRAFICO ILICITO DE DROGAS,FISCAL PROVINCIAL,PROVISIONAL (Titular Promovido),FEMENINO,1,080108,CUSCO,CUSCO,WANCHAQ,12/01/2026
2025,12,09/01/2026,CUSCO,TRAFICO ILICITO DE DROGAS,FISCAL PROVINCIAL,PROVISIONAL (Titular Promovido),MASCULINO,1,080108,CUSCO,CUSCO,WANCHAQ,12/01/2026
2025,12,09/01/2026,CUSCO,TURISMO,FISCAL ADJUNTO PROVINCIAL,PROVISIONAL,FEMENINO,1,080108,CUSCO,CUSCO,WANCHAQ,12/01/2026
2025,12,09/01/2026,CUSCO,TURISMO,FISCAL PROVINCIAL,TITULAR,MASCULINO,1,080108,CUSCO,CUSCO,WANCHAQ,12/01/2026
2025,12,09/01/2026,CUSCO,VIOLENCIA CONTRA LA MUJER E INTEGRANTES DEL GRUPO FAMILIAR,FISCAL ADJUNTO PROVINCIAL,PROVISIONAL,FEMENINO,34,080108,CUSCO,CUSCO,WANCHAQ,12/01/2026
2025,12,09/01/2026,CUSCO,VIOLENCIA CONTRA LA MUJER E INTEGRANTES DEL GRUPO FAMILIAR,FISCAL ADJUNTO PROVINCIAL,PROVISIONAL,MASCULINO,14,080108,CUSCO,CUSCO,WANCHAQ,12/01/2026
2025,12,09/01/2026,CUSCO,VIOLENCIA CONTRA LA MUJER E INTEGRANTES DEL GRUPO FAMILIAR,FISCAL ADJUNTO PROVINCIAL,TITULAR,FEMENINO,2,080108,CUSCO,CUSCO,WANCHAQ,12/01/2026
2025,12,09/01/2026,CUSCO,VIOLENCIA CONTRA LA MUJER E INTEGRANTES DEL GRUPO FAMILIAR,FISCAL ADJUNTO SUPERIOR,PROVISIONAL (Titular Promovido),FEMENINO,2,080108,CUSCO,CUSCO,WANCHAQ,12/01/2026
2025,12,09/01/2026,CUSCO,VIOLENCIA CONTRA LA MUJER E INTEGRANTES DEL GRUPO FAMILIAR,FISCAL ADJUNTO SUPERIOR,PROVISIONAL (Titular Promovido),MASCULINO,2,080108,CUSCO,CUSCO,WANCHAQ,12/01/2026
2025,12,09/01/2026,CUSCO,VIOLENCIA CONTRA LA MUJER E INTEGRANTES DEL GRUPO FAMILIAR,FISCAL PROVINCIAL,PROVISIONAL,MASCULINO,2,080108,CUSCO,CUSCO,WANCHAQ,12/01/2026
2025,12,09/01/2026,CUSCO,VIOLENCIA CONTRA LA MUJER E INTEGRANTES DEL GRUPO FAMILIAR,FISCAL PROVINCIAL,PROVISIONAL (Titular Promovido),FEMENINO,8,080108,CUSCO,CUSCO,WANCHAQ,12/01/2026
2025,12,09/01/2026,CUSCO,VIOLENCIA CONTRA LA MUJER E INTEGRANTES DEL GRUPO FAMILIAR,FISCAL PROVINCIAL,PROVISIONAL (Titular Promovido),MASCULINO,5,080108,CUSCO,CUSCO,WANCHAQ,12/01/2026
2025,12,09/01/2026,CUSCO,VIOLENCIA CONTRA LA MUJER E INTEGRANTES DEL GRUPO FAMILIAR,FISCAL PROVINCIAL,TITULAR,FEMENINO,1,080108,CUSCO,CUSCO,WANCHAQ,12/01/2026
2025,12,09/01/2026,CUSCO,VIOLENCIA CONTRA LA MUJER E INTEGRANTES DEL GRUPO FAMILIAR,FISCAL SUPERIOR,PROVISIONAL (Titular Promovido),FEMENINO,2,080108,CUSCO,CUSCO,WANCHAQ,12/01/2026
2025,12,09/01/2026,CUSCO,PENAL DE FLAGRANCIA DELICTIVA,FISCAL ADJUNTO PROVINCIAL,PROVISIONAL,FEMENINO,8,080108,CUSCO,CUSCO,WANCHAQ,12/01/2026
2025,12,09/01/2026,CUSCO,PENAL DE FLAGRANCIA DELICTIVA,FISCAL ADJUNTO PROVINCIAL,PROVISIONAL,MASCULINO,4,080108,CUSCO,CUSCO,WANCHAQ,12/01/2026
2025,12,09/01/2026,CUSCO,PENAL DE FLAGRANCIA DELICTIVA,FISCAL PROVINCIAL,PROVISIONAL,FEMENINO,1,080108,CUSCO,CUSCO,WANCHAQ,12/01/2026
2025,12,09/01/2026,CUSCO,PENAL DE FLAGRANCIA DELICTIVA,FISCAL PROVINCIAL,PROVISIONAL,MASCULINO,1,080108,CUSCO,CUSCO,WANCHAQ,12/01/2026
2025,12,09/01/2026,CUSCO,PENAL DE FLAGRANCIA DELICTIVA,FISCAL PROVINCIAL,PROVISIONAL (Titular Promovido),FEMENINO,1,080108,CUSCO,CUSCO,WANCHAQ,12/01/2026
2025,12,09/01/2026,CUSCO,DERECHOS HUMANOS Y CONTRA EL TERRORISMO,FISCAL ADJUNTO PROVINCIAL,TITULAR,FEMENINO,1,080108,CUSCO,CUSCO,WANCHAQ,12/01/2026
2025,12,09/01/2026,CUSCO,DERECHOS HUMANOS Y CONTRA EL TERRORISMO,FISCAL ADJUNTO PROVINCIAL,TITULAR,MASCULINO,1,080108,CUSCO,CUSCO,WANCHAQ,12/01/2026
2025,12,09/01/2026,CUSCO,DERECHOS HUMANOS Y CONTRA EL TERRORISMO,FISCAL PROVINCIAL,PROVISIONAL (Titular Promovido),MASCULINO,1,080108,CUSCO,CUSCO,WANCHAQ,12/01/2026
2025,12,09/01/2026,HUANCAVELICA,AUTORIDAD NACIONAL DE CONTROL,FISCAL ADJUNTO PROVINCIAL,PROVISIONAL,FEMENINO,1,090101,HUANCAVELICA,HUANCAVELICA,HUANCAVELICA,12/01/2026
2025,12,09/01/2026,HUANCAVELICA,AUTORIDAD NACIONAL DE CONTROL,FISCAL ADJUNTO SUPERIOR,PROVISIONAL (Titular Promovido),FEMENINO,1,090101,HUANCAVELICA,HUANCAVELICA,HUANCAVELICA,12/01/2026
2025,12,09/01/2026,HUANCAVELICA,AUTORIDAD NACIONAL DE CONTROL,FISCAL ADJUNTO SUPERIOR,PROVISIONAL (Titular Promovido),MASCULINO,1,090101,HUANCAVELICA,HUANCAVELICA,HUANCAVELICA,12/01/2026
2025,12,09/01/2026,HUANCAVELICA,AUTORIDAD NACIONAL DE CONTROL,FISCAL PROVINCIAL,PROVISIONAL,MASCULINO,1,090101,HUANCAVELICA,HUANCAVELICA,HUANCAVELICA,12/01/2026
2025,12,09/01/2026,HUANCAVELICA,AUTORIDAD NACIONAL DE CONTROL,FISCAL SUPERIOR,TITULAR,FEMENINO,1,090101,HUANCAVELICA,HUANCAVELICA,HUANCAVELICA,12/01/2026
2025,12,09/01/2026,HUANCAVELICA,CORRUPCION DE FUNCIONARIOS,FISCAL ADJUNTO PROVINCIAL,PROVISIONAL,FEMENINO,2,090101,HUANCAVELICA,HUANCAVELICA,HUANCAVELICA,12/01/2026
2025,12,09/01/2026,HUANCAVELICA,CORRUPCION DE FUNCIONARIOS,FISCAL ADJUNTO PROVINCIAL,PROVISIONAL,MASCULINO,1,090101,HUANCAVELICA,HUANCAVELICA,HUANCAVELICA,12/01/2026
2025,12,09/01/2026,HUANCAVELICA,CORRUPCION DE FUNCIONARIOS,FISCAL ADJUNTO PROVINCIAL,TITULAR,FEMENINO,1,090101,HUANCAVELICA,HUANCAVELICA,HUANCAVELICA,12/01/2026
2025,12,09/01/2026,HUANCAVELICA,CORRUPCION DE FUNCIONARIOS,FISCAL ADJUNTO SUPERIOR,PROVISIONAL (Titular Promovido),MASCULINO,1,090101,HUANCAVELICA,HUANCAVELICA,HUANCAVELICA,12/01/2026
2025,12,09/01/2026,HUANCAVELICA,CORRUPCION DE FUNCIONARIOS,FISCAL ADJUNTO SUPERIOR,TITULAR,FEMENINO,1,090101,HUANCAVELICA,HUANCAVELICA,HUANCAVELICA,12/01/2026
2025,12,09/01/2026,HUANCAVELICA,CORRUPCION DE FUNCIONARIOS,FISCAL PROVINCIAL,TITULAR,MASCULINO,2,090101,HUANCAVELICA,HUANCAVELICA,HUANCAVELICA,12/01/2026
2025,12,09/01/2026,HUANCAVELICA,CORRUPCION DE FUNCIONARIOS,FISCAL SUPERIOR,TITULAR,MASCULINO,1,090101,HUANCAVELICA,HUANCAVELICA,HUANCAVELICA,12/01/2026
2025,12,09/01/2026,HUANCAVELICA,CRIMEN ORGANIZADO,FISCAL ADJUNTO PROVINCIAL,PROVISIONAL,MASCULINO,1,090101,HUANCAVELICA,HUANCAVELICA,HUANCAVELICA,12/01/2026
2025,12,09/01/2026,HUANCAVELICA,CRIMEN ORGANIZADO,FISCAL ADJUNTO PROVINCIAL,TITULAR,MASCULINO,1,090101,HUANCAVELICA,HUANCAVELICA,HUANCAVELICA,12/01/2026
2025,12,09/01/2026,HUANCAVELICA,CRIMEN ORGANIZADO,FISCAL PROVINCIAL,PROVISIONAL,MASCULINO,1,090101,HUANCAVELICA,HUANCAVELICA,HUANCAVELICA,12/01/2026
2025,12,09/01/2026,HUANCAVELICA,FAMILIA,FISCAL ADJUNTO PROVINCIAL,PROVISIONAL,FEMENINO,3,090101,HUANCAVELICA,HUANCAVELICA,HUANCAVELICA,12/01/2026
2025,12,09/01/2026,HUANCAVELICA,FAMILIA,FISCAL ADJUNTO PROVINCIAL,PROVISIONAL,MASCULINO,1,090101,HUANCAVELICA,HUANCAVELICA,HUANCAVELICA,12/01/2026
2025,12,09/01/2026,HUANCAVELICA,FAMILIA,FISCAL ADJUNTO SUPERIOR,PROVISIONAL (Titular Promovido),MASCULINO,1,090101,HUANCAVELICA,HUANCAVELICA,HUANCAVELICA,12/01/2026
2025,12,09/01/2026,HUANCAVELICA,FAMILIA,FISCAL PROVINCIAL,PROVISIONAL,FEMENINO,1,090101,HUANCAVELICA,HUANCAVELICA,HUANCAVELICA,12/01/2026
2025,12,09/01/2026,HUANCAVELICA,FAMILIA,FISCAL PROVINCIAL,PROVISIONAL,MASCULINO,1,090101,HUANCAVELICA,HUANCAVELICA,HUANCAVELICA,12/01/2026
2025,12,09/01/2026,HUANCAVELICA,FAMILIA,FISCAL PROVINCIAL,TITULAR,FEMENINO,2,090101,HUANCAVELICA,HUANCAVELICA,HUANCAVELICA,12/01/2026
2025,12,09/01/2026,HUANCAVELICA,FAMILIA,FISCAL SUPERIOR,TITULAR,MASCULINO,1,090101,HUANCAVELICA,HUANCAVELICA,HUANCAVELICA,12/01/2026
2025,12,09/01/2026,HUANCAVELICA,MATERIA AMBIENTAL,FISCAL ADJUNTO PROVINCIAL,PROVISIONAL,MASCULINO,1,090101,HUANCAVELICA,HUANCAVELICA,HUANCAVELICA,12/01/2026
2025,12,09/01/2026,HUANCAVELICA,MATERIA AMBIENTAL,FISCAL PROVINCIAL,TITULAR,MASCULINO,1,090101,HUANCAVELICA,HUANCAVELICA,HUANCAVELICA,12/01/2026
2025,12,09/01/2026,HUANCAVELICA,MIXTA,FISCAL ADJUNTO PROVINCIAL,PROVISIONAL,FEMENINO,1,090101,HUANCAVELICA,HUANCAVELICA,HUANCAVELICA,12/01/2026
2025,12,09/01/2026,HUANCAVELICA,MIXTA,FISCAL ADJUNTO PROVINCIAL,PROVISIONAL,MASCULINO,1,090101,HUANCAVELICA,HUANCAVELICA,HUANCAVELICA,12/01/2026
2025,12,09/01/2026,HUANCAVELICA,MIXTA,FISCAL PROVINCIAL,PROVISIONAL,FEMENINO,1,090101,HUANCAVELICA,HUANCAVELICA,HUANCAVELICA,12/01/2026
2025,12,09/01/2026,HUANCAVELICA,MIXTA,FISCAL PROVINCIAL,PROVISIONAL (Titular Promovido),FEMENINO,1,090101,HUANCAVELICA,HUANCAVELICA,HUANCAVELICA,12/01/2026
2025,12,09/01/2026,HUANCAVELICA,PENAL,FISCAL ADJUNTO PROVINCIAL,PROVISIONAL,FEMENINO,17,090101,HUANCAVELICA,HUANCAVELICA,HUANCAVELICA,12/01/2026
2025,12,09/01/2026,HUANCAVELICA,PENAL,FISCAL ADJUNTO PROVINCIAL,PROVISIONAL,MASCULINO,7,090101,HUANCAVELICA,HUANCAVELICA,HUANCAVELICA,12/01/2026
2025,12,09/01/2026,HUANCAVELICA,PENAL,FISCAL ADJUNTO PROVINCIAL,TITULAR,FEMENINO,1,090101,HUANCAVELICA,HUANCAVELICA,HUANCAVELICA,12/01/2026
2025,12,09/01/2026,HUANCAVELICA,PENAL,FISCAL ADJUNTO PROVINCIAL,TITULAR,MASCULINO,4,090101,HUANCAVELICA,HUANCAVELICA,HUANCAVELICA,12/01/2026
2025,12,09/01/2026,HUANCAVELICA,PENAL,FISCAL ADJUNTO SUPERIOR,TITULAR,MASCULINO,3,090101,HUANCAVELICA,HUANCAVELICA,HUANCAVELICA,12/01/2026
2025,12,09/01/2026,HUANCAVELICA,PENAL,FISCAL PROVINCIAL,PROVISIONAL,MASCULINO,4,090101,HUANCAVELICA,HUANCAVELICA,HUANCAVELICA,12/01/2026
2025,12,09/01/2026,HUANCAVELICA,PENAL,FISCAL PROVINCIAL,PROVISIONAL (Titular Promovido),MASCULINO,4,090101,HUANCAVELICA,HUANCAVELICA,HUANCAVELICA,12/01/2026
2025,12,09/01/2026,HUANCAVELICA,PENAL,FISCAL PROVINCIAL,TITULAR,FEMENINO,2,090101,HUANCAVELICA,HUANCAVELICA,HUANCAVELICA,12/01/2026
2025,12,09/01/2026,HUANCAVELICA,PENAL,FISCAL PROVINCIAL,TITULAR,MASCULINO,5,090101,HUANCAVELICA,HUANCAVELICA,HUANCAVELICA,12/01/2026
2025,12,09/01/2026,HUANCAVELICA,PENAL,FISCAL SUPERIOR,PROVISIONAL (Titular Promovido),FEMENINO,1,090101,HUANCAVELICA,HUANCAVELICA,HUANCAVELICA,12/01/2026
2025,12,09/01/2026,HUANCAVELICA,PENAL,FISCAL SUPERIOR,PROVISIONAL (Titular Promovido),MASCULINO,1,090101,HUANCAVELICA,HUANCAVELICA,HUANCAVELICA,12/01/2026
2025,12,09/01/2026,HUANCAVELICA,POOL / EQUIPO DE APOYO FISCAL (SIN ESPECIALIDAD),FISCAL ADJUNTO PROVINCIAL,PROVISIONAL,MASCULINO,2,090101,HUANCAVELICA,HUANCAVELICA,HUANCAVELICA,12/01/2026
2025,12,09/01/2026,HUANCAVELICA,PREVENCION DEL DELITO,FISCAL ADJUNTO PROVINCIAL,PROVISIONAL,FEMENINO,3,090101,HUANCAVELICA,HUANCAVELICA,HUANCAVELICA,12/01/2026
2025,12,09/01/2026,HUANCAVELICA,PREVENCION DEL DELITO,FISCAL ADJUNTO PROVINCIAL,TITULAR,FEMENINO,1,090101,HUANCAVELICA,HUANCAVELICA,HUANCAVELICA,12/01/2026
2025,12,09/01/2026,HUANCAVELICA,PREVENCION DEL DELITO,FISCAL PROVINCIAL,PROVISIONAL,MASCULINO,1,090101,HUANCAVELICA,HUANCAVELICA,HUANCAVELICA,12/01/2026
2025,12,09/01/2026,HUANCAVELICA,PREVENCION DEL DELITO,FISCAL PROVINCIAL,PROVISIONAL (Titular Promovido),FEMENINO,1,090101,HUANCAVELICA,HUANCAVELICA,HUANCAVELICA,12/01/2026
2025,12,09/01/2026,HUANCAVELICA,VIOLENCIA CONTRA LA MUJER E INTEGRANTES DEL GRUPO FAMILIAR,FISCAL PROVINCIAL,PROVISIONAL,MASCULINO,1,090101,HUANCAVELICA,HUANCAVELICA,HUANCAVELICA,12/01/2026
2025,12,09/01/2026,HUANCAVELICA,DERECHOS HUMANOS Y CONTRA EL TERRORISMO,FISCAL ADJUNTO PROVINCIAL,PROVISIONAL,FEMENINO,4,090101,HUANCAVELICA,HUANCAVELICA,HUANCAVELICA,12/01/2026
2025,12,09/01/2026,HUANCAVELICA,DERECHOS HUMANOS Y CONTRA EL TERRORISMO,FISCAL PROVINCIAL,PROVISIONAL (Titular Promovido),MASCULINO,1,090101,HUANCAVELICA,HUANCAVELICA,HUANCAVELICA,12/01/2026
2025,12,09/01/2026,HUANCAVELICA,DERECHOS HUMANOS Y CONTRA EL TERRORISMO,FISCAL PROVINCIAL,TITULAR,MASCULINO,1,090101,HUANCAVELICA,HUANCAVELICA,HUANCAVELICA,12/01/2026
2025,12,09/01/2026,HUANUCO,AUTORIDAD NACIONAL DE CONTROL,FISCAL ADJUNTO SUPERIOR,PROVISIONAL (Titular Promovido),FEMENINO,1,100101,HUANUCO,HUANUCO,HUANUCO,12/01/2026
2025,12,09/01/2026,HUANUCO,AUTORIDAD NACIONAL DE CONTROL,FISCAL ADJUNTO SUPERIOR,PROVISIONAL (Titular Promovido),MASCULINO,1,100101,HUANUCO,HUANUCO,HUANUCO,12/01/2026
2025,12,09/01/2026,HUANUCO,AUTORIDAD NACIONAL DE CONTROL,FISCAL SUPERIOR,TITULAR,MASCULINO,1,100101,HUANUCO,HUANUCO,HUANUCO,12/01/2026
2025,12,09/01/2026,HUANUCO,CORRUPCION DE FUNCIONARIOS,FISCAL ADJUNTO PROVINCIAL,PROVISIONAL,FEMENINO,5,100101,HUANUCO,HUANUCO,HUANUCO,12/01/2026
2025,12,09/01/2026,HUANUCO,CORRUPCION DE FUNCIONARIOS,FISCAL ADJUNTO PROVINCIAL,PROVISIONAL,MASCULINO,1,100101,HUANUCO,HUANUCO,HUANUCO,12/01/2026
2025,12,09/01/2026,HUANUCO,CORRUPCION DE FUNCIONARIOS,FISCAL ADJUNTO PROVINCIAL,TITULAR,FEMENINO,2,100101,HUANUCO,HUANUCO,HUANUCO,12/01/2026
2025,12,09/01/2026,HUANUCO,CORRUPCION DE FUNCIONARIOS,FISCAL ADJUNTO PROVINCIAL,TITULAR,MASCULINO,2,100101,HUANUCO,HUANUCO,HUANUCO,12/01/2026
2025,12,09/01/2026,HUANUCO,CORRUPCION DE FUNCIONARIOS,FISCAL ADJUNTO SUPERIOR,TITULAR,FEMENINO,1,100101,HUANUCO,HUANUCO,HUANUCO,12/01/2026
2025,12,09/01/2026,HUANUCO,CORRUPCION DE FUNCIONARIOS,FISCAL ADJUNTO SUPERIOR,TITULAR,MASCULINO,1,100101,HUANUCO,HUANUCO,HUANUCO,12/01/2026
2025,12,09/01/2026,HUANUCO,CORRUPCION DE FUNCIONARIOS,FISCAL PROVINCIAL,PROVISIONAL (Titular Promovido),FEMENINO,1,100101,HUANUCO,HUANUCO,HUANUCO,12/01/2026
2025,12,09/01/2026,HUANUCO,CORRUPCION DE FUNCIONARIOS,FISCAL PROVINCIAL,TITULAR,FEMENINO,2,100101,HUANUCO,HUANUCO,HUANUCO,12/01/2026
2025,12,09/01/2026,HUANUCO,CORRUPCION DE FUNCIONARIOS,FISCAL PROVINCIAL,TITULAR,MASCULINO,1,100101,HUANUCO,HUANUCO,HUANUCO,12/01/2026
2025,12,09/01/2026,HUANUCO,CORRUPCION DE FUNCIONARIOS,FISCAL SUPERIOR,TITULAR,MASCULINO,1,100101,HUANUCO,HUANUCO,HUANUCO,12/01/2026
2025,12,09/01/2026,HUANUCO,CRIMEN ORGANIZADO,FISCAL ADJUNTO PROVINCIAL,PROVISIONAL,MASCULINO,2,100101,HUANUCO,HUANUCO,HUANUCO,12/01/2026
2025,12,09/01/2026,HUANUCO,CRIMEN ORGANIZADO,FISCAL PROVINCIAL,PROVISIONAL (Titular Promovido),MASCULINO,1,100101,HUANUCO,HUANUCO,HUANUCO,12/01/2026
2025,12,09/01/2026,HUANUCO,DELITOS DE TRATA DE PERSONAS,FISCAL ADJUNTO PROVINCIAL,PROVISIONAL,FEMENINO,1,100101,HUANUCO,HUANUCO,HUANUCO,12/01/2026
2025,12,09/01/2026,HUANUCO,DELITOS DE TRATA DE PERSONAS,FISCAL ADJUNTO PROVINCIAL,PROVISIONAL,MASCULINO,1,100101,HUANUCO,HUANUCO,HUANUCO,12/01/2026
2025,12,09/01/2026,HUANUCO,EXTINCION DE DOMINIO,FISCAL ADJUNTO PROVINCIAL,PROVISIONAL,FEMENINO,2,100101,HUANUCO,HUANUCO,HUANUCO,12/01/2026
2025,12,09/01/2026,HUANUCO,EXTINCION DE DOMINIO,FISCAL PROVINCIAL,PROVISIONAL (Titular Promovido),FEMENINO,1,100101,HUANUCO,HUANUCO,HUANUCO,12/01/2026
2025,12,09/01/2026,HUANUCO,FAMILIA,FISCAL ADJUNTO PROVINCIAL,PROVISIONAL,FEMENINO,5,100101,HUANUCO,HUANUCO,HUANUCO,12/01/2026
2025,12,09/01/2026,HUANUCO,FAMILIA,FISCAL ADJUNTO PROVINCIAL,PROVISIONAL,MASCULINO,5,100101,HUANUCO,HUANUCO,HUANUCO,12/01/2026
2025,12,09/01/2026,HUANUCO,FAMILIA,FISCAL ADJUNTO PROVINCIAL,TITULAR,FEMENINO,3,100101,HUANUCO,HUANUCO,HUANUCO,12/01/2026
2025,12,09/01/2026,HUANUCO,FAMILIA,FISCAL ADJUNTO SUPERIOR,TITULAR,FEMENINO,1,100101,HUANUCO,HUANUCO,HUANUCO,12/01/2026
2025,12,09/01/2026,HUANUCO,FAMILIA,FISCAL PROVINCIAL,PROVISIONAL,FEMENINO,2,100101,HUANUCO,HUANUCO,HUANUCO,12/01/2026
2025,12,09/01/2026,HUANUCO,FAMILIA,FISCAL PROVINCIAL,PROVISIONAL,MASCULINO,1,100101,HUANUCO,HUANUCO,HUANUCO,12/01/2026
2025,12,09/01/2026,HUANUCO,FAMILIA,FISCAL PROVINCIAL,PROVISIONAL (Titular Promovido),MASCULINO,1,100101,HUANUCO,HUANUCO,HUANUCO,12/01/2026
2025,12,09/01/2026,HUANUCO,FAMILIA,FISCAL PROVINCIAL,TITULAR,FEMENINO,2,100101,HUANUCO,HUANUCO,HUANUCO,12/01/2026
2025,12,09/01/2026,HUANUCO,FAMILIA,FISCAL PROVINCIAL,TITULAR,MASCULINO,5,100101,HUANUCO,HUANUCO,HUANUCO,12/01/2026
2025,12,09/01/2026,HUANUCO,FAMILIA,FISCAL SUPERIOR,PROVISIONAL (Titular Promovido),MASCULINO,1,100101,HUANUCO,HUANUCO,HUANUCO,12/01/2026
2025,12,09/01/2026,HUANUCO,MATERIA AMBIENTAL,FISCAL ADJUNTO PROVINCIAL,PROVISIONAL,FEMENINO,1,100101,HUANUCO,HUANUCO,HUANUCO,12/01/2026
2025,12,09/01/2026,HUANUCO,MATERIA AMBIENTAL,FISCAL ADJUNTO PROVINCIAL,TITULAR,FEMENINO,1,100101,HUANUCO,HUANUCO,HUANUCO,12/01/2026
2025,12,09/01/2026,HUANUCO,MATERIA AMBIENTAL,FISCAL ADJUNTO PROVINCIAL,TITULAR,MASCULINO,2,100101,HUANUCO,HUANUCO,HUANUCO,12/01/2026
2025,12,09/01/2026,HUANUCO,MATERIA AMBIENTAL,FISCAL PROVINCIAL,PROVISIONAL,MASCULINO,1,100101,HUANUCO,HUANUCO,HUANUCO,12/01/2026
2025,12,09/01/2026,HUANUCO,MATERIA AMBIENTAL,FISCAL PROVINCIAL,PROVISIONAL (Titular Promovido),MASCULINO,1,100101,HUANUCO,HUANUCO,HUANUCO,12/01/2026
2025,12,09/01/2026,HUANUCO,MIXTA,FISCAL ADJUNTO PROVINCIAL,TITULAR,MASCULINO,2,100101,HUANUCO,HUANUCO,HUANUCO,12/01/2026
2025,12,09/01/2026,HUANUCO,MIXTA,FISCAL ADJUNTO SUPERIOR,PROVISIONAL (Titular Promovido),MASCULINO,1,100101,HUANUCO,HUANUCO,HUANUCO,12/01/2026
2025,12,09/01/2026,HUANUCO,MIXTA,FISCAL ADJUNTO SUPERIOR,TITULAR,FEMENINO,1,100101,HUANUCO,HUANUCO,HUANUCO,12/01/2026
2025,12,09/01/2026,HUANUCO,MIXTA,FISCAL ADJUNTO SUPERIOR,TITULAR,MASCULINO,1,100101,HUANUCO,HUANUCO,HUANUCO,12/01/2026
2025,12,09/01/2026,HUANUCO,MIXTA,FISCAL PROVINCIAL,PROVISIONAL (Titular Promovido),MASCULINO,1,100101,HUANUCO,HUANUCO,HUANUCO,12/01/2026
2025,12,09/01/2026,HUANUCO,MIXTA,FISCAL SUPERIOR,TITULAR,MASCULINO,1,100101,HUANUCO,HUANUCO,HUANUCO,12/01/2026
2025,12,09/01/2026,HUANUCO,PENAL,FISCAL ADJUNTO PROVINCIAL,PROVISIONAL,FEMENINO,34,100101,HUANUCO,HUANUCO,HUANUCO,12/01/2026
2025,12,09/01/2026,HUANUCO,PENAL,FISCAL ADJUNTO PROVINCIAL,PROVISIONAL,MASCULINO,29,100101,HUANUCO,HUANUCO,HUANUCO,12/01/2026
2025,12,09/01/2026,HUANUCO,PENAL,FISCAL ADJUNTO PROVINCIAL,TITULAR,FEMENINO,17,100101,HUANUCO,HUANUCO,HUANUCO,12/01/2026
2025,12,09/01/2026,HUANUCO,PENAL,FISCAL ADJUNTO PROVINCIAL,TITULAR,MASCULINO,24,100101,HUANUCO,HUANUCO,HUANUCO,12/01/2026
2025,12,09/01/2026,HUANUCO,PENAL,FISCAL ADJUNTO SUPERIOR,TITULAR,FEMENINO,3,100101,HUANUCO,HUANUCO,HUANUCO,12/01/2026
2025,12,09/01/2026,HUANUCO,PENAL,FISCAL ADJUNTO SUPERIOR,TITULAR,MASCULINO,5,100101,HUANUCO,HUANUCO,HUANUCO,12/01/2026
2025,12,09/01/2026,HUANUCO,PENAL,FISCAL PROVINCIAL,PROVISIONAL,FEMENINO,2,100101,HUANUCO,HUANUCO,HUANUCO,12/01/2026
2025,12,09/01/2026,HUANUCO,PENAL,FISCAL PROVINCIAL,PROVISIONAL,MASCULINO,12,100101,HUANUCO,HUANUCO,HUANUCO,12/01/2026
2025,12,09/01/2026,HUANUCO,PENAL,FISCAL PROVINCIAL,PROVISIONAL (Titular Promovido),FEMENINO,1,100101,HUANUCO,HUANUCO,HUANUCO,12/01/2026
2025,12,09/01/2026,HUANUCO,PENAL,FISCAL PROVINCIAL,PROVISIONAL (Titular Promovido),MASCULINO,4,100101,HUANUCO,HUANUCO,HUANUCO,12/01/2026
2025,12,09/01/2026,HUANUCO,PENAL,FISCAL PROVINCIAL,TITULAR,FEMENINO,6,100101,HUANUCO,HUANUCO,HUANUCO,12/01/2026
2025,12,09/01/2026,HUANUCO,PENAL,FISCAL PROVINCIAL,TITULAR,MASCULINO,32,100101,HUANUCO,HUANUCO,HUANUCO,12/01/2026
2025,12,09/01/2026,HUANUCO,PENAL,FISCAL SUPERIOR,TITULAR,FEMENINO,1,100101,HUANUCO,HUANUCO,HUANUCO,12/01/2026
2025,12,09/01/2026,HUANUCO,PENAL,FISCAL SUPERIOR,TITULAR,MASCULINO,3,100101,HUANUCO,HUANUCO,HUANUCO,12/01/2026
2025,12,09/01/2026,HUANUCO,PREVENCION DEL DELITO,FISCAL ADJUNTO PROVINCIAL,PROVISIONAL,FEMENINO,2,100101,HUANUCO,HUANUCO,HUANUCO,12/01/2026
2025,12,09/01/2026,HUANUCO,PREVENCION DEL DELITO,FISCAL ADJUNTO PROVINCIAL,PROVISIONAL,MASCULINO,1,100101,HUANUCO,HUANUCO,HUANUCO,12/01/2026
2025,12,09/01/2026,HUANUCO,PREVENCION DEL DELITO,FISCAL ADJUNTO PROVINCIAL,TITULAR,FEMENINO,1,100101,HUANUCO,HUANUCO,HUANUCO,12/01/2026
2025,12,09/01/2026,HUANUCO,PREVENCION DEL DELITO,FISCAL PROVINCIAL,TITULAR,FEMENINO,1,100101,HUANUCO,HUANUCO,HUANUCO,12/01/2026
2025,12,09/01/2026,HUANUCO,PREVENCION DEL DELITO,FISCAL PROVINCIAL,TITULAR,MASCULINO,1,100101,HUANUCO,HUANUCO,HUANUCO,12/01/2026
2025,12,09/01/2026,HUANUCO,TRAFICO ILICITO DE DROGAS,FISCAL ADJUNTO PROVINCIAL,PROVISIONAL,MASCULINO,5,100101,HUANUCO,HUANUCO,HUANUCO,12/01/2026
2025,12,09/01/2026,HUANUCO,TRAFICO ILICITO DE DROGAS,FISCAL ADJUNTO PROVINCIAL,TITULAR,MASCULINO,1,100101,HUANUCO,HUANUCO,HUANUCO,12/01/2026
2025,12,09/01/2026,HUANUCO,TRAFICO ILICITO DE DROGAS,FISCAL PROVINCIAL,PROVISIONAL (Titular Promovido),MASCULINO,1,100101,HUANUCO,HUANUCO,HUANUCO,12/01/2026
2025,12,09/01/2026,HUANUCO,TRAFICO ILICITO DE DROGAS,FISCAL PROVINCIAL,TITULAR,MASCULINO,1,100101,HUANUCO,HUANUCO,HUANUCO,12/01/2026
2025,12,09/01/2026,HUANUCO,DERECHOS HUMANOS Y CONTRA EL TERRORISMO,FISCAL ADJUNTO PROVINCIAL,PROVISIONAL,FEMENINO,2,100101,HUANUCO,HUANUCO,HUANUCO,12/01/2026
2025,12,09/01/2026,HUANUCO,DERECHOS HUMANOS Y CONTRA EL TERRORISMO,FISCAL ADJUNTO PROVINCIAL,PROVISIONAL,MASCULINO,4,100101,HUANUCO,HUANUCO,HUANUCO,12/01/2026
2025,12,09/01/2026,HUANUCO,DERECHOS HUMANOS Y CONTRA EL TERRORISMO,FISCAL PROVINCIAL,TITULAR,FEMENINO,1,100101,HUANUCO,HUANUCO,HUANUCO,12/01/2026
2025,12,09/01/2026,HUANUCO,DERECHOS HUMANOS Y CONTRA EL TERRORISMO,FISCAL PROVINCIAL,TITULAR,MASCULINO,1,100101,HUANUCO,HUANUCO,HUANUCO,12/01/2026
2025,12,09/01/2026,HUAURA,AUTORIDAD NACIONAL DE CONTROL,FISCAL ADJUNTO SUPERIOR,PROVISIONAL,FEMENINO,1,150801,LIMA,HUAURA,HUACHO,12/01/2026
2025,12,09/01/2026,HUAURA,AUTORIDAD NACIONAL DE CONTROL,FISCAL ADJUNTO SUPERIOR,PROVISIONAL (Titular Promovido),MASCULINO,1,150801,LIMA,HUAURA,HUACHO,12/01/2026
2025,12,09/01/2026,HUAURA,AUTORIDAD NACIONAL DE CONTROL,FISCAL SUPERIOR,TITULAR,MASCULINO,1,150801,LIMA,HUAURA,HUACHO,12/01/2026
2025,12,09/01/2026,HUAURA,CORRUPCION DE FUNCIONARIOS,FISCAL ADJUNTO PROVINCIAL,PROVISIONAL,FEMENINO,3,150801,LIMA,HUAURA,HUACHO,12/01/2026
2025,12,09/01/2026,HUAURA,CORRUPCION DE FUNCIONARIOS,FISCAL ADJUNTO PROVINCIAL,PROVISIONAL,MASCULINO,3,150801,LIMA,HUAURA,HUACHO,12/01/2026
2025,12,09/01/2026,HUAURA,CORRUPCION DE FUNCIONARIOS,FISCAL ADJUNTO PROVINCIAL,TITULAR,FEMENINO,2,150801,LIMA,HUAURA,HUACHO,12/01/2026
2025,12,09/01/2026,HUAURA,CORRUPCION DE FUNCIONARIOS,FISCAL PROVINCIAL,PROVISIONAL (Titular Promovido),MASCULINO,1,150801,LIMA,HUAURA,HUACHO,12/01/2026
2025,12,09/01/2026,HUAURA,CORRUPCION DE FUNCIONARIOS,FISCAL PROVINCIAL,TITULAR,MASCULINO,1,150801,LIMA,HUAURA,HUACHO,12/01/2026
2025,12,09/01/2026,HUAURA,CRIMEN ORGANIZADO,FISCAL ADJUNTO PROVINCIAL,PROVISIONAL,MASCULINO,4,150801,LIMA,HUAURA,HUACHO,12/01/2026
2025,12,09/01/2026,HUAURA,CRIMEN ORGANIZADO,FISCAL PROVINCIAL,TITULAR,MASCULINO,1,150801,LIMA,HUAURA,HUACHO,12/01/2026
2025,12,09/01/2026,HUAURA,FAMILIA,FISCAL ADJUNTO PROVINCIAL,PROVISIONAL,FEMENINO,1,150801,LIMA,HUAURA,HUACHO,12/01/2026
2025,12,09/01/2026,HUAURA,FAMILIA,FISCAL ADJUNTO PROVINCIAL,TITULAR,FEMENINO,2,150801,LIMA,HUAURA,HUACHO,12/01/2026
2025,12,09/01/2026,HUAURA,FAMILIA,FISCAL ADJUNTO SUPERIOR,TITULAR,MASCULINO,1,150801,LIMA,HUAURA,HUACHO,12/01/2026
2025,12,09/01/2026,HUAURA,FAMILIA,FISCAL PROVINCIAL,TITULAR,FEMENINO,2,150801,LIMA,HUAURA,HUACHO,12/01/2026
2025,12,09/01/2026,HUAURA,FAMILIA,FISCAL PROVINCIAL,TITULAR,MASCULINO,1,150801,LIMA,HUAURA,HUACHO,12/01/2026
2025,12,09/01/2026,HUAURA,FAMILIA,FISCAL SUPERIOR,TITULAR,MASCULINO,1,150801,LIMA,HUAURA,HUACHO,12/01/2026
2025,12,09/01/2026,HUAURA,MIXTA,FISCAL ADJUNTO PROVINCIAL,PROVISIONAL,FEMENINO,2,150801,LIMA,HUAURA,HUACHO,12/01/2026
2025,12,09/01/2026,HUAURA,MIXTA,FISCAL ADJUNTO PROVINCIAL,PROVISIONAL,MASCULINO,2,150801,LIMA,HUAURA,HUACHO,12/01/2026
2025,12,09/01/2026,HUAURA,MIXTA,FISCAL ADJUNTO PROVINCIAL,TITULAR,FEMENINO,1,150801,LIMA,HUAURA,HUACHO,12/01/2026
2025,12,09/01/2026,HUAURA,MIXTA,FISCAL ADJUNTO PROVINCIAL,TITULAR,MASCULINO,2,150801,LIMA,HUAURA,HUACHO,12/01/2026
2025,12,09/01/2026,HUAURA,MIXTA,FISCAL PROVINCIAL,PROVISIONAL,MASCULINO,1,150801,LIMA,HUAURA,HUACHO,12/01/2026
2025,12,09/01/2026,HUAURA,MIXTA,FISCAL PROVINCIAL,TITULAR,FEMENINO,1,150801,LIMA,HUAURA,HUACHO,12/01/2026
2025,12,09/01/2026,HUAURA,MIXTA,FISCAL PROVINCIAL,TITULAR,MASCULINO,2,150801,LIMA,HUAURA,HUACHO,12/01/2026
2025,12,09/01/2026,HUAURA,PENAL,FISCAL ADJUNTO PROVINCIAL,PROVISIONAL,FEMENINO,15,150801,LIMA,HUAURA,HUACHO,12/01/2026
2025,12,09/01/2026,HUAURA,PENAL,FISCAL ADJUNTO PROVINCIAL,PROVISIONAL,MASCULINO,18,150801,LIMA,HUAURA,HUACHO,12/01/2026
2025,12,09/01/2026,HUAURA,PENAL,FISCAL ADJUNTO PROVINCIAL,TITULAR,FEMENINO,3,150801,LIMA,HUAURA,HUACHO,12/01/2026
2025,12,09/01/2026,HUAURA,PENAL,FISCAL ADJUNTO PROVINCIAL,TITULAR,MASCULINO,3,150801,LIMA,HUAURA,HUACHO,12/01/2026
2025,12,09/01/2026,HUAURA,PENAL,FISCAL ADJUNTO SUPERIOR,PROVISIONAL (Titular Promovido),MASCULINO,1,150801,LIMA,HUAURA,HUACHO,12/01/2026
2025,12,09/01/2026,HUAURA,PENAL,FISCAL ADJUNTO SUPERIOR,TITULAR,MASCULINO,1,150801,LIMA,HUAURA,HUACHO,12/01/2026
2025,12,09/01/2026,HUAURA,PENAL,FISCAL PROVINCIAL,PROVISIONAL,MASCULINO,1,150801,LIMA,HUAURA,HUACHO,12/01/2026
2025,12,09/01/2026,HUAURA,PENAL,FISCAL PROVINCIAL,PROVISIONAL (Titular Promovido),FEMENINO,1,150801,LIMA,HUAURA,HUACHO,12/01/2026
2025,12,09/01/2026,HUAURA,PENAL,FISCAL PROVINCIAL,PROVISIONAL (Titular Promovido),MASCULINO,5,150801,LIMA,HUAURA,HUACHO,12/01/2026
2025,12,09/01/2026,HUAURA,PENAL,FISCAL PROVINCIAL,TITULAR,FEMENINO,3,150801,LIMA,HUAURA,HUACHO,12/01/2026
2025,12,09/01/2026,HUAURA,PENAL,FISCAL PROVINCIAL,TITULAR,MASCULINO,12,150801,LIMA,HUAURA,HUACHO,12/01/2026
2025,12,09/01/2026,HUAURA,PENAL,FISCAL SUPERIOR,TITULAR,FEMENINO,1,150801,LIMA,HUAURA,HUACHO,12/01/2026
2025,12,09/01/2026,HUAURA,PENAL,FISCAL SUPERIOR,TITULAR,MASCULINO,1,150801,LIMA,HUAURA,HUACHO,12/01/2026
2025,12,09/01/2026,HUAURA,PREVENCION DEL DELITO,FISCAL ADJUNTO PROVINCIAL,TITULAR,FEMENINO,1,150801,LIMA,HUAURA,HUACHO,12/01/2026
2025,12,09/01/2026,HUAURA,PREVENCION DEL DELITO,FISCAL ADJUNTO PROVINCIAL,TITULAR,MASCULINO,3,150801,LIMA,HUAURA,HUACHO,12/01/2026
2025,12,09/01/2026,HUAURA,PREVENCION DEL DELITO,FISCAL PROVINCIAL,PROVISIONAL,MASCULINO,1,150801,LIMA,HUAURA,HUACHO,12/01/2026
2025,12,09/01/2026,HUAURA,PREVENCION DEL DELITO,FISCAL PROVINCIAL,TITULAR,MASCULINO,2,150801,LIMA,HUAURA,HUACHO,12/01/2026
2025,12,09/01/2026,HUAURA,VIOLENCIA CONTRA LA MUJER E INTEGRANTES DEL GRUPO FAMILIAR,FISCAL ADJUNTO PROVINCIAL,PROVISIONAL,FEMENINO,1,150801,LIMA,HUAURA,HUACHO,12/01/2026
2025,12,09/01/2026,HUAURA,VIOLENCIA CONTRA LA MUJER E INTEGRANTES DEL GRUPO FAMILIAR,FISCAL PROVINCIAL,TITULAR,FEMENINO,1,150801,LIMA,HUAURA,HUACHO,12/01/2026
2025,12,09/01/2026,HUAURA,DERECHOS HUMANOS Y CONTRA EL TERRORISMO,FISCAL ADJUNTO PROVINCIAL,PROVISIONAL,MASCULINO,2,150801,LIMA,HUAURA,HUACHO,12/01/2026
2025,12,09/01/2026,HUAURA,DERECHOS HUMANOS Y CONTRA EL TERRORISMO,FISCAL PROVINCIAL,PROVISIONAL (Titular Promovido),MASCULINO,1,150801,LIMA,HUAURA,HUACHO,12/01/2026
2025,12,09/01/2026,ICA,AUTORIDAD NACIONAL DE CONTROL,FISCAL ADJUNTO SUPERIOR,PROVISIONAL (Titular Promovido),FEMENINO,1,110101,ICA,ICA,ICA,12/01/2026
2025,12,09/01/2026,ICA,AUTORIDAD NACIONAL DE CONTROL,FISCAL ADJUNTO SUPERIOR,PROVISIONAL (Titular Promovido),MASCULINO,1,110101,ICA,ICA,ICA,12/01/2026
2025,12,09/01/2026,ICA,AUTORIDAD NACIONAL DE CONTROL,FISCAL SUPERIOR,PROVISIONAL,FEMENINO,1,110101,ICA,ICA,ICA,12/01/2026
2025,12,09/01/2026,ICA,CORRUPCION DE FUNCIONARIOS,FISCAL ADJUNTO PROVINCIAL,PROVISIONAL,FEMENINO,3,110101,ICA,ICA,ICA,12/01/2026
2025,12,09/01/2026,ICA,CORRUPCION DE FUNCIONARIOS,FISCAL ADJUNTO PROVINCIAL,PROVISIONAL,MASCULINO,1,110101,ICA,ICA,ICA,12/01/2026
2025,12,09/01/2026,ICA,CORRUPCION DE FUNCIONARIOS,FISCAL ADJUNTO PROVINCIAL,TITULAR,FEMENINO,3,110101,ICA,ICA,ICA,12/01/2026
2025,12,09/01/2026,ICA,CORRUPCION DE FUNCIONARIOS,FISCAL ADJUNTO PROVINCIAL,TITULAR,MASCULINO,1,110101,ICA,ICA,ICA,12/01/2026
2025,12,09/01/2026,ICA,CORRUPCION DE FUNCIONARIOS,FISCAL PROVINCIAL,TITULAR,FEMENINO,1,110101,ICA,ICA,ICA,12/01/2026
2025,12,09/01/2026,ICA,CORRUPCION DE FUNCIONARIOS,FISCAL PROVINCIAL,TITULAR,MASCULINO,2,110101,ICA,ICA,ICA,12/01/2026
2025,12,09/01/2026,ICA,CRIMEN ORGANIZADO,FISCAL ADJUNTO PROVINCIAL,PROVISIONAL,FEMENINO,4,110101,ICA,ICA,ICA,12/01/2026
2025,12,09/01/2026,ICA,CRIMEN ORGANIZADO,FISCAL ADJUNTO PROVINCIAL,PROVISIONAL,MASCULINO,1,110101,ICA,ICA,ICA,12/01/2026
2025,12,09/01/2026,ICA,CRIMEN ORGANIZADO,FISCAL ADJUNTO PROVINCIAL,TITULAR,MASCULINO,1,110101,ICA,ICA,ICA,12/01/2026
2025,12,09/01/2026,ICA,CRIMEN ORGANIZADO,FISCAL PROVINCIAL,PROVISIONAL,FEMENINO,1,110101,ICA,ICA,ICA,12/01/2026
2025,12,09/01/2026,ICA,CRIMEN ORGANIZADO,FISCAL PROVINCIAL,TITULAR,MASCULINO,1,110101,ICA,ICA,ICA,12/01/2026
2025,12,09/01/2026,ICA,FAMILIA,FISCAL ADJUNTO PROVINCIAL,PROVISIONAL,FEMENINO,4,110101,ICA,ICA,ICA,12/01/2026
2025,12,09/01/2026,ICA,FAMILIA,FISCAL ADJUNTO PROVINCIAL,PROVISIONAL,MASCULINO,1,110101,ICA,ICA,ICA,12/01/2026
2025,12,09/01/2026,ICA,FAMILIA,FISCAL ADJUNTO PROVINCIAL,TITULAR,FEMENINO,5,110101,ICA,ICA,ICA,12/01/2026
2025,12,09/01/2026,ICA,FAMILIA,FISCAL ADJUNTO PROVINCIAL,TITULAR,MASCULINO,3,110101,ICA,ICA,ICA,12/01/2026
2025,12,09/01/2026,ICA,FAMILIA,FISCAL ADJUNTO SUPERIOR,TITULAR,FEMENINO,2,110101,ICA,ICA,ICA,12/01/2026
2025,12,09/01/2026,ICA,FAMILIA,FISCAL ADJUNTO SUPERIOR,TITULAR,MASCULINO,2,110101,ICA,ICA,ICA,12/01/2026
2025,12,09/01/2026,ICA,FAMILIA,FISCAL PROVINCIAL,PROVISIONAL,FEMENINO,1,110101,ICA,ICA,ICA,12/01/2026
2025,12,09/01/2026,ICA,FAMILIA,FISCAL PROVINCIAL,PROVISIONAL (Titular Promovido),MASCULINO,1,110101,ICA,ICA,ICA,12/01/2026
2025,12,09/01/2026,ICA,FAMILIA,FISCAL PROVINCIAL,TITULAR,FEMENINO,3,110101,ICA,ICA,ICA,12/01/2026
2025,12,09/01/2026,ICA,FAMILIA,FISCAL PROVINCIAL,TITULAR,MASCULINO,3,110101,ICA,ICA,ICA,12/01/2026
2025,12,09/01/2026,ICA,FAMILIA,FISCAL SUPERIOR,TITULAR,FEMENINO,3,110101,ICA,ICA,ICA,12/01/2026
2025,12,09/01/2026,ICA,FAMILIA,FISCAL SUPERIOR,TITULAR,MASCULINO,1,110101,ICA,ICA,ICA,12/01/2026
2025,12,09/01/2026,ICA,MATERIA AMBIENTAL,FISCAL ADJUNTO PROVINCIAL,PROVISIONAL,MASCULINO,1,110101,ICA,ICA,ICA,12/01/2026
2025,12,09/01/2026,ICA,MATERIA AMBIENTAL,FISCAL PROVINCIAL,PROVISIONAL,MASCULINO,1,110101,ICA,ICA,ICA,12/01/2026
2025,12,09/01/2026,ICA,MIXTA,FISCAL ADJUNTO PROVINCIAL,PROVISIONAL,FEMENINO,2,110101,ICA,ICA,ICA,12/01/2026
2025,12,09/01/2026,ICA,MIXTA,FISCAL ADJUNTO PROVINCIAL,TITULAR,FEMENINO,1,110101,ICA,ICA,ICA,12/01/2026
2025,12,09/01/2026,ICA,MIXTA,FISCAL ADJUNTO PROVINCIAL,TITULAR,MASCULINO,3,110101,ICA,ICA,ICA,12/01/2026
2025,12,09/01/2026,ICA,MIXTA,FISCAL ADJUNTO SUPERIOR,PROVISIONAL (Titular Promovido),MASCULINO,1,110101,ICA,ICA,ICA,12/01/2026
2025,12,09/01/2026,ICA,MIXTA,FISCAL ADJUNTO SUPERIOR,TITULAR,MASCULINO,1,110101,ICA,ICA,ICA,12/01/2026
2025,12,09/01/2026,ICA,MIXTA,FISCAL PROVINCIAL,PROVISIONAL,MASCULINO,1,110101,ICA,ICA,ICA,12/01/2026
2025,12,09/01/2026,ICA,MIXTA,FISCAL PROVINCIAL,PROVISIONAL (Titular Promovido),FEMENINO,1,110101,ICA,ICA,ICA,12/01/2026
2025,12,09/01/2026,ICA,MIXTA,FISCAL SUPERIOR,TITULAR,FEMENINO,1,110101,ICA,ICA,ICA,12/01/2026
2025,12,09/01/2026,ICA,PENAL,FISCAL ADJUNTO PROVINCIAL,PROVISIONAL,FEMENINO,15,110101,ICA,ICA,ICA,12/01/2026
2025,12,09/01/2026,ICA,PENAL,FISCAL ADJUNTO PROVINCIAL,PROVISIONAL,MASCULINO,9,110101,ICA,ICA,ICA,12/01/2026
2025,12,09/01/2026,ICA,PENAL,FISCAL ADJUNTO PROVINCIAL,TITULAR,FEMENINO,9,110101,ICA,ICA,ICA,12/01/2026
2025,12,09/01/2026,ICA,PENAL,FISCAL ADJUNTO PROVINCIAL,TITULAR,MASCULINO,11,110101,ICA,ICA,ICA,12/01/2026
2025,12,09/01/2026,ICA,PENAL,FISCAL ADJUNTO SUPERIOR,PROVISIONAL (Titular Promovido),MASCULINO,2,110101,ICA,ICA,ICA,12/01/2026
2025,12,09/01/2026,ICA,PENAL,FISCAL ADJUNTO SUPERIOR,TITULAR,FEMENINO,3,110101,ICA,ICA,ICA,12/01/2026
2025,12,09/01/2026,ICA,PENAL,FISCAL ADJUNTO SUPERIOR,TITULAR,MASCULINO,2,110101,ICA,ICA,ICA,12/01/2026
2025,12,09/01/2026,ICA,PENAL,FISCAL PROVINCIAL,PROVISIONAL,FEMENINO,3,110101,ICA,ICA,ICA,12/01/2026
2025,12,09/01/2026,ICA,PENAL,FISCAL PROVINCIAL,PROVISIONAL,MASCULINO,1,110101,ICA,ICA,ICA,12/01/2026
2025,12,09/01/2026,ICA,PENAL,FISCAL PROVINCIAL,PROVISIONAL (Titular Promovido),FEMENINO,3,110101,ICA,ICA,ICA,12/01/2026
2025,12,09/01/2026,ICA,PENAL,FISCAL PROVINCIAL,PROVISIONAL (Titular Promovido),MASCULINO,5,110101,ICA,ICA,ICA,12/01/2026
2025,12,09/01/2026,ICA,PENAL,FISCAL PROVINCIAL,TITULAR,FEMENINO,4,110101,ICA,ICA,ICA,12/01/2026
2025,12,09/01/2026,ICA,PENAL,FISCAL PROVINCIAL,TITULAR,MASCULINO,14,110101,ICA,ICA,ICA,12/01/2026
2025,12,09/01/2026,ICA,PENAL,FISCAL SUPERIOR,PROVISIONAL (Titular Promovido),FEMENINO,1,110101,ICA,ICA,ICA,12/01/2026
2025,12,09/01/2026,ICA,PENAL,FISCAL SUPERIOR,PROVISIONAL (Titular Promovido),MASCULINO,1,110101,ICA,ICA,ICA,12/01/2026
2025,12,09/01/2026,ICA,PENAL,FISCAL SUPERIOR,TITULAR,FEMENINO,2,110101,ICA,ICA,ICA,12/01/2026
2025,12,09/01/2026,ICA,PENAL,FISCAL SUPERIOR,TITULAR,MASCULINO,1,110101,ICA,ICA,ICA,12/01/2026
2025,12,09/01/2026,ICA,PREVENCION DEL DELITO,FISCAL ADJUNTO PROVINCIAL,PROVISIONAL,MASCULINO,2,110101,ICA,ICA,ICA,12/01/2026
2025,12,09/01/2026,ICA,PREVENCION DEL DELITO,FISCAL ADJUNTO PROVINCIAL,TITULAR,MASCULINO,1,110101,ICA,ICA,ICA,12/01/2026
2025,12,09/01/2026,ICA,PREVENCION DEL DELITO,FISCAL PROVINCIAL,TITULAR,MASCULINO,1,110101,ICA,ICA,ICA,12/01/2026
2025,12,09/01/2026,ICA,DERECHOS HUMANOS Y CONTRA EL TERRORISMO,FISCAL ADJUNTO PROVINCIAL,PROVISIONAL,FEMENINO,2,110101,ICA,ICA,ICA,12/01/2026
2025,12,09/01/2026,ICA,DERECHOS HUMANOS Y CONTRA EL TERRORISMO,FISCAL PROVINCIAL,PROVISIONAL (Titular Promovido),FEMENINO,1,110101,ICA,ICA,ICA,12/01/2026
2025,12,09/01/2026,JUNIN,AUTORIDAD NACIONAL DE CONTROL,FISCAL ADJUNTO SUPERIOR,PROVISIONAL,FEMENINO,1,120114,JUNIN,HUANCAYO,EL TAMBO,12/01/2026
2025,12,09/01/2026,JUNIN,AUTORIDAD NACIONAL DE CONTROL,FISCAL ADJUNTO SUPERIOR,PROVISIONAL (Titular Promovido),MASCULINO,1,120114,JUNIN,HUANCAYO,EL TAMBO,12/01/2026
2025,12,09/01/2026,JUNIN,AUTORIDAD NACIONAL DE CONTROL,FISCAL PROVINCIAL,PROVISIONAL,FEMENINO,1,120114,JUNIN,HUANCAYO,EL TAMBO,12/01/2026
2025,12,09/01/2026,JUNIN,CORRUPCION DE FUNCIONARIOS,FISCAL ADJUNTO PROVINCIAL,PROVISIONAL,FEMENINO,5,120114,JUNIN,HUANCAYO,EL TAMBO,12/01/2026
2025,12,09/01/2026,JUNIN,CORRUPCION DE FUNCIONARIOS,FISCAL ADJUNTO PROVINCIAL,PROVISIONAL,MASCULINO,3,120114,JUNIN,HUANCAYO,EL TAMBO,12/01/2026
2025,12,09/01/2026,JUNIN,CORRUPCION DE FUNCIONARIOS,FISCAL ADJUNTO PROVINCIAL,TITULAR,FEMENINO,3,120114,JUNIN,HUANCAYO,EL TAMBO,12/01/2026
2025,12,09/01/2026,JUNIN,CORRUPCION DE FUNCIONARIOS,FISCAL ADJUNTO SUPERIOR,TITULAR,FEMENINO,1,120114,JUNIN,HUANCAYO,EL TAMBO,12/01/2026
2025,12,09/01/2026,JUNIN,CORRUPCION DE FUNCIONARIOS,FISCAL ADJUNTO SUPERIOR,TITULAR,MASCULINO,1,120114,JUNIN,HUANCAYO,EL TAMBO,12/01/2026
2025,12,09/01/2026,JUNIN,CORRUPCION DE FUNCIONARIOS,FISCAL PROVINCIAL,PROVISIONAL (Titular Promovido),MASCULINO,1,120114,JUNIN,HUANCAYO,EL TAMBO,12/01/2026
2025,12,09/01/2026,JUNIN,CORRUPCION DE FUNCIONARIOS,FISCAL PROVINCIAL,TITULAR,FEMENINO,1,120114,JUNIN,HUANCAYO,EL TAMBO,12/01/2026
2025,12,09/01/2026,JUNIN,CORRUPCION DE FUNCIONARIOS,FISCAL PROVINCIAL,TITULAR,MASCULINO,2,120114,JUNIN,HUANCAYO,EL TAMBO,12/01/2026
2025,12,09/01/2026,JUNIN,CORRUPCION DE FUNCIONARIOS,FISCAL SUPERIOR,TITULAR,MASCULINO,1,120114,JUNIN,HUANCAYO,EL TAMBO,12/01/2026
2025,12,09/01/2026,JUNIN,CRIMEN ORGANIZADO,FISCAL ADJUNTO PROVINCIAL,PROVISIONAL,FEMENINO,1,120114,JUNIN,HUANCAYO,EL TAMBO,12/01/2026
2025,12,09/01/2026,JUNIN,CRIMEN ORGANIZADO,FISCAL ADJUNTO PROVINCIAL,PROVISIONAL,MASCULINO,5,120114,JUNIN,HUANCAYO,EL TAMBO,12/01/2026
2025,12,09/01/2026,JUNIN,CRIMEN ORGANIZADO,FISCAL PROVINCIAL,PROVISIONAL (Titular Promovido),FEMENINO,1,120114,JUNIN,HUANCAYO,EL TAMBO,12/01/2026
2025,12,09/01/2026,JUNIN,CRIMEN ORGANIZADO,FISCAL PROVINCIAL,PROVISIONAL (Titular Promovido),MASCULINO,1,120114,JUNIN,HUANCAYO,EL TAMBO,12/01/2026
2025,12,09/01/2026,JUNIN,EXTINCION DE DOMINIO,FISCAL ADJUNTO PROVINCIAL,PROVISIONAL,FEMENINO,1,120114,JUNIN,HUANCAYO,EL TAMBO,12/01/2026
2025,12,09/01/2026,JUNIN,EXTINCION DE DOMINIO,FISCAL ADJUNTO PROVINCIAL,PROVISIONAL,MASCULINO,1,120114,JUNIN,HUANCAYO,EL TAMBO,12/01/2026
2025,12,09/01/2026,JUNIN,EXTINCION DE DOMINIO,FISCAL PROVINCIAL,PROVISIONAL (Titular Promovido),FEMENINO,1,120114,JUNIN,HUANCAYO,EL TAMBO,12/01/2026
2025,12,09/01/2026,JUNIN,FAMILIA,FISCAL ADJUNTO PROVINCIAL,PROVISIONAL,FEMENINO,10,120114,JUNIN,HUANCAYO,EL TAMBO,12/01/2026
2025,12,09/01/2026,JUNIN,FAMILIA,FISCAL ADJUNTO PROVINCIAL,PROVISIONAL,MASCULINO,1,120114,JUNIN,HUANCAYO,EL TAMBO,12/01/2026
2025,12,09/01/2026,JUNIN,FAMILIA,FISCAL ADJUNTO PROVINCIAL,TITULAR,MASCULINO,1,120114,JUNIN,HUANCAYO,EL TAMBO,12/01/2026
2025,12,09/01/2026,JUNIN,FAMILIA,FISCAL ADJUNTO SUPERIOR,TITULAR,MASCULINO,2,120114,JUNIN,HUANCAYO,EL TAMBO,12/01/2026
2025,12,09/01/2026,JUNIN,FAMILIA,FISCAL PROVINCIAL,PROVISIONAL,FEMENINO,3,120114,JUNIN,HUANCAYO,EL TAMBO,12/01/2026
2025,12,09/01/2026,JUNIN,FAMILIA,FISCAL PROVINCIAL,PROVISIONAL (Titular Promovido),FEMENINO,1,120114,JUNIN,HUANCAYO,EL TAMBO,12/01/2026
2025,12,09/01/2026,JUNIN,FAMILIA,FISCAL PROVINCIAL,TITULAR,FEMENINO,1,120114,JUNIN,HUANCAYO,EL TAMBO,12/01/2026
2025,12,09/01/2026,JUNIN,FAMILIA,FISCAL PROVINCIAL,TITULAR,MASCULINO,4,120114,JUNIN,HUANCAYO,EL TAMBO,12/01/2026
2025,12,09/01/2026,JUNIN,FAMILIA,FISCAL SUPERIOR,PROVISIONAL (Titular Promovido),FEMENINO,1,120114,JUNIN,HUANCAYO,EL TAMBO,12/01/2026
2025,12,09/01/2026,JUNIN,FAMILIA,FISCAL SUPERIOR,PROVISIONAL (Titular Promovido),MASCULINO,1,120114,JUNIN,HUANCAYO,EL TAMBO,12/01/2026
2025,12,09/01/2026,JUNIN,MATERIA AMBIENTAL,FISCAL ADJUNTO PROVINCIAL,PROVISIONAL,FEMENINO,1,120114,JUNIN,HUANCAYO,EL TAMBO,12/01/2026
2025,12,09/01/2026,JUNIN,MATERIA AMBIENTAL,FISCAL ADJUNTO PROVINCIAL,PROVISIONAL,MASCULINO,1,120114,JUNIN,HUANCAYO,EL TAMBO,12/01/2026
2025,12,09/01/2026,JUNIN,MATERIA AMBIENTAL,FISCAL PROVINCIAL,PROVISIONAL (Titular Promovido),MASCULINO,1,120114,JUNIN,HUANCAYO,EL TAMBO,12/01/2026
2025,12,09/01/2026,JUNIN,MIXTA,FISCAL ADJUNTO PROVINCIAL,PROVISIONAL,FEMENINO,2,120114,JUNIN,HUANCAYO,EL TAMBO,12/01/2026
2025,12,09/01/2026,JUNIN,MIXTA,FISCAL PROVINCIAL,PROVISIONAL,FEMENINO,1,120114,JUNIN,HUANCAYO,EL TAMBO,12/01/2026
2025,12,09/01/2026,JUNIN,MIXTA,FISCAL PROVINCIAL,PROVISIONAL,MASCULINO,1,120114,JUNIN,HUANCAYO,EL TAMBO,12/01/2026
2025,12,09/01/2026,JUNIN,PENAL,FISCAL ADJUNTO PROVINCIAL,PROVISIONAL,FEMENINO,58,120114,JUNIN,HUANCAYO,EL TAMBO,12/01/2026
2025,12,09/01/2026,JUNIN,PENAL,FISCAL ADJUNTO PROVINCIAL,PROVISIONAL,MASCULINO,19,120114,JUNIN,HUANCAYO,EL TAMBO,12/01/2026
2025,12,09/01/2026,JUNIN,PENAL,FISCAL ADJUNTO PROVINCIAL,TITULAR,FEMENINO,2,120114,JUNIN,HUANCAYO,EL TAMBO,12/01/2026
2025,12,09/01/2026,JUNIN,PENAL,FISCAL ADJUNTO SUPERIOR,PROVISIONAL,FEMENINO,7,120114,JUNIN,HUANCAYO,EL TAMBO,12/01/2026
2025,12,09/01/2026,JUNIN,PENAL,FISCAL ADJUNTO SUPERIOR,PROVISIONAL,MASCULINO,1,120114,JUNIN,HUANCAYO,EL TAMBO,12/01/2026
2025,12,09/01/2026,JUNIN,PENAL,FISCAL ADJUNTO SUPERIOR,PROVISIONAL (Titular Promovido),FEMENINO,2,120114,JUNIN,HUANCAYO,EL TAMBO,12/01/2026
2025,12,09/01/2026,JUNIN,PENAL,FISCAL ADJUNTO SUPERIOR,PROVISIONAL (Titular Promovido),MASCULINO,3,120114,JUNIN,HUANCAYO,EL TAMBO,12/01/2026
2025,12,09/01/2026,JUNIN,PENAL,FISCAL ADJUNTO SUPERIOR,TITULAR,FEMENINO,1,120114,JUNIN,HUANCAYO,EL TAMBO,12/01/2026
2025,12,09/01/2026,JUNIN,PENAL,FISCAL PROVINCIAL,PROVISIONAL,FEMENINO,14,120114,JUNIN,HUANCAYO,EL TAMBO,12/01/2026
2025,12,09/01/2026,JUNIN,PENAL,FISCAL PROVINCIAL,PROVISIONAL,MASCULINO,12,120114,JUNIN,HUANCAYO,EL TAMBO,12/01/2026
2025,12,09/01/2026,JUNIN,PENAL,FISCAL PROVINCIAL,PROVISIONAL (Titular Promovido),FEMENINO,8,120114,JUNIN,HUANCAYO,EL TAMBO,12/01/2026
2025,12,09/01/2026,JUNIN,PENAL,FISCAL PROVINCIAL,PROVISIONAL (Titular Promovido),MASCULINO,2,120114,JUNIN,HUANCAYO,EL TAMBO,12/01/2026
2025,12,09/01/2026,JUNIN,PENAL,FISCAL PROVINCIAL,TITULAR,FEMENINO,1,120114,JUNIN,HUANCAYO,EL TAMBO,12/01/2026
2025,12,09/01/2026,JUNIN,PENAL,FISCAL PROVINCIAL,TITULAR,MASCULINO,1,120114,JUNIN,HUANCAYO,EL TAMBO,12/01/2026
2025,12,09/01/2026,JUNIN,PENAL,FISCAL SUPERIOR,PROVISIONAL (Titular Promovido),FEMENINO,1,120114,JUNIN,HUANCAYO,EL TAMBO,12/01/2026
2025,12,09/01/2026,JUNIN,PENAL,FISCAL SUPERIOR,PROVISIONAL (Titular Promovido),MASCULINO,2,120114,JUNIN,HUANCAYO,EL TAMBO,12/01/2026
2025,12,09/01/2026,JUNIN,PENAL,FISCAL SUPERIOR,TITULAR,MASCULINO,3,120114,JUNIN,HUANCAYO,EL TAMBO,12/01/2026
2025,12,09/01/2026,JUNIN,POOL / EQUIPO DE APOYO FISCAL (SIN ESPECIALIDAD),FISCAL ADJUNTO PROVINCIAL,PROVISIONAL,FEMENINO,2,120114,JUNIN,HUANCAYO,EL TAMBO,12/01/2026
2025,12,09/01/2026,JUNIN,POOL / EQUIPO DE APOYO FISCAL (SIN ESPECIALIDAD),FISCAL ADJUNTO PROVINCIAL,PROVISIONAL,MASCULINO,1,120114,JUNIN,HUANCAYO,EL TAMBO,12/01/2026
2025,12,09/01/2026,JUNIN,PREVENCION DEL DELITO,FISCAL ADJUNTO PROVINCIAL,PROVISIONAL,FEMENINO,2,120114,JUNIN,HUANCAYO,EL TAMBO,12/01/2026
2025,12,09/01/2026,JUNIN,PREVENCION DEL DELITO,FISCAL ADJUNTO PROVINCIAL,PROVISIONAL,MASCULINO,1,120114,JUNIN,HUANCAYO,EL TAMBO,12/01/2026
2025,12,09/01/2026,JUNIN,PREVENCION DEL DELITO,FISCAL PROVINCIAL,PROVISIONAL,FEMENINO,2,120114,JUNIN,HUANCAYO,EL TAMBO,12/01/2026
2025,12,09/01/2026,JUNIN,TRAFICO ILICITO DE DROGAS,FISCAL ADJUNTO PROVINCIAL,PROVISIONAL,FEMENINO,3,120114,JUNIN,HUANCAYO,EL TAMBO,12/01/2026
2025,12,09/01/2026,JUNIN,TRAFICO ILICITO DE DROGAS,FISCAL PROVINCIAL,TITULAR,MASCULINO,1,120114,JUNIN,HUANCAYO,EL TAMBO,12/01/2026
2025,12,09/01/2026,JUNIN,VIOLENCIA CONTRA LA MUJER E INTEGRANTES DEL GRUPO FAMILIAR,FISCAL ADJUNTO PROVINCIAL,PROVISIONAL,FEMENINO,30,120114,JUNIN,HUANCAYO,EL TAMBO,12/01/2026
2025,12,09/01/2026,JUNIN,VIOLENCIA CONTRA LA MUJER E INTEGRANTES DEL GRUPO FAMILIAR,FISCAL ADJUNTO PROVINCIAL,PROVISIONAL,MASCULINO,12,120114,JUNIN,HUANCAYO,EL TAMBO,12/01/2026
2025,12,09/01/2026,JUNIN,VIOLENCIA CONTRA LA MUJER E INTEGRANTES DEL GRUPO FAMILIAR,FISCAL ADJUNTO SUPERIOR,PROVISIONAL,MASCULINO,1,120114,JUNIN,HUANCAYO,EL TAMBO,12/01/2026
2025,12,09/01/2026,JUNIN,VIOLENCIA CONTRA LA MUJER E INTEGRANTES DEL GRUPO FAMILIAR,FISCAL ADJUNTO SUPERIOR,PROVISIONAL (Titular Promovido),FEMENINO,1,120114,JUNIN,HUANCAYO,EL TAMBO,12/01/2026
2025,12,09/01/2026,JUNIN,VIOLENCIA CONTRA LA MUJER E INTEGRANTES DEL GRUPO FAMILIAR,FISCAL PROVINCIAL,PROVISIONAL,FEMENINO,6,120114,JUNIN,HUANCAYO,EL TAMBO,12/01/2026
2025,12,09/01/2026,JUNIN,VIOLENCIA CONTRA LA MUJER E INTEGRANTES DEL GRUPO FAMILIAR,FISCAL PROVINCIAL,PROVISIONAL,MASCULINO,4,120114,JUNIN,HUANCAYO,EL TAMBO,12/01/2026
2025,12,09/01/2026,JUNIN,VIOLENCIA CONTRA LA MUJER E INTEGRANTES DEL GRUPO FAMILIAR,FISCAL PROVINCIAL,PROVISIONAL (Titular Promovido),FEMENINO,1,120114,JUNIN,HUANCAYO,EL TAMBO,12/01/2026
2025,12,09/01/2026,JUNIN,VIOLENCIA CONTRA LA MUJER E INTEGRANTES DEL GRUPO FAMILIAR,FISCAL SUPERIOR,PROVISIONAL (Titular Promovido),FEMENINO,1,120114,JUNIN,HUANCAYO,EL TAMBO,12/01/2026
2025,12,09/01/2026,JUNIN,DERECHOS HUMANOS Y CONTRA EL TERRORISMO,FISCAL ADJUNTO PROVINCIAL,PROVISIONAL,FEMENINO,2,120114,JUNIN,HUANCAYO,EL TAMBO,12/01/2026
2025,12,09/01/2026,JUNIN,DERECHOS HUMANOS Y CONTRA EL TERRORISMO,FISCAL ADJUNTO PROVINCIAL,PROVISIONAL,MASCULINO,3,120114,JUNIN,HUANCAYO,EL TAMBO,12/01/2026
2025,12,09/01/2026,JUNIN,DERECHOS HUMANOS Y CONTRA EL TERRORISMO,FISCAL PROVINCIAL,PROVISIONAL (Titular Promovido),MASCULINO,2,120114,JUNIN,HUANCAYO,EL TAMBO,12/01/2026
2025,12,09/01/2026,LA LIBERTAD,AUTORIDAD NACIONAL DE CONTROL,FISCAL ADJUNTO SUPERIOR,PROVISIONAL (Titular Promovido),FEMENINO,2,130101,LA LIBERTAD,TRUJILLO,TRUJILLO,12/01/2026
2025,12,09/01/2026,LA LIBERTAD,AUTORIDAD NACIONAL DE CONTROL,FISCAL SUPERIOR,PROVISIONAL (Titular Promovido),FEMENINO,1,130101,LA LIBERTAD,TRUJILLO,TRUJILLO,12/01/2026
2025,12,09/01/2026,LA LIBERTAD,CORRUPCION DE FUNCIONARIOS,FISCAL ADJUNTO PROVINCIAL,PROVISIONAL,FEMENINO,6,130101,LA LIBERTAD,TRUJILLO,TRUJILLO,12/01/2026
2025,12,09/01/2026,LA LIBERTAD,CORRUPCION DE FUNCIONARIOS,FISCAL ADJUNTO PROVINCIAL,PROVISIONAL,MASCULINO,1,130101,LA LIBERTAD,TRUJILLO,TRUJILLO,12/01/2026
2025,12,09/01/2026,LA LIBERTAD,CORRUPCION DE FUNCIONARIOS,FISCAL ADJUNTO PROVINCIAL,TITULAR,FEMENINO,4,130101,LA LIBERTAD,TRUJILLO,TRUJILLO,12/01/2026
2025,12,09/01/2026,LA LIBERTAD,CORRUPCION DE FUNCIONARIOS,FISCAL ADJUNTO PROVINCIAL,TITULAR,MASCULINO,3,130101,LA LIBERTAD,TRUJILLO,TRUJILLO,12/01/2026
2025,12,09/01/2026,LA LIBERTAD,CORRUPCION DE FUNCIONARIOS,FISCAL PROVINCIAL,PROVISIONAL (Titular Promovido),FEMENINO,1,130101,LA LIBERTAD,TRUJILLO,TRUJILLO,12/01/2026
2025,12,09/01/2026,LA LIBERTAD,CORRUPCION DE FUNCIONARIOS,FISCAL PROVINCIAL,TITULAR,FEMENINO,1,130101,LA LIBERTAD,TRUJILLO,TRUJILLO,12/01/2026
2025,12,09/01/2026,LA LIBERTAD,CORRUPCION DE FUNCIONARIOS,FISCAL PROVINCIAL,TITULAR,MASCULINO,4,130101,LA LIBERTAD,TRUJILLO,TRUJILLO,12/01/2026
2025,12,09/01/2026,LA LIBERTAD,CRIMEN ORGANIZADO,FISCAL ADJUNTO PROVINCIAL,PROVISIONAL,FEMENINO,3,130101,LA LIBERTAD,TRUJILLO,TRUJILLO,12/01/2026
2025,12,09/01/2026,LA LIBERTAD,CRIMEN ORGANIZADO,FISCAL ADJUNTO PROVINCIAL,PROVISIONAL,MASCULINO,2,130101,LA LIBERTAD,TRUJILLO,TRUJILLO,12/01/2026
2025,12,09/01/2026,LA LIBERTAD,CRIMEN ORGANIZADO,FISCAL ADJUNTO PROVINCIAL,TITULAR,FEMENINO,3,130101,LA LIBERTAD,TRUJILLO,TRUJILLO,12/01/2026
2025,12,09/01/2026,LA LIBERTAD,CRIMEN ORGANIZADO,FISCAL ADJUNTO PROVINCIAL,TITULAR,MASCULINO,4,130101,LA LIBERTAD,TRUJILLO,TRUJILLO,12/01/2026
2025,12,09/01/2026,LA LIBERTAD,CRIMEN ORGANIZADO,FISCAL PROVINCIAL,PROVISIONAL (Titular Promovido),MASCULINO,1,130101,LA LIBERTAD,TRUJILLO,TRUJILLO,12/01/2026
2025,12,09/01/2026,LA LIBERTAD,CRIMEN ORGANIZADO,FISCAL PROVINCIAL,TITULAR,FEMENINO,2,130101,LA LIBERTAD,TRUJILLO,TRUJILLO,12/01/2026
2025,12,09/01/2026,LA LIBERTAD,CRIMEN ORGANIZADO,FISCAL PROVINCIAL,TITULAR,MASCULINO,1,130101,LA LIBERTAD,TRUJILLO,TRUJILLO,12/01/2026
2025,12,09/01/2026,LA LIBERTAD,DELITOS DE TRATA DE PERSONAS,FISCAL ADJUNTO PROVINCIAL,PROVISIONAL,FEMENINO,1,130101,LA LIBERTAD,TRUJILLO,TRUJILLO,12/01/2026
2025,12,09/01/2026,LA LIBERTAD,DELITOS DE TRATA DE PERSONAS,FISCAL ADJUNTO PROVINCIAL,PROVISIONAL,MASCULINO,1,130101,LA LIBERTAD,TRUJILLO,TRUJILLO,12/01/2026
2025,12,09/01/2026,LA LIBERTAD,DELITOS DE TRATA DE PERSONAS,FISCAL PROVINCIAL,PROVISIONAL,FEMENINO,1,130101,LA LIBERTAD,TRUJILLO,TRUJILLO,12/01/2026
2025,12,09/01/2026,LA LIBERTAD,EXTINCION DE DOMINIO,FISCAL ADJUNTO PROVINCIAL,PROVISIONAL,MASCULINO,2,130101,LA LIBERTAD,TRUJILLO,TRUJILLO,12/01/2026
2025,12,09/01/2026,LA LIBERTAD,EXTINCION DE DOMINIO,FISCAL PROVINCIAL,PROVISIONAL (Titular Promovido),FEMENINO,1,130101,LA LIBERTAD,TRUJILLO,TRUJILLO,12/01/2026
2025,12,09/01/2026,LA LIBERTAD,FAMILIA,FISCAL ADJUNTO PROVINCIAL,PROVISIONAL,MASCULINO,1,130101,LA LIBERTAD,TRUJILLO,TRUJILLO,12/01/2026
2025,12,09/01/2026,LA LIBERTAD,FAMILIA,FISCAL ADJUNTO PROVINCIAL,TITULAR,FEMENINO,3,130101,LA LIBERTAD,TRUJILLO,TRUJILLO,12/01/2026
2025,12,09/01/2026,LA LIBERTAD,FAMILIA,FISCAL ADJUNTO SUPERIOR,TITULAR,FEMENINO,1,130101,LA LIBERTAD,TRUJILLO,TRUJILLO,12/01/2026
2025,12,09/01/2026,LA LIBERTAD,FAMILIA,FISCAL PROVINCIAL,TITULAR,FEMENINO,4,130101,LA LIBERTAD,TRUJILLO,TRUJILLO,12/01/2026
2025,12,09/01/2026,LA LIBERTAD,FAMILIA,FISCAL SUPERIOR,TITULAR,FEMENINO,1,130101,LA LIBERTAD,TRUJILLO,TRUJILLO,12/01/2026
2025,12,09/01/2026,LA LIBERTAD,MATERIA AMBIENTAL,FISCAL ADJUNTO PROVINCIAL,PROVISIONAL,FEMENINO,4,130101,LA LIBERTAD,TRUJILLO,TRUJILLO,12/01/2026
2025,12,09/01/2026,LA LIBERTAD,MATERIA AMBIENTAL,FISCAL ADJUNTO PROVINCIAL,PROVISIONAL,MASCULINO,8,130101,LA LIBERTAD,TRUJILLO,TRUJILLO,12/01/2026
2025,12,09/01/2026,LA LIBERTAD,MATERIA AMBIENTAL,FISCAL PROVINCIAL,PROVISIONAL,MASCULINO,1,130101,LA LIBERTAD,TRUJILLO,TRUJILLO,12/01/2026
2025,12,09/01/2026,LA LIBERTAD,MATERIA AMBIENTAL,FISCAL PROVINCIAL,PROVISIONAL (Titular Promovido),FEMENINO,1,130101,LA LIBERTAD,TRUJILLO,TRUJILLO,12/01/2026
2025,12,09/01/2026,LA LIBERTAD,MATERIA AMBIENTAL,FISCAL PROVINCIAL,PROVISIONAL (Titular Promovido),MASCULINO,1,130101,LA LIBERTAD,TRUJILLO,TRUJILLO,12/01/2026
2025,12,09/01/2026,LA LIBERTAD,MATERIA AMBIENTAL,FISCAL PROVINCIAL,TITULAR,FEMENINO,1,130101,LA LIBERTAD,TRUJILLO,TRUJILLO,12/01/2026
2025,12,09/01/2026,LA LIBERTAD,MIXTA,FISCAL ADJUNTO PROVINCIAL,PROVISIONAL,FEMENINO,22,130101,LA LIBERTAD,TRUJILLO,TRUJILLO,12/01/2026
2025,12,09/01/2026,LA LIBERTAD,MIXTA,FISCAL ADJUNTO PROVINCIAL,PROVISIONAL,MASCULINO,8,130101,LA LIBERTAD,TRUJILLO,TRUJILLO,12/01/2026
2025,12,09/01/2026,LA LIBERTAD,MIXTA,FISCAL ADJUNTO PROVINCIAL,TITULAR,FEMENINO,4,130101,LA LIBERTAD,TRUJILLO,TRUJILLO,12/01/2026
2025,12,09/01/2026,LA LIBERTAD,MIXTA,FISCAL ADJUNTO PROVINCIAL,TITULAR,MASCULINO,2,130101,LA LIBERTAD,TRUJILLO,TRUJILLO,12/01/2026
2025,12,09/01/2026,LA LIBERTAD,MIXTA,FISCAL ADJUNTO SUPERIOR,TITULAR,FEMENINO,1,130101,LA LIBERTAD,TRUJILLO,TRUJILLO,12/01/2026
2025,12,09/01/2026,LA LIBERTAD,MIXTA,FISCAL PROVINCIAL,PROVISIONAL,FEMENINO,3,130101,LA LIBERTAD,TRUJILLO,TRUJILLO,12/01/2026
2025,12,09/01/2026,LA LIBERTAD,MIXTA,FISCAL PROVINCIAL,PROVISIONAL,MASCULINO,7,130101,LA LIBERTAD,TRUJILLO,TRUJILLO,12/01/2026
2025,12,09/01/2026,LA LIBERTAD,MIXTA,FISCAL PROVINCIAL,PROVISIONAL (Titular Promovido),FEMENINO,3,130101,LA LIBERTAD,TRUJILLO,TRUJILLO,12/01/2026
2025,12,09/01/2026,LA LIBERTAD,MIXTA,FISCAL PROVINCIAL,PROVISIONAL (Titular Promovido),MASCULINO,2,130101,LA LIBERTAD,TRUJILLO,TRUJILLO,12/01/2026
2025,12,09/01/2026,LA LIBERTAD,MIXTA,FISCAL PROVINCIAL,TITULAR,FEMENINO,4,130101,LA LIBERTAD,TRUJILLO,TRUJILLO,12/01/2026
2025,12,09/01/2026,LA LIBERTAD,MIXTA,FISCAL PROVINCIAL,TITULAR,MASCULINO,9,130101,LA LIBERTAD,TRUJILLO,TRUJILLO,12/01/2026
2025,12,09/01/2026,LA LIBERTAD,MIXTA,FISCAL SUPERIOR,PROVISIONAL (Titular Promovido),FEMENINO,1,130101,LA LIBERTAD,TRUJILLO,TRUJILLO,12/01/2026
2025,12,09/01/2026,LA LIBERTAD,PENAL,FISCAL ADJUNTO PROVINCIAL,PROVISIONAL,FEMENINO,19,130101,LA LIBERTAD,TRUJILLO,TRUJILLO,12/01/2026
2025,12,09/01/2026,LA LIBERTAD,PENAL,FISCAL ADJUNTO PROVINCIAL,PROVISIONAL,MASCULINO,15,130101,LA LIBERTAD,TRUJILLO,TRUJILLO,12/01/2026
2025,12,09/01/2026,LA LIBERTAD,PENAL,FISCAL ADJUNTO PROVINCIAL,TITULAR,FEMENINO,14,130101,LA LIBERTAD,TRUJILLO,TRUJILLO,12/01/2026
2025,12,09/01/2026,LA LIBERTAD,PENAL,FISCAL ADJUNTO PROVINCIAL,TITULAR,MASCULINO,9,130101,LA LIBERTAD,TRUJILLO,TRUJILLO,12/01/2026
2025,12,09/01/2026,LA LIBERTAD,PENAL,FISCAL ADJUNTO SUPERIOR,PROVISIONAL,MASCULINO,1,130101,LA LIBERTAD,TRUJILLO,TRUJILLO,12/01/2026
2025,12,09/01/2026,LA LIBERTAD,PENAL,FISCAL ADJUNTO SUPERIOR,TITULAR,FEMENINO,1,130101,LA LIBERTAD,TRUJILLO,TRUJILLO,12/01/2026
2025,12,09/01/2026,LA LIBERTAD,PENAL,FISCAL ADJUNTO SUPERIOR,TITULAR,MASCULINO,6,130101,LA LIBERTAD,TRUJILLO,TRUJILLO,12/01/2026
2025,12,09/01/2026,LA LIBERTAD,PENAL,FISCAL PROVINCIAL,PROVISIONAL,FEMENINO,1,130101,LA LIBERTAD,TRUJILLO,TRUJILLO,12/01/2026
2025,12,09/01/2026,LA LIBERTAD,PENAL,FISCAL PROVINCIAL,PROVISIONAL (Titular Promovido),FEMENINO,5,130101,LA LIBERTAD,TRUJILLO,TRUJILLO,12/01/2026
2025,12,09/01/2026,LA LIBERTAD,PENAL,FISCAL PROVINCIAL,PROVISIONAL (Titular Promovido),MASCULINO,2,130101,LA LIBERTAD,TRUJILLO,TRUJILLO,12/01/2026
2025,12,09/01/2026,LA LIBERTAD,PENAL,FISCAL PROVINCIAL,TITULAR,FEMENINO,15,130101,LA LIBERTAD,TRUJILLO,TRUJILLO,12/01/2026
2025,12,09/01/2026,LA LIBERTAD,PENAL,FISCAL PROVINCIAL,TITULAR,MASCULINO,8,130101,LA LIBERTAD,TRUJILLO,TRUJILLO,12/01/2026
2025,12,09/01/2026,LA LIBERTAD,PENAL,FISCAL SUPERIOR,TITULAR,FEMENINO,4,130101,LA LIBERTAD,TRUJILLO,TRUJILLO,12/01/2026
2025,12,09/01/2026,LA LIBERTAD,PENAL,FISCAL SUPERIOR,TITULAR,MASCULINO,3,130101,LA LIBERTAD,TRUJILLO,TRUJILLO,12/01/2026
2025,12,09/01/2026,LA LIBERTAD,PREVENCION DEL DELITO,FISCAL ADJUNTO PROVINCIAL,PROVISIONAL,FEMENINO,1,130101,LA LIBERTAD,TRUJILLO,TRUJILLO,12/01/2026
2025,12,09/01/2026,LA LIBERTAD,PREVENCION DEL DELITO,FISCAL ADJUNTO PROVINCIAL,PROVISIONAL,MASCULINO,1,130101,LA LIBERTAD,TRUJILLO,TRUJILLO,12/01/2026
2025,12,09/01/2026,LA LIBERTAD,PREVENCION DEL DELITO,FISCAL ADJUNTO PROVINCIAL,TITULAR,FEMENINO,1,130101,LA LIBERTAD,TRUJILLO,TRUJILLO,12/01/2026
2025,12,09/01/2026,LA LIBERTAD,PREVENCION DEL DELITO,FISCAL ADJUNTO PROVINCIAL,TITULAR,MASCULINO,1,130101,LA LIBERTAD,TRUJILLO,TRUJILLO,12/01/2026
2025,12,09/01/2026,LA LIBERTAD,PREVENCION DEL DELITO,FISCAL PROVINCIAL,TITULAR,MASCULINO,1,130101,LA LIBERTAD,TRUJILLO,TRUJILLO,12/01/2026
2025,12,09/01/2026,LA LIBERTAD,TRAFICO ILICITO DE DROGAS,FISCAL ADJUNTO PROVINCIAL,PROVISIONAL,FEMENINO,1,130101,LA LIBERTAD,TRUJILLO,TRUJILLO,12/01/2026
2025,12,09/01/2026,LA LIBERTAD,TRAFICO ILICITO DE DROGAS,FISCAL ADJUNTO PROVINCIAL,PROVISIONAL,MASCULINO,1,130101,LA LIBERTAD,TRUJILLO,TRUJILLO,12/01/2026
2025,12,09/01/2026,LA LIBERTAD,TRAFICO ILICITO DE DROGAS,FISCAL PROVINCIAL,TITULAR,FEMENINO,1,130101,LA LIBERTAD,TRUJILLO,TRUJILLO,12/01/2026
2025,12,09/01/2026,LA LIBERTAD,VIOLENCIA CONTRA LA MUJER E INTEGRANTES DEL GRUPO FAMILIAR,FISCAL ADJUNTO PROVINCIAL,PROVISIONAL,FEMENINO,3,130101,LA LIBERTAD,TRUJILLO,TRUJILLO,12/01/2026
2025,12,09/01/2026,LA LIBERTAD,VIOLENCIA CONTRA LA MUJER E INTEGRANTES DEL GRUPO FAMILIAR,FISCAL ADJUNTO PROVINCIAL,PROVISIONAL,MASCULINO,1,130101,LA LIBERTAD,TRUJILLO,TRUJILLO,12/01/2026
2025,12,09/01/2026,LA LIBERTAD,VIOLENCIA CONTRA LA MUJER E INTEGRANTES DEL GRUPO FAMILIAR,FISCAL ADJUNTO PROVINCIAL,TITULAR,FEMENINO,1,130101,LA LIBERTAD,TRUJILLO,TRUJILLO,12/01/2026
2025,12,09/01/2026,LA LIBERTAD,VIOLENCIA CONTRA LA MUJER E INTEGRANTES DEL GRUPO FAMILIAR,FISCAL PROVINCIAL,PROVISIONAL,MASCULINO,1,130101,LA LIBERTAD,TRUJILLO,TRUJILLO,12/01/2026
2025,12,09/01/2026,LA LIBERTAD,VIOLENCIA CONTRA LA MUJER E INTEGRANTES DEL GRUPO FAMILIAR,FISCAL PROVINCIAL,PROVISIONAL (Titular Promovido),FEMENINO,1,130101,LA LIBERTAD,TRUJILLO,TRUJILLO,12/01/2026
2025,12,09/01/2026,LA LIBERTAD,VIOLENCIA CONTRA LA MUJER E INTEGRANTES DEL GRUPO FAMILIAR,FISCAL PROVINCIAL,TITULAR,FEMENINO,1,130101,LA LIBERTAD,TRUJILLO,TRUJILLO,12/01/2026
2025,12,09/01/2026,LA LIBERTAD,VIOLENCIA CONTRA LA MUJER E INTEGRANTES DEL GRUPO FAMILIAR,FISCAL PROVINCIAL,TITULAR,MASCULINO,2,130101,LA LIBERTAD,TRUJILLO,TRUJILLO,12/01/2026
2025,12,09/01/2026,LA LIBERTAD,CIBERDELINCUENCIA,FISCAL ADJUNTO PROVINCIAL,PROVISIONAL,FEMENINO,1,130101,LA LIBERTAD,TRUJILLO,TRUJILLO,12/01/2026
2025,12,09/01/2026,LA LIBERTAD,CIBERDELINCUENCIA,FISCAL ADJUNTO PROVINCIAL,TITULAR,FEMENINO,1,130101,LA LIBERTAD,TRUJILLO,TRUJILLO,12/01/2026
2025,12,09/01/2026,LA LIBERTAD,CIBERDELINCUENCIA,FISCAL PROVINCIAL,PROVISIONAL (Titular Promovido),MASCULINO,1,130101,LA LIBERTAD,TRUJILLO,TRUJILLO,12/01/2026
2025,12,09/01/2026,LA LIBERTAD,PENAL DE FLAGRANCIA DELICTIVA,FISCAL ADJUNTO PROVINCIAL,PROVISIONAL,FEMENINO,11,130101,LA LIBERTAD,TRUJILLO,TRUJILLO,12/01/2026
2025,12,09/01/2026,LA LIBERTAD,PENAL DE FLAGRANCIA DELICTIVA,FISCAL ADJUNTO PROVINCIAL,PROVISIONAL,MASCULINO,5,130101,LA LIBERTAD,TRUJILLO,TRUJILLO,12/01/2026
2025,12,09/01/2026,LA LIBERTAD,PENAL DE FLAGRANCIA DELICTIVA,FISCAL PROVINCIAL,PROVISIONAL,FEMENINO,2,130101,LA LIBERTAD,TRUJILLO,TRUJILLO,12/01/2026
2025,12,09/01/2026,LA LIBERTAD,PENAL DE FLAGRANCIA DELICTIVA,FISCAL PROVINCIAL,PROVISIONAL (Titular Promovido),MASCULINO,1,130101,LA LIBERTAD,TRUJILLO,TRUJILLO,12/01/2026
2025,12,09/01/2026,LA LIBERTAD,DERECHOS HUMANOS Y CONTRA EL TERRORISMO,FISCAL ADJUNTO PROVINCIAL,PROVISIONAL,FEMENINO,1,130101,LA LIBERTAD,TRUJILLO,TRUJILLO,12/01/2026
2025,12,09/01/2026,LA LIBERTAD,DERECHOS HUMANOS Y CONTRA EL TERRORISMO,FISCAL ADJUNTO PROVINCIAL,PROVISIONAL,MASCULINO,2,130101,LA LIBERTAD,TRUJILLO,TRUJILLO,12/01/2026
2025,12,09/01/2026,LA LIBERTAD,DERECHOS HUMANOS Y CONTRA EL TERRORISMO,FISCAL ADJUNTO PROVINCIAL,TITULAR,MASCULINO,1,130101,LA LIBERTAD,TRUJILLO,TRUJILLO,12/01/2026
2025,12,09/01/2026,LA LIBERTAD,DERECHOS HUMANOS Y CONTRA EL TERRORISMO,FISCAL PROVINCIAL,PROVISIONAL (Titular Promovido),FEMENINO,1,130101,LA LIBERTAD,TRUJILLO,TRUJILLO,12/01/2026
2025,12,09/01/2026,LAMBAYEQUE,AUTORIDAD NACIONAL DE CONTROL,FISCAL ADJUNTO SUPERIOR,PROVISIONAL (Titular Promovido),FEMENINO,1,140101,LAMBAYEQUE,CHICLAYO,CHICLAYO,12/01/2026
2025,12,09/01/2026,LAMBAYEQUE,AUTORIDAD NACIONAL DE CONTROL,FISCAL ADJUNTO SUPERIOR,PROVISIONAL (Titular Promovido),MASCULINO,1,140101,LAMBAYEQUE,CHICLAYO,CHICLAYO,12/01/2026
2025,12,09/01/2026,LAMBAYEQUE,AUTORIDAD NACIONAL DE CONTROL,FISCAL SUPERIOR,PROVISIONAL (Titular Promovido),MASCULINO,1,140101,LAMBAYEQUE,CHICLAYO,CHICLAYO,12/01/2026
2025,12,09/01/2026,LAMBAYEQUE,CORRUPCION DE FUNCIONARIOS,FISCAL ADJUNTO PROVINCIAL,PROVISIONAL,FEMENINO,5,140101,LAMBAYEQUE,CHICLAYO,CHICLAYO,12/01/2026
2025,12,09/01/2026,LAMBAYEQUE,CORRUPCION DE FUNCIONARIOS,FISCAL ADJUNTO PROVINCIAL,PROVISIONAL,MASCULINO,1,140101,LAMBAYEQUE,CHICLAYO,CHICLAYO,12/01/2026
2025,12,09/01/2026,LAMBAYEQUE,CORRUPCION DE FUNCIONARIOS,FISCAL ADJUNTO PROVINCIAL,TITULAR,FEMENINO,2,140101,LAMBAYEQUE,CHICLAYO,CHICLAYO,12/01/2026
2025,12,09/01/2026,LAMBAYEQUE,CORRUPCION DE FUNCIONARIOS,FISCAL ADJUNTO PROVINCIAL,TITULAR,MASCULINO,3,140101,LAMBAYEQUE,CHICLAYO,CHICLAYO,12/01/2026
2025,12,09/01/2026,LAMBAYEQUE,CORRUPCION DE FUNCIONARIOS,FISCAL PROVINCIAL,TITULAR,FEMENINO,2,140101,LAMBAYEQUE,CHICLAYO,CHICLAYO,12/01/2026
2025,12,09/01/2026,LAMBAYEQUE,CORRUPCION DE FUNCIONARIOS,FISCAL PROVINCIAL,TITULAR,MASCULINO,2,140101,LAMBAYEQUE,CHICLAYO,CHICLAYO,12/01/2026
2025,12,09/01/2026,LAMBAYEQUE,CRIMEN ORGANIZADO,FISCAL ADJUNTO PROVINCIAL,PROVISIONAL,FEMENINO,2,140101,LAMBAYEQUE,CHICLAYO,CHICLAYO,12/01/2026
2025,12,09/01/2026,LAMBAYEQUE,CRIMEN ORGANIZADO,FISCAL ADJUNTO PROVINCIAL,PROVISIONAL,MASCULINO,2,140101,LAMBAYEQUE,CHICLAYO,CHICLAYO,12/01/2026
2025,12,09/01/2026,LAMBAYEQUE,CRIMEN ORGANIZADO,FISCAL ADJUNTO PROVINCIAL,TITULAR,FEMENINO,1,140101,LAMBAYEQUE,CHICLAYO,CHICLAYO,12/01/2026
2025,12,09/01/2026,LAMBAYEQUE,CRIMEN ORGANIZADO,FISCAL ADJUNTO PROVINCIAL,TITULAR,MASCULINO,1,140101,LAMBAYEQUE,CHICLAYO,CHICLAYO,12/01/2026
2025,12,09/01/2026,LAMBAYEQUE,CRIMEN ORGANIZADO,FISCAL PROVINCIAL,TITULAR,MASCULINO,3,140101,LAMBAYEQUE,CHICLAYO,CHICLAYO,12/01/2026
2025,12,09/01/2026,LAMBAYEQUE,EXTINCION DE DOMINIO,FISCAL ADJUNTO PROVINCIAL,PROVISIONAL,MASCULINO,2,140101,LAMBAYEQUE,CHICLAYO,CHICLAYO,12/01/2026
2025,12,09/01/2026,LAMBAYEQUE,EXTINCION DE DOMINIO,FISCAL PROVINCIAL,PROVISIONAL (Titular Promovido),FEMENINO,1,140101,LAMBAYEQUE,CHICLAYO,CHICLAYO,12/01/2026
2025,12,09/01/2026,LAMBAYEQUE,FAMILIA,FISCAL ADJUNTO PROVINCIAL,PROVISIONAL,FEMENINO,3,140101,LAMBAYEQUE,CHICLAYO,CHICLAYO,12/01/2026
2025,12,09/01/2026,LAMBAYEQUE,FAMILIA,FISCAL ADJUNTO PROVINCIAL,TITULAR,MASCULINO,3,140101,LAMBAYEQUE,CHICLAYO,CHICLAYO,12/01/2026
2025,12,09/01/2026,LAMBAYEQUE,FAMILIA,FISCAL ADJUNTO SUPERIOR,TITULAR,MASCULINO,1,140101,LAMBAYEQUE,CHICLAYO,CHICLAYO,12/01/2026
2025,12,09/01/2026,LAMBAYEQUE,FAMILIA,FISCAL PROVINCIAL,TITULAR,FEMENINO,2,140101,LAMBAYEQUE,CHICLAYO,CHICLAYO,12/01/2026
2025,12,09/01/2026,LAMBAYEQUE,FAMILIA,FISCAL PROVINCIAL,TITULAR,MASCULINO,1,140101,LAMBAYEQUE,CHICLAYO,CHICLAYO,12/01/2026
2025,12,09/01/2026,LAMBAYEQUE,FAMILIA,FISCAL SUPERIOR,TITULAR,FEMENINO,1,140101,LAMBAYEQUE,CHICLAYO,CHICLAYO,12/01/2026
2025,12,09/01/2026,LAMBAYEQUE,MATERIA AMBIENTAL,FISCAL ADJUNTO PROVINCIAL,PROVISIONAL,MASCULINO,1,140101,LAMBAYEQUE,CHICLAYO,CHICLAYO,12/01/2026
2025,12,09/01/2026,LAMBAYEQUE,MATERIA AMBIENTAL,FISCAL ADJUNTO PROVINCIAL,TITULAR,MASCULINO,1,140101,LAMBAYEQUE,CHICLAYO,CHICLAYO,12/01/2026
2025,12,09/01/2026,LAMBAYEQUE,MATERIA AMBIENTAL,FISCAL PROVINCIAL,PROVISIONAL,MASCULINO,1,140101,LAMBAYEQUE,CHICLAYO,CHICLAYO,12/01/2026
2025,12,09/01/2026,LAMBAYEQUE,MATERIA AMBIENTAL,FISCAL PROVINCIAL,TITULAR,MASCULINO,1,140101,LAMBAYEQUE,CHICLAYO,CHICLAYO,12/01/2026
2025,12,09/01/2026,LAMBAYEQUE,MIXTA,FISCAL ADJUNTO PROVINCIAL,PROVISIONAL,FEMENINO,4,140101,LAMBAYEQUE,CHICLAYO,CHICLAYO,12/01/2026
2025,12,09/01/2026,LAMBAYEQUE,MIXTA,FISCAL ADJUNTO PROVINCIAL,PROVISIONAL,MASCULINO,8,140101,LAMBAYEQUE,CHICLAYO,CHICLAYO,12/01/2026
2025,12,09/01/2026,LAMBAYEQUE,MIXTA,FISCAL ADJUNTO PROVINCIAL,TITULAR,FEMENINO,5,140101,LAMBAYEQUE,CHICLAYO,CHICLAYO,12/01/2026
2025,12,09/01/2026,LAMBAYEQUE,MIXTA,FISCAL ADJUNTO PROVINCIAL,TITULAR,MASCULINO,8,140101,LAMBAYEQUE,CHICLAYO,CHICLAYO,12/01/2026
2025,12,09/01/2026,LAMBAYEQUE,MIXTA,FISCAL ADJUNTO SUPERIOR,TITULAR,FEMENINO,1,140101,LAMBAYEQUE,CHICLAYO,CHICLAYO,12/01/2026
2025,12,09/01/2026,LAMBAYEQUE,MIXTA,FISCAL ADJUNTO SUPERIOR,TITULAR,MASCULINO,1,140101,LAMBAYEQUE,CHICLAYO,CHICLAYO,12/01/2026
2025,12,09/01/2026,LAMBAYEQUE,MIXTA,FISCAL PROVINCIAL,TITULAR,FEMENINO,9,140101,LAMBAYEQUE,CHICLAYO,CHICLAYO,12/01/2026
2025,12,09/01/2026,LAMBAYEQUE,MIXTA,FISCAL PROVINCIAL,TITULAR,MASCULINO,5,140101,LAMBAYEQUE,CHICLAYO,CHICLAYO,12/01/2026
2025,12,09/01/2026,LAMBAYEQUE,MIXTA,FISCAL SUPERIOR,TITULAR,MASCULINO,1,140101,LAMBAYEQUE,CHICLAYO,CHICLAYO,12/01/2026
2025,12,09/01/2026,LAMBAYEQUE,PENAL,FISCAL ADJUNTO PROVINCIAL,PROVISIONAL,FEMENINO,11,140101,LAMBAYEQUE,CHICLAYO,CHICLAYO,12/01/2026
2025,12,09/01/2026,LAMBAYEQUE,PENAL,FISCAL ADJUNTO PROVINCIAL,PROVISIONAL,MASCULINO,13,140101,LAMBAYEQUE,CHICLAYO,CHICLAYO,12/01/2026
2025,12,09/01/2026,LAMBAYEQUE,PENAL,FISCAL ADJUNTO PROVINCIAL,TITULAR,FEMENINO,15,140101,LAMBAYEQUE,CHICLAYO,CHICLAYO,12/01/2026
2025,12,09/01/2026,LAMBAYEQUE,PENAL,FISCAL ADJUNTO PROVINCIAL,TITULAR,MASCULINO,25,140101,LAMBAYEQUE,CHICLAYO,CHICLAYO,12/01/2026
2025,12,09/01/2026,LAMBAYEQUE,PENAL,FISCAL ADJUNTO SUPERIOR,PROVISIONAL (Titular Promovido),FEMENINO,1,140101,LAMBAYEQUE,CHICLAYO,CHICLAYO,12/01/2026
2025,12,09/01/2026,LAMBAYEQUE,PENAL,FISCAL ADJUNTO SUPERIOR,PROVISIONAL (Titular Promovido),MASCULINO,2,140101,LAMBAYEQUE,CHICLAYO,CHICLAYO,12/01/2026
2025,12,09/01/2026,LAMBAYEQUE,PENAL,FISCAL ADJUNTO SUPERIOR,TITULAR,FEMENINO,1,140101,LAMBAYEQUE,CHICLAYO,CHICLAYO,12/01/2026
2025,12,09/01/2026,LAMBAYEQUE,PENAL,FISCAL ADJUNTO SUPERIOR,TITULAR,MASCULINO,2,140101,LAMBAYEQUE,CHICLAYO,CHICLAYO,12/01/2026
2025,12,09/01/2026,LAMBAYEQUE,PENAL,FISCAL PROVINCIAL,PROVISIONAL (Titular Promovido),FEMENINO,5,140101,LAMBAYEQUE,CHICLAYO,CHICLAYO,12/01/2026
2025,12,09/01/2026,LAMBAYEQUE,PENAL,FISCAL PROVINCIAL,PROVISIONAL (Titular Promovido),MASCULINO,1,140101,LAMBAYEQUE,CHICLAYO,CHICLAYO,12/01/2026
2025,12,09/01/2026,LAMBAYEQUE,PENAL,FISCAL PROVINCIAL,TITULAR,FEMENINO,14,140101,LAMBAYEQUE,CHICLAYO,CHICLAYO,12/01/2026
2025,12,09/01/2026,LAMBAYEQUE,PENAL,FISCAL PROVINCIAL,TITULAR,MASCULINO,20,140101,LAMBAYEQUE,CHICLAYO,CHICLAYO,12/01/2026
2025,12,09/01/2026,LAMBAYEQUE,PENAL,FISCAL SUPERIOR,PROVISIONAL (Titular Promovido),MASCULINO,1,140101,LAMBAYEQUE,CHICLAYO,CHICLAYO,12/01/2026
2025,12,09/01/2026,LAMBAYEQUE,PENAL,FISCAL SUPERIOR,TITULAR,FEMENINO,2,140101,LAMBAYEQUE,CHICLAYO,CHICLAYO,12/01/2026
2025,12,09/01/2026,LAMBAYEQUE,PENAL,FISCAL SUPERIOR,TITULAR,MASCULINO,2,140101,LAMBAYEQUE,CHICLAYO,CHICLAYO,12/01/2026
2025,12,09/01/2026,LAMBAYEQUE,PREVENCION DEL DELITO,FISCAL ADJUNTO PROVINCIAL,PROVISIONAL,FEMENINO,1,140101,LAMBAYEQUE,CHICLAYO,CHICLAYO,12/01/2026
2025,12,09/01/2026,LAMBAYEQUE,PREVENCION DEL DELITO,FISCAL ADJUNTO PROVINCIAL,PROVISIONAL,MASCULINO,2,140101,LAMBAYEQUE,CHICLAYO,CHICLAYO,12/01/2026
2025,12,09/01/2026,LAMBAYEQUE,PREVENCION DEL DELITO,FISCAL ADJUNTO PROVINCIAL,TITULAR,FEMENINO,1,140101,LAMBAYEQUE,CHICLAYO,CHICLAYO,12/01/2026
2025,12,09/01/2026,LAMBAYEQUE,PREVENCION DEL DELITO,FISCAL PROVINCIAL,PROVISIONAL (Titular Promovido),MASCULINO,1,140101,LAMBAYEQUE,CHICLAYO,CHICLAYO,12/01/2026
2025,12,09/01/2026,LAMBAYEQUE,TRAFICO ILICITO DE DROGAS,FISCAL ADJUNTO PROVINCIAL,PROVISIONAL,MASCULINO,1,140101,LAMBAYEQUE,CHICLAYO,CHICLAYO,12/01/2026
2025,12,09/01/2026,LAMBAYEQUE,TRAFICO ILICITO DE DROGAS,FISCAL PROVINCIAL,TITULAR,MASCULINO,1,140101,LAMBAYEQUE,CHICLAYO,CHICLAYO,12/01/2026
2025,12,09/01/2026,LAMBAYEQUE,VIOLENCIA CONTRA LA MUJER E INTEGRANTES DEL GRUPO FAMILIAR,FISCAL ADJUNTO PROVINCIAL,PROVISIONAL,FEMENINO,6,140101,LAMBAYEQUE,CHICLAYO,CHICLAYO,12/01/2026
2025,12,09/01/2026,LAMBAYEQUE,VIOLENCIA CONTRA LA MUJER E INTEGRANTES DEL GRUPO FAMILIAR,FISCAL ADJUNTO PROVINCIAL,PROVISIONAL,MASCULINO,5,140101,LAMBAYEQUE,CHICLAYO,CHICLAYO,12/01/2026
2025,12,09/01/2026,LAMBAYEQUE,VIOLENCIA CONTRA LA MUJER E INTEGRANTES DEL GRUPO FAMILIAR,FISCAL ADJUNTO PROVINCIAL,TITULAR,FEMENINO,2,140101,LAMBAYEQUE,CHICLAYO,CHICLAYO,12/01/2026
2025,12,09/01/2026,LAMBAYEQUE,VIOLENCIA CONTRA LA MUJER E INTEGRANTES DEL GRUPO FAMILIAR,FISCAL ADJUNTO PROVINCIAL,TITULAR,MASCULINO,1,140101,LAMBAYEQUE,CHICLAYO,CHICLAYO,12/01/2026
2025,12,09/01/2026,LAMBAYEQUE,VIOLENCIA CONTRA LA MUJER E INTEGRANTES DEL GRUPO FAMILIAR,FISCAL PROVINCIAL,TITULAR,FEMENINO,6,140101,LAMBAYEQUE,CHICLAYO,CHICLAYO,12/01/2026
2025,12,09/01/2026,LAMBAYEQUE,VIOLENCIA CONTRA LA MUJER E INTEGRANTES DEL GRUPO FAMILIAR,FISCAL PROVINCIAL,TITULAR,MASCULINO,1,140101,LAMBAYEQUE,CHICLAYO,CHICLAYO,12/01/2026
2025,12,09/01/2026,LAMBAYEQUE,PENAL DE FLAGRANCIA DELICTIVA,FISCAL ADJUNTO PROVINCIAL,PROVISIONAL,FEMENINO,9,140101,LAMBAYEQUE,CHICLAYO,CHICLAYO,12/01/2026
2025,12,09/01/2026,LAMBAYEQUE,PENAL DE FLAGRANCIA DELICTIVA,FISCAL ADJUNTO PROVINCIAL,PROVISIONAL,MASCULINO,4,140101,LAMBAYEQUE,CHICLAYO,CHICLAYO,12/01/2026
2025,12,09/01/2026,LAMBAYEQUE,PENAL DE FLAGRANCIA DELICTIVA,FISCAL PROVINCIAL,PROVISIONAL (Titular Promovido),FEMENINO,2,140101,LAMBAYEQUE,CHICLAYO,CHICLAYO,12/01/2026
2025,12,09/01/2026,LAMBAYEQUE,DERECHOS HUMANOS Y CONTRA EL TERRORISMO,FISCAL ADJUNTO PROVINCIAL,PROVISIONAL,FEMENINO,1,140101,LAMBAYEQUE,CHICLAYO,CHICLAYO,12/01/2026
2025,12,09/01/2026,LAMBAYEQUE,DERECHOS HUMANOS Y CONTRA EL TERRORISMO,FISCAL ADJUNTO PROVINCIAL,TITULAR,MASCULINO,1,140101,LAMBAYEQUE,CHICLAYO,CHICLAYO,12/01/2026
2025,12,09/01/2026,LAMBAYEQUE,DERECHOS HUMANOS Y CONTRA EL TERRORISMO,FISCAL PROVINCIAL,PROVISIONAL (Titular Promovido),FEMENINO,1,140101,LAMBAYEQUE,CHICLAYO,CHICLAYO,12/01/2026
2025,12,09/01/2026,LIMA CENTRO,AUTORIDAD NACIONAL DE CONTROL,FISCAL ADJUNTO PROVINCIAL,PROVISIONAL,FEMENINO,1,150101,LIMA,LIMA,LIMA,12/01/2026
2025,12,09/01/2026,LIMA CENTRO,AUTORIDAD NACIONAL DE CONTROL,FISCAL ADJUNTO PROVINCIAL,PROVISIONAL,MASCULINO,1,150101,LIMA,LIMA,LIMA,12/01/2026
2025,12,09/01/2026,LIMA CENTRO,AUTORIDAD NACIONAL DE CONTROL,FISCAL ADJUNTO SUPERIOR,PROVISIONAL,FEMENINO,1,150101,LIMA,LIMA,LIMA,12/01/2026
2025,12,09/01/2026,LIMA CENTRO,AUTORIDAD NACIONAL DE CONTROL,FISCAL ADJUNTO SUPERIOR,PROVISIONAL (Titular Promovido),FEMENINO,1,150101,LIMA,LIMA,LIMA,12/01/2026
2025,12,09/01/2026,LIMA CENTRO,AUTORIDAD NACIONAL DE CONTROL,FISCAL ADJUNTO SUPERIOR,PROVISIONAL (Titular Promovido),MASCULINO,1,150101,LIMA,LIMA,LIMA,12/01/2026
2025,12,09/01/2026,LIMA CENTRO,AUTORIDAD NACIONAL DE CONTROL,FISCAL ADJUNTO SUPERIOR,TITULAR,FEMENINO,1,150101,LIMA,LIMA,LIMA,12/01/2026
2025,12,09/01/2026,LIMA CENTRO,AUTORIDAD NACIONAL DE CONTROL,FISCAL ADJUNTO SUPREMO,PROVISIONAL (Titular Promovido),FEMENINO,2,150101,LIMA,LIMA,LIMA,12/01/2026
2025,12,09/01/2026,LIMA CENTRO,AUTORIDAD NACIONAL DE CONTROL,FISCAL PROVINCIAL,PROVISIONAL,FEMENINO,1,150101,LIMA,LIMA,LIMA,12/01/2026
2025,12,09/01/2026,LIMA CENTRO,AUTORIDAD NACIONAL DE CONTROL,FISCAL PROVINCIAL,PROVISIONAL (Titular Promovido),FEMENINO,2,150101,LIMA,LIMA,LIMA,12/01/2026
2025,12,09/01/2026,LIMA CENTRO,AUTORIDAD NACIONAL DE CONTROL,FISCAL PROVINCIAL,TITULAR,MASCULINO,1,150101,LIMA,LIMA,LIMA,12/01/2026
2025,12,09/01/2026,LIMA CENTRO,AUTORIDAD NACIONAL DE CONTROL,FISCAL SUPERIOR,PROVISIONAL (Titular Promovido),FEMENINO,1,150101,LIMA,LIMA,LIMA,12/01/2026
2025,12,09/01/2026,LIMA CENTRO,AUTORIDAD NACIONAL DE CONTROL,FISCAL SUPERIOR,PROVISIONAL (Titular Promovido),MASCULINO,2,150101,LIMA,LIMA,LIMA,12/01/2026
2025,12,09/01/2026,LIMA CENTRO,CORRUPCION DE FUNCIONARIOS,FISCAL ADJUNTO PROVINCIAL,PROVISIONAL,FEMENINO,70,150101,LIMA,LIMA,LIMA,12/01/2026
2025,12,09/01/2026,LIMA CENTRO,CORRUPCION DE FUNCIONARIOS,FISCAL ADJUNTO PROVINCIAL,PROVISIONAL,MASCULINO,62,150101,LIMA,LIMA,LIMA,12/01/2026
2025,12,09/01/2026,LIMA CENTRO,CORRUPCION DE FUNCIONARIOS,FISCAL ADJUNTO PROVINCIAL,TITULAR,FEMENINO,6,150101,LIMA,LIMA,LIMA,12/01/2026
2025,12,09/01/2026,LIMA CENTRO,CORRUPCION DE FUNCIONARIOS,FISCAL ADJUNTO PROVINCIAL,TITULAR,MASCULINO,11,150101,LIMA,LIMA,LIMA,12/01/2026
2025,12,09/01/2026,LIMA CENTRO,CORRUPCION DE FUNCIONARIOS,FISCAL ADJUNTO SUPERIOR,PROVISIONAL,FEMENINO,1,150101,LIMA,LIMA,LIMA,12/01/2026
2025,12,09/01/2026,LIMA CENTRO,CORRUPCION DE FUNCIONARIOS,FISCAL ADJUNTO SUPERIOR,PROVISIONAL,MASCULINO,1,150101,LIMA,LIMA,LIMA,12/01/2026
2025,12,09/01/2026,LIMA CENTRO,CORRUPCION DE FUNCIONARIOS,FISCAL ADJUNTO SUPERIOR,PROVISIONAL (Titular Promovido),FEMENINO,6,150101,LIMA,LIMA,LIMA,12/01/2026
2025,12,09/01/2026,LIMA CENTRO,CORRUPCION DE FUNCIONARIOS,FISCAL ADJUNTO SUPERIOR,PROVISIONAL (Titular Promovido),MASCULINO,2,150101,LIMA,LIMA,LIMA,12/01/2026
2025,12,09/01/2026,LIMA CENTRO,CORRUPCION DE FUNCIONARIOS,FISCAL ADJUNTO SUPERIOR,TITULAR,FEMENINO,4,150101,LIMA,LIMA,LIMA,12/01/2026
2025,12,09/01/2026,LIMA CENTRO,CORRUPCION DE FUNCIONARIOS,FISCAL ADJUNTO SUPERIOR,TITULAR,MASCULINO,6,150101,LIMA,LIMA,LIMA,12/01/2026
2025,12,09/01/2026,LIMA CENTRO,CORRUPCION DE FUNCIONARIOS,FISCAL ADJUNTO SUPREMO,PROVISIONAL (Titular Promovido),MASCULINO,9,150101,LIMA,LIMA,LIMA,12/01/2026
2025,12,09/01/2026,LIMA CENTRO,CORRUPCION DE FUNCIONARIOS,FISCAL ADJUNTO SUPREMO,TITULAR,FEMENINO,1,150101,LIMA,LIMA,LIMA,12/01/2026
2025,12,09/01/2026,LIMA CENTRO,CORRUPCION DE FUNCIONARIOS,FISCAL ADJUNTO SUPREMO,TITULAR,MASCULINO,3,150101,LIMA,LIMA,LIMA,12/01/2026
2025,12,09/01/2026,LIMA CENTRO,CORRUPCION DE FUNCIONARIOS,FISCAL PROVINCIAL,PROVISIONAL,FEMENINO,1,150101,LIMA,LIMA,LIMA,12/01/2026
2025,12,09/01/2026,LIMA CENTRO,CORRUPCION DE FUNCIONARIOS,FISCAL PROVINCIAL,PROVISIONAL,MASCULINO,4,150101,LIMA,LIMA,LIMA,12/01/2026
2025,12,09/01/2026,LIMA CENTRO,CORRUPCION DE FUNCIONARIOS,FISCAL PROVINCIAL,PROVISIONAL (Titular Promovido),FEMENINO,8,150101,LIMA,LIMA,LIMA,12/01/2026
2025,12,09/01/2026,LIMA CENTRO,CORRUPCION DE FUNCIONARIOS,FISCAL PROVINCIAL,PROVISIONAL (Titular Promovido),MASCULINO,11,150101,LIMA,LIMA,LIMA,12/01/2026
2025,12,09/01/2026,LIMA CENTRO,CORRUPCION DE FUNCIONARIOS,FISCAL PROVINCIAL,TITULAR,FEMENINO,4,150101,LIMA,LIMA,LIMA,12/01/2026
2025,12,09/01/2026,LIMA CENTRO,CORRUPCION DE FUNCIONARIOS,FISCAL PROVINCIAL,TITULAR,MASCULINO,8,150101,LIMA,LIMA,LIMA,12/01/2026
2025,12,09/01/2026,LIMA CENTRO,CORRUPCION DE FUNCIONARIOS,FISCAL SUPERIOR,PROVISIONAL (Titular Promovido),FEMENINO,2,150101,LIMA,LIMA,LIMA,12/01/2026
2025,12,09/01/2026,LIMA CENTRO,CORRUPCION DE FUNCIONARIOS,FISCAL SUPERIOR,PROVISIONAL (Titular Promovido),MASCULINO,2,150101,LIMA,LIMA,LIMA,12/01/2026
2025,12,09/01/2026,LIMA CENTRO,CORRUPCION DE FUNCIONARIOS,FISCAL SUPERIOR,TITULAR,FEMENINO,2,150101,LIMA,LIMA,LIMA,12/01/2026
2025,12,09/01/2026,LIMA CENTRO,CORRUPCION DE FUNCIONARIOS,FISCAL SUPERIOR,TITULAR,MASCULINO,2,150101,LIMA,LIMA,LIMA,12/01/2026
2025,12,09/01/2026,LIMA CENTRO,CORRUPCION DE FUNCIONARIOS,FISCAL SUPREMO,PROVISIONAL (Titular Promovido),FEMENINO,1,150101,LIMA,LIMA,LIMA,12/01/2026
2025,12,09/01/2026,LIMA CENTRO,CORRUPCION DE FUNCIONARIOS,FISCAL SUPREMO,TITULAR,FEMENINO,1,150101,LIMA,LIMA,LIMA,12/01/2026
2025,12,09/01/2026,LIMA CENTRO,CORRUPCION DE FUNCIONARIOS,FISCAL SUPREMO,TITULAR,MASCULINO,1,150101,LIMA,LIMA,LIMA,12/01/2026
2025,12,09/01/2026,LIMA CENTRO,CRIMEN ORGANIZADO,FISCAL ADJUNTO PROVINCIAL,PROVISIONAL,FEMENINO,76,150101,LIMA,LIMA,LIMA,12/01/2026
2025,12,09/01/2026,LIMA CENTRO,CRIMEN ORGANIZADO,FISCAL ADJUNTO PROVINCIAL,PROVISIONAL,MASCULINO,48,150101,LIMA,LIMA,LIMA,12/01/2026
2025,12,09/01/2026,LIMA CENTRO,CRIMEN ORGANIZADO,FISCAL ADJUNTO PROVINCIAL,TITULAR,FEMENINO,3,150101,LIMA,LIMA,LIMA,12/01/2026
2025,12,09/01/2026,LIMA CENTRO,CRIMEN ORGANIZADO,FISCAL ADJUNTO PROVINCIAL,TITULAR,MASCULINO,11,150101,LIMA,LIMA,LIMA,12/01/2026
2025,12,09/01/2026,LIMA CENTRO,CRIMEN ORGANIZADO,FISCAL ADJUNTO SUPERIOR,PROVISIONAL,MASCULINO,1,150101,LIMA,LIMA,LIMA,12/01/2026
2025,12,09/01/2026,LIMA CENTRO,CRIMEN ORGANIZADO,FISCAL ADJUNTO SUPERIOR,PROVISIONAL (Titular Promovido),FEMENINO,5,150101,LIMA,LIMA,LIMA,12/01/2026
2025,12,09/01/2026,LIMA CENTRO,CRIMEN ORGANIZADO,FISCAL ADJUNTO SUPERIOR,PROVISIONAL (Titular Promovido),MASCULINO,1,150101,LIMA,LIMA,LIMA,12/01/2026
2025,12,09/01/2026,LIMA CENTRO,CRIMEN ORGANIZADO,FISCAL ADJUNTO SUPERIOR,TITULAR,FEMENINO,4,150101,LIMA,LIMA,LIMA,12/01/2026
2025,12,09/01/2026,LIMA CENTRO,CRIMEN ORGANIZADO,FISCAL ADJUNTO SUPERIOR,TITULAR,MASCULINO,4,150101,LIMA,LIMA,LIMA,12/01/2026
2025,12,09/01/2026,LIMA CENTRO,CRIMEN ORGANIZADO,FISCAL PROVINCIAL,PROVISIONAL (Titular Promovido),FEMENINO,1,150101,LIMA,LIMA,LIMA,12/01/2026
2025,12,09/01/2026,LIMA CENTRO,CRIMEN ORGANIZADO,FISCAL PROVINCIAL,PROVISIONAL (Titular Promovido),MASCULINO,1,150101,LIMA,LIMA,LIMA,12/01/2026
2025,12,09/01/2026,LIMA CENTRO,CRIMEN ORGANIZADO,FISCAL PROVINCIAL,TITULAR,FEMENINO,5,150101,LIMA,LIMA,LIMA,12/01/2026
2025,12,09/01/2026,LIMA CENTRO,CRIMEN ORGANIZADO,FISCAL PROVINCIAL,TITULAR,MASCULINO,8,150101,LIMA,LIMA,LIMA,12/01/2026
2025,12,09/01/2026,LIMA CENTRO,CRIMEN ORGANIZADO,FISCAL SUPERIOR,TITULAR,FEMENINO,2,150101,LIMA,LIMA,LIMA,12/01/2026
2025,12,09/01/2026,LIMA CENTRO,CRIMEN ORGANIZADO,FISCAL SUPERIOR,TITULAR,MASCULINO,1,150101,LIMA,LIMA,LIMA,12/01/2026
2025,12,09/01/2026,LIMA CENTRO,DELITOS ADUANEROS Y CONTRA LA PROPIEDAD INTELECTUAL,FISCAL ADJUNTO PROVINCIAL,PROVISIONAL,FEMENINO,5,150101,LIMA,LIMA,LIMA,12/01/2026
2025,12,09/01/2026,LIMA CENTRO,DELITOS ADUANEROS Y CONTRA LA PROPIEDAD INTELECTUAL,FISCAL ADJUNTO PROVINCIAL,PROVISIONAL,MASCULINO,2,150101,LIMA,LIMA,LIMA,12/01/2026
2025,12,09/01/2026,LIMA CENTRO,DELITOS ADUANEROS Y CONTRA LA PROPIEDAD INTELECTUAL,FISCAL ADJUNTO PROVINCIAL,TITULAR,FEMENINO,1,150101,LIMA,LIMA,LIMA,12/01/2026
2025,12,09/01/2026,LIMA CENTRO,DELITOS ADUANEROS Y CONTRA LA PROPIEDAD INTELECTUAL,FISCAL ADJUNTO PROVINCIAL,TITULAR,MASCULINO,3,150101,LIMA,LIMA,LIMA,12/01/2026
2025,12,09/01/2026,LIMA CENTRO,DELITOS ADUANEROS Y CONTRA LA PROPIEDAD INTELECTUAL,FISCAL PROVINCIAL,TITULAR,MASCULINO,3,150101,LIMA,LIMA,LIMA,12/01/2026
2025,12,09/01/2026,LIMA CENTRO,DELITOS DE TRATA DE PERSONAS,FISCAL ADJUNTO PROVINCIAL,PROVISIONAL,FEMENINO,4,150101,LIMA,LIMA,LIMA,12/01/2026
2025,12,09/01/2026,LIMA CENTRO,DELITOS DE TRATA DE PERSONAS,FISCAL ADJUNTO PROVINCIAL,PROVISIONAL,MASCULINO,2,150101,LIMA,LIMA,LIMA,12/01/2026
2025,12,09/01/2026,LIMA CENTRO,DELITOS DE TRATA DE PERSONAS,FISCAL ADJUNTO SUPERIOR,PROVISIONAL (Titular Promovido),MASCULINO,1,150101,LIMA,LIMA,LIMA,12/01/2026
2025,12,09/01/2026,LIMA CENTRO,DELITOS DE TRATA DE PERSONAS,FISCAL ADJUNTO SUPERIOR,TITULAR,MASCULINO,1,150101,LIMA,LIMA,LIMA,12/01/2026
2025,12,09/01/2026,LIMA CENTRO,DELITOS DE TRATA DE PERSONAS,FISCAL PROVINCIAL,PROVISIONAL (Titular Promovido),FEMENINO,2,150101,LIMA,LIMA,LIMA,12/01/2026
2025,12,09/01/2026,LIMA CENTRO,DELITOS DE TRATA DE PERSONAS,FISCAL SUPERIOR,PROVISIONAL (Titular Promovido),FEMENINO,1,150101,LIMA,LIMA,LIMA,12/01/2026
2025,12,09/01/2026,LIMA CENTRO,DELITOS TRIBUTARIOS,FISCAL ADJUNTO PROVINCIAL,PROVISIONAL,FEMENINO,3,150101,LIMA,LIMA,LIMA,12/01/2026
2025,12,09/01/2026,LIMA CENTRO,DELITOS TRIBUTARIOS,FISCAL ADJUNTO PROVINCIAL,PROVISIONAL,MASCULINO,1,150101,LIMA,LIMA,LIMA,12/01/2026
2025,12,09/01/2026,LIMA CENTRO,DELITOS TRIBUTARIOS,FISCAL PROVINCIAL,TITULAR,MASCULINO,1,150101,LIMA,LIMA,LIMA,12/01/2026
2025,12,09/01/2026,LIMA CENTRO,EXTINCION DE DOMINIO,FISCAL ADJUNTO PROVINCIAL,PROVISIONAL,FEMENINO,7,150101,LIMA,LIMA,LIMA,12/01/2026
2025,12,09/01/2026,LIMA CENTRO,EXTINCION DE DOMINIO,FISCAL ADJUNTO PROVINCIAL,PROVISIONAL,MASCULINO,4,150101,LIMA,LIMA,LIMA,12/01/2026
2025,12,09/01/2026,LIMA CENTRO,EXTINCION DE DOMINIO,FISCAL ADJUNTO PROVINCIAL,TITULAR,FEMENINO,2,150101,LIMA,LIMA,LIMA,12/01/2026
2025,12,09/01/2026,LIMA CENTRO,EXTINCION DE DOMINIO,FISCAL ADJUNTO PROVINCIAL,TITULAR,MASCULINO,3,150101,LIMA,LIMA,LIMA,12/01/2026
2025,12,09/01/2026,LIMA CENTRO,EXTINCION DE DOMINIO,FISCAL ADJUNTO SUPERIOR,PROVISIONAL,FEMENINO,1,150101,LIMA,LIMA,LIMA,12/01/2026
2025,12,09/01/2026,LIMA CENTRO,EXTINCION DE DOMINIO,FISCAL ADJUNTO SUPERIOR,PROVISIONAL (Titular Promovido),MASCULINO,1,150101,LIMA,LIMA,LIMA,12/01/2026
2025,12,09/01/2026,LIMA CENTRO,EXTINCION DE DOMINIO,FISCAL PROVINCIAL,PROVISIONAL (Titular Promovido),MASCULINO,2,150101,LIMA,LIMA,LIMA,12/01/2026
2025,12,09/01/2026,LIMA CENTRO,EXTINCION DE DOMINIO,FISCAL PROVINCIAL,TITULAR,FEMENINO,1,150101,LIMA,LIMA,LIMA,12/01/2026
2025,12,09/01/2026,LIMA CENTRO,EXTINCION DE DOMINIO,FISCAL PROVINCIAL,TITULAR,MASCULINO,3,150101,LIMA,LIMA,LIMA,12/01/2026
2025,12,09/01/2026,LIMA CENTRO,EXTINCION DE DOMINIO,FISCAL SUPERIOR,PROVISIONAL (Titular Promovido),MASCULINO,1,150101,LIMA,LIMA,LIMA,12/01/2026
2025,12,09/01/2026,LIMA CENTRO,FAMILIA,FISCAL ADJUNTO PROVINCIAL,PROVISIONAL,FEMENINO,6,150101,LIMA,LIMA,LIMA,12/01/2026
2025,12,09/01/2026,LIMA CENTRO,FAMILIA,FISCAL ADJUNTO PROVINCIAL,TITULAR,FEMENINO,14,150101,LIMA,LIMA,LIMA,12/01/2026
2025,12,09/01/2026,LIMA CENTRO,FAMILIA,FISCAL ADJUNTO PROVINCIAL,TITULAR,MASCULINO,4,150101,LIMA,LIMA,LIMA,12/01/2026
2025,12,09/01/2026,LIMA CENTRO,FAMILIA,FISCAL ADJUNTO SUPERIOR,PROVISIONAL (Titular Promovido),FEMENINO,2,150101,LIMA,LIMA,LIMA,12/01/2026
2025,12,09/01/2026,LIMA CENTRO,FAMILIA,FISCAL ADJUNTO SUPERIOR,TITULAR,FEMENINO,1,150101,LIMA,LIMA,LIMA,12/01/2026
2025,12,09/01/2026,LIMA CENTRO,FAMILIA,FISCAL ADJUNTO SUPREMO,TITULAR,FEMENINO,2,150101,LIMA,LIMA,LIMA,12/01/2026
2025,12,09/01/2026,LIMA CENTRO,FAMILIA,FISCAL PROVINCIAL,PROVISIONAL (Titular Promovido),FEMENINO,1,150101,LIMA,LIMA,LIMA,12/01/2026
2025,12,09/01/2026,LIMA CENTRO,FAMILIA,FISCAL PROVINCIAL,TITULAR,FEMENINO,7,150101,LIMA,LIMA,LIMA,12/01/2026
2025,12,09/01/2026,LIMA CENTRO,FAMILIA,FISCAL PROVINCIAL,TITULAR,MASCULINO,4,150101,LIMA,LIMA,LIMA,12/01/2026
2025,12,09/01/2026,LIMA CENTRO,FAMILIA,FISCAL SUPERIOR,PROVISIONAL (Titular Promovido),FEMENINO,1,150101,LIMA,LIMA,LIMA,12/01/2026
2025,12,09/01/2026,LIMA CENTRO,FAMILIA,FISCAL SUPERIOR,TITULAR,FEMENINO,2,150101,LIMA,LIMA,LIMA,12/01/2026
2025,12,09/01/2026,LIMA CENTRO,FAMILIA,FISCAL SUPREMO,TITULAR,MASCULINO,1,150101,LIMA,LIMA,LIMA,12/01/2026
2025,12,09/01/2026,LIMA CENTRO,FISCALIA DE LA NACION,FISCAL ADJUNTO PROVINCIAL,PROVISIONAL,FEMENINO,14,150101,LIMA,LIMA,LIMA,12/01/2026
2025,12,09/01/2026,LIMA CENTRO,FISCALIA DE LA NACION,FISCAL ADJUNTO PROVINCIAL,PROVISIONAL,MASCULINO,14,150101,LIMA,LIMA,LIMA,12/01/2026
2025,12,09/01/2026,LIMA CENTRO,FISCALIA DE LA NACION,FISCAL ADJUNTO PROVINCIAL,TITULAR,FEMENINO,1,150101,LIMA,LIMA,LIMA,12/01/2026
2025,12,09/01/2026,LIMA CENTRO,FISCALIA DE LA NACION,FISCAL ADJUNTO PROVINCIAL,TITULAR,MASCULINO,1,150101,LIMA,LIMA,LIMA,12/01/2026
2025,12,09/01/2026,LIMA CENTRO,FISCALIA DE LA NACION,FISCAL ADJUNTO SUPERIOR,PROVISIONAL,FEMENINO,1,150101,LIMA,LIMA,LIMA,12/01/2026
2025,12,09/01/2026,LIMA CENTRO,FISCALIA DE LA NACION,FISCAL ADJUNTO SUPERIOR,PROVISIONAL (Titular Promovido),FEMENINO,1,150101,LIMA,LIMA,LIMA,12/01/2026
2025,12,09/01/2026,LIMA CENTRO,FISCALIA DE LA NACION,FISCAL ADJUNTO SUPERIOR,PROVISIONAL (Titular Promovido),MASCULINO,3,150101,LIMA,LIMA,LIMA,12/01/2026
2025,12,09/01/2026,LIMA CENTRO,FISCALIA DE LA NACION,FISCAL ADJUNTO SUPREMO,PROVISIONAL (Titular Promovido),FEMENINO,1,150101,LIMA,LIMA,LIMA,12/01/2026
2025,12,09/01/2026,LIMA CENTRO,FISCALIA DE LA NACION,FISCAL ADJUNTO SUPREMO,PROVISIONAL (Titular Promovido),MASCULINO,3,150101,LIMA,LIMA,LIMA,12/01/2026
2025,12,09/01/2026,LIMA CENTRO,FISCALIA DE LA NACION,FISCAL DE LA NACION,TITULAR,MASCULINO,1,150101,LIMA,LIMA,LIMA,12/01/2026
2025,12,09/01/2026,LIMA CENTRO,FISCALIA DE LA NACION,FISCAL PROVINCIAL,PROVISIONAL,FEMENINO,1,150101,LIMA,LIMA,LIMA,12/01/2026
2025,12,09/01/2026,LIMA CENTRO,FISCALIA DE LA NACION,FISCAL PROVINCIAL,PROVISIONAL,MASCULINO,1,150101,LIMA,LIMA,LIMA,12/01/2026
2025,12,09/01/2026,LIMA CENTRO,FISCALIA DE LA NACION,FISCAL PROVINCIAL,PROVISIONAL (Titular Promovido),FEMENINO,5,150101,LIMA,LIMA,LIMA,12/01/2026
2025,12,09/01/2026,LIMA CENTRO,FISCALIA DE LA NACION,FISCAL PROVINCIAL,PROVISIONAL (Titular Promovido),MASCULINO,2,150101,LIMA,LIMA,LIMA,12/01/2026
2025,12,09/01/2026,LIMA CENTRO,FISCALIA DE LA NACION,FISCAL PROVINCIAL,TITULAR,FEMENINO,2,150101,LIMA,LIMA,LIMA,12/01/2026
2025,12,09/01/2026,LIMA CENTRO,FISCALIA DE LA NACION,FISCAL PROVINCIAL,TITULAR,MASCULINO,2,150101,LIMA,LIMA,LIMA,12/01/2026
2025,12,09/01/2026,LIMA CENTRO,FISCALIA DE LA NACION,FISCAL SUPERIOR,PROVISIONAL (Titular Promovido),MASCULINO,1,150101,LIMA,LIMA,LIMA,12/01/2026
2025,12,09/01/2026,LIMA CENTRO,FISCALIA DE LA NACION,FISCAL SUPERIOR,TITULAR,MASCULINO,2,150101,LIMA,LIMA,LIMA,12/01/2026
2025,12,09/01/2026,LIMA CENTRO,LAVADO DE ACTIVOS,FISCAL ADJUNTO PROVINCIAL,PROVISIONAL,FEMENINO,21,150101,LIMA,LIMA,LIMA,12/01/2026
2025,12,09/01/2026,LIMA CENTRO,LAVADO DE ACTIVOS,FISCAL ADJUNTO PROVINCIAL,PROVISIONAL,MASCULINO,16,150101,LIMA,LIMA,LIMA,12/01/2026
2025,12,09/01/2026,LIMA CENTRO,LAVADO DE ACTIVOS,FISCAL ADJUNTO PROVINCIAL,TITULAR,FEMENINO,2,150101,LIMA,LIMA,LIMA,12/01/2026
2025,12,09/01/2026,LIMA CENTRO,LAVADO DE ACTIVOS,FISCAL ADJUNTO PROVINCIAL,TITULAR,MASCULINO,1,150101,LIMA,LIMA,LIMA,12/01/2026
2025,12,09/01/2026,LIMA CENTRO,LAVADO DE ACTIVOS,FISCAL ADJUNTO SUPERIOR,PROVISIONAL (Titular Promovido),FEMENINO,4,150101,LIMA,LIMA,LIMA,12/01/2026
2025,12,09/01/2026,LIMA CENTRO,LAVADO DE ACTIVOS,FISCAL ADJUNTO SUPERIOR,PROVISIONAL (Titular Promovido),MASCULINO,1,150101,LIMA,LIMA,LIMA,12/01/2026
2025,12,09/01/2026,LIMA CENTRO,LAVADO DE ACTIVOS,FISCAL ADJUNTO SUPERIOR,TITULAR,FEMENINO,1,150101,LIMA,LIMA,LIMA,12/01/2026
2025,12,09/01/2026,LIMA CENTRO,LAVADO DE ACTIVOS,FISCAL ADJUNTO SUPERIOR,TITULAR,MASCULINO,2,150101,LIMA,LIMA,LIMA,12/01/2026
2025,12,09/01/2026,LIMA CENTRO,LAVADO DE ACTIVOS,FISCAL PROVINCIAL,PROVISIONAL,MASCULINO,1,150101,LIMA,LIMA,LIMA,12/01/2026
2025,12,09/01/2026,LIMA CENTRO,LAVADO DE ACTIVOS,FISCAL PROVINCIAL,PROVISIONAL (Titular Promovido),FEMENINO,1,150101,LIMA,LIMA,LIMA,12/01/2026
2025,12,09/01/2026,LIMA CENTRO,LAVADO DE ACTIVOS,FISCAL PROVINCIAL,PROVISIONAL (Titular Promovido),MASCULINO,3,150101,LIMA,LIMA,LIMA,12/01/2026
2025,12,09/01/2026,LIMA CENTRO,LAVADO DE ACTIVOS,FISCAL PROVINCIAL,TITULAR,FEMENINO,2,150101,LIMA,LIMA,LIMA,12/01/2026
2025,12,09/01/2026,LIMA CENTRO,LAVADO DE ACTIVOS,FISCAL PROVINCIAL,TITULAR,MASCULINO,3,150101,LIMA,LIMA,LIMA,12/01/2026
2025,12,09/01/2026,LIMA CENTRO,LAVADO DE ACTIVOS,FISCAL SUPERIOR,PROVISIONAL (Titular Promovido),MASCULINO,1,150101,LIMA,LIMA,LIMA,12/01/2026
2025,12,09/01/2026,LIMA CENTRO,LAVADO DE ACTIVOS,FISCAL SUPERIOR,TITULAR,FEMENINO,1,150101,LIMA,LIMA,LIMA,12/01/2026
2025,12,09/01/2026,LIMA CENTRO,LAVADO DE ACTIVOS,FISCAL SUPERIOR,TITULAR,MASCULINO,2,150101,LIMA,LIMA,LIMA,12/01/2026
2025,12,09/01/2026,LIMA CENTRO,MATERIA AMBIENTAL,FISCAL ADJUNTO PROVINCIAL,PROVISIONAL,FEMENINO,3,150101,LIMA,LIMA,LIMA,12/01/2026
2025,12,09/01/2026,LIMA CENTRO,MATERIA AMBIENTAL,FISCAL ADJUNTO PROVINCIAL,PROVISIONAL,MASCULINO,2,150101,LIMA,LIMA,LIMA,12/01/2026
2025,12,09/01/2026,LIMA CENTRO,MATERIA AMBIENTAL,FISCAL ADJUNTO PROVINCIAL,TITULAR,MASCULINO,1,150101,LIMA,LIMA,LIMA,12/01/2026
2025,12,09/01/2026,LIMA CENTRO,MATERIA AMBIENTAL,FISCAL PROVINCIAL,PROVISIONAL (Titular Promovido),MASCULINO,1,150101,LIMA,LIMA,LIMA,12/01/2026
2025,12,09/01/2026,LIMA CENTRO,MATERIA AMBIENTAL,FISCAL PROVINCIAL,TITULAR,FEMENINO,1,150101,LIMA,LIMA,LIMA,12/01/2026
2025,12,09/01/2026,LIMA CENTRO,PENAL,FISCAL ADJUNTO PROVINCIAL,PROVISIONAL,FEMENINO,120,150101,LIMA,LIMA,LIMA,12/01/2026
2025,12,09/01/2026,LIMA CENTRO,PENAL,FISCAL ADJUNTO PROVINCIAL,PROVISIONAL,MASCULINO,91,150101,LIMA,LIMA,LIMA,12/01/2026
2025,12,09/01/2026,LIMA CENTRO,PENAL,FISCAL ADJUNTO PROVINCIAL,TITULAR,FEMENINO,57,150101,LIMA,LIMA,LIMA,12/01/2026
2025,12,09/01/2026,LIMA CENTRO,PENAL,FISCAL ADJUNTO PROVINCIAL,TITULAR,MASCULINO,62,150101,LIMA,LIMA,LIMA,12/01/2026
2025,12,09/01/2026,LIMA CENTRO,PENAL,FISCAL ADJUNTO SUPERIOR,PROVISIONAL (Titular Promovido),FEMENINO,8,150101,LIMA,LIMA,LIMA,12/01/2026
2025,12,09/01/2026,LIMA CENTRO,PENAL,FISCAL ADJUNTO SUPERIOR,PROVISIONAL (Titular Promovido),MASCULINO,7,150101,LIMA,LIMA,LIMA,12/01/2026
2025,12,09/01/2026,LIMA CENTRO,PENAL,FISCAL ADJUNTO SUPERIOR,TITULAR,FEMENINO,13,150101,LIMA,LIMA,LIMA,12/01/2026
2025,12,09/01/2026,LIMA CENTRO,PENAL,FISCAL ADJUNTO SUPERIOR,TITULAR,MASCULINO,5,150101,LIMA,LIMA,LIMA,12/01/2026
2025,12,09/01/2026,LIMA CENTRO,PENAL,FISCAL ADJUNTO SUPREMO,PROVISIONAL (Titular Promovido),FEMENINO,2,150101,LIMA,LIMA,LIMA,12/01/2026
2025,12,09/01/2026,LIMA CENTRO,PENAL,FISCAL ADJUNTO SUPREMO,TITULAR,FEMENINO,2,150101,LIMA,LIMA,LIMA,12/01/2026
2025,12,09/01/2026,LIMA CENTRO,PENAL,FISCAL ADJUNTO SUPREMO,TITULAR,MASCULINO,4,150101,LIMA,LIMA,LIMA,12/01/2026
2025,12,09/01/2026,LIMA CENTRO,PENAL,FISCAL PROVINCIAL,PROVISIONAL,FEMENINO,1,150101,LIMA,LIMA,LIMA,12/01/2026
2025,12,09/01/2026,LIMA CENTRO,PENAL,FISCAL PROVINCIAL,PROVISIONAL,MASCULINO,1,150101,LIMA,LIMA,LIMA,12/01/2026
2025,12,09/01/2026,LIMA CENTRO,PENAL,FISCAL PROVINCIAL,PROVISIONAL (Titular Promovido),FEMENINO,5,150101,LIMA,LIMA,LIMA,12/01/2026
2025,12,09/01/2026,LIMA CENTRO,PENAL,FISCAL PROVINCIAL,PROVISIONAL (Titular Promovido),MASCULINO,6,150101,LIMA,LIMA,LIMA,12/01/2026
2025,12,09/01/2026,LIMA CENTRO,PENAL,FISCAL PROVINCIAL,TITULAR,FEMENINO,38,150101,LIMA,LIMA,LIMA,12/01/2026
2025,12,09/01/2026,LIMA CENTRO,PENAL,FISCAL PROVINCIAL,TITULAR,MASCULINO,34,150101,LIMA,LIMA,LIMA,12/01/2026
2025,12,09/01/2026,LIMA CENTRO,PENAL,FISCAL SUPERIOR,TITULAR,FEMENINO,10,150101,LIMA,LIMA,LIMA,12/01/2026
2025,12,09/01/2026,LIMA CENTRO,PENAL,FISCAL SUPERIOR,TITULAR,MASCULINO,7,150101,LIMA,LIMA,LIMA,12/01/2026
2025,12,09/01/2026,LIMA CENTRO,PENAL,FISCAL SUPREMO,TITULAR,FEMENINO,1,150101,LIMA,LIMA,LIMA,12/01/2026
2025,12,09/01/2026,LIMA CENTRO,PENAL,FISCAL SUPREMO,TITULAR,MASCULINO,1,150101,LIMA,LIMA,LIMA,12/01/2026
2025,12,09/01/2026,LIMA CENTRO,POOL / EQUIPO DE APOYO FISCAL (SIN ESPECIALIDAD),FISCAL ADJUNTO PROVINCIAL,PROVISIONAL,FEMENINO,60,150101,LIMA,LIMA,LIMA,12/01/2026
2025,12,09/01/2026,LIMA CENTRO,POOL / EQUIPO DE APOYO FISCAL (SIN ESPECIALIDAD),FISCAL ADJUNTO PROVINCIAL,PROVISIONAL,MASCULINO,42,150101,LIMA,LIMA,LIMA,12/01/2026
2025,12,09/01/2026,LIMA CENTRO,POOL / EQUIPO DE APOYO FISCAL (SIN ESPECIALIDAD),FISCAL ADJUNTO PROVINCIAL,TITULAR,FEMENINO,10,150101,LIMA,LIMA,LIMA,12/01/2026
2025,12,09/01/2026,LIMA CENTRO,POOL / EQUIPO DE APOYO FISCAL (SIN ESPECIALIDAD),FISCAL ADJUNTO PROVINCIAL,TITULAR,MASCULINO,6,150101,LIMA,LIMA,LIMA,12/01/2026
2025,12,09/01/2026,LIMA CENTRO,PREVENCION DEL DELITO,FISCAL ADJUNTO PROVINCIAL,PROVISIONAL,FEMENINO,2,150101,LIMA,LIMA,LIMA,12/01/2026
2025,12,09/01/2026,LIMA CENTRO,PREVENCION DEL DELITO,FISCAL ADJUNTO PROVINCIAL,PROVISIONAL,MASCULINO,1,150101,LIMA,LIMA,LIMA,12/01/2026
2025,12,09/01/2026,LIMA CENTRO,PREVENCION DEL DELITO,FISCAL ADJUNTO PROVINCIAL,TITULAR,FEMENINO,2,150101,LIMA,LIMA,LIMA,12/01/2026
2025,12,09/01/2026,LIMA CENTRO,PREVENCION DEL DELITO,FISCAL ADJUNTO PROVINCIAL,TITULAR,MASCULINO,1,150101,LIMA,LIMA,LIMA,12/01/2026
2025,12,09/01/2026,LIMA CENTRO,PREVENCION DEL DELITO,FISCAL ADJUNTO SUPERIOR,PROVISIONAL,FEMENINO,1,150101,LIMA,LIMA,LIMA,12/01/2026
2025,12,09/01/2026,LIMA CENTRO,PREVENCION DEL DELITO,FISCAL PROVINCIAL,TITULAR,FEMENINO,2,150101,LIMA,LIMA,LIMA,12/01/2026
2025,12,09/01/2026,LIMA CENTRO,PREVENCION DEL DELITO,FISCAL PROVINCIAL,TITULAR,MASCULINO,3,150101,LIMA,LIMA,LIMA,12/01/2026
2025,12,09/01/2026,LIMA CENTRO,TRAFICO ILICITO DE DROGAS,FISCAL ADJUNTO PROVINCIAL,PROVISIONAL,FEMENINO,5,150101,LIMA,LIMA,LIMA,12/01/2026
2025,12,09/01/2026,LIMA CENTRO,TRAFICO ILICITO DE DROGAS,FISCAL ADJUNTO PROVINCIAL,PROVISIONAL,MASCULINO,4,150101,LIMA,LIMA,LIMA,12/01/2026
2025,12,09/01/2026,LIMA CENTRO,TRAFICO ILICITO DE DROGAS,FISCAL ADJUNTO SUPERIOR,PROVISIONAL,MASCULINO,1,150101,LIMA,LIMA,LIMA,12/01/2026
2025,12,09/01/2026,LIMA CENTRO,TRAFICO ILICITO DE DROGAS,FISCAL ADJUNTO SUPERIOR,PROVISIONAL (Titular Promovido),FEMENINO,1,150101,LIMA,LIMA,LIMA,12/01/2026
2025,12,09/01/2026,LIMA CENTRO,TRAFICO ILICITO DE DROGAS,FISCAL PROVINCIAL,PROVISIONAL (Titular Promovido),FEMENINO,1,150101,LIMA,LIMA,LIMA,12/01/2026
2025,12,09/01/2026,LIMA CENTRO,TRAFICO ILICITO DE DROGAS,FISCAL PROVINCIAL,TITULAR,FEMENINO,1,150101,LIMA,LIMA,LIMA,12/01/2026
2025,12,09/01/2026,LIMA CENTRO,TRAFICO ILICITO DE DROGAS,FISCAL SUPERIOR,PROVISIONAL (Titular Promovido),FEMENINO,1,150101,LIMA,LIMA,LIMA,12/01/2026
2025,12,09/01/2026,LIMA CENTRO,VIOLENCIA CONTRA LA MUJER E INTEGRANTES DEL GRUPO FAMILIAR,FISCAL ADJUNTO PROVINCIAL,PROVISIONAL,FEMENINO,57,150101,LIMA,LIMA,LIMA,12/01/2026
2025,12,09/01/2026,LIMA CENTRO,VIOLENCIA CONTRA LA MUJER E INTEGRANTES DEL GRUPO FAMILIAR,FISCAL ADJUNTO PROVINCIAL,PROVISIONAL,MASCULINO,44,150101,LIMA,LIMA,LIMA,12/01/2026
2025,12,09/01/2026,LIMA CENTRO,VIOLENCIA CONTRA LA MUJER E INTEGRANTES DEL GRUPO FAMILIAR,FISCAL ADJUNTO PROVINCIAL,TITULAR,FEMENINO,4,150101,LIMA,LIMA,LIMA,12/01/2026
2025,12,09/01/2026,LIMA CENTRO,VIOLENCIA CONTRA LA MUJER E INTEGRANTES DEL GRUPO FAMILIAR,FISCAL ADJUNTO PROVINCIAL,TITULAR,MASCULINO,3,150101,LIMA,LIMA,LIMA,12/01/2026
2025,12,09/01/2026,LIMA CENTRO,VIOLENCIA CONTRA LA MUJER E INTEGRANTES DEL GRUPO FAMILIAR,FISCAL ADJUNTO SUPERIOR,PROVISIONAL (Titular Promovido),FEMENINO,2,150101,LIMA,LIMA,LIMA,12/01/2026
2025,12,09/01/2026,LIMA CENTRO,VIOLENCIA CONTRA LA MUJER E INTEGRANTES DEL GRUPO FAMILIAR,FISCAL ADJUNTO SUPERIOR,TITULAR,FEMENINO,2,150101,LIMA,LIMA,LIMA,12/01/2026
2025,12,09/01/2026,LIMA CENTRO,VIOLENCIA CONTRA LA MUJER E INTEGRANTES DEL GRUPO FAMILIAR,FISCAL PROVINCIAL,PROVISIONAL,FEMENINO,2,150101,LIMA,LIMA,LIMA,12/01/2026
2025,12,09/01/2026,LIMA CENTRO,VIOLENCIA CONTRA LA MUJER E INTEGRANTES DEL GRUPO FAMILIAR,FISCAL PROVINCIAL,PROVISIONAL,MASCULINO,2,150101,LIMA,LIMA,LIMA,12/01/2026
2025,12,09/01/2026,LIMA CENTRO,VIOLENCIA CONTRA LA MUJER E INTEGRANTES DEL GRUPO FAMILIAR,FISCAL PROVINCIAL,PROVISIONAL (Titular Promovido),FEMENINO,8,150101,LIMA,LIMA,LIMA,12/01/2026
2025,12,09/01/2026,LIMA CENTRO,VIOLENCIA CONTRA LA MUJER E INTEGRANTES DEL GRUPO FAMILIAR,FISCAL PROVINCIAL,PROVISIONAL (Titular Promovido),MASCULINO,4,150101,LIMA,LIMA,LIMA,12/01/2026
2025,12,09/01/2026,LIMA CENTRO,VIOLENCIA CONTRA LA MUJER E INTEGRANTES DEL GRUPO FAMILIAR,FISCAL PROVINCIAL,TITULAR,FEMENINO,2,150101,LIMA,LIMA,LIMA,12/01/2026
2025,12,09/01/2026,LIMA CENTRO,VIOLENCIA CONTRA LA MUJER E INTEGRANTES DEL GRUPO FAMILIAR,FISCAL PROVINCIAL,TITULAR,MASCULINO,5,150101,LIMA,LIMA,LIMA,12/01/2026
2025,12,09/01/2026,LIMA CENTRO,VIOLENCIA CONTRA LA MUJER E INTEGRANTES DEL GRUPO FAMILIAR,FISCAL SUPERIOR,TITULAR,FEMENINO,1,150101,LIMA,LIMA,LIMA,12/01/2026
2025,12,09/01/2026,LIMA CENTRO,DELITOS DE TERRORISMO Y DELITOS CONEXOS,FISCAL ADJUNTO PROVINCIAL,PROVISIONAL,FEMENINO,1,150101,LIMA,LIMA,LIMA,12/01/2026
2025,12,09/01/2026,LIMA CENTRO,DELITOS DE TERRORISMO Y DELITOS CONEXOS,FISCAL ADJUNTO PROVINCIAL,TITULAR,FEMENINO,1,150101,LIMA,LIMA,LIMA,12/01/2026
2025,12,09/01/2026,LIMA CENTRO,DELITOS DE TERRORISMO Y DELITOS CONEXOS,FISCAL PROVINCIAL,TITULAR,MASCULINO,2,150101,LIMA,LIMA,LIMA,12/01/2026
2025,12,09/01/2026,LIMA CENTRO,PREVENCION DE VIOLENCIA DE GENERO Y PERSONAS EN CONDICION DE VULNERABILIDAD,FISCAL ADJUNTO PROVINCIAL,PROVISIONAL,FEMENINO,2,150101,LIMA,LIMA,LIMA,12/01/2026
2025,12,09/01/2026,LIMA CENTRO,PREVENCION DE VIOLENCIA DE GENERO Y PERSONAS EN CONDICION DE VULNERABILIDAD,FISCAL ADJUNTO PROVINCIAL,TITULAR,FEMENINO,1,150101,LIMA,LIMA,LIMA,12/01/2026
2025,12,09/01/2026,LIMA CENTRO,PREVENCION DE VIOLENCIA DE GENERO Y PERSONAS EN CONDICION DE VULNERABILIDAD,FISCAL PROVINCIAL,TITULAR,FEMENINO,1,150101,LIMA,LIMA,LIMA,12/01/2026
2025,12,09/01/2026,LIMA CENTRO,CIBERDELINCUENCIA,FISCAL ADJUNTO PROVINCIAL,PROVISIONAL,FEMENINO,24,150101,LIMA,LIMA,LIMA,12/01/2026
2025,12,09/01/2026,LIMA CENTRO,CIBERDELINCUENCIA,FISCAL ADJUNTO PROVINCIAL,PROVISIONAL,MASCULINO,18,150101,LIMA,LIMA,LIMA,12/01/2026
2025,12,09/01/2026,LIMA CENTRO,CIBERDELINCUENCIA,FISCAL ADJUNTO SUPERIOR,PROVISIONAL (Titular Promovido),FEMENINO,3,150101,LIMA,LIMA,LIMA,12/01/2026
2025,12,09/01/2026,LIMA CENTRO,CIBERDELINCUENCIA,FISCAL ADJUNTO SUPERIOR,TITULAR,MASCULINO,1,150101,LIMA,LIMA,LIMA,12/01/2026
2025,12,09/01/2026,LIMA CENTRO,CIBERDELINCUENCIA,FISCAL PROVINCIAL,PROVISIONAL,FEMENINO,3,150101,LIMA,LIMA,LIMA,12/01/2026
2025,12,09/01/2026,LIMA CENTRO,CIBERDELINCUENCIA,FISCAL PROVINCIAL,PROVISIONAL,MASCULINO,1,150101,LIMA,LIMA,LIMA,12/01/2026
2025,12,09/01/2026,LIMA CENTRO,CIBERDELINCUENCIA,FISCAL PROVINCIAL,PROVISIONAL (Titular Promovido),FEMENINO,1,150101,LIMA,LIMA,LIMA,12/01/2026
2025,12,09/01/2026,LIMA CENTRO,CIBERDELINCUENCIA,FISCAL PROVINCIAL,PROVISIONAL (Titular Promovido),MASCULINO,1,150101,LIMA,LIMA,LIMA,12/01/2026
2025,12,09/01/2026,LIMA CENTRO,CIBERDELINCUENCIA,FISCAL PROVINCIAL,TITULAR,FEMENINO,1,150101,LIMA,LIMA,LIMA,12/01/2026
2025,12,09/01/2026,LIMA CENTRO,CIBERDELINCUENCIA,FISCAL PROVINCIAL,TITULAR,MASCULINO,3,150101,LIMA,LIMA,LIMA,12/01/2026
2025,12,09/01/2026,LIMA CENTRO,CIBERDELINCUENCIA,FISCAL SUPERIOR,PROVISIONAL (Titular Promovido),FEMENINO,1,150101,LIMA,LIMA,LIMA,12/01/2026
2025,12,09/01/2026,LIMA CENTRO,CIBERDELINCUENCIA,FISCAL SUPERIOR,TITULAR,FEMENINO,1,150101,LIMA,LIMA,LIMA,12/01/2026
2025,12,09/01/2026,LIMA CENTRO,"EQUIPO ESPECIAL DE FISCALES AVOCADO AL CONOCIMIENTO DEL CASO ""LOS CUELLOS BLANCOS DEL PUERTO""",FISCAL ADJUNTO PROVINCIAL,PROVISIONAL,FEMENINO,14,150101,LIMA,LIMA,LIMA,12/01/2026
2025,12,09/01/2026,LIMA CENTRO,"EQUIPO ESPECIAL DE FISCALES AVOCADO AL CONOCIMIENTO DEL CASO ""LOS CUELLOS BLANCOS DEL PUERTO""",FISCAL ADJUNTO PROVINCIAL,PROVISIONAL,MASCULINO,8,150101,LIMA,LIMA,LIMA,12/01/2026
2025,12,09/01/2026,LIMA CENTRO,"EQUIPO ESPECIAL DE FISCALES AVOCADO AL CONOCIMIENTO DEL CASO ""LOS CUELLOS BLANCOS DEL PUERTO""",FISCAL ADJUNTO PROVINCIAL,TITULAR,MASCULINO,2,150101,LIMA,LIMA,LIMA,12/01/2026
2025,12,09/01/2026,LIMA CENTRO,"EQUIPO ESPECIAL DE FISCALES AVOCADO AL CONOCIMIENTO DEL CASO ""LOS CUELLOS BLANCOS DEL PUERTO""",FISCAL ADJUNTO SUPERIOR,PROVISIONAL (Titular Promovido),FEMENINO,3,150101,LIMA,LIMA,LIMA,12/01/2026
2025,12,09/01/2026,LIMA CENTRO,"EQUIPO ESPECIAL DE FISCALES AVOCADO AL CONOCIMIENTO DEL CASO ""LOS CUELLOS BLANCOS DEL PUERTO""",FISCAL ADJUNTO SUPERIOR,PROVISIONAL (Titular Promovido),MASCULINO,1,150101,LIMA,LIMA,LIMA,12/01/2026
2025,12,09/01/2026,LIMA CENTRO,"EQUIPO ESPECIAL DE FISCALES AVOCADO AL CONOCIMIENTO DEL CASO ""LOS CUELLOS BLANCOS DEL PUERTO""",FISCAL PROVINCIAL,PROVISIONAL (Titular Promovido),FEMENINO,1,150101,LIMA,LIMA,LIMA,12/01/2026
2025,12,09/01/2026,LIMA CENTRO,"EQUIPO ESPECIAL DE FISCALES AVOCADO AL CONOCIMIENTO DEL CASO ""LOS CUELLOS BLANCOS DEL PUERTO""",FISCAL PROVINCIAL,PROVISIONAL (Titular Promovido),MASCULINO,1,150101,LIMA,LIMA,LIMA,12/01/2026
2025,12,09/01/2026,LIMA CENTRO,"EQUIPO ESPECIAL DE FISCALES AVOCADO AL CONOCIMIENTO DEL CASO ""LOS CUELLOS BLANCOS DEL PUERTO""",FISCAL SUPERIOR,PROVISIONAL (Titular Promovido),MASCULINO,1,150101,LIMA,LIMA,LIMA,12/01/2026
2025,12,09/01/2026,LIMA CENTRO,EQUIPO ESPECIAL DE FISCALES PARA CASOS CON VICTIMAS DURANTE LAS PROTESTAS SOCIALES,FISCAL ADJUNTO PROVINCIAL,PROVISIONAL,FEMENINO,9,150101,LIMA,LIMA,LIMA,12/01/2026
2025,12,09/01/2026,LIMA CENTRO,EQUIPO ESPECIAL DE FISCALES PARA CASOS CON VICTIMAS DURANTE LAS PROTESTAS SOCIALES,FISCAL ADJUNTO PROVINCIAL,PROVISIONAL,MASCULINO,12,150101,LIMA,LIMA,LIMA,12/01/2026
2025,12,09/01/2026,LIMA CENTRO,EQUIPO ESPECIAL DE FISCALES PARA CASOS CON VICTIMAS DURANTE LAS PROTESTAS SOCIALES,FISCAL ADJUNTO PROVINCIAL,TITULAR,MASCULINO,1,150101,LIMA,LIMA,LIMA,12/01/2026
2025,12,09/01/2026,LIMA CENTRO,EQUIPO ESPECIAL DE FISCALES PARA CASOS CON VICTIMAS DURANTE LAS PROTESTAS SOCIALES,FISCAL ADJUNTO SUPERIOR,TITULAR,FEMENINO,1,150101,LIMA,LIMA,LIMA,12/01/2026
2025,12,09/01/2026,LIMA CENTRO,EQUIPO ESPECIAL DE FISCALES PARA CASOS CON VICTIMAS DURANTE LAS PROTESTAS SOCIALES,FISCAL ADJUNTO SUPERIOR,TITULAR,MASCULINO,2,150101,LIMA,LIMA,LIMA,12/01/2026
2025,12,09/01/2026,LIMA CENTRO,EQUIPO ESPECIAL DE FISCALES PARA CASOS CON VICTIMAS DURANTE LAS PROTESTAS SOCIALES,FISCAL PROVINCIAL,PROVISIONAL (Titular Promovido),FEMENINO,2,150101,LIMA,LIMA,LIMA,12/01/2026
2025,12,09/01/2026,LIMA CENTRO,EQUIPO ESPECIAL DE FISCALES PARA CASOS CON VICTIMAS DURANTE LAS PROTESTAS SOCIALES,FISCAL PROVINCIAL,TITULAR,FEMENINO,3,150101,LIMA,LIMA,LIMA,12/01/2026
2025,12,09/01/2026,LIMA CENTRO,EQUIPO ESPECIAL DE FISCALES PARA CASOS CON VICTIMAS DURANTE LAS PROTESTAS SOCIALES,FISCAL PROVINCIAL,TITULAR,MASCULINO,3,150101,LIMA,LIMA,LIMA,12/01/2026
2025,12,09/01/2026,LIMA CENTRO,EQUIPO ESPECIAL DE FISCALES PARA CASOS CON VICTIMAS DURANTE LAS PROTESTAS SOCIALES,FISCAL SUPERIOR,TITULAR,FEMENINO,1,150101,LIMA,LIMA,LIMA,12/01/2026
2025,12,09/01/2026,LIMA CENTRO,JURADO NACIONAL DE ELECCIONES,FISCAL SUPREMO,PROVISIONAL (Titular Promovido),FEMENINO,1,150101,LIMA,LIMA,LIMA,12/01/2026
2025,12,09/01/2026,LIMA CENTRO,"DELITOS TRIBUTARIOS, ADUANEROS Y CONTRA LA PROPIEDAD INTELECTUAL",FISCAL ADJUNTO SUPERIOR,TITULAR,FEMENINO,1,150101,LIMA,LIMA,LIMA,12/01/2026
2025,12,09/01/2026,LIMA CENTRO,"DELITOS TRIBUTARIOS, ADUANEROS Y CONTRA LA PROPIEDAD INTELECTUAL",FISCAL ADJUNTO SUPERIOR,TITULAR,MASCULINO,1,150101,LIMA,LIMA,LIMA,12/01/2026
2025,12,09/01/2026,LIMA CENTRO,"DELITOS TRIBUTARIOS, ADUANEROS Y CONTRA LA PROPIEDAD INTELECTUAL",FISCAL SUPERIOR,TITULAR,MASCULINO,1,150101,LIMA,LIMA,LIMA,12/01/2026
2025,12,09/01/2026,LIMA CENTRO,PENAL DE FLAGRANCIA DELICTIVA,FISCAL ADJUNTO PROVINCIAL,PROVISIONAL,FEMENINO,11,150101,LIMA,LIMA,LIMA,12/01/2026
2025,12,09/01/2026,LIMA CENTRO,PENAL DE FLAGRANCIA DELICTIVA,FISCAL ADJUNTO PROVINCIAL,PROVISIONAL,MASCULINO,7,150101,LIMA,LIMA,LIMA,12/01/2026
2025,12,09/01/2026,LIMA CENTRO,PENAL DE FLAGRANCIA DELICTIVA,FISCAL PROVINCIAL,PROVISIONAL,FEMENINO,7,150101,LIMA,LIMA,LIMA,12/01/2026
2025,12,09/01/2026,LIMA CENTRO,PENAL DE FLAGRANCIA DELICTIVA,FISCAL PROVINCIAL,PROVISIONAL (Titular Promovido),MASCULINO,2,150101,LIMA,LIMA,LIMA,12/01/2026
2025,12,09/01/2026,LIMA CENTRO,DERECHOS HUMANOS Y CONTRA EL TERRORISMO,FISCAL ADJUNTO PROVINCIAL,PROVISIONAL,FEMENINO,20,150101,LIMA,LIMA,LIMA,12/01/2026
2025,12,09/01/2026,LIMA CENTRO,DERECHOS HUMANOS Y CONTRA EL TERRORISMO,FISCAL ADJUNTO PROVINCIAL,PROVISIONAL,MASCULINO,16,150101,LIMA,LIMA,LIMA,12/01/2026
2025,12,09/01/2026,LIMA CENTRO,DERECHOS HUMANOS Y CONTRA EL TERRORISMO,FISCAL ADJUNTO PROVINCIAL,TITULAR,FEMENINO,8,150101,LIMA,LIMA,LIMA,12/01/2026
2025,12,09/01/2026,LIMA CENTRO,DERECHOS HUMANOS Y CONTRA EL TERRORISMO,FISCAL ADJUNTO PROVINCIAL,TITULAR,MASCULINO,6,150101,LIMA,LIMA,LIMA,12/01/2026
2025,12,09/01/2026,LIMA CENTRO,DERECHOS HUMANOS Y CONTRA EL TERRORISMO,FISCAL ADJUNTO SUPERIOR,TITULAR,FEMENINO,4,150101,LIMA,LIMA,LIMA,12/01/2026
2025,12,09/01/2026,LIMA CENTRO,DERECHOS HUMANOS Y CONTRA EL TERRORISMO,FISCAL ADJUNTO SUPERIOR,TITULAR,MASCULINO,6,150101,LIMA,LIMA,LIMA,12/01/2026
2025,12,09/01/2026,LIMA CENTRO,DERECHOS HUMANOS Y CONTRA EL TERRORISMO,FISCAL PROVINCIAL,PROVISIONAL (Titular Promovido),MASCULINO,1,150101,LIMA,LIMA,LIMA,12/01/2026
2025,12,09/01/2026,LIMA CENTRO,DERECHOS HUMANOS Y CONTRA EL TERRORISMO,FISCAL PROVINCIAL,TITULAR,FEMENINO,2,150101,LIMA,LIMA,LIMA,12/01/2026
2025,12,09/01/2026,LIMA CENTRO,DERECHOS HUMANOS Y CONTRA EL TERRORISMO,FISCAL PROVINCIAL,TITULAR,MASCULINO,3,150101,LIMA,LIMA,LIMA,12/01/2026
2025,12,09/01/2026,LIMA CENTRO,DERECHOS HUMANOS Y CONTRA EL TERRORISMO,FISCAL SUPERIOR,TITULAR,FEMENINO,1,150101,LIMA,LIMA,LIMA,12/01/2026
2025,12,09/01/2026,LIMA CENTRO,DERECHOS HUMANOS Y CONTRA EL TERRORISMO,FISCAL SUPERIOR,TITULAR,MASCULINO,2,150101,LIMA,LIMA,LIMA,12/01/2026
2025,12,09/01/2026,LIMA ESTE,AUTORIDAD NACIONAL DE CONTROL,FISCAL ADJUNTO SUPERIOR,PROVISIONAL,MASCULINO,1,150137,LIMA,LIMA,SANTA ANITA,12/01/2026
2025,12,09/01/2026,LIMA ESTE,AUTORIDAD NACIONAL DE CONTROL,FISCAL ADJUNTO SUPERIOR,PROVISIONAL (Titular Promovido),FEMENINO,1,150137,LIMA,LIMA,SANTA ANITA,12/01/2026
2025,12,09/01/2026,LIMA ESTE,AUTORIDAD NACIONAL DE CONTROL,FISCAL SUPERIOR,PROVISIONAL (Titular Promovido),FEMENINO,1,150137,LIMA,LIMA,SANTA ANITA,12/01/2026
2025,12,09/01/2026,LIMA ESTE,CORRUPCION DE FUNCIONARIOS,FISCAL ADJUNTO PROVINCIAL,PROVISIONAL,FEMENINO,4,150137,LIMA,LIMA,SANTA ANITA,12/01/2026
2025,12,09/01/2026,LIMA ESTE,CORRUPCION DE FUNCIONARIOS,FISCAL ADJUNTO PROVINCIAL,PROVISIONAL,MASCULINO,2,150137,LIMA,LIMA,SANTA ANITA,12/01/2026
2025,12,09/01/2026,LIMA ESTE,CORRUPCION DE FUNCIONARIOS,FISCAL PROVINCIAL,PROVISIONAL,MASCULINO,1,150137,LIMA,LIMA,SANTA ANITA,12/01/2026
2025,12,09/01/2026,LIMA ESTE,CORRUPCION DE FUNCIONARIOS,FISCAL PROVINCIAL,PROVISIONAL (Titular Promovido),FEMENINO,1,150137,LIMA,LIMA,SANTA ANITA,12/01/2026
2025,12,09/01/2026,LIMA ESTE,CORRUPCION DE FUNCIONARIOS,FISCAL PROVINCIAL,PROVISIONAL (Titular Promovido),MASCULINO,1,150137,LIMA,LIMA,SANTA ANITA,12/01/2026
2025,12,09/01/2026,LIMA ESTE,FAMILIA,FISCAL ADJUNTO PROVINCIAL,PROVISIONAL,FEMENINO,7,150137,LIMA,LIMA,SANTA ANITA,12/01/2026
2025,12,09/01/2026,LIMA ESTE,FAMILIA,FISCAL ADJUNTO PROVINCIAL,PROVISIONAL,MASCULINO,3,150137,LIMA,LIMA,SANTA ANITA,12/01/2026
2025,12,09/01/2026,LIMA ESTE,FAMILIA,FISCAL ADJUNTO PROVINCIAL,TITULAR,FEMENINO,2,150137,LIMA,LIMA,SANTA ANITA,12/01/2026
2025,12,09/01/2026,LIMA ESTE,FAMILIA,FISCAL ADJUNTO PROVINCIAL,TITULAR,MASCULINO,2,150137,LIMA,LIMA,SANTA ANITA,12/01/2026
2025,12,09/01/2026,LIMA ESTE,FAMILIA,FISCAL ADJUNTO SUPERIOR,PROVISIONAL (Titular Promovido),FEMENINO,2,150137,LIMA,LIMA,SANTA ANITA,12/01/2026
2025,12,09/01/2026,LIMA ESTE,FAMILIA,FISCAL PROVINCIAL,PROVISIONAL,FEMENINO,1,150137,LIMA,LIMA,SANTA ANITA,12/01/2026
2025,12,09/01/2026,LIMA ESTE,FAMILIA,FISCAL PROVINCIAL,PROVISIONAL (Titular Promovido),FEMENINO,1,150137,LIMA,LIMA,SANTA ANITA,12/01/2026
2025,12,09/01/2026,LIMA ESTE,FAMILIA,FISCAL PROVINCIAL,PROVISIONAL (Titular Promovido),MASCULINO,1,150137,LIMA,LIMA,SANTA ANITA,12/01/2026
2025,12,09/01/2026,LIMA ESTE,FAMILIA,FISCAL PROVINCIAL,TITULAR,FEMENINO,3,150137,LIMA,LIMA,SANTA ANITA,12/01/2026
2025,12,09/01/2026,LIMA ESTE,FAMILIA,FISCAL PROVINCIAL,TITULAR,MASCULINO,3,150137,LIMA,LIMA,SANTA ANITA,12/01/2026
2025,12,09/01/2026,LIMA ESTE,FAMILIA,FISCAL SUPERIOR,PROVISIONAL (Titular Promovido),FEMENINO,1,150137,LIMA,LIMA,SANTA ANITA,12/01/2026
2025,12,09/01/2026,LIMA ESTE,PENAL,FISCAL ADJUNTO PROVINCIAL,PROVISIONAL,FEMENINO,103,150137,LIMA,LIMA,SANTA ANITA,12/01/2026
2025,12,09/01/2026,LIMA ESTE,PENAL,FISCAL ADJUNTO PROVINCIAL,PROVISIONAL,MASCULINO,75,150137,LIMA,LIMA,SANTA ANITA,12/01/2026
2025,12,09/01/2026,LIMA ESTE,PENAL,FISCAL ADJUNTO PROVINCIAL,TITULAR,FEMENINO,1,150137,LIMA,LIMA,SANTA ANITA,12/01/2026
2025,12,09/01/2026,LIMA ESTE,PENAL,FISCAL ADJUNTO PROVINCIAL,TITULAR,MASCULINO,1,150137,LIMA,LIMA,SANTA ANITA,12/01/2026
2025,12,09/01/2026,LIMA ESTE,PENAL,FISCAL ADJUNTO SUPERIOR,PROVISIONAL,FEMENINO,1,150137,LIMA,LIMA,SANTA ANITA,12/01/2026
2025,12,09/01/2026,LIMA ESTE,PENAL,FISCAL ADJUNTO SUPERIOR,PROVISIONAL,MASCULINO,1,150137,LIMA,LIMA,SANTA ANITA,12/01/2026
2025,12,09/01/2026,LIMA ESTE,PENAL,FISCAL ADJUNTO SUPERIOR,PROVISIONAL (Titular Promovido),FEMENINO,4,150137,LIMA,LIMA,SANTA ANITA,12/01/2026
2025,12,09/01/2026,LIMA ESTE,PENAL,FISCAL ADJUNTO SUPERIOR,PROVISIONAL (Titular Promovido),MASCULINO,3,150137,LIMA,LIMA,SANTA ANITA,12/01/2026
2025,12,09/01/2026,LIMA ESTE,PENAL,FISCAL ADJUNTO SUPERIOR,TITULAR,MASCULINO,2,150137,LIMA,LIMA,SANTA ANITA,12/01/2026
2025,12,09/01/2026,LIMA ESTE,PENAL,FISCAL PROVINCIAL,PROVISIONAL,FEMENINO,11,150137,LIMA,LIMA,SANTA ANITA,12/01/2026
2025,12,09/01/2026,LIMA ESTE,PENAL,FISCAL PROVINCIAL,PROVISIONAL,MASCULINO,10,150137,LIMA,LIMA,SANTA ANITA,12/01/2026
2025,12,09/01/2026,LIMA ESTE,PENAL,FISCAL PROVINCIAL,PROVISIONAL (Titular Promovido),FEMENINO,20,150137,LIMA,LIMA,SANTA ANITA,12/01/2026
2025,12,09/01/2026,LIMA ESTE,PENAL,FISCAL PROVINCIAL,PROVISIONAL (Titular Promovido),MASCULINO,7,150137,LIMA,LIMA,SANTA ANITA,12/01/2026
2025,12,09/01/2026,LIMA ESTE,PENAL,FISCAL PROVINCIAL,TITULAR,FEMENINO,7,150137,LIMA,LIMA,SANTA ANITA,12/01/2026
2025,12,09/01/2026,LIMA ESTE,PENAL,FISCAL PROVINCIAL,TITULAR,MASCULINO,16,150137,LIMA,LIMA,SANTA ANITA,12/01/2026
2025,12,09/01/2026,LIMA ESTE,PENAL,FISCAL SUPERIOR,PROVISIONAL (Titular Promovido),MASCULINO,3,150137,LIMA,LIMA,SANTA ANITA,12/01/2026
2025,12,09/01/2026,LIMA ESTE,PENAL,FISCAL SUPERIOR,TITULAR,FEMENINO,2,150137,LIMA,LIMA,SANTA ANITA,12/01/2026
2025,12,09/01/2026,LIMA ESTE,PENAL,FISCAL SUPERIOR,TITULAR,MASCULINO,1,150137,LIMA,LIMA,SANTA ANITA,12/01/2026
2025,12,09/01/2026,LIMA ESTE,POOL / EQUIPO DE APOYO FISCAL (SIN ESPECIALIDAD),FISCAL ADJUNTO PROVINCIAL,PROVISIONAL,FEMENINO,8,150137,LIMA,LIMA,SANTA ANITA,12/01/2026
2025,12,09/01/2026,LIMA ESTE,POOL / EQUIPO DE APOYO FISCAL (SIN ESPECIALIDAD),FISCAL ADJUNTO PROVINCIAL,PROVISIONAL,MASCULINO,5,150137,LIMA,LIMA,SANTA ANITA,12/01/2026
2025,12,09/01/2026,LIMA ESTE,PREVENCION DEL DELITO,FISCAL ADJUNTO PROVINCIAL,PROVISIONAL,FEMENINO,4,150137,LIMA,LIMA,SANTA ANITA,12/01/2026
2025,12,09/01/2026,LIMA ESTE,PREVENCION DEL DELITO,FISCAL ADJUNTO PROVINCIAL,PROVISIONAL,MASCULINO,1,150137,LIMA,LIMA,SANTA ANITA,12/01/2026
2025,12,09/01/2026,LIMA ESTE,PREVENCION DEL DELITO,FISCAL PROVINCIAL,PROVISIONAL,MASCULINO,3,150137,LIMA,LIMA,SANTA ANITA,12/01/2026
2025,12,09/01/2026,LIMA ESTE,VIOLENCIA CONTRA LA MUJER E INTEGRANTES DEL GRUPO FAMILIAR,FISCAL ADJUNTO PROVINCIAL,PROVISIONAL,FEMENINO,46,150137,LIMA,LIMA,SANTA ANITA,12/01/2026
2025,12,09/01/2026,LIMA ESTE,VIOLENCIA CONTRA LA MUJER E INTEGRANTES DEL GRUPO FAMILIAR,FISCAL ADJUNTO PROVINCIAL,PROVISIONAL,MASCULINO,26,150137,LIMA,LIMA,SANTA ANITA,12/01/2026
2025,12,09/01/2026,LIMA ESTE,VIOLENCIA CONTRA LA MUJER E INTEGRANTES DEL GRUPO FAMILIAR,FISCAL ADJUNTO SUPERIOR,PROVISIONAL (Titular Promovido),FEMENINO,2,150137,LIMA,LIMA,SANTA ANITA,12/01/2026
2025,12,09/01/2026,LIMA ESTE,VIOLENCIA CONTRA LA MUJER E INTEGRANTES DEL GRUPO FAMILIAR,FISCAL PROVINCIAL,PROVISIONAL,FEMENINO,15,150137,LIMA,LIMA,SANTA ANITA,12/01/2026
2025,12,09/01/2026,LIMA ESTE,VIOLENCIA CONTRA LA MUJER E INTEGRANTES DEL GRUPO FAMILIAR,FISCAL PROVINCIAL,PROVISIONAL,MASCULINO,7,150137,LIMA,LIMA,SANTA ANITA,12/01/2026
2025,12,09/01/2026,LIMA ESTE,VIOLENCIA CONTRA LA MUJER E INTEGRANTES DEL GRUPO FAMILIAR,FISCAL PROVINCIAL,PROVISIONAL (Titular Promovido),FEMENINO,6,150137,LIMA,LIMA,SANTA ANITA,12/01/2026
2025,12,09/01/2026,LIMA ESTE,VIOLENCIA CONTRA LA MUJER E INTEGRANTES DEL GRUPO FAMILIAR,FISCAL PROVINCIAL,PROVISIONAL (Titular Promovido),MASCULINO,3,150137,LIMA,LIMA,SANTA ANITA,12/01/2026
2025,12,09/01/2026,LIMA ESTE,VIOLENCIA CONTRA LA MUJER E INTEGRANTES DEL GRUPO FAMILIAR,FISCAL SUPERIOR,PROVISIONAL (Titular Promovido),FEMENINO,1,150137,LIMA,LIMA,SANTA ANITA,12/01/2026
2025,12,09/01/2026,LIMA ESTE,PENAL DE FLAGRANCIA DELICTIVA,FISCAL ADJUNTO PROVINCIAL,PROVISIONAL,FEMENINO,11,150137,LIMA,LIMA,SANTA ANITA,12/01/2026
2025,12,09/01/2026,LIMA ESTE,PENAL DE FLAGRANCIA DELICTIVA,FISCAL ADJUNTO PROVINCIAL,PROVISIONAL,MASCULINO,5,150137,LIMA,LIMA,SANTA ANITA,12/01/2026
2025,12,09/01/2026,LIMA ESTE,PENAL DE FLAGRANCIA DELICTIVA,FISCAL PROVINCIAL,PROVISIONAL,FEMENINO,1,150137,LIMA,LIMA,SANTA ANITA,12/01/2026
2025,12,09/01/2026,LIMA ESTE,PENAL DE FLAGRANCIA DELICTIVA,FISCAL PROVINCIAL,PROVISIONAL,MASCULINO,2,150137,LIMA,LIMA,SANTA ANITA,12/01/2026
2025,12,09/01/2026,LIMA NOROESTE,AUTORIDAD NACIONAL DE CONTROL,FISCAL ADJUNTO PROVINCIAL,PROVISIONAL,MASCULINO,1,070106,CALLAO,CALLAO,VENTANILLA,12/01/2026
2025,12,09/01/2026,LIMA NOROESTE,AUTORIDAD NACIONAL DE CONTROL,FISCAL ADJUNTO SUPERIOR,PROVISIONAL (Titular Promovido),MASCULINO,1,070106,CALLAO,CALLAO,VENTANILLA,12/01/2026
2025,12,09/01/2026,LIMA NOROESTE,AUTORIDAD NACIONAL DE CONTROL,FISCAL SUPERIOR,PROVISIONAL (Titular Promovido),FEMENINO,1,070106,CALLAO,CALLAO,VENTANILLA,12/01/2026
2025,12,09/01/2026,LIMA NOROESTE,CORRUPCION DE FUNCIONARIOS,FISCAL ADJUNTO PROVINCIAL,PROVISIONAL,FEMENINO,2,070106,CALLAO,CALLAO,VENTANILLA,12/01/2026
2025,12,09/01/2026,LIMA NOROESTE,CORRUPCION DE FUNCIONARIOS,FISCAL ADJUNTO PROVINCIAL,PROVISIONAL,MASCULINO,2,070106,CALLAO,CALLAO,VENTANILLA,12/01/2026
2025,12,09/01/2026,LIMA NOROESTE,CORRUPCION DE FUNCIONARIOS,FISCAL PROVINCIAL,PROVISIONAL (Titular Promovido),FEMENINO,1,070106,CALLAO,CALLAO,VENTANILLA,12/01/2026
2025,12,09/01/2026,LIMA NOROESTE,CORRUPCION DE FUNCIONARIOS,FISCAL PROVINCIAL,TITULAR,MASCULINO,1,070106,CALLAO,CALLAO,VENTANILLA,12/01/2026
2025,12,09/01/2026,LIMA NOROESTE,CRIMEN ORGANIZADO,FISCAL ADJUNTO PROVINCIAL,PROVISIONAL,FEMENINO,5,070106,CALLAO,CALLAO,VENTANILLA,12/01/2026
2025,12,09/01/2026,LIMA NOROESTE,CRIMEN ORGANIZADO,FISCAL ADJUNTO PROVINCIAL,PROVISIONAL,MASCULINO,2,070106,CALLAO,CALLAO,VENTANILLA,12/01/2026
2025,12,09/01/2026,LIMA NOROESTE,CRIMEN ORGANIZADO,FISCAL PROVINCIAL,PROVISIONAL,FEMENINO,1,070106,CALLAO,CALLAO,VENTANILLA,12/01/2026
2025,12,09/01/2026,LIMA NOROESTE,CRIMEN ORGANIZADO,FISCAL PROVINCIAL,PROVISIONAL,MASCULINO,1,070106,CALLAO,CALLAO,VENTANILLA,12/01/2026
2025,12,09/01/2026,LIMA NOROESTE,CRIMEN ORGANIZADO,FISCAL PROVINCIAL,PROVISIONAL (Titular Promovido),MASCULINO,1,070106,CALLAO,CALLAO,VENTANILLA,12/01/2026
2025,12,09/01/2026,LIMA NOROESTE,DELITOS ADUANEROS Y CONTRA LA PROPIEDAD INTELECTUAL,FISCAL ADJUNTO PROVINCIAL,PROVISIONAL,FEMENINO,1,070106,CALLAO,CALLAO,VENTANILLA,12/01/2026
2025,12,09/01/2026,LIMA NOROESTE,DELITOS ADUANEROS Y CONTRA LA PROPIEDAD INTELECTUAL,FISCAL PROVINCIAL,PROVISIONAL,FEMENINO,1,070106,CALLAO,CALLAO,VENTANILLA,12/01/2026
2025,12,09/01/2026,LIMA NOROESTE,FAMILIA,FISCAL ADJUNTO PROVINCIAL,PROVISIONAL,FEMENINO,8,070106,CALLAO,CALLAO,VENTANILLA,12/01/2026
2025,12,09/01/2026,LIMA NOROESTE,FAMILIA,FISCAL ADJUNTO PROVINCIAL,PROVISIONAL,MASCULINO,1,070106,CALLAO,CALLAO,VENTANILLA,12/01/2026
2025,12,09/01/2026,LIMA NOROESTE,FAMILIA,FISCAL ADJUNTO PROVINCIAL,TITULAR,MASCULINO,1,070106,CALLAO,CALLAO,VENTANILLA,12/01/2026
2025,12,09/01/2026,LIMA NOROESTE,FAMILIA,FISCAL ADJUNTO SUPERIOR,PROVISIONAL,MASCULINO,1,070106,CALLAO,CALLAO,VENTANILLA,12/01/2026
2025,12,09/01/2026,LIMA NOROESTE,FAMILIA,FISCAL PROVINCIAL,PROVISIONAL (Titular Promovido),FEMENINO,1,070106,CALLAO,CALLAO,VENTANILLA,12/01/2026
2025,12,09/01/2026,LIMA NOROESTE,FAMILIA,FISCAL PROVINCIAL,PROVISIONAL (Titular Promovido),MASCULINO,1,070106,CALLAO,CALLAO,VENTANILLA,12/01/2026
2025,12,09/01/2026,LIMA NOROESTE,FAMILIA,FISCAL PROVINCIAL,TITULAR,FEMENINO,1,070106,CALLAO,CALLAO,VENTANILLA,12/01/2026
2025,12,09/01/2026,LIMA NOROESTE,FAMILIA,FISCAL PROVINCIAL,TITULAR,MASCULINO,2,070106,CALLAO,CALLAO,VENTANILLA,12/01/2026
2025,12,09/01/2026,LIMA NOROESTE,FAMILIA,FISCAL SUPERIOR,PROVISIONAL (Titular Promovido),FEMENINO,1,070106,CALLAO,CALLAO,VENTANILLA,12/01/2026
2025,12,09/01/2026,LIMA NOROESTE,MATERIA AMBIENTAL,FISCAL ADJUNTO PROVINCIAL,PROVISIONAL,FEMENINO,2,070106,CALLAO,CALLAO,VENTANILLA,12/01/2026
2025,12,09/01/2026,LIMA NOROESTE,MATERIA AMBIENTAL,FISCAL PROVINCIAL,PROVISIONAL,MASCULINO,1,070106,CALLAO,CALLAO,VENTANILLA,12/01/2026
2025,12,09/01/2026,LIMA NOROESTE,PENAL,FISCAL ADJUNTO PROVINCIAL,PROVISIONAL,FEMENINO,42,070106,CALLAO,CALLAO,VENTANILLA,12/01/2026
2025,12,09/01/2026,LIMA NOROESTE,PENAL,FISCAL ADJUNTO PROVINCIAL,PROVISIONAL,MASCULINO,37,070106,CALLAO,CALLAO,VENTANILLA,12/01/2026
2025,12,09/01/2026,LIMA NOROESTE,PENAL,FISCAL ADJUNTO SUPERIOR,PROVISIONAL,MASCULINO,2,070106,CALLAO,CALLAO,VENTANILLA,12/01/2026
2025,12,09/01/2026,LIMA NOROESTE,PENAL,FISCAL ADJUNTO SUPERIOR,PROVISIONAL (Titular Promovido),FEMENINO,2,070106,CALLAO,CALLAO,VENTANILLA,12/01/2026
2025,12,09/01/2026,LIMA NOROESTE,PENAL,FISCAL ADJUNTO SUPERIOR,PROVISIONAL (Titular Promovido),MASCULINO,2,070106,CALLAO,CALLAO,VENTANILLA,12/01/2026
2025,12,09/01/2026,LIMA NOROESTE,PENAL,FISCAL ADJUNTO SUPERIOR,TITULAR,MASCULINO,1,070106,CALLAO,CALLAO,VENTANILLA,12/01/2026
2025,12,09/01/2026,LIMA NOROESTE,PENAL,FISCAL PROVINCIAL,PROVISIONAL,FEMENINO,18,070106,CALLAO,CALLAO,VENTANILLA,12/01/2026
2025,12,09/01/2026,LIMA NOROESTE,PENAL,FISCAL PROVINCIAL,PROVISIONAL,MASCULINO,13,070106,CALLAO,CALLAO,VENTANILLA,12/01/2026
2025,12,09/01/2026,LIMA NOROESTE,PENAL,FISCAL PROVINCIAL,PROVISIONAL (Titular Promovido),FEMENINO,3,070106,CALLAO,CALLAO,VENTANILLA,12/01/2026
2025,12,09/01/2026,LIMA NOROESTE,PENAL,FISCAL PROVINCIAL,PROVISIONAL (Titular Promovido),MASCULINO,4,070106,CALLAO,CALLAO,VENTANILLA,12/01/2026
2025,12,09/01/2026,LIMA NOROESTE,PENAL,FISCAL PROVINCIAL,TITULAR,FEMENINO,1,070106,CALLAO,CALLAO,VENTANILLA,12/01/2026
2025,12,09/01/2026,LIMA NOROESTE,PENAL,FISCAL PROVINCIAL,TITULAR,MASCULINO,1,070106,CALLAO,CALLAO,VENTANILLA,12/01/2026
2025,12,09/01/2026,LIMA NOROESTE,PENAL,FISCAL SUPERIOR,PROVISIONAL (Titular Promovido),MASCULINO,2,070106,CALLAO,CALLAO,VENTANILLA,12/01/2026
2025,12,09/01/2026,LIMA NOROESTE,POOL / EQUIPO DE APOYO FISCAL (SIN ESPECIALIDAD),FISCAL ADJUNTO PROVINCIAL,PROVISIONAL,FEMENINO,16,070106,CALLAO,CALLAO,VENTANILLA,12/01/2026
2025,12,09/01/2026,LIMA NOROESTE,POOL / EQUIPO DE APOYO FISCAL (SIN ESPECIALIDAD),FISCAL ADJUNTO PROVINCIAL,PROVISIONAL,MASCULINO,13,070106,CALLAO,CALLAO,VENTANILLA,12/01/2026
2025,12,09/01/2026,LIMA NOROESTE,PREVENCION DEL DELITO,FISCAL ADJUNTO PROVINCIAL,PROVISIONAL,FEMENINO,1,070106,CALLAO,CALLAO,VENTANILLA,12/01/2026
2025,12,09/01/2026,LIMA NOROESTE,PREVENCION DEL DELITO,FISCAL ADJUNTO PROVINCIAL,PROVISIONAL,MASCULINO,3,070106,CALLAO,CALLAO,VENTANILLA,12/01/2026
2025,12,09/01/2026,LIMA NOROESTE,PREVENCION DEL DELITO,FISCAL PROVINCIAL,PROVISIONAL,MASCULINO,1,070106,CALLAO,CALLAO,VENTANILLA,12/01/2026
2025,12,09/01/2026,LIMA NOROESTE,PREVENCION DEL DELITO,FISCAL PROVINCIAL,TITULAR,FEMENINO,1,070106,CALLAO,CALLAO,VENTANILLA,12/01/2026
2025,12,09/01/2026,LIMA NOROESTE,TRAFICO ILICITO DE DROGAS,FISCAL ADJUNTO PROVINCIAL,PROVISIONAL,FEMENINO,1,070106,CALLAO,CALLAO,VENTANILLA,12/01/2026
2025,12,09/01/2026,LIMA NOROESTE,TRAFICO ILICITO DE DROGAS,FISCAL ADJUNTO PROVINCIAL,PROVISIONAL,MASCULINO,2,070106,CALLAO,CALLAO,VENTANILLA,12/01/2026
2025,12,09/01/2026,LIMA NOROESTE,TRAFICO ILICITO DE DROGAS,FISCAL PROVINCIAL,PROVISIONAL,FEMENINO,1,070106,CALLAO,CALLAO,VENTANILLA,12/01/2026
2025,12,09/01/2026,LIMA NOROESTE,VIOLENCIA CONTRA LA MUJER E INTEGRANTES DEL GRUPO FAMILIAR,FISCAL ADJUNTO PROVINCIAL,PROVISIONAL,FEMENINO,18,070106,CALLAO,CALLAO,VENTANILLA,12/01/2026
2025,12,09/01/2026,LIMA NOROESTE,VIOLENCIA CONTRA LA MUJER E INTEGRANTES DEL GRUPO FAMILIAR,FISCAL ADJUNTO PROVINCIAL,PROVISIONAL,MASCULINO,8,070106,CALLAO,CALLAO,VENTANILLA,12/01/2026
2025,12,09/01/2026,LIMA NOROESTE,VIOLENCIA CONTRA LA MUJER E INTEGRANTES DEL GRUPO FAMILIAR,FISCAL PROVINCIAL,PROVISIONAL,FEMENINO,10,070106,CALLAO,CALLAO,VENTANILLA,12/01/2026
2025,12,09/01/2026,LIMA NOROESTE,VIOLENCIA CONTRA LA MUJER E INTEGRANTES DEL GRUPO FAMILIAR,FISCAL PROVINCIAL,PROVISIONAL,MASCULINO,2,070106,CALLAO,CALLAO,VENTANILLA,12/01/2026
2025,12,09/01/2026,LIMA NOROESTE,VIOLENCIA CONTRA LA MUJER E INTEGRANTES DEL GRUPO FAMILIAR,FISCAL PROVINCIAL,PROVISIONAL (Titular Promovido),MASCULINO,2,070106,CALLAO,CALLAO,VENTANILLA,12/01/2026
2025,12,09/01/2026,LIMA NORTE,AUTORIDAD NACIONAL DE CONTROL,FISCAL ADJUNTO SUPERIOR,PROVISIONAL (Titular Promovido),FEMENINO,2,150112,LIMA,LIMA,INDEPENDENCIA,12/01/2026
2025,12,09/01/2026,LIMA NORTE,AUTORIDAD NACIONAL DE CONTROL,FISCAL ADJUNTO SUPERIOR,PROVISIONAL (Titular Promovido),MASCULINO,2,150112,LIMA,LIMA,INDEPENDENCIA,12/01/2026
2025,12,09/01/2026,LIMA NORTE,AUTORIDAD NACIONAL DE CONTROL,FISCAL SUPERIOR,PROVISIONAL (Titular Promovido),MASCULINO,1,150112,LIMA,LIMA,INDEPENDENCIA,12/01/2026
2025,12,09/01/2026,LIMA NORTE,CORRUPCION DE FUNCIONARIOS,FISCAL ADJUNTO PROVINCIAL,PROVISIONAL,FEMENINO,8,150112,LIMA,LIMA,INDEPENDENCIA,12/01/2026
2025,12,09/01/2026,LIMA NORTE,CORRUPCION DE FUNCIONARIOS,FISCAL ADJUNTO PROVINCIAL,PROVISIONAL,MASCULINO,2,150112,LIMA,LIMA,INDEPENDENCIA,12/01/2026
2025,12,09/01/2026,LIMA NORTE,CORRUPCION DE FUNCIONARIOS,FISCAL ADJUNTO SUPERIOR,PROVISIONAL (Titular Promovido),FEMENINO,1,150112,LIMA,LIMA,INDEPENDENCIA,12/01/2026
2025,12,09/01/2026,LIMA NORTE,CORRUPCION DE FUNCIONARIOS,FISCAL ADJUNTO SUPERIOR,PROVISIONAL (Titular Promovido),MASCULINO,1,150112,LIMA,LIMA,INDEPENDENCIA,12/01/2026
2025,12,09/01/2026,LIMA NORTE,CORRUPCION DE FUNCIONARIOS,FISCAL ADJUNTO SUPERIOR,TITULAR,FEMENINO,1,150112,LIMA,LIMA,INDEPENDENCIA,12/01/2026
2025,12,09/01/2026,LIMA NORTE,CORRUPCION DE FUNCIONARIOS,FISCAL PROVINCIAL,PROVISIONAL (Titular Promovido),FEMENINO,1,150112,LIMA,LIMA,INDEPENDENCIA,12/01/2026
2025,12,09/01/2026,LIMA NORTE,CORRUPCION DE FUNCIONARIOS,FISCAL PROVINCIAL,TITULAR,MASCULINO,1,150112,LIMA,LIMA,INDEPENDENCIA,12/01/2026
2025,12,09/01/2026,LIMA NORTE,CORRUPCION DE FUNCIONARIOS,FISCAL SUPERIOR,TITULAR,FEMENINO,1,150112,LIMA,LIMA,INDEPENDENCIA,12/01/2026
2025,12,09/01/2026,LIMA NORTE,DELITOS ADUANEROS Y CONTRA LA PROPIEDAD INTELECTUAL,FISCAL ADJUNTO PROVINCIAL,PROVISIONAL,MASCULINO,1,150112,LIMA,LIMA,INDEPENDENCIA,12/01/2026
2025,12,09/01/2026,LIMA NORTE,DELITOS ADUANEROS Y CONTRA LA PROPIEDAD INTELECTUAL,FISCAL PROVINCIAL,PROVISIONAL (Titular Promovido),FEMENINO,1,150112,LIMA,LIMA,INDEPENDENCIA,12/01/2026
2025,12,09/01/2026,LIMA NORTE,DELITOS DE TRATA DE PERSONAS,FISCAL ADJUNTO PROVINCIAL,PROVISIONAL,FEMENINO,2,150112,LIMA,LIMA,INDEPENDENCIA,12/01/2026
2025,12,09/01/2026,LIMA NORTE,DELITOS DE TRATA DE PERSONAS,FISCAL ADJUNTO PROVINCIAL,PROVISIONAL,MASCULINO,2,150112,LIMA,LIMA,INDEPENDENCIA,12/01/2026
2025,12,09/01/2026,LIMA NORTE,DELITOS DE TRATA DE PERSONAS,FISCAL PROVINCIAL,PROVISIONAL,FEMENINO,1,150112,LIMA,LIMA,INDEPENDENCIA,12/01/2026
2025,12,09/01/2026,LIMA NORTE,FAMILIA,FISCAL ADJUNTO PROVINCIAL,PROVISIONAL,FEMENINO,14,150112,LIMA,LIMA,INDEPENDENCIA,12/01/2026
2025,12,09/01/2026,LIMA NORTE,FAMILIA,FISCAL ADJUNTO PROVINCIAL,PROVISIONAL,MASCULINO,2,150112,LIMA,LIMA,INDEPENDENCIA,12/01/2026
2025,12,09/01/2026,LIMA NORTE,FAMILIA,FISCAL ADJUNTO PROVINCIAL,TITULAR,FEMENINO,4,150112,LIMA,LIMA,INDEPENDENCIA,12/01/2026
2025,12,09/01/2026,LIMA NORTE,FAMILIA,FISCAL ADJUNTO PROVINCIAL,TITULAR,MASCULINO,1,150112,LIMA,LIMA,INDEPENDENCIA,12/01/2026
2025,12,09/01/2026,LIMA NORTE,FAMILIA,FISCAL ADJUNTO SUPERIOR,TITULAR,MASCULINO,1,150112,LIMA,LIMA,INDEPENDENCIA,12/01/2026
2025,12,09/01/2026,LIMA NORTE,FAMILIA,FISCAL PROVINCIAL,PROVISIONAL,FEMENINO,3,150112,LIMA,LIMA,INDEPENDENCIA,12/01/2026
2025,12,09/01/2026,LIMA NORTE,FAMILIA,FISCAL PROVINCIAL,PROVISIONAL (Titular Promovido),FEMENINO,1,150112,LIMA,LIMA,INDEPENDENCIA,12/01/2026
2025,12,09/01/2026,LIMA NORTE,FAMILIA,FISCAL PROVINCIAL,TITULAR,FEMENINO,3,150112,LIMA,LIMA,INDEPENDENCIA,12/01/2026
2025,12,09/01/2026,LIMA NORTE,FAMILIA,FISCAL PROVINCIAL,TITULAR,MASCULINO,7,150112,LIMA,LIMA,INDEPENDENCIA,12/01/2026
2025,12,09/01/2026,LIMA NORTE,FAMILIA,FISCAL SUPERIOR,TITULAR,MASCULINO,1,150112,LIMA,LIMA,INDEPENDENCIA,12/01/2026
2025,12,09/01/2026,LIMA NORTE,LAVADO DE ACTIVOS,FISCAL ADJUNTO PROVINCIAL,PROVISIONAL,FEMENINO,1,150112,LIMA,LIMA,INDEPENDENCIA,12/01/2026
2025,12,09/01/2026,LIMA NORTE,LAVADO DE ACTIVOS,FISCAL ADJUNTO PROVINCIAL,PROVISIONAL,MASCULINO,3,150112,LIMA,LIMA,INDEPENDENCIA,12/01/2026
2025,12,09/01/2026,LIMA NORTE,LAVADO DE ACTIVOS,FISCAL PROVINCIAL,PROVISIONAL,MASCULINO,2,150112,LIMA,LIMA,INDEPENDENCIA,12/01/2026
2025,12,09/01/2026,LIMA NORTE,MATERIA AMBIENTAL,FISCAL ADJUNTO PROVINCIAL,PROVISIONAL,FEMENINO,1,150112,LIMA,LIMA,INDEPENDENCIA,12/01/2026
2025,12,09/01/2026,LIMA NORTE,MATERIA AMBIENTAL,FISCAL PROVINCIAL,PROVISIONAL (Titular Promovido),FEMENINO,1,150112,LIMA,LIMA,INDEPENDENCIA,12/01/2026
2025,12,09/01/2026,LIMA NORTE,PENAL,FISCAL ADJUNTO PROVINCIAL,PROVISIONAL,FEMENINO,89,150112,LIMA,LIMA,INDEPENDENCIA,12/01/2026
2025,12,09/01/2026,LIMA NORTE,PENAL,FISCAL ADJUNTO PROVINCIAL,PROVISIONAL,MASCULINO,71,150112,LIMA,LIMA,INDEPENDENCIA,12/01/2026
2025,12,09/01/2026,LIMA NORTE,PENAL,FISCAL ADJUNTO PROVINCIAL,TITULAR,FEMENINO,2,150112,LIMA,LIMA,INDEPENDENCIA,12/01/2026
2025,12,09/01/2026,LIMA NORTE,PENAL,FISCAL ADJUNTO PROVINCIAL,TITULAR,MASCULINO,1,150112,LIMA,LIMA,INDEPENDENCIA,12/01/2026
2025,12,09/01/2026,LIMA NORTE,PENAL,FISCAL ADJUNTO SUPERIOR,PROVISIONAL,FEMENINO,2,150112,LIMA,LIMA,INDEPENDENCIA,12/01/2026
2025,12,09/01/2026,LIMA NORTE,PENAL,FISCAL ADJUNTO SUPERIOR,PROVISIONAL,MASCULINO,3,150112,LIMA,LIMA,INDEPENDENCIA,12/01/2026
2025,12,09/01/2026,LIMA NORTE,PENAL,FISCAL ADJUNTO SUPERIOR,PROVISIONAL (Titular Promovido),FEMENINO,6,150112,LIMA,LIMA,INDEPENDENCIA,12/01/2026
2025,12,09/01/2026,LIMA NORTE,PENAL,FISCAL ADJUNTO SUPERIOR,PROVISIONAL (Titular Promovido),MASCULINO,3,150112,LIMA,LIMA,INDEPENDENCIA,12/01/2026
2025,12,09/01/2026,LIMA NORTE,PENAL,FISCAL ADJUNTO SUPERIOR,TITULAR,MASCULINO,3,150112,LIMA,LIMA,INDEPENDENCIA,12/01/2026
2025,12,09/01/2026,LIMA NORTE,PENAL,FISCAL PROVINCIAL,PROVISIONAL,FEMENINO,9,150112,LIMA,LIMA,INDEPENDENCIA,12/01/2026
2025,12,09/01/2026,LIMA NORTE,PENAL,FISCAL PROVINCIAL,PROVISIONAL,MASCULINO,14,150112,LIMA,LIMA,INDEPENDENCIA,12/01/2026
2025,12,09/01/2026,LIMA NORTE,PENAL,FISCAL PROVINCIAL,PROVISIONAL (Titular Promovido),FEMENINO,17,150112,LIMA,LIMA,INDEPENDENCIA,12/01/2026
2025,12,09/01/2026,LIMA NORTE,PENAL,FISCAL PROVINCIAL,PROVISIONAL (Titular Promovido),MASCULINO,24,150112,LIMA,LIMA,INDEPENDENCIA,12/01/2026
2025,12,09/01/2026,LIMA NORTE,PENAL,FISCAL PROVINCIAL,TITULAR,FEMENINO,6,150112,LIMA,LIMA,INDEPENDENCIA,12/01/2026
2025,12,09/01/2026,LIMA NORTE,PENAL,FISCAL PROVINCIAL,TITULAR,MASCULINO,11,150112,LIMA,LIMA,INDEPENDENCIA,12/01/2026
2025,12,09/01/2026,LIMA NORTE,PENAL,FISCAL SUPERIOR,PROVISIONAL (Titular Promovido),FEMENINO,3,150112,LIMA,LIMA,INDEPENDENCIA,12/01/2026
2025,12,09/01/2026,LIMA NORTE,PENAL,FISCAL SUPERIOR,PROVISIONAL (Titular Promovido),MASCULINO,2,150112,LIMA,LIMA,INDEPENDENCIA,12/01/2026
2025,12,09/01/2026,LIMA NORTE,PENAL,FISCAL SUPERIOR,TITULAR,FEMENINO,1,150112,LIMA,LIMA,INDEPENDENCIA,12/01/2026
2025,12,09/01/2026,LIMA NORTE,PENAL,FISCAL SUPERIOR,TITULAR,MASCULINO,3,150112,LIMA,LIMA,INDEPENDENCIA,12/01/2026
2025,12,09/01/2026,LIMA NORTE,POOL / EQUIPO DE APOYO FISCAL (SIN ESPECIALIDAD),FISCAL ADJUNTO PROVINCIAL,PROVISIONAL,FEMENINO,12,150112,LIMA,LIMA,INDEPENDENCIA,12/01/2026
2025,12,09/01/2026,LIMA NORTE,POOL / EQUIPO DE APOYO FISCAL (SIN ESPECIALIDAD),FISCAL ADJUNTO PROVINCIAL,PROVISIONAL,MASCULINO,4,150112,LIMA,LIMA,INDEPENDENCIA,12/01/2026
2025,12,09/01/2026,LIMA NORTE,PREVENCION DEL DELITO,FISCAL ADJUNTO PROVINCIAL,PROVISIONAL,FEMENINO,5,150112,LIMA,LIMA,INDEPENDENCIA,12/01/2026
2025,12,09/01/2026,LIMA NORTE,PREVENCION DEL DELITO,FISCAL ADJUNTO PROVINCIAL,PROVISIONAL,MASCULINO,4,150112,LIMA,LIMA,INDEPENDENCIA,12/01/2026
2025,12,09/01/2026,LIMA NORTE,PREVENCION DEL DELITO,FISCAL PROVINCIAL,PROVISIONAL (Titular Promovido),FEMENINO,1,150112,LIMA,LIMA,INDEPENDENCIA,12/01/2026
2025,12,09/01/2026,LIMA NORTE,PREVENCION DEL DELITO,FISCAL PROVINCIAL,TITULAR,MASCULINO,2,150112,LIMA,LIMA,INDEPENDENCIA,12/01/2026
2025,12,09/01/2026,LIMA NORTE,TRAFICO ILICITO DE DROGAS,FISCAL ADJUNTO PROVINCIAL,PROVISIONAL,MASCULINO,2,150112,LIMA,LIMA,INDEPENDENCIA,12/01/2026
2025,12,09/01/2026,LIMA NORTE,TRAFICO ILICITO DE DROGAS,FISCAL ADJUNTO PROVINCIAL,TITULAR,FEMENINO,1,150112,LIMA,LIMA,INDEPENDENCIA,12/01/2026
2025,12,09/01/2026,LIMA NORTE,TRAFICO ILICITO DE DROGAS,FISCAL ADJUNTO PROVINCIAL,TITULAR,MASCULINO,1,150112,LIMA,LIMA,INDEPENDENCIA,12/01/2026
2025,12,09/01/2026,LIMA NORTE,TRAFICO ILICITO DE DROGAS,FISCAL PROVINCIAL,TITULAR,MASCULINO,2,150112,LIMA,LIMA,INDEPENDENCIA,12/01/2026
2025,12,09/01/2026,LIMA NORTE,TRANSITO Y SEGURIDAD VIAL,FISCAL ADJUNTO PROVINCIAL,PROVISIONAL,FEMENINO,3,150112,LIMA,LIMA,INDEPENDENCIA,12/01/2026
2025,12,09/01/2026,LIMA NORTE,TRANSITO Y SEGURIDAD VIAL,FISCAL ADJUNTO PROVINCIAL,PROVISIONAL,MASCULINO,4,150112,LIMA,LIMA,INDEPENDENCIA,12/01/2026
2025,12,09/01/2026,LIMA NORTE,TRANSITO Y SEGURIDAD VIAL,FISCAL PROVINCIAL,PROVISIONAL,MASCULINO,4,150112,LIMA,LIMA,INDEPENDENCIA,12/01/2026
2025,12,09/01/2026,LIMA NORTE,VIOLENCIA CONTRA LA MUJER E INTEGRANTES DEL GRUPO FAMILIAR,FISCAL ADJUNTO PROVINCIAL,PROVISIONAL,FEMENINO,49,150112,LIMA,LIMA,INDEPENDENCIA,12/01/2026
2025,12,09/01/2026,LIMA NORTE,VIOLENCIA CONTRA LA MUJER E INTEGRANTES DEL GRUPO FAMILIAR,FISCAL ADJUNTO PROVINCIAL,PROVISIONAL,MASCULINO,33,150112,LIMA,LIMA,INDEPENDENCIA,12/01/2026
2025,12,09/01/2026,LIMA NORTE,VIOLENCIA CONTRA LA MUJER E INTEGRANTES DEL GRUPO FAMILIAR,FISCAL ADJUNTO SUPERIOR,PROVISIONAL (Titular Promovido),FEMENINO,3,150112,LIMA,LIMA,INDEPENDENCIA,12/01/2026
2025,12,09/01/2026,LIMA NORTE,VIOLENCIA CONTRA LA MUJER E INTEGRANTES DEL GRUPO FAMILIAR,FISCAL ADJUNTO SUPERIOR,PROVISIONAL (Titular Promovido),MASCULINO,1,150112,LIMA,LIMA,INDEPENDENCIA,12/01/2026
2025,12,09/01/2026,LIMA NORTE,VIOLENCIA CONTRA LA MUJER E INTEGRANTES DEL GRUPO FAMILIAR,FISCAL PROVINCIAL,PROVISIONAL,FEMENINO,27,150112,LIMA,LIMA,INDEPENDENCIA,12/01/2026
2025,12,09/01/2026,LIMA NORTE,VIOLENCIA CONTRA LA MUJER E INTEGRANTES DEL GRUPO FAMILIAR,FISCAL PROVINCIAL,PROVISIONAL,MASCULINO,6,150112,LIMA,LIMA,INDEPENDENCIA,12/01/2026
2025,12,09/01/2026,LIMA NORTE,VIOLENCIA CONTRA LA MUJER E INTEGRANTES DEL GRUPO FAMILIAR,FISCAL PROVINCIAL,PROVISIONAL (Titular Promovido),FEMENINO,8,150112,LIMA,LIMA,INDEPENDENCIA,12/01/2026
2025,12,09/01/2026,LIMA NORTE,VIOLENCIA CONTRA LA MUJER E INTEGRANTES DEL GRUPO FAMILIAR,FISCAL PROVINCIAL,PROVISIONAL (Titular Promovido),MASCULINO,7,150112,LIMA,LIMA,INDEPENDENCIA,12/01/2026
2025,12,09/01/2026,LIMA NORTE,VIOLENCIA CONTRA LA MUJER E INTEGRANTES DEL GRUPO FAMILIAR,FISCAL SUPERIOR,PROVISIONAL (Titular Promovido),MASCULINO,1,150112,LIMA,LIMA,INDEPENDENCIA,12/01/2026
2025,12,09/01/2026,LIMA NORTE,VIOLENCIA CONTRA LA MUJER E INTEGRANTES DEL GRUPO FAMILIAR,FISCAL SUPERIOR,TITULAR,FEMENINO,1,150112,LIMA,LIMA,INDEPENDENCIA,12/01/2026
2025,12,09/01/2026,LIMA NORTE,PENAL DE FLAGRANCIA DELICTIVA,FISCAL ADJUNTO PROVINCIAL,PROVISIONAL,FEMENINO,10,150112,LIMA,LIMA,INDEPENDENCIA,12/01/2026
2025,12,09/01/2026,LIMA NORTE,PENAL DE FLAGRANCIA DELICTIVA,FISCAL ADJUNTO PROVINCIAL,PROVISIONAL,MASCULINO,2,150112,LIMA,LIMA,INDEPENDENCIA,12/01/2026
2025,12,09/01/2026,LIMA NORTE,PENAL DE FLAGRANCIA DELICTIVA,FISCAL PROVINCIAL,PROVISIONAL,FEMENINO,3,150112,LIMA,LIMA,INDEPENDENCIA,12/01/2026
2025,12,09/01/2026,LIMA SUR,AUTORIDAD NACIONAL DE CONTROL,FISCAL ADJUNTO SUPERIOR,PROVISIONAL (Titular Promovido),FEMENINO,2,150142,LIMA,LIMA,VILLA EL SALVADOR,12/01/2026
2025,12,09/01/2026,LIMA SUR,AUTORIDAD NACIONAL DE CONTROL,FISCAL SUPERIOR,PROVISIONAL (Titular Promovido),MASCULINO,1,150142,LIMA,LIMA,VILLA EL SALVADOR,12/01/2026
2025,12,09/01/2026,LIMA SUR,CORRUPCION DE FUNCIONARIOS,FISCAL ADJUNTO PROVINCIAL,PROVISIONAL,FEMENINO,6,150142,LIMA,LIMA,VILLA EL SALVADOR,12/01/2026
2025,12,09/01/2026,LIMA SUR,CORRUPCION DE FUNCIONARIOS,FISCAL ADJUNTO PROVINCIAL,PROVISIONAL,MASCULINO,2,150142,LIMA,LIMA,VILLA EL SALVADOR,12/01/2026
2025,12,09/01/2026,LIMA SUR,CORRUPCION DE FUNCIONARIOS,FISCAL ADJUNTO SUPERIOR,PROVISIONAL,MASCULINO,2,150142,LIMA,LIMA,VILLA EL SALVADOR,12/01/2026
2025,12,09/01/2026,LIMA SUR,CORRUPCION DE FUNCIONARIOS,FISCAL ADJUNTO SUPERIOR,TITULAR,MASCULINO,1,150142,LIMA,LIMA,VILLA EL SALVADOR,12/01/2026
2025,12,09/01/2026,LIMA SUR,CORRUPCION DE FUNCIONARIOS,FISCAL PROVINCIAL,PROVISIONAL (Titular Promovido),FEMENINO,1,150142,LIMA,LIMA,VILLA EL SALVADOR,12/01/2026
2025,12,09/01/2026,LIMA SUR,CORRUPCION DE FUNCIONARIOS,FISCAL PROVINCIAL,PROVISIONAL (Titular Promovido),MASCULINO,1,150142,LIMA,LIMA,VILLA EL SALVADOR,12/01/2026
2025,12,09/01/2026,LIMA SUR,CORRUPCION DE FUNCIONARIOS,FISCAL PROVINCIAL,TITULAR,FEMENINO,1,150142,LIMA,LIMA,VILLA EL SALVADOR,12/01/2026
2025,12,09/01/2026,LIMA SUR,CORRUPCION DE FUNCIONARIOS,FISCAL SUPERIOR,TITULAR,MASCULINO,1,150142,LIMA,LIMA,VILLA EL SALVADOR,12/01/2026
2025,12,09/01/2026,LIMA SUR,FAMILIA,FISCAL ADJUNTO PROVINCIAL,PROVISIONAL,FEMENINO,5,150142,LIMA,LIMA,VILLA EL SALVADOR,12/01/2026
2025,12,09/01/2026,LIMA SUR,FAMILIA,FISCAL ADJUNTO PROVINCIAL,PROVISIONAL,MASCULINO,3,150142,LIMA,LIMA,VILLA EL SALVADOR,12/01/2026
2025,12,09/01/2026,LIMA SUR,FAMILIA,FISCAL ADJUNTO PROVINCIAL,TITULAR,FEMENINO,3,150142,LIMA,LIMA,VILLA EL SALVADOR,12/01/2026
2025,12,09/01/2026,LIMA SUR,FAMILIA,FISCAL ADJUNTO PROVINCIAL,TITULAR,MASCULINO,2,150142,LIMA,LIMA,VILLA EL SALVADOR,12/01/2026
2025,12,09/01/2026,LIMA SUR,FAMILIA,FISCAL ADJUNTO SUPERIOR,TITULAR,MASCULINO,1,150142,LIMA,LIMA,VILLA EL SALVADOR,12/01/2026
2025,12,09/01/2026,LIMA SUR,FAMILIA,FISCAL PROVINCIAL,PROVISIONAL,FEMENINO,1,150142,LIMA,LIMA,VILLA EL SALVADOR,12/01/2026
2025,12,09/01/2026,LIMA SUR,FAMILIA,FISCAL PROVINCIAL,PROVISIONAL (Titular Promovido),FEMENINO,1,150142,LIMA,LIMA,VILLA EL SALVADOR,12/01/2026
2025,12,09/01/2026,LIMA SUR,FAMILIA,FISCAL PROVINCIAL,TITULAR,FEMENINO,1,150142,LIMA,LIMA,VILLA EL SALVADOR,12/01/2026
2025,12,09/01/2026,LIMA SUR,FAMILIA,FISCAL PROVINCIAL,TITULAR,MASCULINO,2,150142,LIMA,LIMA,VILLA EL SALVADOR,12/01/2026
2025,12,09/01/2026,LIMA SUR,FAMILIA,FISCAL SUPERIOR,PROVISIONAL (Titular Promovido),MASCULINO,1,150142,LIMA,LIMA,VILLA EL SALVADOR,12/01/2026
2025,12,09/01/2026,LIMA SUR,PENAL,FISCAL ADJUNTO PROVINCIAL,PROVISIONAL,FEMENINO,58,150142,LIMA,LIMA,VILLA EL SALVADOR,12/01/2026
2025,12,09/01/2026,LIMA SUR,PENAL,FISCAL ADJUNTO PROVINCIAL,PROVISIONAL,MASCULINO,43,150142,LIMA,LIMA,VILLA EL SALVADOR,12/01/2026
2025,12,09/01/2026,LIMA SUR,PENAL,FISCAL ADJUNTO PROVINCIAL,TITULAR,MASCULINO,1,150142,LIMA,LIMA,VILLA EL SALVADOR,12/01/2026
2025,12,09/01/2026,LIMA SUR,PENAL,FISCAL ADJUNTO SUPERIOR,PROVISIONAL,FEMENINO,1,150142,LIMA,LIMA,VILLA EL SALVADOR,12/01/2026
2025,12,09/01/2026,LIMA SUR,PENAL,FISCAL ADJUNTO SUPERIOR,PROVISIONAL,MASCULINO,1,150142,LIMA,LIMA,VILLA EL SALVADOR,12/01/2026
2025,12,09/01/2026,LIMA SUR,PENAL,FISCAL ADJUNTO SUPERIOR,PROVISIONAL (Titular Promovido),FEMENINO,3,150142,LIMA,LIMA,VILLA EL SALVADOR,12/01/2026
2025,12,09/01/2026,LIMA SUR,PENAL,FISCAL ADJUNTO SUPERIOR,PROVISIONAL (Titular Promovido),MASCULINO,5,150142,LIMA,LIMA,VILLA EL SALVADOR,12/01/2026
2025,12,09/01/2026,LIMA SUR,PENAL,FISCAL PROVINCIAL,PROVISIONAL,FEMENINO,5,150142,LIMA,LIMA,VILLA EL SALVADOR,12/01/2026
2025,12,09/01/2026,LIMA SUR,PENAL,FISCAL PROVINCIAL,PROVISIONAL,MASCULINO,5,150142,LIMA,LIMA,VILLA EL SALVADOR,12/01/2026
2025,12,09/01/2026,LIMA SUR,PENAL,FISCAL PROVINCIAL,PROVISIONAL (Titular Promovido),FEMENINO,4,150142,LIMA,LIMA,VILLA EL SALVADOR,12/01/2026
2025,12,09/01/2026,LIMA SUR,PENAL,FISCAL PROVINCIAL,PROVISIONAL (Titular Promovido),MASCULINO,7,150142,LIMA,LIMA,VILLA EL SALVADOR,12/01/2026
2025,12,09/01/2026,LIMA SUR,PENAL,FISCAL PROVINCIAL,TITULAR,FEMENINO,2,150142,LIMA,LIMA,VILLA EL SALVADOR,12/01/2026
2025,12,09/01/2026,LIMA SUR,PENAL,FISCAL PROVINCIAL,TITULAR,MASCULINO,2,150142,LIMA,LIMA,VILLA EL SALVADOR,12/01/2026
2025,12,09/01/2026,LIMA SUR,PENAL,FISCAL SUPERIOR,PROVISIONAL (Titular Promovido),FEMENINO,1,150142,LIMA,LIMA,VILLA EL SALVADOR,12/01/2026
2025,12,09/01/2026,LIMA SUR,PENAL,FISCAL SUPERIOR,PROVISIONAL (Titular Promovido),MASCULINO,2,150142,LIMA,LIMA,VILLA EL SALVADOR,12/01/2026
2025,12,09/01/2026,LIMA SUR,PENAL,FISCAL SUPERIOR,TITULAR,FEMENINO,1,150142,LIMA,LIMA,VILLA EL SALVADOR,12/01/2026
2025,12,09/01/2026,LIMA SUR,POOL / EQUIPO DE APOYO FISCAL (SIN ESPECIALIDAD),FISCAL ADJUNTO PROVINCIAL,PROVISIONAL,FEMENINO,8,150142,LIMA,LIMA,VILLA EL SALVADOR,12/01/2026
2025,12,09/01/2026,LIMA SUR,POOL / EQUIPO DE APOYO FISCAL (SIN ESPECIALIDAD),FISCAL ADJUNTO PROVINCIAL,PROVISIONAL,MASCULINO,14,150142,LIMA,LIMA,VILLA EL SALVADOR,12/01/2026
2025,12,09/01/2026,LIMA SUR,PREVENCION DEL DELITO,FISCAL ADJUNTO PROVINCIAL,PROVISIONAL,FEMENINO,3,150142,LIMA,LIMA,VILLA EL SALVADOR,12/01/2026
2025,12,09/01/2026,LIMA SUR,PREVENCION DEL DELITO,FISCAL ADJUNTO PROVINCIAL,PROVISIONAL,MASCULINO,1,150142,LIMA,LIMA,VILLA EL SALVADOR,12/01/2026
2025,12,09/01/2026,LIMA SUR,PREVENCION DEL DELITO,FISCAL ADJUNTO PROVINCIAL,TITULAR,FEMENINO,1,150142,LIMA,LIMA,VILLA EL SALVADOR,12/01/2026
2025,12,09/01/2026,LIMA SUR,PREVENCION DEL DELITO,FISCAL PROVINCIAL,TITULAR,MASCULINO,1,150142,LIMA,LIMA,VILLA EL SALVADOR,12/01/2026
2025,12,09/01/2026,LIMA SUR,VIOLENCIA CONTRA LA MUJER E INTEGRANTES DEL GRUPO FAMILIAR,FISCAL ADJUNTO PROVINCIAL,PROVISIONAL,FEMENINO,23,150142,LIMA,LIMA,VILLA EL SALVADOR,12/01/2026
2025,12,09/01/2026,LIMA SUR,VIOLENCIA CONTRA LA MUJER E INTEGRANTES DEL GRUPO FAMILIAR,FISCAL ADJUNTO PROVINCIAL,PROVISIONAL,MASCULINO,7,150142,LIMA,LIMA,VILLA EL SALVADOR,12/01/2026
2025,12,09/01/2026,LIMA SUR,VIOLENCIA CONTRA LA MUJER E INTEGRANTES DEL GRUPO FAMILIAR,FISCAL PROVINCIAL,PROVISIONAL,FEMENINO,3,150142,LIMA,LIMA,VILLA EL SALVADOR,12/01/2026
2025,12,09/01/2026,LIMA SUR,VIOLENCIA CONTRA LA MUJER E INTEGRANTES DEL GRUPO FAMILIAR,FISCAL PROVINCIAL,PROVISIONAL (Titular Promovido),FEMENINO,3,150142,LIMA,LIMA,VILLA EL SALVADOR,12/01/2026
2025,12,09/01/2026,LIMA SUR,VIOLENCIA CONTRA LA MUJER E INTEGRANTES DEL GRUPO FAMILIAR,FISCAL PROVINCIAL,PROVISIONAL (Titular Promovido),MASCULINO,1,150142,LIMA,LIMA,VILLA EL SALVADOR,12/01/2026
2025,12,09/01/2026,LORETO,AUTORIDAD NACIONAL DE CONTROL,FISCAL ADJUNTO SUPERIOR,PROVISIONAL,FEMENINO,1,160101,LORETO,MAYNAS,IQUITOS,12/01/2026
2025,12,09/01/2026,LORETO,AUTORIDAD NACIONAL DE CONTROL,FISCAL ADJUNTO SUPERIOR,PROVISIONAL (Titular Promovido),FEMENINO,1,160101,LORETO,MAYNAS,IQUITOS,12/01/2026
2025,12,09/01/2026,LORETO,AUTORIDAD NACIONAL DE CONTROL,FISCAL SUPERIOR,PROVISIONAL (Titular Promovido),MASCULINO,1,160101,LORETO,MAYNAS,IQUITOS,12/01/2026
2025,12,09/01/2026,LORETO,CORRUPCION DE FUNCIONARIOS,FISCAL ADJUNTO PROVINCIAL,PROVISIONAL,FEMENINO,5,160101,LORETO,MAYNAS,IQUITOS,12/01/2026
2025,12,09/01/2026,LORETO,CORRUPCION DE FUNCIONARIOS,FISCAL ADJUNTO PROVINCIAL,PROVISIONAL,MASCULINO,7,160101,LORETO,MAYNAS,IQUITOS,12/01/2026
2025,12,09/01/2026,LORETO,CORRUPCION DE FUNCIONARIOS,FISCAL ADJUNTO PROVINCIAL,TITULAR,MASCULINO,1,160101,LORETO,MAYNAS,IQUITOS,12/01/2026
2025,12,09/01/2026,LORETO,CORRUPCION DE FUNCIONARIOS,FISCAL ADJUNTO SUPERIOR,PROVISIONAL (Titular Promovido),MASCULINO,1,160101,LORETO,MAYNAS,IQUITOS,12/01/2026
2025,12,09/01/2026,LORETO,CORRUPCION DE FUNCIONARIOS,FISCAL ADJUNTO SUPERIOR,TITULAR,MASCULINO,1,160101,LORETO,MAYNAS,IQUITOS,12/01/2026
2025,12,09/01/2026,LORETO,CORRUPCION DE FUNCIONARIOS,FISCAL PROVINCIAL,PROVISIONAL,FEMENINO,1,160101,LORETO,MAYNAS,IQUITOS,12/01/2026
2025,12,09/01/2026,LORETO,CORRUPCION DE FUNCIONARIOS,FISCAL PROVINCIAL,PROVISIONAL,MASCULINO,1,160101,LORETO,MAYNAS,IQUITOS,12/01/2026
2025,12,09/01/2026,LORETO,CORRUPCION DE FUNCIONARIOS,FISCAL PROVINCIAL,PROVISIONAL (Titular Promovido),FEMENINO,1,160101,LORETO,MAYNAS,IQUITOS,12/01/2026
2025,12,09/01/2026,LORETO,CORRUPCION DE FUNCIONARIOS,FISCAL PROVINCIAL,PROVISIONAL (Titular Promovido),MASCULINO,1,160101,LORETO,MAYNAS,IQUITOS,12/01/2026
2025,12,09/01/2026,LORETO,CORRUPCION DE FUNCIONARIOS,FISCAL PROVINCIAL,TITULAR,MASCULINO,2,160101,LORETO,MAYNAS,IQUITOS,12/01/2026
2025,12,09/01/2026,LORETO,CORRUPCION DE FUNCIONARIOS,FISCAL SUPERIOR,TITULAR,MASCULINO,1,160101,LORETO,MAYNAS,IQUITOS,12/01/2026
2025,12,09/01/2026,LORETO,DELITOS DE TRATA DE PERSONAS,FISCAL ADJUNTO PROVINCIAL,PROVISIONAL,FEMENINO,1,160101,LORETO,MAYNAS,IQUITOS,12/01/2026
2025,12,09/01/2026,LORETO,DELITOS DE TRATA DE PERSONAS,FISCAL ADJUNTO PROVINCIAL,PROVISIONAL,MASCULINO,1,160101,LORETO,MAYNAS,IQUITOS,12/01/2026
2025,12,09/01/2026,LORETO,DELITOS DE TRATA DE PERSONAS,FISCAL PROVINCIAL,PROVISIONAL,FEMENINO,1,160101,LORETO,MAYNAS,IQUITOS,12/01/2026
2025,12,09/01/2026,LORETO,EXTINCION DE DOMINIO,FISCAL ADJUNTO PROVINCIAL,PROVISIONAL,FEMENINO,1,160101,LORETO,MAYNAS,IQUITOS,12/01/2026
2025,12,09/01/2026,LORETO,EXTINCION DE DOMINIO,FISCAL ADJUNTO PROVINCIAL,PROVISIONAL,MASCULINO,1,160101,LORETO,MAYNAS,IQUITOS,12/01/2026
2025,12,09/01/2026,LORETO,EXTINCION DE DOMINIO,FISCAL PROVINCIAL,PROVISIONAL (Titular Promovido),MASCULINO,1,160101,LORETO,MAYNAS,IQUITOS,12/01/2026
2025,12,09/01/2026,LORETO,FAMILIA,FISCAL ADJUNTO PROVINCIAL,PROVISIONAL,FEMENINO,4,160101,LORETO,MAYNAS,IQUITOS,12/01/2026
2025,12,09/01/2026,LORETO,FAMILIA,FISCAL ADJUNTO PROVINCIAL,PROVISIONAL,MASCULINO,4,160101,LORETO,MAYNAS,IQUITOS,12/01/2026
2025,12,09/01/2026,LORETO,FAMILIA,FISCAL ADJUNTO SUPERIOR,TITULAR,FEMENINO,1,160101,LORETO,MAYNAS,IQUITOS,12/01/2026
2025,12,09/01/2026,LORETO,FAMILIA,FISCAL PROVINCIAL,PROVISIONAL,FEMENINO,2,160101,LORETO,MAYNAS,IQUITOS,12/01/2026
2025,12,09/01/2026,LORETO,FAMILIA,FISCAL PROVINCIAL,PROVISIONAL,MASCULINO,4,160101,LORETO,MAYNAS,IQUITOS,12/01/2026
2025,12,09/01/2026,LORETO,FAMILIA,FISCAL PROVINCIAL,PROVISIONAL (Titular Promovido),FEMENINO,1,160101,LORETO,MAYNAS,IQUITOS,12/01/2026
2025,12,09/01/2026,LORETO,FAMILIA,FISCAL PROVINCIAL,TITULAR,FEMENINO,1,160101,LORETO,MAYNAS,IQUITOS,12/01/2026
2025,12,09/01/2026,LORETO,FAMILIA,FISCAL SUPERIOR,TITULAR,FEMENINO,1,160101,LORETO,MAYNAS,IQUITOS,12/01/2026
2025,12,09/01/2026,LORETO,MATERIA AMBIENTAL,FISCAL ADJUNTO PROVINCIAL,PROVISIONAL,FEMENINO,3,160101,LORETO,MAYNAS,IQUITOS,12/01/2026
2025,12,09/01/2026,LORETO,MATERIA AMBIENTAL,FISCAL ADJUNTO PROVINCIAL,PROVISIONAL,MASCULINO,4,160101,LORETO,MAYNAS,IQUITOS,12/01/2026
2025,12,09/01/2026,LORETO,MATERIA AMBIENTAL,FISCAL PROVINCIAL,PROVISIONAL,MASCULINO,3,160101,LORETO,MAYNAS,IQUITOS,12/01/2026
2025,12,09/01/2026,LORETO,MIXTA,FISCAL PROVINCIAL,PROVISIONAL,MASCULINO,1,160101,LORETO,MAYNAS,IQUITOS,12/01/2026
2025,12,09/01/2026,LORETO,PENAL,FISCAL ADJUNTO PROVINCIAL,PROVISIONAL,FEMENINO,22,160101,LORETO,MAYNAS,IQUITOS,12/01/2026
2025,12,09/01/2026,LORETO,PENAL,FISCAL ADJUNTO PROVINCIAL,PROVISIONAL,MASCULINO,25,160101,LORETO,MAYNAS,IQUITOS,12/01/2026
2025,12,09/01/2026,LORETO,PENAL,FISCAL ADJUNTO PROVINCIAL,TITULAR,FEMENINO,4,160101,LORETO,MAYNAS,IQUITOS,12/01/2026
2025,12,09/01/2026,LORETO,PENAL,FISCAL ADJUNTO PROVINCIAL,TITULAR,MASCULINO,7,160101,LORETO,MAYNAS,IQUITOS,12/01/2026
2025,12,09/01/2026,LORETO,PENAL,FISCAL ADJUNTO SUPERIOR,PROVISIONAL (Titular Promovido),MASCULINO,2,160101,LORETO,MAYNAS,IQUITOS,12/01/2026
2025,12,09/01/2026,LORETO,PENAL,FISCAL ADJUNTO SUPERIOR,TITULAR,FEMENINO,2,160101,LORETO,MAYNAS,IQUITOS,12/01/2026
2025,12,09/01/2026,LORETO,PENAL,FISCAL ADJUNTO SUPERIOR,TITULAR,MASCULINO,4,160101,LORETO,MAYNAS,IQUITOS,12/01/2026
2025,12,09/01/2026,LORETO,PENAL,FISCAL PROVINCIAL,PROVISIONAL,FEMENINO,9,160101,LORETO,MAYNAS,IQUITOS,12/01/2026
2025,12,09/01/2026,LORETO,PENAL,FISCAL PROVINCIAL,PROVISIONAL,MASCULINO,5,160101,LORETO,MAYNAS,IQUITOS,12/01/2026
2025,12,09/01/2026,LORETO,PENAL,FISCAL PROVINCIAL,PROVISIONAL (Titular Promovido),FEMENINO,1,160101,LORETO,MAYNAS,IQUITOS,12/01/2026
2025,12,09/01/2026,LORETO,PENAL,FISCAL PROVINCIAL,PROVISIONAL (Titular Promovido),MASCULINO,3,160101,LORETO,MAYNAS,IQUITOS,12/01/2026
2025,12,09/01/2026,LORETO,PENAL,FISCAL PROVINCIAL,TITULAR,FEMENINO,2,160101,LORETO,MAYNAS,IQUITOS,12/01/2026
2025,12,09/01/2026,LORETO,PENAL,FISCAL PROVINCIAL,TITULAR,MASCULINO,9,160101,LORETO,MAYNAS,IQUITOS,12/01/2026
2025,12,09/01/2026,LORETO,PENAL,FISCAL SUPERIOR,PROVISIONAL (Titular Promovido),MASCULINO,1,160101,LORETO,MAYNAS,IQUITOS,12/01/2026
2025,12,09/01/2026,LORETO,PENAL,FISCAL SUPERIOR,TITULAR,FEMENINO,2,160101,LORETO,MAYNAS,IQUITOS,12/01/2026
2025,12,09/01/2026,LORETO,PENAL,FISCAL SUPERIOR,TITULAR,MASCULINO,1,160101,LORETO,MAYNAS,IQUITOS,12/01/2026
2025,12,09/01/2026,LORETO,PREVENCION DEL DELITO,FISCAL ADJUNTO PROVINCIAL,PROVISIONAL,FEMENINO,1,160101,LORETO,MAYNAS,IQUITOS,12/01/2026
2025,12,09/01/2026,LORETO,PREVENCION DEL DELITO,FISCAL ADJUNTO PROVINCIAL,PROVISIONAL,MASCULINO,1,160101,LORETO,MAYNAS,IQUITOS,12/01/2026
2025,12,09/01/2026,LORETO,PREVENCION DEL DELITO,FISCAL ADJUNTO PROVINCIAL,TITULAR,MASCULINO,2,160101,LORETO,MAYNAS,IQUITOS,12/01/2026
2025,12,09/01/2026,LORETO,PREVENCION DEL DELITO,FISCAL PROVINCIAL,PROVISIONAL,FEMENINO,1,160101,LORETO,MAYNAS,IQUITOS,12/01/2026
2025,12,09/01/2026,LORETO,PREVENCION DEL DELITO,FISCAL PROVINCIAL,TITULAR,MASCULINO,1,160101,LORETO,MAYNAS,IQUITOS,12/01/2026
2025,12,09/01/2026,LORETO,TRAFICO ILICITO DE DROGAS,FISCAL ADJUNTO PROVINCIAL,PROVISIONAL,FEMENINO,2,160101,LORETO,MAYNAS,IQUITOS,12/01/2026
2025,12,09/01/2026,LORETO,TRAFICO ILICITO DE DROGAS,FISCAL ADJUNTO PROVINCIAL,PROVISIONAL,MASCULINO,2,160101,LORETO,MAYNAS,IQUITOS,12/01/2026
2025,12,09/01/2026,LORETO,TRAFICO ILICITO DE DROGAS,FISCAL PROVINCIAL,PROVISIONAL (Titular Promovido),MASCULINO,1,160101,LORETO,MAYNAS,IQUITOS,12/01/2026
2025,12,09/01/2026,LORETO,VIOLENCIA CONTRA LA MUJER E INTEGRANTES DEL GRUPO FAMILIAR,FISCAL ADJUNTO PROVINCIAL,PROVISIONAL,FEMENINO,6,160101,LORETO,MAYNAS,IQUITOS,12/01/2026
2025,12,09/01/2026,LORETO,VIOLENCIA CONTRA LA MUJER E INTEGRANTES DEL GRUPO FAMILIAR,FISCAL ADJUNTO PROVINCIAL,PROVISIONAL,MASCULINO,2,160101,LORETO,MAYNAS,IQUITOS,12/01/2026
2025,12,09/01/2026,LORETO,VIOLENCIA CONTRA LA MUJER E INTEGRANTES DEL GRUPO FAMILIAR,FISCAL PROVINCIAL,PROVISIONAL,FEMENINO,2,160101,LORETO,MAYNAS,IQUITOS,12/01/2026
2025,12,09/01/2026,LORETO,DERECHOS HUMANOS Y CONTRA EL TERRORISMO,FISCAL ADJUNTO PROVINCIAL,PROVISIONAL,FEMENINO,2,160101,LORETO,MAYNAS,IQUITOS,12/01/2026
2025,12,09/01/2026,LORETO,DERECHOS HUMANOS Y CONTRA EL TERRORISMO,FISCAL PROVINCIAL,TITULAR,MASCULINO,1,160101,LORETO,MAYNAS,IQUITOS,12/01/2026
2025,12,09/01/2026,MADRE DE DIOS,AUTORIDAD NACIONAL DE CONTROL,FISCAL ADJUNTO SUPERIOR,PROVISIONAL (Titular Promovido),MASCULINO,2,170101,MADRE DE DIOS,TAMBOPATA,TAMBOPATA,12/01/2026
2025,12,09/01/2026,MADRE DE DIOS,AUTORIDAD NACIONAL DE CONTROL,FISCAL SUPERIOR,PROVISIONAL (Titular Promovido),MASCULINO,1,170101,MADRE DE DIOS,TAMBOPATA,TAMBOPATA,12/01/2026
2025,12,09/01/2026,MADRE DE DIOS,CORRUPCION DE FUNCIONARIOS,FISCAL ADJUNTO PROVINCIAL,PROVISIONAL,FEMENINO,4,170101,MADRE DE DIOS,TAMBOPATA,TAMBOPATA,12/01/2026
2025,12,09/01/2026,MADRE DE DIOS,CORRUPCION DE FUNCIONARIOS,FISCAL ADJUNTO PROVINCIAL,PROVISIONAL,MASCULINO,2,170101,MADRE DE DIOS,TAMBOPATA,TAMBOPATA,12/01/2026
2025,12,09/01/2026,MADRE DE DIOS,CORRUPCION DE FUNCIONARIOS,FISCAL ADJUNTO PROVINCIAL,TITULAR,MASCULINO,2,170101,MADRE DE DIOS,TAMBOPATA,TAMBOPATA,12/01/2026
2025,12,09/01/2026,MADRE DE DIOS,CORRUPCION DE FUNCIONARIOS,FISCAL PROVINCIAL,PROVISIONAL,FEMENINO,1,170101,MADRE DE DIOS,TAMBOPATA,TAMBOPATA,12/01/2026
2025,12,09/01/2026,MADRE DE DIOS,CORRUPCION DE FUNCIONARIOS,FISCAL PROVINCIAL,TITULAR,MASCULINO,1,170101,MADRE DE DIOS,TAMBOPATA,TAMBOPATA,12/01/2026
2025,12,09/01/2026,MADRE DE DIOS,CRIMEN ORGANIZADO,FISCAL ADJUNTO PROVINCIAL,PROVISIONAL,FEMENINO,2,170101,MADRE DE DIOS,TAMBOPATA,TAMBOPATA,12/01/2026
2025,12,09/01/2026,MADRE DE DIOS,CRIMEN ORGANIZADO,FISCAL PROVINCIAL,PROVISIONAL (Titular Promovido),MASCULINO,1,170101,MADRE DE DIOS,TAMBOPATA,TAMBOPATA,12/01/2026
2025,12,09/01/2026,MADRE DE DIOS,DELITOS DE TRATA DE PERSONAS,FISCAL ADJUNTO PROVINCIAL,PROVISIONAL,FEMENINO,2,170101,MADRE DE DIOS,TAMBOPATA,TAMBOPATA,12/01/2026
2025,12,09/01/2026,MADRE DE DIOS,DELITOS DE TRATA DE PERSONAS,FISCAL ADJUNTO PROVINCIAL,PROVISIONAL,MASCULINO,1,170101,MADRE DE DIOS,TAMBOPATA,TAMBOPATA,12/01/2026
2025,12,09/01/2026,MADRE DE DIOS,DELITOS DE TRATA DE PERSONAS,FISCAL PROVINCIAL,PROVISIONAL,FEMENINO,1,170101,MADRE DE DIOS,TAMBOPATA,TAMBOPATA,12/01/2026
2025,12,09/01/2026,MADRE DE DIOS,EXTINCION DE DOMINIO,FISCAL ADJUNTO PROVINCIAL,PROVISIONAL,FEMENINO,2,170101,MADRE DE DIOS,TAMBOPATA,TAMBOPATA,12/01/2026
2025,12,09/01/2026,MADRE DE DIOS,EXTINCION DE DOMINIO,FISCAL PROVINCIAL,PROVISIONAL (Titular Promovido),MASCULINO,1,170101,MADRE DE DIOS,TAMBOPATA,TAMBOPATA,12/01/2026
2025,12,09/01/2026,MADRE DE DIOS,FAMILIA,FISCAL ADJUNTO PROVINCIAL,PROVISIONAL,FEMENINO,1,170101,MADRE DE DIOS,TAMBOPATA,TAMBOPATA,12/01/2026
2025,12,09/01/2026,MADRE DE DIOS,FAMILIA,FISCAL ADJUNTO PROVINCIAL,PROVISIONAL,MASCULINO,1,170101,MADRE DE DIOS,TAMBOPATA,TAMBOPATA,12/01/2026
2025,12,09/01/2026,MADRE DE DIOS,FAMILIA,FISCAL ADJUNTO PROVINCIAL,TITULAR,MASCULINO,1,170101,MADRE DE DIOS,TAMBOPATA,TAMBOPATA,12/01/2026
2025,12,09/01/2026,MADRE DE DIOS,FAMILIA,FISCAL PROVINCIAL,PROVISIONAL (Titular Promovido),FEMENINO,1,170101,MADRE DE DIOS,TAMBOPATA,TAMBOPATA,12/01/2026
2025,12,09/01/2026,MADRE DE DIOS,FAMILIA,FISCAL PROVINCIAL,PROVISIONAL (Titular Promovido),MASCULINO,1,170101,MADRE DE DIOS,TAMBOPATA,TAMBOPATA,12/01/2026
2025,12,09/01/2026,MADRE DE DIOS,MATERIA AMBIENTAL,FISCAL ADJUNTO PROVINCIAL,PROVISIONAL,FEMENINO,2,170101,MADRE DE DIOS,TAMBOPATA,TAMBOPATA,12/01/2026
2025,12,09/01/2026,MADRE DE DIOS,MATERIA AMBIENTAL,FISCAL ADJUNTO PROVINCIAL,PROVISIONAL,MASCULINO,7,170101,MADRE DE DIOS,TAMBOPATA,TAMBOPATA,12/01/2026
2025,12,09/01/2026,MADRE DE DIOS,MATERIA AMBIENTAL,FISCAL ADJUNTO PROVINCIAL,TITULAR,MASCULINO,1,170101,MADRE DE DIOS,TAMBOPATA,TAMBOPATA,12/01/2026
2025,12,09/01/2026,MADRE DE DIOS,MATERIA AMBIENTAL,FISCAL PROVINCIAL,PROVISIONAL,MASCULINO,3,170101,MADRE DE DIOS,TAMBOPATA,TAMBOPATA,12/01/2026
2025,12,09/01/2026,MADRE DE DIOS,MATERIA AMBIENTAL,FISCAL PROVINCIAL,TITULAR,FEMENINO,1,170101,MADRE DE DIOS,TAMBOPATA,TAMBOPATA,12/01/2026
2025,12,09/01/2026,MADRE DE DIOS,MATERIA AMBIENTAL,FISCAL PROVINCIAL,TITULAR,MASCULINO,1,170101,MADRE DE DIOS,TAMBOPATA,TAMBOPATA,12/01/2026
2025,12,09/01/2026,MADRE DE DIOS,MIXTA,FISCAL ADJUNTO PROVINCIAL,PROVISIONAL,FEMENINO,1,170101,MADRE DE DIOS,TAMBOPATA,TAMBOPATA,12/01/2026
2025,12,09/01/2026,MADRE DE DIOS,MIXTA,FISCAL ADJUNTO PROVINCIAL,PROVISIONAL,MASCULINO,3,170101,MADRE DE DIOS,TAMBOPATA,TAMBOPATA,12/01/2026
2025,12,09/01/2026,MADRE DE DIOS,MIXTA,FISCAL ADJUNTO PROVINCIAL,TITULAR,FEMENINO,1,170101,MADRE DE DIOS,TAMBOPATA,TAMBOPATA,12/01/2026
2025,12,09/01/2026,MADRE DE DIOS,MIXTA,FISCAL ADJUNTO PROVINCIAL,TITULAR,MASCULINO,2,170101,MADRE DE DIOS,TAMBOPATA,TAMBOPATA,12/01/2026
2025,12,09/01/2026,MADRE DE DIOS,MIXTA,FISCAL ADJUNTO SUPERIOR,TITULAR,MASCULINO,1,170101,MADRE DE DIOS,TAMBOPATA,TAMBOPATA,12/01/2026
2025,12,09/01/2026,MADRE DE DIOS,MIXTA,FISCAL PROVINCIAL,PROVISIONAL,FEMENINO,1,170101,MADRE DE DIOS,TAMBOPATA,TAMBOPATA,12/01/2026
2025,12,09/01/2026,MADRE DE DIOS,MIXTA,FISCAL PROVINCIAL,PROVISIONAL (Titular Promovido),MASCULINO,1,170101,MADRE DE DIOS,TAMBOPATA,TAMBOPATA,12/01/2026
2025,12,09/01/2026,MADRE DE DIOS,MIXTA,FISCAL PROVINCIAL,TITULAR,MASCULINO,2,170101,MADRE DE DIOS,TAMBOPATA,TAMBOPATA,12/01/2026
2025,12,09/01/2026,MADRE DE DIOS,MIXTA,FISCAL SUPERIOR,TITULAR,MASCULINO,1,170101,MADRE DE DIOS,TAMBOPATA,TAMBOPATA,12/01/2026
2025,12,09/01/2026,MADRE DE DIOS,PENAL,FISCAL ADJUNTO PROVINCIAL,PROVISIONAL,FEMENINO,5,170101,MADRE DE DIOS,TAMBOPATA,TAMBOPATA,12/01/2026
2025,12,09/01/2026,MADRE DE DIOS,PENAL,FISCAL ADJUNTO PROVINCIAL,PROVISIONAL,MASCULINO,3,170101,MADRE DE DIOS,TAMBOPATA,TAMBOPATA,12/01/2026
2025,12,09/01/2026,MADRE DE DIOS,PENAL,FISCAL ADJUNTO PROVINCIAL,TITULAR,MASCULINO,1,170101,MADRE DE DIOS,TAMBOPATA,TAMBOPATA,12/01/2026
2025,12,09/01/2026,MADRE DE DIOS,PENAL,FISCAL ADJUNTO SUPERIOR,PROVISIONAL (Titular Promovido),FEMENINO,1,170101,MADRE DE DIOS,TAMBOPATA,TAMBOPATA,12/01/2026
2025,12,09/01/2026,MADRE DE DIOS,PENAL,FISCAL ADJUNTO SUPERIOR,PROVISIONAL (Titular Promovido),MASCULINO,1,170101,MADRE DE DIOS,TAMBOPATA,TAMBOPATA,12/01/2026
2025,12,09/01/2026,MADRE DE DIOS,PENAL,FISCAL ADJUNTO SUPERIOR,TITULAR,FEMENINO,1,170101,MADRE DE DIOS,TAMBOPATA,TAMBOPATA,12/01/2026
2025,12,09/01/2026,MADRE DE DIOS,PENAL,FISCAL ADJUNTO SUPERIOR,TITULAR,MASCULINO,1,170101,MADRE DE DIOS,TAMBOPATA,TAMBOPATA,12/01/2026
2025,12,09/01/2026,MADRE DE DIOS,PENAL,FISCAL PROVINCIAL,PROVISIONAL,FEMENINO,2,170101,MADRE DE DIOS,TAMBOPATA,TAMBOPATA,12/01/2026
2025,12,09/01/2026,MADRE DE DIOS,PENAL,FISCAL PROVINCIAL,PROVISIONAL,MASCULINO,1,170101,MADRE DE DIOS,TAMBOPATA,TAMBOPATA,12/01/2026
2025,12,09/01/2026,MADRE DE DIOS,PENAL,FISCAL PROVINCIAL,PROVISIONAL (Titular Promovido),MASCULINO,1,170101,MADRE DE DIOS,TAMBOPATA,TAMBOPATA,12/01/2026
2025,12,09/01/2026,MADRE DE DIOS,PENAL,FISCAL PROVINCIAL,TITULAR,MASCULINO,3,170101,MADRE DE DIOS,TAMBOPATA,TAMBOPATA,12/01/2026
2025,12,09/01/2026,MADRE DE DIOS,PENAL,FISCAL SUPERIOR,TITULAR,MASCULINO,1,170101,MADRE DE DIOS,TAMBOPATA,TAMBOPATA,12/01/2026
2025,12,09/01/2026,MADRE DE DIOS,PREVENCION DEL DELITO,FISCAL ADJUNTO PROVINCIAL,PROVISIONAL,FEMENINO,1,170101,MADRE DE DIOS,TAMBOPATA,TAMBOPATA,12/01/2026
2025,12,09/01/2026,MADRE DE DIOS,PREVENCION DEL DELITO,FISCAL ADJUNTO PROVINCIAL,PROVISIONAL,MASCULINO,1,170101,MADRE DE DIOS,TAMBOPATA,TAMBOPATA,12/01/2026
2025,12,09/01/2026,MADRE DE DIOS,PREVENCION DEL DELITO,FISCAL PROVINCIAL,PROVISIONAL (Titular Promovido),MASCULINO,1,170101,MADRE DE DIOS,TAMBOPATA,TAMBOPATA,12/01/2026
2025,12,09/01/2026,MADRE DE DIOS,TRAFICO ILICITO DE DROGAS,FISCAL ADJUNTO PROVINCIAL,PROVISIONAL,FEMENINO,1,170101,MADRE DE DIOS,TAMBOPATA,TAMBOPATA,12/01/2026
2025,12,09/01/2026,MADRE DE DIOS,TRAFICO ILICITO DE DROGAS,FISCAL ADJUNTO PROVINCIAL,PROVISIONAL,MASCULINO,1,170101,MADRE DE DIOS,TAMBOPATA,TAMBOPATA,12/01/2026
2025,12,09/01/2026,MADRE DE DIOS,TRAFICO ILICITO DE DROGAS,FISCAL PROVINCIAL,PROVISIONAL,MASCULINO,1,170101,MADRE DE DIOS,TAMBOPATA,TAMBOPATA,12/01/2026
2025,12,09/01/2026,MADRE DE DIOS,DERECHOS HUMANOS Y CONTRA EL TERRORISMO,FISCAL ADJUNTO PROVINCIAL,PROVISIONAL,MASCULINO,2,170101,MADRE DE DIOS,TAMBOPATA,TAMBOPATA,12/01/2026
2025,12,09/01/2026,MADRE DE DIOS,DERECHOS HUMANOS Y CONTRA EL TERRORISMO,FISCAL PROVINCIAL,PROVISIONAL,FEMENINO,1,170101,MADRE DE DIOS,TAMBOPATA,TAMBOPATA,12/01/2026
2025,12,09/01/2026,MADRE DE DIOS,DERECHOS HUMANOS Y CONTRA EL TERRORISMO,FISCAL PROVINCIAL,PROVISIONAL,MASCULINO,1,170101,MADRE DE DIOS,TAMBOPATA,TAMBOPATA,12/01/2026
2025,12,09/01/2026,MOQUEGUA,AUTORIDAD NACIONAL DE CONTROL,FISCAL ADJUNTO SUPERIOR,PROVISIONAL (Titular Promovido),MASCULINO,1,180101,MOQUEGUA,MARISCAL NIETO,MOQUEGUA,12/01/2026
2025,12,09/01/2026,MOQUEGUA,AUTORIDAD NACIONAL DE CONTROL,FISCAL ADJUNTO SUPERIOR,TITULAR,MASCULINO,1,180101,MOQUEGUA,MARISCAL NIETO,MOQUEGUA,12/01/2026
2025,12,09/01/2026,MOQUEGUA,AUTORIDAD NACIONAL DE CONTROL,FISCAL SUPERIOR,TITULAR,MASCULINO,1,180101,MOQUEGUA,MARISCAL NIETO,MOQUEGUA,12/01/2026
2025,12,09/01/2026,MOQUEGUA,CORRUPCION DE FUNCIONARIOS,FISCAL ADJUNTO PROVINCIAL,PROVISIONAL,FEMENINO,6,180101,MOQUEGUA,MARISCAL NIETO,MOQUEGUA,12/01/2026
2025,12,09/01/2026,MOQUEGUA,CORRUPCION DE FUNCIONARIOS,FISCAL ADJUNTO PROVINCIAL,PROVISIONAL,MASCULINO,4,180101,MOQUEGUA,MARISCAL NIETO,MOQUEGUA,12/01/2026
2025,12,09/01/2026,MOQUEGUA,CORRUPCION DE FUNCIONARIOS,FISCAL ADJUNTO PROVINCIAL,TITULAR,MASCULINO,1,180101,MOQUEGUA,MARISCAL NIETO,MOQUEGUA,12/01/2026
2025,12,09/01/2026,MOQUEGUA,CORRUPCION DE FUNCIONARIOS,FISCAL PROVINCIAL,PROVISIONAL (Titular Promovido),FEMENINO,1,180101,MOQUEGUA,MARISCAL NIETO,MOQUEGUA,12/01/2026
2025,12,09/01/2026,MOQUEGUA,CORRUPCION DE FUNCIONARIOS,FISCAL PROVINCIAL,TITULAR,FEMENINO,1,180101,MOQUEGUA,MARISCAL NIETO,MOQUEGUA,12/01/2026
2025,12,09/01/2026,MOQUEGUA,CORRUPCION DE FUNCIONARIOS,FISCAL PROVINCIAL,TITULAR,MASCULINO,3,180101,MOQUEGUA,MARISCAL NIETO,MOQUEGUA,12/01/2026
2025,12,09/01/2026,MOQUEGUA,FAMILIA,FISCAL ADJUNTO PROVINCIAL,TITULAR,FEMENINO,1,180101,MOQUEGUA,MARISCAL NIETO,MOQUEGUA,12/01/2026
2025,12,09/01/2026,MOQUEGUA,FAMILIA,FISCAL ADJUNTO PROVINCIAL,TITULAR,MASCULINO,1,180101,MOQUEGUA,MARISCAL NIETO,MOQUEGUA,12/01/2026
2025,12,09/01/2026,MOQUEGUA,FAMILIA,FISCAL ADJUNTO SUPERIOR,TITULAR,FEMENINO,1,180101,MOQUEGUA,MARISCAL NIETO,MOQUEGUA,12/01/2026
2025,12,09/01/2026,MOQUEGUA,FAMILIA,FISCAL PROVINCIAL,TITULAR,FEMENINO,1,180101,MOQUEGUA,MARISCAL NIETO,MOQUEGUA,12/01/2026
2025,12,09/01/2026,MOQUEGUA,FAMILIA,FISCAL PROVINCIAL,TITULAR,MASCULINO,1,180101,MOQUEGUA,MARISCAL NIETO,MOQUEGUA,12/01/2026
2025,12,09/01/2026,MOQUEGUA,FAMILIA,FISCAL SUPERIOR,TITULAR,FEMENINO,1,180101,MOQUEGUA,MARISCAL NIETO,MOQUEGUA,12/01/2026
2025,12,09/01/2026,MOQUEGUA,MIXTA,FISCAL ADJUNTO PROVINCIAL,PROVISIONAL,FEMENINO,1,180101,MOQUEGUA,MARISCAL NIETO,MOQUEGUA,12/01/2026
2025,12,09/01/2026,MOQUEGUA,MIXTA,FISCAL ADJUNTO PROVINCIAL,PROVISIONAL,MASCULINO,2,180101,MOQUEGUA,MARISCAL NIETO,MOQUEGUA,12/01/2026
2025,12,09/01/2026,MOQUEGUA,MIXTA,FISCAL PROVINCIAL,PROVISIONAL (Titular Promovido),MASCULINO,1,180101,MOQUEGUA,MARISCAL NIETO,MOQUEGUA,12/01/2026
2025,12,09/01/2026,MOQUEGUA,MIXTA,FISCAL PROVINCIAL,TITULAR,MASCULINO,1,180101,MOQUEGUA,MARISCAL NIETO,MOQUEGUA,12/01/2026
2025,12,09/01/2026,MOQUEGUA,PENAL,FISCAL ADJUNTO PROVINCIAL,PROVISIONAL,FEMENINO,5,180101,MOQUEGUA,MARISCAL NIETO,MOQUEGUA,12/01/2026
2025,12,09/01/2026,MOQUEGUA,PENAL,FISCAL ADJUNTO PROVINCIAL,PROVISIONAL,MASCULINO,5,180101,MOQUEGUA,MARISCAL NIETO,MOQUEGUA,12/01/2026
2025,12,09/01/2026,MOQUEGUA,PENAL,FISCAL ADJUNTO PROVINCIAL,TITULAR,FEMENINO,3,180101,MOQUEGUA,MARISCAL NIETO,MOQUEGUA,12/01/2026
2025,12,09/01/2026,MOQUEGUA,PENAL,FISCAL ADJUNTO PROVINCIAL,TITULAR,MASCULINO,9,180101,MOQUEGUA,MARISCAL NIETO,MOQUEGUA,12/01/2026
2025,12,09/01/2026,MOQUEGUA,PENAL,FISCAL ADJUNTO SUPERIOR,PROVISIONAL (Titular Promovido),FEMENINO,3,180101,MOQUEGUA,MARISCAL NIETO,MOQUEGUA,12/01/2026
2025,12,09/01/2026,MOQUEGUA,PENAL,FISCAL ADJUNTO SUPERIOR,TITULAR,MASCULINO,1,180101,MOQUEGUA,MARISCAL NIETO,MOQUEGUA,12/01/2026
2025,12,09/01/2026,MOQUEGUA,PENAL,FISCAL PROVINCIAL,TITULAR,FEMENINO,2,180101,MOQUEGUA,MARISCAL NIETO,MOQUEGUA,12/01/2026
2025,12,09/01/2026,MOQUEGUA,PENAL,FISCAL PROVINCIAL,TITULAR,MASCULINO,6,180101,MOQUEGUA,MARISCAL NIETO,MOQUEGUA,12/01/2026
2025,12,09/01/2026,MOQUEGUA,PENAL,FISCAL SUPERIOR,PROVISIONAL (Titular Promovido),MASCULINO,1,180101,MOQUEGUA,MARISCAL NIETO,MOQUEGUA,12/01/2026
2025,12,09/01/2026,MOQUEGUA,PENAL,FISCAL SUPERIOR,TITULAR,MASCULINO,2,180101,MOQUEGUA,MARISCAL NIETO,MOQUEGUA,12/01/2026
2025,12,09/01/2026,MOQUEGUA,PREVENCION DEL DELITO,FISCAL ADJUNTO PROVINCIAL,PROVISIONAL,FEMENINO,1,180101,MOQUEGUA,MARISCAL NIETO,MOQUEGUA,12/01/2026
2025,12,09/01/2026,MOQUEGUA,PREVENCION DEL DELITO,FISCAL ADJUNTO PROVINCIAL,PROVISIONAL,MASCULINO,2,180101,MOQUEGUA,MARISCAL NIETO,MOQUEGUA,12/01/2026
2025,12,09/01/2026,MOQUEGUA,PREVENCION DEL DELITO,FISCAL ADJUNTO PROVINCIAL,TITULAR,MASCULINO,1,180101,MOQUEGUA,MARISCAL NIETO,MOQUEGUA,12/01/2026
2025,12,09/01/2026,MOQUEGUA,PREVENCION DEL DELITO,FISCAL PROVINCIAL,TITULAR,MASCULINO,2,180101,MOQUEGUA,MARISCAL NIETO,MOQUEGUA,12/01/2026
2025,12,09/01/2026,MOQUEGUA,VIOLENCIA CONTRA LA MUJER E INTEGRANTES DEL GRUPO FAMILIAR,FISCAL ADJUNTO PROVINCIAL,PROVISIONAL,FEMENINO,3,180101,MOQUEGUA,MARISCAL NIETO,MOQUEGUA,12/01/2026
2025,12,09/01/2026,MOQUEGUA,VIOLENCIA CONTRA LA MUJER E INTEGRANTES DEL GRUPO FAMILIAR,FISCAL ADJUNTO PROVINCIAL,PROVISIONAL,MASCULINO,2,180101,MOQUEGUA,MARISCAL NIETO,MOQUEGUA,12/01/2026
2025,12,09/01/2026,MOQUEGUA,VIOLENCIA CONTRA LA MUJER E INTEGRANTES DEL GRUPO FAMILIAR,FISCAL ADJUNTO PROVINCIAL,TITULAR,FEMENINO,1,180101,MOQUEGUA,MARISCAL NIETO,MOQUEGUA,12/01/2026
2025,12,09/01/2026,MOQUEGUA,VIOLENCIA CONTRA LA MUJER E INTEGRANTES DEL GRUPO FAMILIAR,FISCAL PROVINCIAL,PROVISIONAL (Titular Promovido),MASCULINO,1,180101,MOQUEGUA,MARISCAL NIETO,MOQUEGUA,12/01/2026
2025,12,09/01/2026,MOQUEGUA,VIOLENCIA CONTRA LA MUJER E INTEGRANTES DEL GRUPO FAMILIAR,FISCAL PROVINCIAL,TITULAR,MASCULINO,3,180101,MOQUEGUA,MARISCAL NIETO,MOQUEGUA,12/01/2026
2025,12,09/01/2026,PASCO,AUTORIDAD NACIONAL DE CONTROL,FISCAL ADJUNTO SUPERIOR,PROVISIONAL,FEMENINO,2,190113,PASCO,PASCO,YANACANCHA,12/01/2026
2025,12,09/01/2026,PASCO,CORRUPCION DE FUNCIONARIOS,FISCAL ADJUNTO PROVINCIAL,PROVISIONAL,MASCULINO,5,190113,PASCO,PASCO,YANACANCHA,12/01/2026
2025,12,09/01/2026,PASCO,CORRUPCION DE FUNCIONARIOS,FISCAL ADJUNTO PROVINCIAL,TITULAR,FEMENINO,1,190113,PASCO,PASCO,YANACANCHA,12/01/2026
2025,12,09/01/2026,PASCO,CORRUPCION DE FUNCIONARIOS,FISCAL ADJUNTO PROVINCIAL,TITULAR,MASCULINO,1,190113,PASCO,PASCO,YANACANCHA,12/01/2026
2025,12,09/01/2026,PASCO,CORRUPCION DE FUNCIONARIOS,FISCAL ADJUNTO SUPERIOR,TITULAR,MASCULINO,1,190113,PASCO,PASCO,YANACANCHA,12/01/2026
2025,12,09/01/2026,PASCO,CORRUPCION DE FUNCIONARIOS,FISCAL PROVINCIAL,PROVISIONAL,FEMENINO,1,190113,PASCO,PASCO,YANACANCHA,12/01/2026
2025,12,09/01/2026,PASCO,CORRUPCION DE FUNCIONARIOS,FISCAL PROVINCIAL,PROVISIONAL (Titular Promovido),MASCULINO,1,190113,PASCO,PASCO,YANACANCHA,12/01/2026
2025,12,09/01/2026,PASCO,CORRUPCION DE FUNCIONARIOS,FISCAL PROVINCIAL,TITULAR,MASCULINO,1,190113,PASCO,PASCO,YANACANCHA,12/01/2026
2025,12,09/01/2026,PASCO,CORRUPCION DE FUNCIONARIOS,FISCAL SUPERIOR,TITULAR,MASCULINO,1,190113,PASCO,PASCO,YANACANCHA,12/01/2026
2025,12,09/01/2026,PASCO,FAMILIA,FISCAL ADJUNTO PROVINCIAL,PROVISIONAL,FEMENINO,3,190113,PASCO,PASCO,YANACANCHA,12/01/2026
2025,12,09/01/2026,PASCO,FAMILIA,FISCAL ADJUNTO SUPERIOR,PROVISIONAL,FEMENINO,1,190113,PASCO,PASCO,YANACANCHA,12/01/2026
2025,12,09/01/2026,PASCO,FAMILIA,FISCAL PROVINCIAL,PROVISIONAL,FEMENINO,2,190113,PASCO,PASCO,YANACANCHA,12/01/2026
2025,12,09/01/2026,PASCO,FAMILIA,FISCAL PROVINCIAL,TITULAR,MASCULINO,1,190113,PASCO,PASCO,YANACANCHA,12/01/2026
2025,12,09/01/2026,PASCO,FAMILIA,FISCAL SUPERIOR,PROVISIONAL (Titular Promovido),MASCULINO,1,190113,PASCO,PASCO,YANACANCHA,12/01/2026
2025,12,09/01/2026,PASCO,MATERIA AMBIENTAL,FISCAL ADJUNTO PROVINCIAL,PROVISIONAL,FEMENINO,2,190113,PASCO,PASCO,YANACANCHA,12/01/2026
2025,12,09/01/2026,PASCO,MATERIA AMBIENTAL,FISCAL PROVINCIAL,PROVISIONAL,FEMENINO,1,190113,PASCO,PASCO,YANACANCHA,12/01/2026
2025,12,09/01/2026,PASCO,MIXTA,FISCAL ADJUNTO PROVINCIAL,PROVISIONAL,FEMENINO,1,190113,PASCO,PASCO,YANACANCHA,12/01/2026
2025,12,09/01/2026,PASCO,MIXTA,FISCAL ADJUNTO PROVINCIAL,PROVISIONAL,MASCULINO,4,190113,PASCO,PASCO,YANACANCHA,12/01/2026
2025,12,09/01/2026,PASCO,MIXTA,FISCAL ADJUNTO SUPERIOR,PROVISIONAL,FEMENINO,1,190113,PASCO,PASCO,YANACANCHA,12/01/2026
2025,12,09/01/2026,PASCO,MIXTA,FISCAL ADJUNTO SUPERIOR,PROVISIONAL,MASCULINO,1,190113,PASCO,PASCO,YANACANCHA,12/01/2026
2025,12,09/01/2026,PASCO,MIXTA,FISCAL PROVINCIAL,PROVISIONAL,FEMENINO,2,190113,PASCO,PASCO,YANACANCHA,12/01/2026
2025,12,09/01/2026,PASCO,MIXTA,FISCAL PROVINCIAL,PROVISIONAL,MASCULINO,2,190113,PASCO,PASCO,YANACANCHA,12/01/2026
2025,12,09/01/2026,PASCO,PENAL,FISCAL ADJUNTO PROVINCIAL,PROVISIONAL,FEMENINO,11,190113,PASCO,PASCO,YANACANCHA,12/01/2026
2025,12,09/01/2026,PASCO,PENAL,FISCAL ADJUNTO PROVINCIAL,PROVISIONAL,MASCULINO,3,190113,PASCO,PASCO,YANACANCHA,12/01/2026
2025,12,09/01/2026,PASCO,PENAL,FISCAL ADJUNTO PROVINCIAL,TITULAR,FEMENINO,2,190113,PASCO,PASCO,YANACANCHA,12/01/2026
2025,12,09/01/2026,PASCO,PENAL,FISCAL ADJUNTO PROVINCIAL,TITULAR,MASCULINO,3,190113,PASCO,PASCO,YANACANCHA,12/01/2026
2025,12,09/01/2026,PASCO,PENAL,FISCAL ADJUNTO SUPERIOR,PROVISIONAL (Titular Promovido),FEMENINO,1,190113,PASCO,PASCO,YANACANCHA,12/01/2026
2025,12,09/01/2026,PASCO,PENAL,FISCAL ADJUNTO SUPERIOR,TITULAR,FEMENINO,1,190113,PASCO,PASCO,YANACANCHA,12/01/2026
2025,12,09/01/2026,PASCO,PENAL,FISCAL ADJUNTO SUPERIOR,TITULAR,MASCULINO,2,190113,PASCO,PASCO,YANACANCHA,12/01/2026
2025,12,09/01/2026,PASCO,PENAL,FISCAL PROVINCIAL,PROVISIONAL,MASCULINO,3,190113,PASCO,PASCO,YANACANCHA,12/01/2026
2025,12,09/01/2026,PASCO,PENAL,FISCAL PROVINCIAL,PROVISIONAL (Titular Promovido),FEMENINO,1,190113,PASCO,PASCO,YANACANCHA,12/01/2026
2025,12,09/01/2026,PASCO,PENAL,FISCAL PROVINCIAL,TITULAR,FEMENINO,1,190113,PASCO,PASCO,YANACANCHA,12/01/2026
2025,12,09/01/2026,PASCO,PENAL,FISCAL PROVINCIAL,TITULAR,MASCULINO,5,190113,PASCO,PASCO,YANACANCHA,12/01/2026
2025,12,09/01/2026,PASCO,PENAL,FISCAL SUPERIOR,TITULAR,FEMENINO,1,190113,PASCO,PASCO,YANACANCHA,12/01/2026
2025,12,09/01/2026,PASCO,PENAL,FISCAL SUPERIOR,TITULAR,MASCULINO,1,190113,PASCO,PASCO,YANACANCHA,12/01/2026
2025,12,09/01/2026,PASCO,PREVENCION DEL DELITO,FISCAL ADJUNTO PROVINCIAL,PROVISIONAL,FEMENINO,2,190113,PASCO,PASCO,YANACANCHA,12/01/2026
2025,12,09/01/2026,PASCO,PREVENCION DEL DELITO,FISCAL ADJUNTO PROVINCIAL,PROVISIONAL,MASCULINO,1,190113,PASCO,PASCO,YANACANCHA,12/01/2026
2025,12,09/01/2026,PASCO,PREVENCION DEL DELITO,FISCAL PROVINCIAL,PROVISIONAL,MASCULINO,1,190113,PASCO,PASCO,YANACANCHA,12/01/2026
2025,12,09/01/2026,PASCO,PREVENCION DEL DELITO,FISCAL PROVINCIAL,TITULAR,MASCULINO,1,190113,PASCO,PASCO,YANACANCHA,12/01/2026
2025,12,09/01/2026,PIURA,AUTORIDAD NACIONAL DE CONTROL,FISCAL ADJUNTO SUPERIOR,PROVISIONAL,FEMENINO,1,200101,PIURA,PIURA,PIURA,12/01/2026
2025,12,09/01/2026,PIURA,AUTORIDAD NACIONAL DE CONTROL,FISCAL ADJUNTO SUPERIOR,PROVISIONAL (Titular Promovido),FEMENINO,1,200101,PIURA,PIURA,PIURA,12/01/2026
2025,12,09/01/2026,PIURA,AUTORIDAD NACIONAL DE CONTROL,FISCAL SUPERIOR,PROVISIONAL (Titular Promovido),FEMENINO,1,200101,PIURA,PIURA,PIURA,12/01/2026
2025,12,09/01/2026,PIURA,CORRUPCION DE FUNCIONARIOS,FISCAL ADJUNTO PROVINCIAL,PROVISIONAL,FEMENINO,3,200101,PIURA,PIURA,PIURA,12/01/2026
2025,12,09/01/2026,PIURA,CORRUPCION DE FUNCIONARIOS,FISCAL ADJUNTO PROVINCIAL,PROVISIONAL,MASCULINO,3,200101,PIURA,PIURA,PIURA,12/01/2026
2025,12,09/01/2026,PIURA,CORRUPCION DE FUNCIONARIOS,FISCAL ADJUNTO PROVINCIAL,TITULAR,MASCULINO,3,200101,PIURA,PIURA,PIURA,12/01/2026
2025,12,09/01/2026,PIURA,CORRUPCION DE FUNCIONARIOS,FISCAL PROVINCIAL,PROVISIONAL (Titular Promovido),FEMENINO,1,200101,PIURA,PIURA,PIURA,12/01/2026
2025,12,09/01/2026,PIURA,CORRUPCION DE FUNCIONARIOS,FISCAL PROVINCIAL,TITULAR,FEMENINO,1,200101,PIURA,PIURA,PIURA,12/01/2026
2025,12,09/01/2026,PIURA,CORRUPCION DE FUNCIONARIOS,FISCAL PROVINCIAL,TITULAR,MASCULINO,1,200101,PIURA,PIURA,PIURA,12/01/2026
2025,12,09/01/2026,PIURA,CRIMEN ORGANIZADO,FISCAL ADJUNTO PROVINCIAL,PROVISIONAL,FEMENINO,2,200101,PIURA,PIURA,PIURA,12/01/2026
2025,12,09/01/2026,PIURA,CRIMEN ORGANIZADO,FISCAL ADJUNTO PROVINCIAL,PROVISIONAL,MASCULINO,3,200101,PIURA,PIURA,PIURA,12/01/2026
2025,12,09/01/2026,PIURA,CRIMEN ORGANIZADO,FISCAL ADJUNTO PROVINCIAL,TITULAR,FEMENINO,1,200101,PIURA,PIURA,PIURA,12/01/2026
2025,12,09/01/2026,PIURA,CRIMEN ORGANIZADO,FISCAL PROVINCIAL,PROVISIONAL (Titular Promovido),MASCULINO,1,200101,PIURA,PIURA,PIURA,12/01/2026
2025,12,09/01/2026,PIURA,CRIMEN ORGANIZADO,FISCAL PROVINCIAL,TITULAR,FEMENINO,1,200101,PIURA,PIURA,PIURA,12/01/2026
2025,12,09/01/2026,PIURA,CRIMEN ORGANIZADO,FISCAL PROVINCIAL,TITULAR,MASCULINO,1,200101,PIURA,PIURA,PIURA,12/01/2026
2025,12,09/01/2026,PIURA,DELITOS DE TRATA DE PERSONAS,FISCAL ADJUNTO PROVINCIAL,PROVISIONAL,FEMENINO,1,200101,PIURA,PIURA,PIURA,12/01/2026
2025,12,09/01/2026,PIURA,DELITOS DE TRATA DE PERSONAS,FISCAL ADJUNTO PROVINCIAL,PROVISIONAL,MASCULINO,1,200101,PIURA,PIURA,PIURA,12/01/2026
2025,12,09/01/2026,PIURA,DELITOS DE TRATA DE PERSONAS,FISCAL PROVINCIAL,PROVISIONAL (Titular Promovido),FEMENINO,1,200101,PIURA,PIURA,PIURA,12/01/2026
2025,12,09/01/2026,PIURA,EXTINCION DE DOMINIO,FISCAL ADJUNTO PROVINCIAL,PROVISIONAL,FEMENINO,1,200101,PIURA,PIURA,PIURA,12/01/2026
2025,12,09/01/2026,PIURA,EXTINCION DE DOMINIO,FISCAL ADJUNTO PROVINCIAL,PROVISIONAL,MASCULINO,1,200101,PIURA,PIURA,PIURA,12/01/2026
2025,12,09/01/2026,PIURA,EXTINCION DE DOMINIO,FISCAL PROVINCIAL,PROVISIONAL (Titular Promovido),FEMENINO,1,200101,PIURA,PIURA,PIURA,12/01/2026
2025,12,09/01/2026,PIURA,FAMILIA,FISCAL ADJUNTO PROVINCIAL,TITULAR,FEMENINO,2,200101,PIURA,PIURA,PIURA,12/01/2026
2025,12,09/01/2026,PIURA,FAMILIA,FISCAL PROVINCIAL,TITULAR,FEMENINO,2,200101,PIURA,PIURA,PIURA,12/01/2026
2025,12,09/01/2026,PIURA,FAMILIA,FISCAL PROVINCIAL,TITULAR,MASCULINO,2,200101,PIURA,PIURA,PIURA,12/01/2026
2025,12,09/01/2026,PIURA,MATERIA AMBIENTAL,FISCAL ADJUNTO PROVINCIAL,PROVISIONAL,MASCULINO,2,200101,PIURA,PIURA,PIURA,12/01/2026
2025,12,09/01/2026,PIURA,MATERIA AMBIENTAL,FISCAL PROVINCIAL,PROVISIONAL (Titular Promovido),FEMENINO,1,200101,PIURA,PIURA,PIURA,12/01/2026
2025,12,09/01/2026,PIURA,MIXTA,FISCAL ADJUNTO PROVINCIAL,PROVISIONAL,FEMENINO,2,200101,PIURA,PIURA,PIURA,12/01/2026
2025,12,09/01/2026,PIURA,MIXTA,FISCAL ADJUNTO PROVINCIAL,PROVISIONAL,MASCULINO,6,200101,PIURA,PIURA,PIURA,12/01/2026
2025,12,09/01/2026,PIURA,MIXTA,FISCAL ADJUNTO PROVINCIAL,TITULAR,FEMENINO,1,200101,PIURA,PIURA,PIURA,12/01/2026
2025,12,09/01/2026,PIURA,MIXTA,FISCAL ADJUNTO SUPERIOR,TITULAR,FEMENINO,1,200101,PIURA,PIURA,PIURA,12/01/2026
2025,12,09/01/2026,PIURA,MIXTA,FISCAL PROVINCIAL,PROVISIONAL,FEMENINO,1,200101,PIURA,PIURA,PIURA,12/01/2026
2025,12,09/01/2026,PIURA,MIXTA,FISCAL PROVINCIAL,PROVISIONAL (Titular Promovido),FEMENINO,2,200101,PIURA,PIURA,PIURA,12/01/2026
2025,12,09/01/2026,PIURA,MIXTA,FISCAL PROVINCIAL,PROVISIONAL (Titular Promovido),MASCULINO,1,200101,PIURA,PIURA,PIURA,12/01/2026
2025,12,09/01/2026,PIURA,MIXTA,FISCAL PROVINCIAL,TITULAR,FEMENINO,2,200101,PIURA,PIURA,PIURA,12/01/2026
2025,12,09/01/2026,PIURA,MIXTA,FISCAL SUPERIOR,TITULAR,MASCULINO,1,200101,PIURA,PIURA,PIURA,12/01/2026
2025,12,09/01/2026,PIURA,PENAL,FISCAL ADJUNTO PROVINCIAL,PROVISIONAL,FEMENINO,11,200101,PIURA,PIURA,PIURA,12/01/2026
2025,12,09/01/2026,PIURA,PENAL,FISCAL ADJUNTO PROVINCIAL,PROVISIONAL,MASCULINO,8,200101,PIURA,PIURA,PIURA,12/01/2026
2025,12,09/01/2026,PIURA,PENAL,FISCAL ADJUNTO PROVINCIAL,TITULAR,FEMENINO,12,200101,PIURA,PIURA,PIURA,12/01/2026
2025,12,09/01/2026,PIURA,PENAL,FISCAL ADJUNTO PROVINCIAL,TITULAR,MASCULINO,10,200101,PIURA,PIURA,PIURA,12/01/2026
2025,12,09/01/2026,PIURA,PENAL,FISCAL ADJUNTO SUPERIOR,PROVISIONAL (Titular Promovido),FEMENINO,1,200101,PIURA,PIURA,PIURA,12/01/2026
2025,12,09/01/2026,PIURA,PENAL,FISCAL ADJUNTO SUPERIOR,TITULAR,FEMENINO,2,200101,PIURA,PIURA,PIURA,12/01/2026
2025,12,09/01/2026,PIURA,PENAL,FISCAL ADJUNTO SUPERIOR,TITULAR,MASCULINO,1,200101,PIURA,PIURA,PIURA,12/01/2026
2025,12,09/01/2026,PIURA,PENAL,FISCAL PROVINCIAL,PROVISIONAL (Titular Promovido),FEMENINO,2,200101,PIURA,PIURA,PIURA,12/01/2026
2025,12,09/01/2026,PIURA,PENAL,FISCAL PROVINCIAL,PROVISIONAL (Titular Promovido),MASCULINO,1,200101,PIURA,PIURA,PIURA,12/01/2026
2025,12,09/01/2026,PIURA,PENAL,FISCAL PROVINCIAL,TITULAR,FEMENINO,10,200101,PIURA,PIURA,PIURA,12/01/2026
2025,12,09/01/2026,PIURA,PENAL,FISCAL PROVINCIAL,TITULAR,MASCULINO,10,200101,PIURA,PIURA,PIURA,12/01/2026
2025,12,09/01/2026,PIURA,PENAL,FISCAL SUPERIOR,PROVISIONAL (Titular Promovido),FEMENINO,1,200101,PIURA,PIURA,PIURA,12/01/2026
2025,12,09/01/2026,PIURA,PENAL,FISCAL SUPERIOR,PROVISIONAL (Titular Promovido),MASCULINO,1,200101,PIURA,PIURA,PIURA,12/01/2026
2025,12,09/01/2026,PIURA,PENAL,FISCAL SUPERIOR,TITULAR,FEMENINO,1,200101,PIURA,PIURA,PIURA,12/01/2026
2025,12,09/01/2026,PIURA,PENAL,FISCAL SUPERIOR,TITULAR,MASCULINO,2,200101,PIURA,PIURA,PIURA,12/01/2026
2025,12,09/01/2026,PIURA,PREVENCION DEL DELITO,FISCAL ADJUNTO PROVINCIAL,PROVISIONAL,FEMENINO,1,200101,PIURA,PIURA,PIURA,12/01/2026
2025,12,09/01/2026,PIURA,PREVENCION DEL DELITO,FISCAL ADJUNTO PROVINCIAL,PROVISIONAL,MASCULINO,2,200101,PIURA,PIURA,PIURA,12/01/2026
2025,12,09/01/2026,PIURA,PREVENCION DEL DELITO,FISCAL ADJUNTO PROVINCIAL,TITULAR,FEMENINO,1,200101,PIURA,PIURA,PIURA,12/01/2026
2025,12,09/01/2026,PIURA,PREVENCION DEL DELITO,FISCAL PROVINCIAL,PROVISIONAL (Titular Promovido),FEMENINO,1,200101,PIURA,PIURA,PIURA,12/01/2026
2025,12,09/01/2026,PIURA,PREVENCION DEL DELITO,FISCAL PROVINCIAL,TITULAR,MASCULINO,1,200101,PIURA,PIURA,PIURA,12/01/2026
2025,12,09/01/2026,PIURA,TRAFICO ILICITO DE DROGAS,FISCAL ADJUNTO PROVINCIAL,PROVISIONAL,MASCULINO,1,200101,PIURA,PIURA,PIURA,12/01/2026
2025,12,09/01/2026,PIURA,TRAFICO ILICITO DE DROGAS,FISCAL PROVINCIAL,PROVISIONAL (Titular Promovido),MASCULINO,1,200101,PIURA,PIURA,PIURA,12/01/2026
2025,12,09/01/2026,PIURA,VIOLENCIA CONTRA LA MUJER E INTEGRANTES DEL GRUPO FAMILIAR,FISCAL ADJUNTO PROVINCIAL,PROVISIONAL,FEMENINO,13,200101,PIURA,PIURA,PIURA,12/01/2026
2025,12,09/01/2026,PIURA,VIOLENCIA CONTRA LA MUJER E INTEGRANTES DEL GRUPO FAMILIAR,FISCAL ADJUNTO PROVINCIAL,PROVISIONAL,MASCULINO,5,200101,PIURA,PIURA,PIURA,12/01/2026
2025,12,09/01/2026,PIURA,VIOLENCIA CONTRA LA MUJER E INTEGRANTES DEL GRUPO FAMILIAR,FISCAL ADJUNTO PROVINCIAL,TITULAR,FEMENINO,7,200101,PIURA,PIURA,PIURA,12/01/2026
2025,12,09/01/2026,PIURA,VIOLENCIA CONTRA LA MUJER E INTEGRANTES DEL GRUPO FAMILIAR,FISCAL ADJUNTO PROVINCIAL,TITULAR,MASCULINO,1,200101,PIURA,PIURA,PIURA,12/01/2026
2025,12,09/01/2026,PIURA,VIOLENCIA CONTRA LA MUJER E INTEGRANTES DEL GRUPO FAMILIAR,FISCAL PROVINCIAL,PROVISIONAL (Titular Promovido),FEMENINO,1,200101,PIURA,PIURA,PIURA,12/01/2026
2025,12,09/01/2026,PIURA,VIOLENCIA CONTRA LA MUJER E INTEGRANTES DEL GRUPO FAMILIAR,FISCAL PROVINCIAL,PROVISIONAL (Titular Promovido),MASCULINO,4,200101,PIURA,PIURA,PIURA,12/01/2026
2025,12,09/01/2026,PIURA,VIOLENCIA CONTRA LA MUJER E INTEGRANTES DEL GRUPO FAMILIAR,FISCAL PROVINCIAL,TITULAR,FEMENINO,6,200101,PIURA,PIURA,PIURA,12/01/2026
2025,12,09/01/2026,PIURA,VIOLENCIA CONTRA LA MUJER E INTEGRANTES DEL GRUPO FAMILIAR,FISCAL PROVINCIAL,TITULAR,MASCULINO,3,200101,PIURA,PIURA,PIURA,12/01/2026
2025,12,09/01/2026,PIURA,PENAL DE FLAGRANCIA DELICTIVA,FISCAL ADJUNTO PROVINCIAL,PROVISIONAL,FEMENINO,8,200101,PIURA,PIURA,PIURA,12/01/2026
2025,12,09/01/2026,PIURA,PENAL DE FLAGRANCIA DELICTIVA,FISCAL ADJUNTO PROVINCIAL,PROVISIONAL,MASCULINO,3,200101,PIURA,PIURA,PIURA,12/01/2026
2025,12,09/01/2026,PIURA,PENAL DE FLAGRANCIA DELICTIVA,FISCAL PROVINCIAL,PROVISIONAL (Titular Promovido),FEMENINO,3,200101,PIURA,PIURA,PIURA,12/01/2026
2025,12,09/01/2026,PIURA,DERECHOS HUMANOS Y CONTRA EL TERRORISMO,FISCAL ADJUNTO PROVINCIAL,PROVISIONAL,FEMENINO,1,200101,PIURA,PIURA,PIURA,12/01/2026
2025,12,09/01/2026,PIURA,DERECHOS HUMANOS Y CONTRA EL TERRORISMO,FISCAL ADJUNTO PROVINCIAL,PROVISIONAL,MASCULINO,2,200101,PIURA,PIURA,PIURA,12/01/2026
2025,12,09/01/2026,PIURA,DERECHOS HUMANOS Y CONTRA EL TERRORISMO,FISCAL ADJUNTO PROVINCIAL,TITULAR,FEMENINO,1,200101,PIURA,PIURA,PIURA,12/01/2026
2025,12,09/01/2026,PIURA,DERECHOS HUMANOS Y CONTRA EL TERRORISMO,FISCAL PROVINCIAL,TITULAR,MASCULINO,1,200101,PIURA,PIURA,PIURA,12/01/2026
2025,12,09/01/2026,PUNO,AUTORIDAD NACIONAL DE CONTROL,FISCAL ADJUNTO SUPERIOR,PROVISIONAL (Titular Promovido),FEMENINO,2,210101,PUNO,PUNO,PUNO,12/01/2026
2025,12,09/01/2026,PUNO,CORRUPCION DE FUNCIONARIOS,FISCAL ADJUNTO PROVINCIAL,PROVISIONAL,FEMENINO,1,210101,PUNO,PUNO,PUNO,12/01/2026
2025,12,09/01/2026,PUNO,CORRUPCION DE FUNCIONARIOS,FISCAL ADJUNTO PROVINCIAL,PROVISIONAL,MASCULINO,5,210101,PUNO,PUNO,PUNO,12/01/2026
2025,12,09/01/2026,PUNO,CORRUPCION DE FUNCIONARIOS,FISCAL ADJUNTO PROVINCIAL,TITULAR,FEMENINO,2,210101,PUNO,PUNO,PUNO,12/01/2026
2025,12,09/01/2026,PUNO,CORRUPCION DE FUNCIONARIOS,FISCAL PROVINCIAL,PROVISIONAL (Titular Promovido),MASCULINO,1,210101,PUNO,PUNO,PUNO,12/01/2026
2025,12,09/01/2026,PUNO,CORRUPCION DE FUNCIONARIOS,FISCAL PROVINCIAL,TITULAR,MASCULINO,1,210101,PUNO,PUNO,PUNO,12/01/2026
2025,12,09/01/2026,PUNO,CRIMEN ORGANIZADO,FISCAL ADJUNTO PROVINCIAL,PROVISIONAL,FEMENINO,1,210101,PUNO,PUNO,PUNO,12/01/2026
2025,12,09/01/2026,PUNO,CRIMEN ORGANIZADO,FISCAL ADJUNTO PROVINCIAL,PROVISIONAL,MASCULINO,1,210101,PUNO,PUNO,PUNO,12/01/2026
2025,12,09/01/2026,PUNO,CRIMEN ORGANIZADO,FISCAL ADJUNTO PROVINCIAL,TITULAR,FEMENINO,1,210101,PUNO,PUNO,PUNO,12/01/2026
2025,12,09/01/2026,PUNO,CRIMEN ORGANIZADO,FISCAL ADJUNTO PROVINCIAL,TITULAR,MASCULINO,1,210101,PUNO,PUNO,PUNO,12/01/2026
2025,12,09/01/2026,PUNO,CRIMEN ORGANIZADO,FISCAL PROVINCIAL,TITULAR,MASCULINO,2,210101,PUNO,PUNO,PUNO,12/01/2026
2025,12,09/01/2026,PUNO,DELITOS ADUANEROS Y CONTRA LA PROPIEDAD INTELECTUAL,FISCAL ADJUNTO PROVINCIAL,PROVISIONAL,FEMENINO,1,210101,PUNO,PUNO,PUNO,12/01/2026
2025,12,09/01/2026,PUNO,DELITOS ADUANEROS Y CONTRA LA PROPIEDAD INTELECTUAL,FISCAL ADJUNTO PROVINCIAL,TITULAR,FEMENINO,2,210101,PUNO,PUNO,PUNO,12/01/2026
2025,12,09/01/2026,PUNO,DELITOS ADUANEROS Y CONTRA LA PROPIEDAD INTELECTUAL,FISCAL ADJUNTO PROVINCIAL,TITULAR,MASCULINO,2,210101,PUNO,PUNO,PUNO,12/01/2026
2025,12,09/01/2026,PUNO,DELITOS ADUANEROS Y CONTRA LA PROPIEDAD INTELECTUAL,FISCAL PROVINCIAL,TITULAR,FEMENINO,1,210101,PUNO,PUNO,PUNO,12/01/2026
2025,12,09/01/2026,PUNO,DELITOS ADUANEROS Y CONTRA LA PROPIEDAD INTELECTUAL,FISCAL PROVINCIAL,TITULAR,MASCULINO,1,210101,PUNO,PUNO,PUNO,12/01/2026
2025,12,09/01/2026,PUNO,DELITOS DE TRATA DE PERSONAS,FISCAL ADJUNTO PROVINCIAL,PROVISIONAL,FEMENINO,2,210101,PUNO,PUNO,PUNO,12/01/2026
2025,12,09/01/2026,PUNO,DELITOS DE TRATA DE PERSONAS,FISCAL ADJUNTO PROVINCIAL,TITULAR,MASCULINO,1,210101,PUNO,PUNO,PUNO,12/01/2026
2025,12,09/01/2026,PUNO,DELITOS DE TRATA DE PERSONAS,FISCAL PROVINCIAL,PROVISIONAL (Titular Promovido),MASCULINO,1,210101,PUNO,PUNO,PUNO,12/01/2026
2025,12,09/01/2026,PUNO,EXTINCION DE DOMINIO,FISCAL ADJUNTO PROVINCIAL,PROVISIONAL,FEMENINO,1,210101,PUNO,PUNO,PUNO,12/01/2026
2025,12,09/01/2026,PUNO,EXTINCION DE DOMINIO,FISCAL ADJUNTO PROVINCIAL,PROVISIONAL,MASCULINO,1,210101,PUNO,PUNO,PUNO,12/01/2026
2025,12,09/01/2026,PUNO,EXTINCION DE DOMINIO,FISCAL PROVINCIAL,PROVISIONAL (Titular Promovido),MASCULINO,1,210101,PUNO,PUNO,PUNO,12/01/2026
2025,12,09/01/2026,PUNO,FAMILIA,FISCAL ADJUNTO PROVINCIAL,PROVISIONAL,FEMENINO,6,210101,PUNO,PUNO,PUNO,12/01/2026
2025,12,09/01/2026,PUNO,FAMILIA,FISCAL ADJUNTO PROVINCIAL,PROVISIONAL,MASCULINO,2,210101,PUNO,PUNO,PUNO,12/01/2026
2025,12,09/01/2026,PUNO,FAMILIA,FISCAL ADJUNTO PROVINCIAL,TITULAR,FEMENINO,5,210101,PUNO,PUNO,PUNO,12/01/2026
2025,12,09/01/2026,PUNO,FAMILIA,FISCAL ADJUNTO PROVINCIAL,TITULAR,MASCULINO,6,210101,PUNO,PUNO,PUNO,12/01/2026
2025,12,09/01/2026,PUNO,FAMILIA,FISCAL ADJUNTO SUPERIOR,TITULAR,FEMENINO,1,210101,PUNO,PUNO,PUNO,12/01/2026
2025,12,09/01/2026,PUNO,FAMILIA,FISCAL ADJUNTO SUPERIOR,TITULAR,MASCULINO,1,210101,PUNO,PUNO,PUNO,12/01/2026
2025,12,09/01/2026,PUNO,FAMILIA,FISCAL PROVINCIAL,PROVISIONAL,MASCULINO,1,210101,PUNO,PUNO,PUNO,12/01/2026
2025,12,09/01/2026,PUNO,FAMILIA,FISCAL PROVINCIAL,PROVISIONAL (Titular Promovido),MASCULINO,1,210101,PUNO,PUNO,PUNO,12/01/2026
2025,12,09/01/2026,PUNO,FAMILIA,FISCAL PROVINCIAL,TITULAR,FEMENINO,6,210101,PUNO,PUNO,PUNO,12/01/2026
2025,12,09/01/2026,PUNO,FAMILIA,FISCAL PROVINCIAL,TITULAR,MASCULINO,5,210101,PUNO,PUNO,PUNO,12/01/2026
2025,12,09/01/2026,PUNO,FAMILIA,FISCAL SUPERIOR,TITULAR,FEMENINO,2,210101,PUNO,PUNO,PUNO,12/01/2026
2025,12,09/01/2026,PUNO,LAVADO DE ACTIVOS,FISCAL ADJUNTO PROVINCIAL,PROVISIONAL,FEMENINO,4,210101,PUNO,PUNO,PUNO,12/01/2026
2025,12,09/01/2026,PUNO,LAVADO DE ACTIVOS,FISCAL ADJUNTO PROVINCIAL,PROVISIONAL,MASCULINO,3,210101,PUNO,PUNO,PUNO,12/01/2026
2025,12,09/01/2026,PUNO,LAVADO DE ACTIVOS,FISCAL ADJUNTO PROVINCIAL,TITULAR,MASCULINO,1,210101,PUNO,PUNO,PUNO,12/01/2026
2025,12,09/01/2026,PUNO,LAVADO DE ACTIVOS,FISCAL PROVINCIAL,PROVISIONAL,FEMENINO,1,210101,PUNO,PUNO,PUNO,12/01/2026
2025,12,09/01/2026,PUNO,LAVADO DE ACTIVOS,FISCAL PROVINCIAL,PROVISIONAL (Titular Promovido),MASCULINO,2,210101,PUNO,PUNO,PUNO,12/01/2026
2025,12,09/01/2026,PUNO,LAVADO DE ACTIVOS,FISCAL PROVINCIAL,TITULAR,FEMENINO,1,210101,PUNO,PUNO,PUNO,12/01/2026
2025,12,09/01/2026,PUNO,MATERIA AMBIENTAL,FISCAL ADJUNTO PROVINCIAL,PROVISIONAL,FEMENINO,1,210101,PUNO,PUNO,PUNO,12/01/2026
2025,12,09/01/2026,PUNO,MATERIA AMBIENTAL,FISCAL ADJUNTO PROVINCIAL,PROVISIONAL,MASCULINO,1,210101,PUNO,PUNO,PUNO,12/01/2026
2025,12,09/01/2026,PUNO,MATERIA AMBIENTAL,FISCAL PROVINCIAL,PROVISIONAL,MASCULINO,1,210101,PUNO,PUNO,PUNO,12/01/2026
2025,12,09/01/2026,PUNO,MATERIA AMBIENTAL,FISCAL PROVINCIAL,PROVISIONAL (Titular Promovido),MASCULINO,1,210101,PUNO,PUNO,PUNO,12/01/2026
2025,12,09/01/2026,PUNO,MIXTA,FISCAL ADJUNTO PROVINCIAL,PROVISIONAL,FEMENINO,1,210101,PUNO,PUNO,PUNO,12/01/2026
2025,12,09/01/2026,PUNO,MIXTA,FISCAL ADJUNTO PROVINCIAL,PROVISIONAL,MASCULINO,4,210101,PUNO,PUNO,PUNO,12/01/2026
2025,12,09/01/2026,PUNO,MIXTA,FISCAL ADJUNTO PROVINCIAL,TITULAR,FEMENINO,1,210101,PUNO,PUNO,PUNO,12/01/2026
2025,12,09/01/2026,PUNO,MIXTA,FISCAL ADJUNTO PROVINCIAL,TITULAR,MASCULINO,6,210101,PUNO,PUNO,PUNO,12/01/2026
2025,12,09/01/2026,PUNO,MIXTA,FISCAL ADJUNTO SUPERIOR,TITULAR,FEMENINO,1,210101,PUNO,PUNO,PUNO,12/01/2026
2025,12,09/01/2026,PUNO,MIXTA,FISCAL PROVINCIAL,PROVISIONAL (Titular Promovido),MASCULINO,1,210101,PUNO,PUNO,PUNO,12/01/2026
2025,12,09/01/2026,PUNO,MIXTA,FISCAL PROVINCIAL,TITULAR,MASCULINO,4,210101,PUNO,PUNO,PUNO,12/01/2026
2025,12,09/01/2026,PUNO,MIXTA,FISCAL SUPERIOR,PROVISIONAL (Titular Promovido),FEMENINO,1,210101,PUNO,PUNO,PUNO,12/01/2026
2025,12,09/01/2026,PUNO,PENAL,FISCAL ADJUNTO PROVINCIAL,PROVISIONAL,FEMENINO,12,210101,PUNO,PUNO,PUNO,12/01/2026
2025,12,09/01/2026,PUNO,PENAL,FISCAL ADJUNTO PROVINCIAL,PROVISIONAL,MASCULINO,17,210101,PUNO,PUNO,PUNO,12/01/2026
2025,12,09/01/2026,PUNO,PENAL,FISCAL ADJUNTO PROVINCIAL,TITULAR,FEMENINO,10,210101,PUNO,PUNO,PUNO,12/01/2026
2025,12,09/01/2026,PUNO,PENAL,FISCAL ADJUNTO PROVINCIAL,TITULAR,MASCULINO,18,210101,PUNO,PUNO,PUNO,12/01/2026
2025,12,09/01/2026,PUNO,PENAL,FISCAL ADJUNTO SUPERIOR,TITULAR,FEMENINO,2,210101,PUNO,PUNO,PUNO,12/01/2026
2025,12,09/01/2026,PUNO,PENAL,FISCAL ADJUNTO SUPERIOR,TITULAR,MASCULINO,3,210101,PUNO,PUNO,PUNO,12/01/2026
2025,12,09/01/2026,PUNO,PENAL,FISCAL PROVINCIAL,PROVISIONAL (Titular Promovido),FEMENINO,3,210101,PUNO,PUNO,PUNO,12/01/2026
2025,12,09/01/2026,PUNO,PENAL,FISCAL PROVINCIAL,PROVISIONAL (Titular Promovido),MASCULINO,4,210101,PUNO,PUNO,PUNO,12/01/2026
2025,12,09/01/2026,PUNO,PENAL,FISCAL PROVINCIAL,TITULAR,FEMENINO,5,210101,PUNO,PUNO,PUNO,12/01/2026
2025,12,09/01/2026,PUNO,PENAL,FISCAL PROVINCIAL,TITULAR,MASCULINO,17,210101,PUNO,PUNO,PUNO,12/01/2026
2025,12,09/01/2026,PUNO,PENAL,FISCAL SUPERIOR,TITULAR,FEMENINO,1,210101,PUNO,PUNO,PUNO,12/01/2026
2025,12,09/01/2026,PUNO,PENAL,FISCAL SUPERIOR,TITULAR,MASCULINO,3,210101,PUNO,PUNO,PUNO,12/01/2026
2025,12,09/01/2026,PUNO,PREVENCION DEL DELITO,FISCAL ADJUNTO PROVINCIAL,PROVISIONAL,FEMENINO,1,210101,PUNO,PUNO,PUNO,12/01/2026
2025,12,09/01/2026,PUNO,PREVENCION DEL DELITO,FISCAL ADJUNTO PROVINCIAL,PROVISIONAL,MASCULINO,1,210101,PUNO,PUNO,PUNO,12/01/2026
2025,12,09/01/2026,PUNO,PREVENCION DEL DELITO,FISCAL ADJUNTO PROVINCIAL,TITULAR,FEMENINO,1,210101,PUNO,PUNO,PUNO,12/01/2026
2025,12,09/01/2026,PUNO,PREVENCION DEL DELITO,FISCAL ADJUNTO PROVINCIAL,TITULAR,MASCULINO,1,210101,PUNO,PUNO,PUNO,12/01/2026
2025,12,09/01/2026,PUNO,PREVENCION DEL DELITO,FISCAL PROVINCIAL,TITULAR,FEMENINO,2,210101,PUNO,PUNO,PUNO,12/01/2026
2025,12,09/01/2026,PUNO,PREVENCION DEL DELITO,FISCAL PROVINCIAL,TITULAR,MASCULINO,1,210101,PUNO,PUNO,PUNO,12/01/2026
2025,12,09/01/2026,PUNO,TRAFICO ILICITO DE DROGAS,FISCAL ADJUNTO PROVINCIAL,PROVISIONAL,FEMENINO,2,210101,PUNO,PUNO,PUNO,12/01/2026
2025,12,09/01/2026,PUNO,TRAFICO ILICITO DE DROGAS,FISCAL ADJUNTO PROVINCIAL,PROVISIONAL,MASCULINO,1,210101,PUNO,PUNO,PUNO,12/01/2026
2025,12,09/01/2026,PUNO,TRAFICO ILICITO DE DROGAS,FISCAL PROVINCIAL,PROVISIONAL (Titular Promovido),MASCULINO,1,210101,PUNO,PUNO,PUNO,12/01/2026
2025,12,09/01/2026,PUNO,DERECHOS HUMANOS Y CONTRA EL TERRORISMO,FISCAL ADJUNTO PROVINCIAL,PROVISIONAL,MASCULINO,2,210101,PUNO,PUNO,PUNO,12/01/2026
2025,12,09/01/2026,PUNO,DERECHOS HUMANOS Y CONTRA EL TERRORISMO,FISCAL ADJUNTO PROVINCIAL,TITULAR,MASCULINO,1,210101,PUNO,PUNO,PUNO,12/01/2026
2025,12,09/01/2026,PUNO,DERECHOS HUMANOS Y CONTRA EL TERRORISMO,FISCAL PROVINCIAL,PROVISIONAL (Titular Promovido),MASCULINO,2,210101,PUNO,PUNO,PUNO,12/01/2026
2025,12,09/01/2026,SAN MARTIN,AUTORIDAD NACIONAL DE CONTROL,FISCAL ADJUNTO SUPERIOR,PROVISIONAL,FEMENINO,1,220101,SAN MARTIN,MOYOBAMBA,MOYOBAMBA,12/01/2026
2025,12,09/01/2026,SAN MARTIN,AUTORIDAD NACIONAL DE CONTROL,FISCAL ADJUNTO SUPERIOR,PROVISIONAL (Titular Promovido),MASCULINO,1,220101,SAN MARTIN,MOYOBAMBA,MOYOBAMBA,12/01/2026
2025,12,09/01/2026,SAN MARTIN,AUTORIDAD NACIONAL DE CONTROL,FISCAL SUPERIOR,PROVISIONAL (Titular Promovido),FEMENINO,1,220101,SAN MARTIN,MOYOBAMBA,MOYOBAMBA,12/01/2026
2025,12,09/01/2026,SAN MARTIN,CORRUPCION DE FUNCIONARIOS,FISCAL ADJUNTO PROVINCIAL,PROVISIONAL,FEMENINO,5,220101,SAN MARTIN,MOYOBAMBA,MOYOBAMBA,12/01/2026
2025,12,09/01/2026,SAN MARTIN,CORRUPCION DE FUNCIONARIOS,FISCAL ADJUNTO PROVINCIAL,PROVISIONAL,MASCULINO,3,220101,SAN MARTIN,MOYOBAMBA,MOYOBAMBA,12/01/2026
2025,12,09/01/2026,SAN MARTIN,CORRUPCION DE FUNCIONARIOS,FISCAL ADJUNTO PROVINCIAL,TITULAR,FEMENINO,1,220101,SAN MARTIN,MOYOBAMBA,MOYOBAMBA,12/01/2026
2025,12,09/01/2026,SAN MARTIN,CORRUPCION DE FUNCIONARIOS,FISCAL ADJUNTO PROVINCIAL,TITULAR,MASCULINO,1,220101,SAN MARTIN,MOYOBAMBA,MOYOBAMBA,12/01/2026
2025,12,09/01/2026,SAN MARTIN,CORRUPCION DE FUNCIONARIOS,FISCAL PROVINCIAL,TITULAR,MASCULINO,2,220101,SAN MARTIN,MOYOBAMBA,MOYOBAMBA,12/01/2026
2025,12,09/01/2026,SAN MARTIN,CRIMEN ORGANIZADO,FISCAL ADJUNTO PROVINCIAL,TITULAR,MASCULINO,2,220101,SAN MARTIN,MOYOBAMBA,MOYOBAMBA,12/01/2026
2025,12,09/01/2026,SAN MARTIN,CRIMEN ORGANIZADO,FISCAL PROVINCIAL,TITULAR,MASCULINO,1,220101,SAN MARTIN,MOYOBAMBA,MOYOBAMBA,12/01/2026
2025,12,09/01/2026,SAN MARTIN,FAMILIA,FISCAL ADJUNTO PROVINCIAL,PROVISIONAL,FEMENINO,7,220101,SAN MARTIN,MOYOBAMBA,MOYOBAMBA,12/01/2026
2025,12,09/01/2026,SAN MARTIN,FAMILIA,FISCAL ADJUNTO PROVINCIAL,PROVISIONAL,MASCULINO,3,220101,SAN MARTIN,MOYOBAMBA,MOYOBAMBA,12/01/2026
2025,12,09/01/2026,SAN MARTIN,FAMILIA,FISCAL ADJUNTO PROVINCIAL,TITULAR,FEMENINO,3,220101,SAN MARTIN,MOYOBAMBA,MOYOBAMBA,12/01/2026
2025,12,09/01/2026,SAN MARTIN,FAMILIA,FISCAL ADJUNTO PROVINCIAL,TITULAR,MASCULINO,3,220101,SAN MARTIN,MOYOBAMBA,MOYOBAMBA,12/01/2026
2025,12,09/01/2026,SAN MARTIN,FAMILIA,FISCAL ADJUNTO SUPERIOR,TITULAR,FEMENINO,1,220101,SAN MARTIN,MOYOBAMBA,MOYOBAMBA,12/01/2026
2025,12,09/01/2026,SAN MARTIN,FAMILIA,FISCAL ADJUNTO SUPERIOR,TITULAR,MASCULINO,1,220101,SAN MARTIN,MOYOBAMBA,MOYOBAMBA,12/01/2026
2025,12,09/01/2026,SAN MARTIN,FAMILIA,FISCAL PROVINCIAL,PROVISIONAL,FEMENINO,1,220101,SAN MARTIN,MOYOBAMBA,MOYOBAMBA,12/01/2026
2025,12,09/01/2026,SAN MARTIN,FAMILIA,FISCAL PROVINCIAL,PROVISIONAL,MASCULINO,2,220101,SAN MARTIN,MOYOBAMBA,MOYOBAMBA,12/01/2026
2025,12,09/01/2026,SAN MARTIN,FAMILIA,FISCAL PROVINCIAL,PROVISIONAL (Titular Promovido),MASCULINO,2,220101,SAN MARTIN,MOYOBAMBA,MOYOBAMBA,12/01/2026
2025,12,09/01/2026,SAN MARTIN,FAMILIA,FISCAL PROVINCIAL,TITULAR,FEMENINO,2,220101,SAN MARTIN,MOYOBAMBA,MOYOBAMBA,12/01/2026
2025,12,09/01/2026,SAN MARTIN,FAMILIA,FISCAL PROVINCIAL,TITULAR,MASCULINO,6,220101,SAN MARTIN,MOYOBAMBA,MOYOBAMBA,12/01/2026
2025,12,09/01/2026,SAN MARTIN,FAMILIA,FISCAL SUPERIOR,PROVISIONAL (Titular Promovido),FEMENINO,1,220101,SAN MARTIN,MOYOBAMBA,MOYOBAMBA,12/01/2026
2025,12,09/01/2026,SAN MARTIN,FAMILIA,FISCAL SUPERIOR,TITULAR,FEMENINO,1,220101,SAN MARTIN,MOYOBAMBA,MOYOBAMBA,12/01/2026
2025,12,09/01/2026,SAN MARTIN,MATERIA AMBIENTAL,FISCAL ADJUNTO PROVINCIAL,PROVISIONAL,FEMENINO,1,220101,SAN MARTIN,MOYOBAMBA,MOYOBAMBA,12/01/2026
2025,12,09/01/2026,SAN MARTIN,MATERIA AMBIENTAL,FISCAL ADJUNTO PROVINCIAL,PROVISIONAL,MASCULINO,2,220101,SAN MARTIN,MOYOBAMBA,MOYOBAMBA,12/01/2026
2025,12,09/01/2026,SAN MARTIN,MATERIA AMBIENTAL,FISCAL ADJUNTO PROVINCIAL,TITULAR,FEMENINO,1,220101,SAN MARTIN,MOYOBAMBA,MOYOBAMBA,12/01/2026
2025,12,09/01/2026,SAN MARTIN,MATERIA AMBIENTAL,FISCAL PROVINCIAL,PROVISIONAL,MASCULINO,2,220101,SAN MARTIN,MOYOBAMBA,MOYOBAMBA,12/01/2026
2025,12,09/01/2026,SAN MARTIN,MATERIA AMBIENTAL,FISCAL PROVINCIAL,PROVISIONAL (Titular Promovido),FEMENINO,1,220101,SAN MARTIN,MOYOBAMBA,MOYOBAMBA,12/01/2026
2025,12,09/01/2026,SAN MARTIN,MIXTA,FISCAL ADJUNTO PROVINCIAL,PROVISIONAL,FEMENINO,4,220101,SAN MARTIN,MOYOBAMBA,MOYOBAMBA,12/01/2026
2025,12,09/01/2026,SAN MARTIN,MIXTA,FISCAL ADJUNTO PROVINCIAL,PROVISIONAL,MASCULINO,6,220101,SAN MARTIN,MOYOBAMBA,MOYOBAMBA,12/01/2026
2025,12,09/01/2026,SAN MARTIN,MIXTA,FISCAL ADJUNTO PROVINCIAL,TITULAR,FEMENINO,5,220101,SAN MARTIN,MOYOBAMBA,MOYOBAMBA,12/01/2026
2025,12,09/01/2026,SAN MARTIN,MIXTA,FISCAL ADJUNTO PROVINCIAL,TITULAR,MASCULINO,4,220101,SAN MARTIN,MOYOBAMBA,MOYOBAMBA,12/01/2026
2025,12,09/01/2026,SAN MARTIN,MIXTA,FISCAL ADJUNTO SUPERIOR,PROVISIONAL (Titular Promovido),MASCULINO,1,220101,SAN MARTIN,MOYOBAMBA,MOYOBAMBA,12/01/2026
2025,12,09/01/2026,SAN MARTIN,MIXTA,FISCAL ADJUNTO SUPERIOR,TITULAR,MASCULINO,1,220101,SAN MARTIN,MOYOBAMBA,MOYOBAMBA,12/01/2026
2025,12,09/01/2026,SAN MARTIN,MIXTA,FISCAL PROVINCIAL,PROVISIONAL,FEMENINO,2,220101,SAN MARTIN,MOYOBAMBA,MOYOBAMBA,12/01/2026
2025,12,09/01/2026,SAN MARTIN,MIXTA,FISCAL PROVINCIAL,PROVISIONAL (Titular Promovido),FEMENINO,1,220101,SAN MARTIN,MOYOBAMBA,MOYOBAMBA,12/01/2026
2025,12,09/01/2026,SAN MARTIN,MIXTA,FISCAL PROVINCIAL,PROVISIONAL (Titular Promovido),MASCULINO,5,220101,SAN MARTIN,MOYOBAMBA,MOYOBAMBA,12/01/2026
2025,12,09/01/2026,SAN MARTIN,MIXTA,FISCAL PROVINCIAL,TITULAR,MASCULINO,2,220101,SAN MARTIN,MOYOBAMBA,MOYOBAMBA,12/01/2026
2025,12,09/01/2026,SAN MARTIN,MIXTA,FISCAL SUPERIOR,TITULAR,MASCULINO,1,220101,SAN MARTIN,MOYOBAMBA,MOYOBAMBA,12/01/2026
2025,12,09/01/2026,SAN MARTIN,PENAL,FISCAL ADJUNTO PROVINCIAL,PROVISIONAL,FEMENINO,21,220101,SAN MARTIN,MOYOBAMBA,MOYOBAMBA,12/01/2026
2025,12,09/01/2026,SAN MARTIN,PENAL,FISCAL ADJUNTO PROVINCIAL,PROVISIONAL,MASCULINO,13,220101,SAN MARTIN,MOYOBAMBA,MOYOBAMBA,12/01/2026
2025,12,09/01/2026,SAN MARTIN,PENAL,FISCAL ADJUNTO PROVINCIAL,TITULAR,FEMENINO,12,220101,SAN MARTIN,MOYOBAMBA,MOYOBAMBA,12/01/2026
2025,12,09/01/2026,SAN MARTIN,PENAL,FISCAL ADJUNTO PROVINCIAL,TITULAR,MASCULINO,21,220101,SAN MARTIN,MOYOBAMBA,MOYOBAMBA,12/01/2026
2025,12,09/01/2026,SAN MARTIN,PENAL,FISCAL ADJUNTO SUPERIOR,PROVISIONAL (Titular Promovido),FEMENINO,3,220101,SAN MARTIN,MOYOBAMBA,MOYOBAMBA,12/01/2026
2025,12,09/01/2026,SAN MARTIN,PENAL,FISCAL ADJUNTO SUPERIOR,PROVISIONAL (Titular Promovido),MASCULINO,1,220101,SAN MARTIN,MOYOBAMBA,MOYOBAMBA,12/01/2026
2025,12,09/01/2026,SAN MARTIN,PENAL,FISCAL ADJUNTO SUPERIOR,TITULAR,FEMENINO,1,220101,SAN MARTIN,MOYOBAMBA,MOYOBAMBA,12/01/2026
2025,12,09/01/2026,SAN MARTIN,PENAL,FISCAL ADJUNTO SUPERIOR,TITULAR,MASCULINO,3,220101,SAN MARTIN,MOYOBAMBA,MOYOBAMBA,12/01/2026
2025,12,09/01/2026,SAN MARTIN,PENAL,FISCAL PROVINCIAL,PROVISIONAL,FEMENINO,3,220101,SAN MARTIN,MOYOBAMBA,MOYOBAMBA,12/01/2026
2025,12,09/01/2026,SAN MARTIN,PENAL,FISCAL PROVINCIAL,PROVISIONAL,MASCULINO,3,220101,SAN MARTIN,MOYOBAMBA,MOYOBAMBA,12/01/2026
2025,12,09/01/2026,SAN MARTIN,PENAL,FISCAL PROVINCIAL,PROVISIONAL (Titular Promovido),FEMENINO,1,220101,SAN MARTIN,MOYOBAMBA,MOYOBAMBA,12/01/2026
2025,12,09/01/2026,SAN MARTIN,PENAL,FISCAL PROVINCIAL,PROVISIONAL (Titular Promovido),MASCULINO,6,220101,SAN MARTIN,MOYOBAMBA,MOYOBAMBA,12/01/2026
2025,12,09/01/2026,SAN MARTIN,PENAL,FISCAL PROVINCIAL,TITULAR,FEMENINO,5,220101,SAN MARTIN,MOYOBAMBA,MOYOBAMBA,12/01/2026
2025,12,09/01/2026,SAN MARTIN,PENAL,FISCAL PROVINCIAL,TITULAR,MASCULINO,19,220101,SAN MARTIN,MOYOBAMBA,MOYOBAMBA,12/01/2026
2025,12,09/01/2026,SAN MARTIN,PENAL,FISCAL SUPERIOR,PROVISIONAL (Titular Promovido),MASCULINO,1,220101,SAN MARTIN,MOYOBAMBA,MOYOBAMBA,12/01/2026
2025,12,09/01/2026,SAN MARTIN,PENAL,FISCAL SUPERIOR,TITULAR,MASCULINO,3,220101,SAN MARTIN,MOYOBAMBA,MOYOBAMBA,12/01/2026
2025,12,09/01/2026,SAN MARTIN,PREVENCION DEL DELITO,FISCAL ADJUNTO PROVINCIAL,PROVISIONAL,FEMENINO,1,220101,SAN MARTIN,MOYOBAMBA,MOYOBAMBA,12/01/2026
2025,12,09/01/2026,SAN MARTIN,PREVENCION DEL DELITO,FISCAL ADJUNTO PROVINCIAL,PROVISIONAL,MASCULINO,1,220101,SAN MARTIN,MOYOBAMBA,MOYOBAMBA,12/01/2026
2025,12,09/01/2026,SAN MARTIN,PREVENCION DEL DELITO,FISCAL ADJUNTO PROVINCIAL,TITULAR,FEMENINO,1,220101,SAN MARTIN,MOYOBAMBA,MOYOBAMBA,12/01/2026
2025,12,09/01/2026,SAN MARTIN,PREVENCION DEL DELITO,FISCAL ADJUNTO PROVINCIAL,TITULAR,MASCULINO,1,220101,SAN MARTIN,MOYOBAMBA,MOYOBAMBA,12/01/2026
2025,12,09/01/2026,SAN MARTIN,PREVENCION DEL DELITO,FISCAL PROVINCIAL,PROVISIONAL (Titular Promovido),FEMENINO,1,220101,SAN MARTIN,MOYOBAMBA,MOYOBAMBA,12/01/2026
2025,12,09/01/2026,SAN MARTIN,PREVENCION DEL DELITO,FISCAL PROVINCIAL,TITULAR,MASCULINO,1,220101,SAN MARTIN,MOYOBAMBA,MOYOBAMBA,12/01/2026
2025,12,09/01/2026,SAN MARTIN,TRAFICO ILICITO DE DROGAS,FISCAL ADJUNTO PROVINCIAL,PROVISIONAL,FEMENINO,3,220101,SAN MARTIN,MOYOBAMBA,MOYOBAMBA,12/01/2026
2025,12,09/01/2026,SAN MARTIN,TRAFICO ILICITO DE DROGAS,FISCAL ADJUNTO PROVINCIAL,PROVISIONAL,MASCULINO,1,220101,SAN MARTIN,MOYOBAMBA,MOYOBAMBA,12/01/2026
2025,12,09/01/2026,SAN MARTIN,TRAFICO ILICITO DE DROGAS,FISCAL PROVINCIAL,TITULAR,MASCULINO,1,220101,SAN MARTIN,MOYOBAMBA,MOYOBAMBA,12/01/2026
2025,12,09/01/2026,SAN MARTIN,DERECHOS HUMANOS Y CONTRA EL TERRORISMO,FISCAL ADJUNTO PROVINCIAL,PROVISIONAL,FEMENINO,3,220101,SAN MARTIN,MOYOBAMBA,MOYOBAMBA,12/01/2026
2025,12,09/01/2026,SAN MARTIN,DERECHOS HUMANOS Y CONTRA EL TERRORISMO,FISCAL PROVINCIAL,PROVISIONAL (Titular Promovido),MASCULINO,1,220101,SAN MARTIN,MOYOBAMBA,MOYOBAMBA,12/01/2026
2025,12,09/01/2026,SANTA,AUTORIDAD NACIONAL DE CONTROL,FISCAL ADJUNTO SUPERIOR,PROVISIONAL,MASCULINO,1,021801,ANCASH,SANTA,CHIMBOTE,12/01/2026
2025,12,09/01/2026,SANTA,AUTORIDAD NACIONAL DE CONTROL,FISCAL SUPERIOR,PROVISIONAL (Titular Promovido),MASCULINO,1,021801,ANCASH,SANTA,CHIMBOTE,12/01/2026
2025,12,09/01/2026,SANTA,CORRUPCION DE FUNCIONARIOS,FISCAL ADJUNTO PROVINCIAL,PROVISIONAL,FEMENINO,3,021801,ANCASH,SANTA,CHIMBOTE,12/01/2026
2025,12,09/01/2026,SANTA,CORRUPCION DE FUNCIONARIOS,FISCAL ADJUNTO PROVINCIAL,PROVISIONAL,MASCULINO,2,021801,ANCASH,SANTA,CHIMBOTE,12/01/2026
2025,12,09/01/2026,SANTA,CORRUPCION DE FUNCIONARIOS,FISCAL ADJUNTO PROVINCIAL,TITULAR,FEMENINO,1,021801,ANCASH,SANTA,CHIMBOTE,12/01/2026
2025,12,09/01/2026,SANTA,CORRUPCION DE FUNCIONARIOS,FISCAL ADJUNTO PROVINCIAL,TITULAR,MASCULINO,1,021801,ANCASH,SANTA,CHIMBOTE,12/01/2026
2025,12,09/01/2026,SANTA,CORRUPCION DE FUNCIONARIOS,FISCAL ADJUNTO SUPERIOR,TITULAR,FEMENINO,1,021801,ANCASH,SANTA,CHIMBOTE,12/01/2026
2025,12,09/01/2026,SANTA,CORRUPCION DE FUNCIONARIOS,FISCAL ADJUNTO SUPERIOR,TITULAR,MASCULINO,1,021801,ANCASH,SANTA,CHIMBOTE,12/01/2026
2025,12,09/01/2026,SANTA,CORRUPCION DE FUNCIONARIOS,FISCAL PROVINCIAL,TITULAR,MASCULINO,3,021801,ANCASH,SANTA,CHIMBOTE,12/01/2026
2025,12,09/01/2026,SANTA,CORRUPCION DE FUNCIONARIOS,FISCAL SUPERIOR,PROVISIONAL (Titular Promovido),MASCULINO,1,021801,ANCASH,SANTA,CHIMBOTE,12/01/2026
2025,12,09/01/2026,SANTA,CRIMEN ORGANIZADO,FISCAL ADJUNTO PROVINCIAL,PROVISIONAL,FEMENINO,1,021801,ANCASH,SANTA,CHIMBOTE,12/01/2026
2025,12,09/01/2026,SANTA,CRIMEN ORGANIZADO,FISCAL ADJUNTO PROVINCIAL,PROVISIONAL,MASCULINO,2,021801,ANCASH,SANTA,CHIMBOTE,12/01/2026
2025,12,09/01/2026,SANTA,CRIMEN ORGANIZADO,FISCAL PROVINCIAL,TITULAR,MASCULINO,2,021801,ANCASH,SANTA,CHIMBOTE,12/01/2026
2025,12,09/01/2026,SANTA,EXTINCION DE DOMINIO,FISCAL ADJUNTO PROVINCIAL,PROVISIONAL,FEMENINO,1,021801,ANCASH,SANTA,CHIMBOTE,12/01/2026
2025,12,09/01/2026,SANTA,EXTINCION DE DOMINIO,FISCAL ADJUNTO PROVINCIAL,PROVISIONAL,MASCULINO,1,021801,ANCASH,SANTA,CHIMBOTE,12/01/2026
2025,12,09/01/2026,SANTA,EXTINCION DE DOMINIO,FISCAL PROVINCIAL,PROVISIONAL (Titular Promovido),MASCULINO,1,021801,ANCASH,SANTA,CHIMBOTE,12/01/2026
2025,12,09/01/2026,SANTA,FAMILIA,FISCAL ADJUNTO PROVINCIAL,PROVISIONAL,FEMENINO,2,021801,ANCASH,SANTA,CHIMBOTE,12/01/2026
2025,12,09/01/2026,SANTA,FAMILIA,FISCAL ADJUNTO PROVINCIAL,PROVISIONAL,MASCULINO,4,021801,ANCASH,SANTA,CHIMBOTE,12/01/2026
2025,12,09/01/2026,SANTA,FAMILIA,FISCAL ADJUNTO PROVINCIAL,TITULAR,FEMENINO,2,021801,ANCASH,SANTA,CHIMBOTE,12/01/2026
2025,12,09/01/2026,SANTA,FAMILIA,FISCAL ADJUNTO PROVINCIAL,TITULAR,MASCULINO,1,021801,ANCASH,SANTA,CHIMBOTE,12/01/2026
2025,12,09/01/2026,SANTA,FAMILIA,FISCAL ADJUNTO SUPERIOR,TITULAR,MASCULINO,1,021801,ANCASH,SANTA,CHIMBOTE,12/01/2026
2025,12,09/01/2026,SANTA,FAMILIA,FISCAL PROVINCIAL,PROVISIONAL (Titular Promovido),MASCULINO,1,021801,ANCASH,SANTA,CHIMBOTE,12/01/2026
2025,12,09/01/2026,SANTA,FAMILIA,FISCAL PROVINCIAL,TITULAR,FEMENINO,5,021801,ANCASH,SANTA,CHIMBOTE,12/01/2026
2025,12,09/01/2026,SANTA,FAMILIA,FISCAL PROVINCIAL,TITULAR,MASCULINO,3,021801,ANCASH,SANTA,CHIMBOTE,12/01/2026
2025,12,09/01/2026,SANTA,FAMILIA,FISCAL SUPERIOR,TITULAR,FEMENINO,1,021801,ANCASH,SANTA,CHIMBOTE,12/01/2026
2025,12,09/01/2026,SANTA,LAVADO DE ACTIVOS,FISCAL ADJUNTO PROVINCIAL,PROVISIONAL,MASCULINO,1,021801,ANCASH,SANTA,CHIMBOTE,12/01/2026
2025,12,09/01/2026,SANTA,LAVADO DE ACTIVOS,FISCAL ADJUNTO PROVINCIAL,TITULAR,MASCULINO,1,021801,ANCASH,SANTA,CHIMBOTE,12/01/2026
2025,12,09/01/2026,SANTA,LAVADO DE ACTIVOS,FISCAL PROVINCIAL,TITULAR,MASCULINO,1,021801,ANCASH,SANTA,CHIMBOTE,12/01/2026
2025,12,09/01/2026,SANTA,MATERIA AMBIENTAL,FISCAL ADJUNTO PROVINCIAL,PROVISIONAL,FEMENINO,1,021801,ANCASH,SANTA,CHIMBOTE,12/01/2026
2025,12,09/01/2026,SANTA,MATERIA AMBIENTAL,FISCAL ADJUNTO PROVINCIAL,TITULAR,MASCULINO,1,021801,ANCASH,SANTA,CHIMBOTE,12/01/2026
2025,12,09/01/2026,SANTA,MATERIA AMBIENTAL,FISCAL PROVINCIAL,PROVISIONAL,FEMENINO,1,021801,ANCASH,SANTA,CHIMBOTE,12/01/2026
2025,12,09/01/2026,SANTA,MIXTA,FISCAL ADJUNTO PROVINCIAL,PROVISIONAL,FEMENINO,2,021801,ANCASH,SANTA,CHIMBOTE,12/01/2026
2025,12,09/01/2026,SANTA,MIXTA,FISCAL ADJUNTO PROVINCIAL,PROVISIONAL,MASCULINO,2,021801,ANCASH,SANTA,CHIMBOTE,12/01/2026
2025,12,09/01/2026,SANTA,MIXTA,FISCAL ADJUNTO PROVINCIAL,TITULAR,FEMENINO,4,021801,ANCASH,SANTA,CHIMBOTE,12/01/2026
2025,12,09/01/2026,SANTA,MIXTA,FISCAL ADJUNTO PROVINCIAL,TITULAR,MASCULINO,2,021801,ANCASH,SANTA,CHIMBOTE,12/01/2026
2025,12,09/01/2026,SANTA,MIXTA,FISCAL PROVINCIAL,PROVISIONAL,FEMENINO,1,021801,ANCASH,SANTA,CHIMBOTE,12/01/2026
2025,12,09/01/2026,SANTA,MIXTA,FISCAL PROVINCIAL,TITULAR,MASCULINO,2,021801,ANCASH,SANTA,CHIMBOTE,12/01/2026
2025,12,09/01/2026,SANTA,PENAL,FISCAL ADJUNTO PROVINCIAL,PROVISIONAL,FEMENINO,12,021801,ANCASH,SANTA,CHIMBOTE,12/01/2026
2025,12,09/01/2026,SANTA,PENAL,FISCAL ADJUNTO PROVINCIAL,PROVISIONAL,MASCULINO,18,021801,ANCASH,SANTA,CHIMBOTE,12/01/2026
2025,12,09/01/2026,SANTA,PENAL,FISCAL ADJUNTO PROVINCIAL,TITULAR,FEMENINO,21,021801,ANCASH,SANTA,CHIMBOTE,12/01/2026
2025,12,09/01/2026,SANTA,PENAL,FISCAL ADJUNTO PROVINCIAL,TITULAR,MASCULINO,20,021801,ANCASH,SANTA,CHIMBOTE,12/01/2026
2025,12,09/01/2026,SANTA,PENAL,FISCAL ADJUNTO SUPERIOR,PROVISIONAL (Titular Promovido),MASCULINO,1,021801,ANCASH,SANTA,CHIMBOTE,12/01/2026
2025,12,09/01/2026,SANTA,PENAL,FISCAL ADJUNTO SUPERIOR,TITULAR,FEMENINO,3,021801,ANCASH,SANTA,CHIMBOTE,12/01/2026
2025,12,09/01/2026,SANTA,PENAL,FISCAL ADJUNTO SUPERIOR,TITULAR,MASCULINO,5,021801,ANCASH,SANTA,CHIMBOTE,12/01/2026
2025,12,09/01/2026,SANTA,PENAL,FISCAL PROVINCIAL,PROVISIONAL,FEMENINO,1,021801,ANCASH,SANTA,CHIMBOTE,12/01/2026
2025,12,09/01/2026,SANTA,PENAL,FISCAL PROVINCIAL,PROVISIONAL,MASCULINO,1,021801,ANCASH,SANTA,CHIMBOTE,12/01/2026
2025,12,09/01/2026,SANTA,PENAL,FISCAL PROVINCIAL,PROVISIONAL (Titular Promovido),FEMENINO,1,021801,ANCASH,SANTA,CHIMBOTE,12/01/2026
2025,12,09/01/2026,SANTA,PENAL,FISCAL PROVINCIAL,PROVISIONAL (Titular Promovido),MASCULINO,3,021801,ANCASH,SANTA,CHIMBOTE,12/01/2026
2025,12,09/01/2026,SANTA,PENAL,FISCAL PROVINCIAL,TITULAR,FEMENINO,10,021801,ANCASH,SANTA,CHIMBOTE,12/01/2026
2025,12,09/01/2026,SANTA,PENAL,FISCAL PROVINCIAL,TITULAR,MASCULINO,19,021801,ANCASH,SANTA,CHIMBOTE,12/01/2026
2025,12,09/01/2026,SANTA,PENAL,FISCAL SUPERIOR,TITULAR,FEMENINO,2,021801,ANCASH,SANTA,CHIMBOTE,12/01/2026
2025,12,09/01/2026,SANTA,PENAL,FISCAL SUPERIOR,TITULAR,MASCULINO,1,021801,ANCASH,SANTA,CHIMBOTE,12/01/2026
2025,12,09/01/2026,SANTA,PREVENCION DEL DELITO,FISCAL ADJUNTO PROVINCIAL,PROVISIONAL,FEMENINO,2,021801,ANCASH,SANTA,CHIMBOTE,12/01/2026
2025,12,09/01/2026,SANTA,PREVENCION DEL DELITO,FISCAL ADJUNTO PROVINCIAL,TITULAR,FEMENINO,1,021801,ANCASH,SANTA,CHIMBOTE,12/01/2026
2025,12,09/01/2026,SANTA,PREVENCION DEL DELITO,FISCAL ADJUNTO PROVINCIAL,TITULAR,MASCULINO,1,021801,ANCASH,SANTA,CHIMBOTE,12/01/2026
2025,12,09/01/2026,SANTA,PREVENCION DEL DELITO,FISCAL PROVINCIAL,PROVISIONAL (Titular Promovido),MASCULINO,1,021801,ANCASH,SANTA,CHIMBOTE,12/01/2026
2025,12,09/01/2026,SANTA,PREVENCION DEL DELITO,FISCAL PROVINCIAL,TITULAR,FEMENINO,1,021801,ANCASH,SANTA,CHIMBOTE,12/01/2026
2025,12,09/01/2026,SANTA,TRAFICO ILICITO DE DROGAS,FISCAL ADJUNTO PROVINCIAL,PROVISIONAL,FEMENINO,2,021801,ANCASH,SANTA,CHIMBOTE,12/01/2026
2025,12,09/01/2026,SANTA,TRAFICO ILICITO DE DROGAS,FISCAL PROVINCIAL,TITULAR,FEMENINO,1,021801,ANCASH,SANTA,CHIMBOTE,12/01/2026
2025,12,09/01/2026,SELVA CENTRAL,CORRUPCION DE FUNCIONARIOS,FISCAL ADJUNTO PROVINCIAL,PROVISIONAL,FEMENINO,1,120301,JUNIN,CHANCHAMAYO,CHANCHAMAYO,12/01/2026
2025,12,09/01/2026,SELVA CENTRAL,CORRUPCION DE FUNCIONARIOS,FISCAL ADJUNTO PROVINCIAL,PROVISIONAL,MASCULINO,4,120301,JUNIN,CHANCHAMAYO,CHANCHAMAYO,12/01/2026
2025,12,09/01/2026,SELVA CENTRAL,CORRUPCION DE FUNCIONARIOS,FISCAL PROVINCIAL,PROVISIONAL (Titular Promovido),MASCULINO,1,120301,JUNIN,CHANCHAMAYO,CHANCHAMAYO,12/01/2026
2025,12,09/01/2026,SELVA CENTRAL,FAMILIA,FISCAL ADJUNTO PROVINCIAL,PROVISIONAL,FEMENINO,2,120301,JUNIN,CHANCHAMAYO,CHANCHAMAYO,12/01/2026
2025,12,09/01/2026,SELVA CENTRAL,FAMILIA,FISCAL ADJUNTO PROVINCIAL,PROVISIONAL,MASCULINO,1,120301,JUNIN,CHANCHAMAYO,CHANCHAMAYO,12/01/2026
2025,12,09/01/2026,SELVA CENTRAL,FAMILIA,FISCAL ADJUNTO SUPERIOR,PROVISIONAL (Titular Promovido),MASCULINO,1,120301,JUNIN,CHANCHAMAYO,CHANCHAMAYO,12/01/2026
2025,12,09/01/2026,SELVA CENTRAL,FAMILIA,FISCAL PROVINCIAL,PROVISIONAL,MASCULINO,2,120301,JUNIN,CHANCHAMAYO,CHANCHAMAYO,12/01/2026
2025,12,09/01/2026,SELVA CENTRAL,FAMILIA,FISCAL PROVINCIAL,TITULAR,FEMENINO,1,120301,JUNIN,CHANCHAMAYO,CHANCHAMAYO,12/01/2026
2025,12,09/01/2026,SELVA CENTRAL,FAMILIA,FISCAL SUPERIOR,PROVISIONAL,MASCULINO,1,120301,JUNIN,CHANCHAMAYO,CHANCHAMAYO,12/01/2026
2025,12,09/01/2026,SELVA CENTRAL,MATERIA AMBIENTAL,FISCAL ADJUNTO PROVINCIAL,PROVISIONAL,FEMENINO,1,120301,JUNIN,CHANCHAMAYO,CHANCHAMAYO,12/01/2026
2025,12,09/01/2026,SELVA CENTRAL,MATERIA AMBIENTAL,FISCAL PROVINCIAL,PROVISIONAL,FEMENINO,1,120301,JUNIN,CHANCHAMAYO,CHANCHAMAYO,12/01/2026
2025,12,09/01/2026,SELVA CENTRAL,MIXTA,FISCAL ADJUNTO PROVINCIAL,PROVISIONAL,FEMENINO,4,120301,JUNIN,CHANCHAMAYO,CHANCHAMAYO,12/01/2026
2025,12,09/01/2026,SELVA CENTRAL,MIXTA,FISCAL ADJUNTO PROVINCIAL,PROVISIONAL,MASCULINO,4,120301,JUNIN,CHANCHAMAYO,CHANCHAMAYO,12/01/2026
2025,12,09/01/2026,SELVA CENTRAL,MIXTA,FISCAL ADJUNTO SUPERIOR,PROVISIONAL,MASCULINO,1,120301,JUNIN,CHANCHAMAYO,CHANCHAMAYO,12/01/2026
2025,12,09/01/2026,SELVA CENTRAL,MIXTA,FISCAL PROVINCIAL,PROVISIONAL,FEMENINO,3,120301,JUNIN,CHANCHAMAYO,CHANCHAMAYO,12/01/2026
2025,12,09/01/2026,SELVA CENTRAL,MIXTA,FISCAL PROVINCIAL,PROVISIONAL,MASCULINO,1,120301,JUNIN,CHANCHAMAYO,CHANCHAMAYO,12/01/2026
2025,12,09/01/2026,SELVA CENTRAL,MIXTA,FISCAL SUPERIOR,PROVISIONAL (Titular Promovido),MASCULINO,1,120301,JUNIN,CHANCHAMAYO,CHANCHAMAYO,12/01/2026
2025,12,09/01/2026,SELVA CENTRAL,PENAL,FISCAL ADJUNTO PROVINCIAL,PROVISIONAL,FEMENINO,14,120301,JUNIN,CHANCHAMAYO,CHANCHAMAYO,12/01/2026
2025,12,09/01/2026,SELVA CENTRAL,PENAL,FISCAL ADJUNTO PROVINCIAL,PROVISIONAL,MASCULINO,11,120301,JUNIN,CHANCHAMAYO,CHANCHAMAYO,12/01/2026
2025,12,09/01/2026,SELVA CENTRAL,PENAL,FISCAL ADJUNTO SUPERIOR,PROVISIONAL,FEMENINO,1,120301,JUNIN,CHANCHAMAYO,CHANCHAMAYO,12/01/2026
2025,12,09/01/2026,SELVA CENTRAL,PENAL,FISCAL ADJUNTO SUPERIOR,PROVISIONAL,MASCULINO,2,120301,JUNIN,CHANCHAMAYO,CHANCHAMAYO,12/01/2026
2025,12,09/01/2026,SELVA CENTRAL,PENAL,FISCAL ADJUNTO SUPERIOR,PROVISIONAL (Titular Promovido),FEMENINO,1,120301,JUNIN,CHANCHAMAYO,CHANCHAMAYO,12/01/2026
2025,12,09/01/2026,SELVA CENTRAL,PENAL,FISCAL PROVINCIAL,PROVISIONAL,FEMENINO,7,120301,JUNIN,CHANCHAMAYO,CHANCHAMAYO,12/01/2026
2025,12,09/01/2026,SELVA CENTRAL,PENAL,FISCAL PROVINCIAL,PROVISIONAL,MASCULINO,5,120301,JUNIN,CHANCHAMAYO,CHANCHAMAYO,12/01/2026
2025,12,09/01/2026,SELVA CENTRAL,PENAL,FISCAL PROVINCIAL,PROVISIONAL (Titular Promovido),MASCULINO,2,120301,JUNIN,CHANCHAMAYO,CHANCHAMAYO,12/01/2026
2025,12,09/01/2026,SELVA CENTRAL,PENAL,FISCAL PROVINCIAL,TITULAR,MASCULINO,1,120301,JUNIN,CHANCHAMAYO,CHANCHAMAYO,12/01/2026
2025,12,09/01/2026,SELVA CENTRAL,PENAL,FISCAL SUPERIOR,PROVISIONAL (Titular Promovido),MASCULINO,1,120301,JUNIN,CHANCHAMAYO,CHANCHAMAYO,12/01/2026
2025,12,09/01/2026,SELVA CENTRAL,PENAL,FISCAL SUPERIOR,TITULAR,FEMENINO,1,120301,JUNIN,CHANCHAMAYO,CHANCHAMAYO,12/01/2026
2025,12,09/01/2026,SELVA CENTRAL,PREVENCION DEL DELITO,FISCAL ADJUNTO PROVINCIAL,PROVISIONAL,FEMENINO,1,120301,JUNIN,CHANCHAMAYO,CHANCHAMAYO,12/01/2026
2025,12,09/01/2026,SELVA CENTRAL,PREVENCION DEL DELITO,FISCAL ADJUNTO PROVINCIAL,PROVISIONAL,MASCULINO,1,120301,JUNIN,CHANCHAMAYO,CHANCHAMAYO,12/01/2026
2025,12,09/01/2026,SELVA CENTRAL,PREVENCION DEL DELITO,FISCAL PROVINCIAL,PROVISIONAL,MASCULINO,1,120301,JUNIN,CHANCHAMAYO,CHANCHAMAYO,12/01/2026
2025,12,09/01/2026,SELVA CENTRAL,TRAFICO ILICITO DE DROGAS,FISCAL ADJUNTO PROVINCIAL,PROVISIONAL,FEMENINO,1,120301,JUNIN,CHANCHAMAYO,CHANCHAMAYO,12/01/2026
2025,12,09/01/2026,SELVA CENTRAL,TRAFICO ILICITO DE DROGAS,FISCAL ADJUNTO PROVINCIAL,PROVISIONAL,MASCULINO,1,120301,JUNIN,CHANCHAMAYO,CHANCHAMAYO,12/01/2026
2025,12,09/01/2026,SELVA CENTRAL,TRAFICO ILICITO DE DROGAS,FISCAL PROVINCIAL,PROVISIONAL (Titular Promovido),MASCULINO,1,120301,JUNIN,CHANCHAMAYO,CHANCHAMAYO,12/01/2026
2025,12,09/01/2026,SELVA CENTRAL,DERECHOS HUMANOS Y CONTRA EL TERRORISMO,FISCAL ADJUNTO PROVINCIAL,PROVISIONAL,FEMENINO,1,120301,JUNIN,CHANCHAMAYO,CHANCHAMAYO,12/01/2026
2025,12,09/01/2026,SELVA CENTRAL,DERECHOS HUMANOS Y CONTRA EL TERRORISMO,FISCAL ADJUNTO PROVINCIAL,PROVISIONAL,MASCULINO,1,120301,JUNIN,CHANCHAMAYO,CHANCHAMAYO,12/01/2026
2025,12,09/01/2026,SULLANA,AUTORIDAD NACIONAL DE CONTROL,FISCAL ADJUNTO SUPERIOR,PROVISIONAL (Titular Promovido),MASCULINO,1,200601,PIURA,SULLANA,SULLANA,12/01/2026
2025,12,09/01/2026,SULLANA,AUTORIDAD NACIONAL DE CONTROL,FISCAL SUPERIOR,PROVISIONAL (Titular Promovido),MASCULINO,1,200601,PIURA,SULLANA,SULLANA,12/01/2026
2025,12,09/01/2026,SULLANA,CORRUPCION DE FUNCIONARIOS,FISCAL ADJUNTO PROVINCIAL,PROVISIONAL,MASCULINO,3,200601,PIURA,SULLANA,SULLANA,12/01/2026
2025,12,09/01/2026,SULLANA,CORRUPCION DE FUNCIONARIOS,FISCAL ADJUNTO PROVINCIAL,TITULAR,MASCULINO,2,200601,PIURA,SULLANA,SULLANA,12/01/2026
2025,12,09/01/2026,SULLANA,CORRUPCION DE FUNCIONARIOS,FISCAL PROVINCIAL,TITULAR,MASCULINO,2,200601,PIURA,SULLANA,SULLANA,12/01/2026
2025,12,09/01/2026,SULLANA,FAMILIA,FISCAL ADJUNTO PROVINCIAL,PROVISIONAL,FEMENINO,2,200601,PIURA,SULLANA,SULLANA,12/01/2026
2025,12,09/01/2026,SULLANA,FAMILIA,FISCAL PROVINCIAL,TITULAR,MASCULINO,2,200601,PIURA,SULLANA,SULLANA,12/01/2026
2025,12,09/01/2026,SULLANA,MATERIA AMBIENTAL,FISCAL ADJUNTO PROVINCIAL,PROVISIONAL,MASCULINO,1,200601,PIURA,SULLANA,SULLANA,12/01/2026
2025,12,09/01/2026,SULLANA,MATERIA AMBIENTAL,FISCAL ADJUNTO PROVINCIAL,TITULAR,FEMENINO,1,200601,PIURA,SULLANA,SULLANA,12/01/2026
2025,12,09/01/2026,SULLANA,MATERIA AMBIENTAL,FISCAL PROVINCIAL,TITULAR,MASCULINO,1,200601,PIURA,SULLANA,SULLANA,12/01/2026
2025,12,09/01/2026,SULLANA,MIXTA,FISCAL ADJUNTO PROVINCIAL,PROVISIONAL,FEMENINO,4,200601,PIURA,SULLANA,SULLANA,12/01/2026
2025,12,09/01/2026,SULLANA,MIXTA,FISCAL ADJUNTO PROVINCIAL,PROVISIONAL,MASCULINO,2,200601,PIURA,SULLANA,SULLANA,12/01/2026
2025,12,09/01/2026,SULLANA,MIXTA,FISCAL ADJUNTO SUPERIOR,PROVISIONAL (Titular Promovido),FEMENINO,1,200601,PIURA,SULLANA,SULLANA,12/01/2026
2025,12,09/01/2026,SULLANA,MIXTA,FISCAL PROVINCIAL,PROVISIONAL,FEMENINO,1,200601,PIURA,SULLANA,SULLANA,12/01/2026
2025,12,09/01/2026,SULLANA,MIXTA,FISCAL PROVINCIAL,PROVISIONAL,MASCULINO,1,200601,PIURA,SULLANA,SULLANA,12/01/2026
2025,12,09/01/2026,SULLANA,MIXTA,FISCAL PROVINCIAL,PROVISIONAL (Titular Promovido),MASCULINO,1,200601,PIURA,SULLANA,SULLANA,12/01/2026
2025,12,09/01/2026,SULLANA,MIXTA,FISCAL PROVINCIAL,TITULAR,FEMENINO,1,200601,PIURA,SULLANA,SULLANA,12/01/2026
2025,12,09/01/2026,SULLANA,MIXTA,FISCAL SUPERIOR,TITULAR,FEMENINO,1,200601,PIURA,SULLANA,SULLANA,12/01/2026
2025,12,09/01/2026,SULLANA,PENAL,FISCAL ADJUNTO PROVINCIAL,PROVISIONAL,FEMENINO,9,200601,PIURA,SULLANA,SULLANA,12/01/2026
2025,12,09/01/2026,SULLANA,PENAL,FISCAL ADJUNTO PROVINCIAL,PROVISIONAL,MASCULINO,2,200601,PIURA,SULLANA,SULLANA,12/01/2026
2025,12,09/01/2026,SULLANA,PENAL,FISCAL ADJUNTO PROVINCIAL,TITULAR,FEMENINO,5,200601,PIURA,SULLANA,SULLANA,12/01/2026
2025,12,09/01/2026,SULLANA,PENAL,FISCAL ADJUNTO PROVINCIAL,TITULAR,MASCULINO,5,200601,PIURA,SULLANA,SULLANA,12/01/2026
2025,12,09/01/2026,SULLANA,PENAL,FISCAL ADJUNTO SUPERIOR,TITULAR,FEMENINO,2,200601,PIURA,SULLANA,SULLANA,12/01/2026
2025,12,09/01/2026,SULLANA,PENAL,FISCAL ADJUNTO SUPERIOR,TITULAR,MASCULINO,1,200601,PIURA,SULLANA,SULLANA,12/01/2026
2025,12,09/01/2026,SULLANA,PENAL,FISCAL PROVINCIAL,PROVISIONAL (Titular Promovido),FEMENINO,1,200601,PIURA,SULLANA,SULLANA,12/01/2026
2025,12,09/01/2026,SULLANA,PENAL,FISCAL PROVINCIAL,PROVISIONAL (Titular Promovido),MASCULINO,1,200601,PIURA,SULLANA,SULLANA,12/01/2026
2025,12,09/01/2026,SULLANA,PENAL,FISCAL PROVINCIAL,TITULAR,FEMENINO,2,200601,PIURA,SULLANA,SULLANA,12/01/2026
2025,12,09/01/2026,SULLANA,PENAL,FISCAL PROVINCIAL,TITULAR,MASCULINO,9,200601,PIURA,SULLANA,SULLANA,12/01/2026
2025,12,09/01/2026,SULLANA,PENAL,FISCAL SUPERIOR,TITULAR,FEMENINO,1,200601,PIURA,SULLANA,SULLANA,12/01/2026
2025,12,09/01/2026,SULLANA,PENAL,FISCAL SUPERIOR,TITULAR,MASCULINO,1,200601,PIURA,SULLANA,SULLANA,12/01/2026
2025,12,09/01/2026,SULLANA,PREVENCION DEL DELITO,FISCAL ADJUNTO PROVINCIAL,PROVISIONAL,FEMENINO,1,200601,PIURA,SULLANA,SULLANA,12/01/2026
2025,12,09/01/2026,SULLANA,PREVENCION DEL DELITO,FISCAL ADJUNTO PROVINCIAL,PROVISIONAL,MASCULINO,1,200601,PIURA,SULLANA,SULLANA,12/01/2026
2025,12,09/01/2026,SULLANA,PREVENCION DEL DELITO,FISCAL PROVINCIAL,PROVISIONAL (Titular Promovido),FEMENINO,1,200601,PIURA,SULLANA,SULLANA,12/01/2026
2025,12,09/01/2026,TACNA,AUTORIDAD NACIONAL DE CONTROL,FISCAL ADJUNTO SUPERIOR,PROVISIONAL (Titular Promovido),MASCULINO,2,230101,TACNA,TACNA,TACNA,12/01/2026
2025,12,09/01/2026,TACNA,AUTORIDAD NACIONAL DE CONTROL,FISCAL SUPERIOR,TITULAR,MASCULINO,1,230101,TACNA,TACNA,TACNA,12/01/2026
2025,12,09/01/2026,TACNA,CORRUPCION DE FUNCIONARIOS,FISCAL ADJUNTO PROVINCIAL,PROVISIONAL,FEMENINO,2,230101,TACNA,TACNA,TACNA,12/01/2026
2025,12,09/01/2026,TACNA,CORRUPCION DE FUNCIONARIOS,FISCAL ADJUNTO PROVINCIAL,PROVISIONAL,MASCULINO,1,230101,TACNA,TACNA,TACNA,12/01/2026
2025,12,09/01/2026,TACNA,CORRUPCION DE FUNCIONARIOS,FISCAL ADJUNTO PROVINCIAL,TITULAR,FEMENINO,1,230101,TACNA,TACNA,TACNA,12/01/2026
2025,12,09/01/2026,TACNA,CORRUPCION DE FUNCIONARIOS,FISCAL ADJUNTO PROVINCIAL,TITULAR,MASCULINO,3,230101,TACNA,TACNA,TACNA,12/01/2026
2025,12,09/01/2026,TACNA,CORRUPCION DE FUNCIONARIOS,FISCAL PROVINCIAL,PROVISIONAL (Titular Promovido),MASCULINO,1,230101,TACNA,TACNA,TACNA,12/01/2026
2025,12,09/01/2026,TACNA,CORRUPCION DE FUNCIONARIOS,FISCAL PROVINCIAL,TITULAR,FEMENINO,1,230101,TACNA,TACNA,TACNA,12/01/2026
2025,12,09/01/2026,TACNA,CORRUPCION DE FUNCIONARIOS,FISCAL PROVINCIAL,TITULAR,MASCULINO,1,230101,TACNA,TACNA,TACNA,12/01/2026
2025,12,09/01/2026,TACNA,DELITOS ADUANEROS Y CONTRA LA PROPIEDAD INTELECTUAL,FISCAL ADJUNTO PROVINCIAL,PROVISIONAL,FEMENINO,1,230101,TACNA,TACNA,TACNA,12/01/2026
2025,12,09/01/2026,TACNA,DELITOS ADUANEROS Y CONTRA LA PROPIEDAD INTELECTUAL,FISCAL ADJUNTO PROVINCIAL,TITULAR,MASCULINO,1,230101,TACNA,TACNA,TACNA,12/01/2026
2025,12,09/01/2026,TACNA,DELITOS ADUANEROS Y CONTRA LA PROPIEDAD INTELECTUAL,FISCAL PROVINCIAL,TITULAR,MASCULINO,1,230101,TACNA,TACNA,TACNA,12/01/2026
2025,12,09/01/2026,TACNA,DELITOS DE TRATA DE PERSONAS,FISCAL ADJUNTO PROVINCIAL,PROVISIONAL,FEMENINO,1,230101,TACNA,TACNA,TACNA,12/01/2026
2025,12,09/01/2026,TACNA,DELITOS DE TRATA DE PERSONAS,FISCAL ADJUNTO PROVINCIAL,PROVISIONAL,MASCULINO,1,230101,TACNA,TACNA,TACNA,12/01/2026
2025,12,09/01/2026,TACNA,DELITOS DE TRATA DE PERSONAS,FISCAL PROVINCIAL,PROVISIONAL,FEMENINO,1,230101,TACNA,TACNA,TACNA,12/01/2026
2025,12,09/01/2026,TACNA,EXTINCION DE DOMINIO,FISCAL ADJUNTO PROVINCIAL,PROVISIONAL,FEMENINO,1,230101,TACNA,TACNA,TACNA,12/01/2026
2025,12,09/01/2026,TACNA,EXTINCION DE DOMINIO,FISCAL ADJUNTO PROVINCIAL,PROVISIONAL,MASCULINO,1,230101,TACNA,TACNA,TACNA,12/01/2026
2025,12,09/01/2026,TACNA,EXTINCION DE DOMINIO,FISCAL PROVINCIAL,PROVISIONAL (Titular Promovido),FEMENINO,1,230101,TACNA,TACNA,TACNA,12/01/2026
2025,12,09/01/2026,TACNA,FAMILIA,FISCAL ADJUNTO PROVINCIAL,PROVISIONAL,FEMENINO,1,230101,TACNA,TACNA,TACNA,12/01/2026
2025,12,09/01/2026,TACNA,FAMILIA,FISCAL ADJUNTO PROVINCIAL,TITULAR,FEMENINO,1,230101,TACNA,TACNA,TACNA,12/01/2026
2025,12,09/01/2026,TACNA,FAMILIA,FISCAL ADJUNTO SUPERIOR,TITULAR,FEMENINO,1,230101,TACNA,TACNA,TACNA,12/01/2026
2025,12,09/01/2026,TACNA,FAMILIA,FISCAL PROVINCIAL,TITULAR,MASCULINO,1,230101,TACNA,TACNA,TACNA,12/01/2026
2025,12,09/01/2026,TACNA,FAMILIA,FISCAL SUPERIOR,TITULAR,MASCULINO,1,230101,TACNA,TACNA,TACNA,12/01/2026
2025,12,09/01/2026,TACNA,LAVADO DE ACTIVOS,FISCAL ADJUNTO PROVINCIAL,PROVISIONAL,FEMENINO,1,230101,TACNA,TACNA,TACNA,12/01/2026
2025,12,09/01/2026,TACNA,LAVADO DE ACTIVOS,FISCAL ADJUNTO PROVINCIAL,PROVISIONAL,MASCULINO,1,230101,TACNA,TACNA,TACNA,12/01/2026
2025,12,09/01/2026,TACNA,LAVADO DE ACTIVOS,FISCAL PROVINCIAL,PROVISIONAL (Titular Promovido),MASCULINO,1,230101,TACNA,TACNA,TACNA,12/01/2026
2025,12,09/01/2026,TACNA,MATERIA AMBIENTAL,FISCAL ADJUNTO PROVINCIAL,PROVISIONAL,FEMENINO,1,230101,TACNA,TACNA,TACNA,12/01/2026
2025,12,09/01/2026,TACNA,MATERIA AMBIENTAL,FISCAL PROVINCIAL,PROVISIONAL (Titular Promovido),MASCULINO,1,230101,TACNA,TACNA,TACNA,12/01/2026
2025,12,09/01/2026,TACNA,MIXTA,FISCAL ADJUNTO PROVINCIAL,PROVISIONAL,FEMENINO,2,230101,TACNA,TACNA,TACNA,12/01/2026
2025,12,09/01/2026,TACNA,MIXTA,FISCAL ADJUNTO PROVINCIAL,PROVISIONAL,MASCULINO,7,230101,TACNA,TACNA,TACNA,12/01/2026
2025,12,09/01/2026,TACNA,MIXTA,FISCAL ADJUNTO PROVINCIAL,TITULAR,FEMENINO,1,230101,TACNA,TACNA,TACNA,12/01/2026
2025,12,09/01/2026,TACNA,MIXTA,FISCAL ADJUNTO PROVINCIAL,TITULAR,MASCULINO,1,230101,TACNA,TACNA,TACNA,12/01/2026
2025,12,09/01/2026,TACNA,MIXTA,FISCAL PROVINCIAL,PROVISIONAL,MASCULINO,1,230101,TACNA,TACNA,TACNA,12/01/2026
2025,12,09/01/2026,TACNA,MIXTA,FISCAL PROVINCIAL,PROVISIONAL (Titular Promovido),FEMENINO,1,230101,TACNA,TACNA,TACNA,12/01/2026
2025,12,09/01/2026,TACNA,MIXTA,FISCAL PROVINCIAL,PROVISIONAL (Titular Promovido),MASCULINO,1,230101,TACNA,TACNA,TACNA,12/01/2026
2025,12,09/01/2026,TACNA,MIXTA,FISCAL PROVINCIAL,TITULAR,FEMENINO,3,230101,TACNA,TACNA,TACNA,12/01/2026
2025,12,09/01/2026,TACNA,MIXTA,FISCAL PROVINCIAL,TITULAR,MASCULINO,3,230101,TACNA,TACNA,TACNA,12/01/2026
2025,12,09/01/2026,TACNA,PENAL,FISCAL ADJUNTO PROVINCIAL,PROVISIONAL,FEMENINO,7,230101,TACNA,TACNA,TACNA,12/01/2026
2025,12,09/01/2026,TACNA,PENAL,FISCAL ADJUNTO PROVINCIAL,PROVISIONAL,MASCULINO,3,230101,TACNA,TACNA,TACNA,12/01/2026
2025,12,09/01/2026,TACNA,PENAL,FISCAL ADJUNTO PROVINCIAL,TITULAR,FEMENINO,3,230101,TACNA,TACNA,TACNA,12/01/2026
2025,12,09/01/2026,TACNA,PENAL,FISCAL ADJUNTO PROVINCIAL,TITULAR,MASCULINO,6,230101,TACNA,TACNA,TACNA,12/01/2026
2025,12,09/01/2026,TACNA,PENAL,FISCAL ADJUNTO SUPERIOR,PROVISIONAL,MASCULINO,1,230101,TACNA,TACNA,TACNA,12/01/2026
2025,12,09/01/2026,TACNA,PENAL,FISCAL ADJUNTO SUPERIOR,PROVISIONAL (Titular Promovido),MASCULINO,1,230101,TACNA,TACNA,TACNA,12/01/2026
2025,12,09/01/2026,TACNA,PENAL,FISCAL ADJUNTO SUPERIOR,TITULAR,FEMENINO,1,230101,TACNA,TACNA,TACNA,12/01/2026
2025,12,09/01/2026,TACNA,PENAL,FISCAL ADJUNTO SUPERIOR,TITULAR,MASCULINO,3,230101,TACNA,TACNA,TACNA,12/01/2026
2025,12,09/01/2026,TACNA,PENAL,FISCAL PROVINCIAL,PROVISIONAL (Titular Promovido),FEMENINO,2,230101,TACNA,TACNA,TACNA,12/01/2026
2025,12,09/01/2026,TACNA,PENAL,FISCAL PROVINCIAL,PROVISIONAL (Titular Promovido),MASCULINO,1,230101,TACNA,TACNA,TACNA,12/01/2026
2025,12,09/01/2026,TACNA,PENAL,FISCAL PROVINCIAL,TITULAR,FEMENINO,1,230101,TACNA,TACNA,TACNA,12/01/2026
2025,12,09/01/2026,TACNA,PENAL,FISCAL PROVINCIAL,TITULAR,MASCULINO,5,230101,TACNA,TACNA,TACNA,12/01/2026
2025,12,09/01/2026,TACNA,PENAL,FISCAL SUPERIOR,PROVISIONAL (Titular Promovido),FEMENINO,1,230101,TACNA,TACNA,TACNA,12/01/2026
2025,12,09/01/2026,TACNA,PENAL,FISCAL SUPERIOR,TITULAR,FEMENINO,1,230101,TACNA,TACNA,TACNA,12/01/2026
2025,12,09/01/2026,TACNA,PENAL,FISCAL SUPERIOR,TITULAR,MASCULINO,1,230101,TACNA,TACNA,TACNA,12/01/2026
2025,12,09/01/2026,TACNA,PREVENCION DEL DELITO,FISCAL ADJUNTO PROVINCIAL,PROVISIONAL,FEMENINO,1,230101,TACNA,TACNA,TACNA,12/01/2026
2025,12,09/01/2026,TACNA,PREVENCION DEL DELITO,FISCAL ADJUNTO PROVINCIAL,PROVISIONAL,MASCULINO,1,230101,TACNA,TACNA,TACNA,12/01/2026
2025,12,09/01/2026,TACNA,PREVENCION DEL DELITO,FISCAL ADJUNTO PROVINCIAL,TITULAR,FEMENINO,1,230101,TACNA,TACNA,TACNA,12/01/2026
2025,12,09/01/2026,TACNA,PREVENCION DEL DELITO,FISCAL PROVINCIAL,PROVISIONAL (Titular Promovido),FEMENINO,1,230101,TACNA,TACNA,TACNA,12/01/2026
2025,12,09/01/2026,TACNA,PREVENCION DEL DELITO,FISCAL PROVINCIAL,TITULAR,MASCULINO,1,230101,TACNA,TACNA,TACNA,12/01/2026
2025,12,09/01/2026,TACNA,TRAFICO ILICITO DE DROGAS,FISCAL ADJUNTO PROVINCIAL,PROVISIONAL,FEMENINO,1,230101,TACNA,TACNA,TACNA,12/01/2026
2025,12,09/01/2026,TACNA,TRAFICO ILICITO DE DROGAS,FISCAL PROVINCIAL,PROVISIONAL (Titular Promovido),FEMENINO,1,230101,TACNA,TACNA,TACNA,12/01/2026
2025,12,09/01/2026,TACNA,VIOLENCIA CONTRA LA MUJER E INTEGRANTES DEL GRUPO FAMILIAR,FISCAL ADJUNTO PROVINCIAL,PROVISIONAL,FEMENINO,1,230101,TACNA,TACNA,TACNA,12/01/2026
2025,12,09/01/2026,TACNA,VIOLENCIA CONTRA LA MUJER E INTEGRANTES DEL GRUPO FAMILIAR,FISCAL ADJUNTO PROVINCIAL,PROVISIONAL,MASCULINO,3,230101,TACNA,TACNA,TACNA,12/01/2026
2025,12,09/01/2026,TACNA,VIOLENCIA CONTRA LA MUJER E INTEGRANTES DEL GRUPO FAMILIAR,FISCAL PROVINCIAL,PROVISIONAL (Titular Promovido),FEMENINO,1,230101,TACNA,TACNA,TACNA,12/01/2026
2025,12,09/01/2026,TACNA,VIOLENCIA CONTRA LA MUJER E INTEGRANTES DEL GRUPO FAMILIAR,FISCAL PROVINCIAL,TITULAR,FEMENINO,1,230101,TACNA,TACNA,TACNA,12/01/2026
2025,12,09/01/2026,TACNA,DERECHOS HUMANOS Y CONTRA EL TERRORISMO,FISCAL ADJUNTO PROVINCIAL,PROVISIONAL,FEMENINO,1,230101,TACNA,TACNA,TACNA,12/01/2026
2025,12,09/01/2026,TACNA,DERECHOS HUMANOS Y CONTRA EL TERRORISMO,FISCAL ADJUNTO PROVINCIAL,PROVISIONAL,MASCULINO,2,230101,TACNA,TACNA,TACNA,12/01/2026
2025,12,09/01/2026,TUMBES,AUTORIDAD NACIONAL DE CONTROL,FISCAL ADJUNTO SUPERIOR,PROVISIONAL (Titular Promovido),FEMENINO,2,240101,TUMBES,TUMBES,TUMBES,12/01/2026
2025,12,09/01/2026,TUMBES,AUTORIDAD NACIONAL DE CONTROL,FISCAL SUPERIOR,PROVISIONAL (Titular Promovido),MASCULINO,1,240101,TUMBES,TUMBES,TUMBES,12/01/2026
2025,12,09/01/2026,TUMBES,CORRUPCION DE FUNCIONARIOS,FISCAL ADJUNTO PROVINCIAL,PROVISIONAL,FEMENINO,3,240101,TUMBES,TUMBES,TUMBES,12/01/2026
2025,12,09/01/2026,TUMBES,CORRUPCION DE FUNCIONARIOS,FISCAL ADJUNTO PROVINCIAL,TITULAR,FEMENINO,3,240101,TUMBES,TUMBES,TUMBES,12/01/2026
2025,12,09/01/2026,TUMBES,CORRUPCION DE FUNCIONARIOS,FISCAL ADJUNTO PROVINCIAL,TITULAR,MASCULINO,1,240101,TUMBES,TUMBES,TUMBES,12/01/2026
2025,12,09/01/2026,TUMBES,CORRUPCION DE FUNCIONARIOS,FISCAL PROVINCIAL,TITULAR,FEMENINO,1,240101,TUMBES,TUMBES,TUMBES,12/01/2026
2025,12,09/01/2026,TUMBES,CORRUPCION DE FUNCIONARIOS,FISCAL PROVINCIAL,TITULAR,MASCULINO,1,240101,TUMBES,TUMBES,TUMBES,12/01/2026
2025,12,09/01/2026,TUMBES,CRIMEN ORGANIZADO,FISCAL ADJUNTO PROVINCIAL,PROVISIONAL,FEMENINO,2,240101,TUMBES,TUMBES,TUMBES,12/01/2026
2025,12,09/01/2026,TUMBES,CRIMEN ORGANIZADO,FISCAL ADJUNTO PROVINCIAL,TITULAR,FEMENINO,1,240101,TUMBES,TUMBES,TUMBES,12/01/2026
2025,12,09/01/2026,TUMBES,CRIMEN ORGANIZADO,FISCAL ADJUNTO PROVINCIAL,TITULAR,MASCULINO,1,240101,TUMBES,TUMBES,TUMBES,12/01/2026
2025,12,09/01/2026,TUMBES,CRIMEN ORGANIZADO,FISCAL PROVINCIAL,TITULAR,MASCULINO,1,240101,TUMBES,TUMBES,TUMBES,12/01/2026
2025,12,09/01/2026,TUMBES,DELITOS ADUANEROS Y CONTRA LA PROPIEDAD INTELECTUAL,FISCAL ADJUNTO PROVINCIAL,TITULAR,MASCULINO,2,240101,TUMBES,TUMBES,TUMBES,12/01/2026
2025,12,09/01/2026,TUMBES,DELITOS ADUANEROS Y CONTRA LA PROPIEDAD INTELECTUAL,FISCAL PROVINCIAL,TITULAR,MASCULINO,1,240101,TUMBES,TUMBES,TUMBES,12/01/2026
2025,12,09/01/2026,TUMBES,DELITOS DE TRATA DE PERSONAS,FISCAL ADJUNTO PROVINCIAL,PROVISIONAL,FEMENINO,2,240101,TUMBES,TUMBES,TUMBES,12/01/2026
2025,12,09/01/2026,TUMBES,DELITOS DE TRATA DE PERSONAS,FISCAL PROVINCIAL,PROVISIONAL (Titular Promovido),MASCULINO,1,240101,TUMBES,TUMBES,TUMBES,12/01/2026
2025,12,09/01/2026,TUMBES,EXTINCION DE DOMINIO,FISCAL ADJUNTO PROVINCIAL,PROVISIONAL,MASCULINO,1,240101,TUMBES,TUMBES,TUMBES,12/01/2026
2025,12,09/01/2026,TUMBES,EXTINCION DE DOMINIO,FISCAL PROVINCIAL,PROVISIONAL (Titular Promovido),FEMENINO,1,240101,TUMBES,TUMBES,TUMBES,12/01/2026
2025,12,09/01/2026,TUMBES,LAVADO DE ACTIVOS,FISCAL ADJUNTO PROVINCIAL,PROVISIONAL,FEMENINO,2,240101,TUMBES,TUMBES,TUMBES,12/01/2026
2025,12,09/01/2026,TUMBES,LAVADO DE ACTIVOS,FISCAL PROVINCIAL,PROVISIONAL,MASCULINO,1,240101,TUMBES,TUMBES,TUMBES,12/01/2026
2025,12,09/01/2026,TUMBES,MATERIA AMBIENTAL,FISCAL ADJUNTO PROVINCIAL,PROVISIONAL,FEMENINO,1,240101,TUMBES,TUMBES,TUMBES,12/01/2026
2025,12,09/01/2026,TUMBES,MATERIA AMBIENTAL,FISCAL ADJUNTO PROVINCIAL,PROVISIONAL,MASCULINO,1,240101,TUMBES,TUMBES,TUMBES,12/01/2026
2025,12,09/01/2026,TUMBES,MATERIA AMBIENTAL,FISCAL PROVINCIAL,PROVISIONAL (Titular Promovido),FEMENINO,1,240101,TUMBES,TUMBES,TUMBES,12/01/2026
2025,12,09/01/2026,TUMBES,MIXTA,FISCAL ADJUNTO PROVINCIAL,PROVISIONAL,FEMENINO,2,240101,TUMBES,TUMBES,TUMBES,12/01/2026
2025,12,09/01/2026,TUMBES,MIXTA,FISCAL ADJUNTO PROVINCIAL,PROVISIONAL,MASCULINO,2,240101,TUMBES,TUMBES,TUMBES,12/01/2026
2025,12,09/01/2026,TUMBES,MIXTA,FISCAL ADJUNTO PROVINCIAL,TITULAR,FEMENINO,1,240101,TUMBES,TUMBES,TUMBES,12/01/2026
2025,12,09/01/2026,TUMBES,MIXTA,FISCAL ADJUNTO PROVINCIAL,TITULAR,MASCULINO,1,240101,TUMBES,TUMBES,TUMBES,12/01/2026
2025,12,09/01/2026,TUMBES,MIXTA,FISCAL ADJUNTO SUPERIOR,TITULAR,FEMENINO,1,240101,TUMBES,TUMBES,TUMBES,12/01/2026
2025,12,09/01/2026,TUMBES,MIXTA,FISCAL PROVINCIAL,PROVISIONAL (Titular Promovido),MASCULINO,1,240101,TUMBES,TUMBES,TUMBES,12/01/2026
2025,12,09/01/2026,TUMBES,MIXTA,FISCAL PROVINCIAL,TITULAR,FEMENINO,2,240101,TUMBES,TUMBES,TUMBES,12/01/2026
2025,12,09/01/2026,TUMBES,MIXTA,FISCAL PROVINCIAL,TITULAR,MASCULINO,1,240101,TUMBES,TUMBES,TUMBES,12/01/2026
2025,12,09/01/2026,TUMBES,MIXTA,FISCAL SUPERIOR,PROVISIONAL (Titular Promovido),MASCULINO,1,240101,TUMBES,TUMBES,TUMBES,12/01/2026
2025,12,09/01/2026,TUMBES,PENAL,FISCAL ADJUNTO PROVINCIAL,PROVISIONAL,FEMENINO,5,240101,TUMBES,TUMBES,TUMBES,12/01/2026
2025,12,09/01/2026,TUMBES,PENAL,FISCAL ADJUNTO PROVINCIAL,PROVISIONAL,MASCULINO,8,240101,TUMBES,TUMBES,TUMBES,12/01/2026
2025,12,09/01/2026,TUMBES,PENAL,FISCAL ADJUNTO PROVINCIAL,TITULAR,FEMENINO,1,240101,TUMBES,TUMBES,TUMBES,12/01/2026
2025,12,09/01/2026,TUMBES,PENAL,FISCAL ADJUNTO PROVINCIAL,TITULAR,MASCULINO,2,240101,TUMBES,TUMBES,TUMBES,12/01/2026
2025,12,09/01/2026,TUMBES,PENAL,FISCAL ADJUNTO SUPERIOR,PROVISIONAL (Titular Promovido),MASCULINO,2,240101,TUMBES,TUMBES,TUMBES,12/01/2026
2025,12,09/01/2026,TUMBES,PENAL,FISCAL ADJUNTO SUPERIOR,TITULAR,FEMENINO,2,240101,TUMBES,TUMBES,TUMBES,12/01/2026
2025,12,09/01/2026,TUMBES,PENAL,FISCAL PROVINCIAL,PROVISIONAL,MASCULINO,1,240101,TUMBES,TUMBES,TUMBES,12/01/2026
2025,12,09/01/2026,TUMBES,PENAL,FISCAL PROVINCIAL,PROVISIONAL (Titular Promovido),FEMENINO,1,240101,TUMBES,TUMBES,TUMBES,12/01/2026
2025,12,09/01/2026,TUMBES,PENAL,FISCAL PROVINCIAL,PROVISIONAL (Titular Promovido),MASCULINO,3,240101,TUMBES,TUMBES,TUMBES,12/01/2026
2025,12,09/01/2026,TUMBES,PENAL,FISCAL PROVINCIAL,TITULAR,FEMENINO,1,240101,TUMBES,TUMBES,TUMBES,12/01/2026
2025,12,09/01/2026,TUMBES,PENAL,FISCAL PROVINCIAL,TITULAR,MASCULINO,4,240101,TUMBES,TUMBES,TUMBES,12/01/2026
2025,12,09/01/2026,TUMBES,PENAL,FISCAL SUPERIOR,PROVISIONAL (Titular Promovido),MASCULINO,1,240101,TUMBES,TUMBES,TUMBES,12/01/2026
2025,12,09/01/2026,TUMBES,PENAL,FISCAL SUPERIOR,TITULAR,MASCULINO,1,240101,TUMBES,TUMBES,TUMBES,12/01/2026
2025,12,09/01/2026,TUMBES,PREVENCION DEL DELITO,FISCAL ADJUNTO PROVINCIAL,PROVISIONAL,FEMENINO,2,240101,TUMBES,TUMBES,TUMBES,12/01/2026
2025,12,09/01/2026,TUMBES,PREVENCION DEL DELITO,FISCAL ADJUNTO PROVINCIAL,PROVISIONAL,MASCULINO,1,240101,TUMBES,TUMBES,TUMBES,12/01/2026
2025,12,09/01/2026,TUMBES,PREVENCION DEL DELITO,FISCAL PROVINCIAL,PROVISIONAL,MASCULINO,1,240101,TUMBES,TUMBES,TUMBES,12/01/2026
2025,12,09/01/2026,TUMBES,TRAFICO ILICITO DE DROGAS,FISCAL ADJUNTO PROVINCIAL,PROVISIONAL,FEMENINO,1,240101,TUMBES,TUMBES,TUMBES,12/01/2026
2025,12,09/01/2026,TUMBES,TRAFICO ILICITO DE DROGAS,FISCAL ADJUNTO PROVINCIAL,PROVISIONAL,MASCULINO,1,240101,TUMBES,TUMBES,TUMBES,12/01/2026
2025,12,09/01/2026,TUMBES,TRAFICO ILICITO DE DROGAS,FISCAL PROVINCIAL,PROVISIONAL,MASCULINO,1,240101,TUMBES,TUMBES,TUMBES,12/01/2026
2025,12,09/01/2026,TUMBES,VIOLENCIA CONTRA LA MUJER E INTEGRANTES DEL GRUPO FAMILIAR,FISCAL ADJUNTO PROVINCIAL,PROVISIONAL,FEMENINO,1,240101,TUMBES,TUMBES,TUMBES,12/01/2026
2025,12,09/01/2026,TUMBES,VIOLENCIA CONTRA LA MUJER E INTEGRANTES DEL GRUPO FAMILIAR,FISCAL ADJUNTO PROVINCIAL,PROVISIONAL,MASCULINO,1,240101,TUMBES,TUMBES,TUMBES,12/01/2026
2025,12,09/01/2026,TUMBES,VIOLENCIA CONTRA LA MUJER E INTEGRANTES DEL GRUPO FAMILIAR,FISCAL ADJUNTO PROVINCIAL,TITULAR,MASCULINO,1,240101,TUMBES,TUMBES,TUMBES,12/01/2026
2025,12,09/01/2026,TUMBES,VIOLENCIA CONTRA LA MUJER E INTEGRANTES DEL GRUPO FAMILIAR,FISCAL PROVINCIAL,PROVISIONAL (Titular Promovido),FEMENINO,1,240101,TUMBES,TUMBES,TUMBES,12/01/2026
2025,12,09/01/2026,TUMBES,VIOLENCIA CONTRA LA MUJER E INTEGRANTES DEL GRUPO FAMILIAR,FISCAL PROVINCIAL,PROVISIONAL (Titular Promovido),MASCULINO,1,240101,TUMBES,TUMBES,TUMBES,12/01/2026
2025,12,09/01/2026,TUMBES,VIOLENCIA CONTRA LA MUJER E INTEGRANTES DEL GRUPO FAMILIAR,FISCAL PROVINCIAL,TITULAR,FEMENINO,1,240101,TUMBES,TUMBES,TUMBES,12/01/2026
2025,12,09/01/2026,TUMBES,DERECHOS HUMANOS Y CONTRA EL TERRORISMO,FISCAL ADJUNTO PROVINCIAL,PROVISIONAL,FEMENINO,2,240101,TUMBES,TUMBES,TUMBES,12/01/2026
2025,12,09/01/2026,TUMBES,DERECHOS HUMANOS Y CONTRA EL TERRORISMO,FISCAL PROVINCIAL,TITULAR,FEMENINO,1,240101,TUMBES,TUMBES,TUMBES,12/01/2026
2025,12,09/01/2026,UCAYALI,AUTORIDAD NACIONAL DE CONTROL,FISCAL ADJUNTO SUPERIOR,PROVISIONAL (Titular Promovido),MASCULINO,2,250101,UCAYALI,CORONEL PORTILLO,CALLERIA,12/01/2026
2025,12,09/01/2026,UCAYALI,AUTORIDAD NACIONAL DE CONTROL,FISCAL SUPERIOR,PROVISIONAL (Titular Promovido),MASCULINO,1,250101,UCAYALI,CORONEL PORTILLO,CALLERIA,12/01/2026
2025,12,09/01/2026,UCAYALI,CORRUPCION DE FUNCIONARIOS,FISCAL ADJUNTO PROVINCIAL,PROVISIONAL,FEMENINO,2,250101,UCAYALI,CORONEL PORTILLO,CALLERIA,12/01/2026
2025,12,09/01/2026,UCAYALI,CORRUPCION DE FUNCIONARIOS,FISCAL ADJUNTO PROVINCIAL,PROVISIONAL,MASCULINO,5,250101,UCAYALI,CORONEL PORTILLO,CALLERIA,12/01/2026
2025,12,09/01/2026,UCAYALI,CORRUPCION DE FUNCIONARIOS,FISCAL ADJUNTO PROVINCIAL,TITULAR,MASCULINO,3,250101,UCAYALI,CORONEL PORTILLO,CALLERIA,12/01/2026
2025,12,09/01/2026,UCAYALI,CORRUPCION DE FUNCIONARIOS,FISCAL ADJUNTO SUPERIOR,PROVISIONAL (Titular Promovido),MASCULINO,2,250101,UCAYALI,CORONEL PORTILLO,CALLERIA,12/01/2026
2025,12,09/01/2026,UCAYALI,CORRUPCION DE FUNCIONARIOS,FISCAL PROVINCIAL,PROVISIONAL (Titular Promovido),FEMENINO,1,250101,UCAYALI,CORONEL PORTILLO,CALLERIA,12/01/2026
2025,12,09/01/2026,UCAYALI,CORRUPCION DE FUNCIONARIOS,FISCAL PROVINCIAL,TITULAR,MASCULINO,2,250101,UCAYALI,CORONEL PORTILLO,CALLERIA,12/01/2026
2025,12,09/01/2026,UCAYALI,CORRUPCION DE FUNCIONARIOS,FISCAL SUPERIOR,TITULAR,FEMENINO,1,250101,UCAYALI,CORONEL PORTILLO,CALLERIA,12/01/2026
2025,12,09/01/2026,UCAYALI,CRIMEN ORGANIZADO,FISCAL ADJUNTO PROVINCIAL,PROVISIONAL,MASCULINO,2,250101,UCAYALI,CORONEL PORTILLO,CALLERIA,12/01/2026
2025,12,09/01/2026,UCAYALI,CRIMEN ORGANIZADO,FISCAL PROVINCIAL,PROVISIONAL,FEMENINO,1,250101,UCAYALI,CORONEL PORTILLO,CALLERIA,12/01/2026
2025,12,09/01/2026,UCAYALI,EXTINCION DE DOMINIO,FISCAL ADJUNTO PROVINCIAL,PROVISIONAL,FEMENINO,2,250101,UCAYALI,CORONEL PORTILLO,CALLERIA,12/01/2026
2025,12,09/01/2026,UCAYALI,EXTINCION DE DOMINIO,FISCAL PROVINCIAL,PROVISIONAL,MASCULINO,1,250101,UCAYALI,CORONEL PORTILLO,CALLERIA,12/01/2026
2025,12,09/01/2026,UCAYALI,FAMILIA,FISCAL ADJUNTO PROVINCIAL,PROVISIONAL,FEMENINO,7,250101,UCAYALI,CORONEL PORTILLO,CALLERIA,12/01/2026
2025,12,09/01/2026,UCAYALI,FAMILIA,FISCAL ADJUNTO PROVINCIAL,PROVISIONAL,MASCULINO,2,250101,UCAYALI,CORONEL PORTILLO,CALLERIA,12/01/2026
2025,12,09/01/2026,UCAYALI,FAMILIA,FISCAL ADJUNTO PROVINCIAL,TITULAR,FEMENINO,1,250101,UCAYALI,CORONEL PORTILLO,CALLERIA,12/01/2026
2025,12,09/01/2026,UCAYALI,FAMILIA,FISCAL ADJUNTO SUPERIOR,TITULAR,MASCULINO,2,250101,UCAYALI,CORONEL PORTILLO,CALLERIA,12/01/2026
2025,12,09/01/2026,UCAYALI,FAMILIA,FISCAL PROVINCIAL,PROVISIONAL,FEMENINO,2,250101,UCAYALI,CORONEL PORTILLO,CALLERIA,12/01/2026
2025,12,09/01/2026,UCAYALI,FAMILIA,FISCAL PROVINCIAL,PROVISIONAL,MASCULINO,2,250101,UCAYALI,CORONEL PORTILLO,CALLERIA,12/01/2026
2025,12,09/01/2026,UCAYALI,FAMILIA,FISCAL PROVINCIAL,PROVISIONAL (Titular Promovido),FEMENINO,1,250101,UCAYALI,CORONEL PORTILLO,CALLERIA,12/01/2026
2025,12,09/01/2026,UCAYALI,FAMILIA,FISCAL PROVINCIAL,TITULAR,FEMENINO,1,250101,UCAYALI,CORONEL PORTILLO,CALLERIA,12/01/2026
2025,12,09/01/2026,UCAYALI,FAMILIA,FISCAL PROVINCIAL,TITULAR,MASCULINO,4,250101,UCAYALI,CORONEL PORTILLO,CALLERIA,12/01/2026
2025,12,09/01/2026,UCAYALI,FAMILIA,FISCAL SUPERIOR,TITULAR,FEMENINO,1,250101,UCAYALI,CORONEL PORTILLO,CALLERIA,12/01/2026
2025,12,09/01/2026,UCAYALI,FAMILIA,FISCAL SUPERIOR,TITULAR,MASCULINO,1,250101,UCAYALI,CORONEL PORTILLO,CALLERIA,12/01/2026
2025,12,09/01/2026,UCAYALI,MATERIA AMBIENTAL,FISCAL ADJUNTO PROVINCIAL,PROVISIONAL,FEMENINO,3,250101,UCAYALI,CORONEL PORTILLO,CALLERIA,12/01/2026
2025,12,09/01/2026,UCAYALI,MATERIA AMBIENTAL,FISCAL ADJUNTO PROVINCIAL,PROVISIONAL,MASCULINO,7,250101,UCAYALI,CORONEL PORTILLO,CALLERIA,12/01/2026
2025,12,09/01/2026,UCAYALI,MATERIA AMBIENTAL,FISCAL PROVINCIAL,PROVISIONAL,MASCULINO,3,250101,UCAYALI,CORONEL PORTILLO,CALLERIA,12/01/2026
2025,12,09/01/2026,UCAYALI,MATERIA AMBIENTAL,FISCAL PROVINCIAL,PROVISIONAL (Titular Promovido),MASCULINO,1,250101,UCAYALI,CORONEL PORTILLO,CALLERIA,12/01/2026
2025,12,09/01/2026,UCAYALI,MATERIA AMBIENTAL,FISCAL PROVINCIAL,TITULAR,MASCULINO,1,250101,UCAYALI,CORONEL PORTILLO,CALLERIA,12/01/2026
2025,12,09/01/2026,UCAYALI,MIXTA,FISCAL ADJUNTO PROVINCIAL,PROVISIONAL,MASCULINO,1,250101,UCAYALI,CORONEL PORTILLO,CALLERIA,12/01/2026
2025,12,09/01/2026,UCAYALI,MIXTA,FISCAL PROVINCIAL,PROVISIONAL,MASCULINO,2,250101,UCAYALI,CORONEL PORTILLO,CALLERIA,12/01/2026
2025,12,09/01/2026,UCAYALI,PENAL,FISCAL ADJUNTO PROVINCIAL,PROVISIONAL,FEMENINO,41,250101,UCAYALI,CORONEL PORTILLO,CALLERIA,12/01/2026
2025,12,09/01/2026,UCAYALI,PENAL,FISCAL ADJUNTO PROVINCIAL,PROVISIONAL,MASCULINO,22,250101,UCAYALI,CORONEL PORTILLO,CALLERIA,12/01/2026
2025,12,09/01/2026,UCAYALI,PENAL,FISCAL ADJUNTO PROVINCIAL,TITULAR,FEMENINO,2,250101,UCAYALI,CORONEL PORTILLO,CALLERIA,12/01/2026
2025,12,09/01/2026,UCAYALI,PENAL,FISCAL ADJUNTO PROVINCIAL,TITULAR,MASCULINO,6,250101,UCAYALI,CORONEL PORTILLO,CALLERIA,12/01/2026
2025,12,09/01/2026,UCAYALI,PENAL,FISCAL ADJUNTO SUPERIOR,PROVISIONAL (Titular Promovido),FEMENINO,1,250101,UCAYALI,CORONEL PORTILLO,CALLERIA,12/01/2026
2025,12,09/01/2026,UCAYALI,PENAL,FISCAL ADJUNTO SUPERIOR,PROVISIONAL (Titular Promovido),MASCULINO,3,250101,UCAYALI,CORONEL PORTILLO,CALLERIA,12/01/2026
2025,12,09/01/2026,UCAYALI,PENAL,FISCAL ADJUNTO SUPERIOR,TITULAR,FEMENINO,1,250101,UCAYALI,CORONEL PORTILLO,CALLERIA,12/01/2026
2025,12,09/01/2026,UCAYALI,PENAL,FISCAL ADJUNTO SUPERIOR,TITULAR,MASCULINO,1,250101,UCAYALI,CORONEL PORTILLO,CALLERIA,12/01/2026
2025,12,09/01/2026,UCAYALI,PENAL,FISCAL PROVINCIAL,PROVISIONAL,FEMENINO,6,250101,UCAYALI,CORONEL PORTILLO,CALLERIA,12/01/2026
2025,12,09/01/2026,UCAYALI,PENAL,FISCAL PROVINCIAL,PROVISIONAL,MASCULINO,9,250101,UCAYALI,CORONEL PORTILLO,CALLERIA,12/01/2026
2025,12,09/01/2026,UCAYALI,PENAL,FISCAL PROVINCIAL,PROVISIONAL (Titular Promovido),FEMENINO,5,250101,UCAYALI,CORONEL PORTILLO,CALLERIA,12/01/2026
2025,12,09/01/2026,UCAYALI,PENAL,FISCAL PROVINCIAL,PROVISIONAL (Titular Promovido),MASCULINO,8,250101,UCAYALI,CORONEL PORTILLO,CALLERIA,12/01/2026
2025,12,09/01/2026,UCAYALI,PENAL,FISCAL PROVINCIAL,TITULAR,FEMENINO,2,250101,UCAYALI,CORONEL PORTILLO,CALLERIA,12/01/2026
2025,12,09/01/2026,UCAYALI,PENAL,FISCAL PROVINCIAL,TITULAR,MASCULINO,10,250101,UCAYALI,CORONEL PORTILLO,CALLERIA,12/01/2026
2025,12,09/01/2026,UCAYALI,PENAL,FISCAL SUPERIOR,TITULAR,FEMENINO,1,250101,UCAYALI,CORONEL PORTILLO,CALLERIA,12/01/2026
2025,12,09/01/2026,UCAYALI,PENAL,FISCAL SUPERIOR,TITULAR,MASCULINO,2,250101,UCAYALI,CORONEL PORTILLO,CALLERIA,12/01/2026
2025,12,09/01/2026,UCAYALI,PREVENCION DEL DELITO,FISCAL ADJUNTO PROVINCIAL,PROVISIONAL,FEMENINO,1,250101,UCAYALI,CORONEL PORTILLO,CALLERIA,12/01/2026
2025,12,09/01/2026,UCAYALI,PREVENCION DEL DELITO,FISCAL ADJUNTO PROVINCIAL,TITULAR,FEMENINO,2,250101,UCAYALI,CORONEL PORTILLO,CALLERIA,12/01/2026
2025,12,09/01/2026,UCAYALI,PREVENCION DEL DELITO,FISCAL ADJUNTO PROVINCIAL,TITULAR,MASCULINO,2,250101,UCAYALI,CORONEL PORTILLO,CALLERIA,12/01/2026
2025,12,09/01/2026,UCAYALI,PREVENCION DEL DELITO,FISCAL PROVINCIAL,TITULAR,MASCULINO,1,250101,UCAYALI,CORONEL PORTILLO,CALLERIA,12/01/2026
2025,12,09/01/2026,UCAYALI,TRAFICO ILICITO DE DROGAS,FISCAL ADJUNTO PROVINCIAL,PROVISIONAL,FEMENINO,2,250101,UCAYALI,CORONEL PORTILLO,CALLERIA,12/01/2026
2025,12,09/01/2026,UCAYALI,TRAFICO ILICITO DE DROGAS,FISCAL ADJUNTO PROVINCIAL,PROVISIONAL,MASCULINO,3,250101,UCAYALI,CORONEL PORTILLO,CALLERIA,12/01/2026
2025,12,09/01/2026,UCAYALI,TRAFICO ILICITO DE DROGAS,FISCAL PROVINCIAL,PROVISIONAL,MASCULINO,1,250101,UCAYALI,CORONEL PORTILLO,CALLERIA,12/01/2026
2025,12,09/01/2026,UCAYALI,TRAFICO ILICITO DE DROGAS,FISCAL PROVINCIAL,TITULAR,FEMENINO,1,250101,UCAYALI,CORONEL PORTILLO,CALLERIA,12/01/2026
2025,12,09/01/2026,UCAYALI,DERECHOS HUMANOS Y CONTRA EL TERRORISMO,FISCAL ADJUNTO PROVINCIAL,PROVISIONAL,FEMENINO,2,250101,UCAYALI,CORONEL PORTILLO,CALLERIA,12/01/2026
2025,12,09/01/2026,UCAYALI,DERECHOS HUMANOS Y CONTRA EL TERRORISMO,FISCAL ADJUNTO PROVINCIAL,PROVISIONAL,MASCULINO,1,250101,UCAYALI,CORONEL PORTILLO,CALLERIA,12/01/2026
2025,12,09/01/2026,UCAYALI,DERECHOS HUMANOS Y CONTRA EL TERRORISMO,FISCAL PROVINCIAL,PROVISIONAL,MASCULINO,1,250101,UCAYALI,CORONEL PORTILLO,CALLERIA,12/01/2026
2025,12,09/01/2026,UCAYALI,DERECHOS HUMANOS Y CONTRA EL TERRORISMO,FISCAL PROVINCIAL,PROVISIONAL (Titular Promovido),FEMENINO,1,250101,UCAYALI,CORONEL PORTILLO,CALLERIA,12/01/2026
