anio,mes,fecha_descarga,distrito_fiscal,ubicacion_especialidad,cargo,condicion,sexo,total,ubigeo_pjfs,dpto_pjfs,prov_pjfs,dist_pjfs,fecha_corte
2023,12,12/01/2024,AMAZONAS,AUTORIDAD NACIONAL DE CONTROL,FISCAL ADJUNTO SUPERIOR,PROVISIONAL (Titular Promovido),FEMENINO,1,010101,AMAZONAS,CHACHAPOYAS,CHACHAPOYAS,31/10/2025
2023,12,12/01/2024,AMAZONAS,AUTORIDAD NACIONAL DE CONTROL,FISCAL ADJUNTO SUPERIOR,PROVISIONAL (Titular Promovido),MASCULINO,1,010101,AMAZONAS,CHACHAPOYAS,CHACHAPOYAS,31/10/2025
2023,12,12/01/2024,AMAZONAS,AUTORIDAD NACIONAL DE CONTROL,FISCAL SUPERIOR,PROVISIONAL (Titular Promovido),MASCULINO,1,010101,AMAZONAS,CHACHAPOYAS,CHACHAPOYAS,31/10/2025
2023,12,12/01/2024,AMAZONAS,CORRUPCION DE FUNCIONARIOS,FISCAL ADJUNTO PROVINCIAL,PROVISIONAL,FEMENINO,3,010101,AMAZONAS,CHACHAPOYAS,CHACHAPOYAS,31/10/2025
2023,12,12/01/2024,AMAZONAS,CORRUPCION DE FUNCIONARIOS,FISCAL ADJUNTO PROVINCIAL,PROVISIONAL,MASCULINO,3,010101,AMAZONAS,CHACHAPOYAS,CHACHAPOYAS,31/10/2025
2023,12,12/01/2024,AMAZONAS,CORRUPCION DE FUNCIONARIOS,FISCAL ADJUNTO PROVINCIAL,TITULAR,MASCULINO,1,010101,AMAZONAS,CHACHAPOYAS,CHACHAPOYAS,31/10/2025
2023,12,12/01/2024,AMAZONAS,CORRUPCION DE FUNCIONARIOS,FISCAL PROVINCIAL,PROVISIONAL (Titular Promovido),FEMENINO,1,010101,AMAZONAS,CHACHAPOYAS,CHACHAPOYAS,31/10/2025
2023,12,12/01/2024,AMAZONAS,CORRUPCION DE FUNCIONARIOS,FISCAL PROVINCIAL,TITULAR,FEMENINO,1,010101,AMAZONAS,CHACHAPOYAS,CHACHAPOYAS,31/10/2025
2023,12,12/01/2024,AMAZONAS,CRIMEN ORGANIZADO,FISCAL ADJUNTO PROVINCIAL,PROVISIONAL,MASCULINO,1,010101,AMAZONAS,CHACHAPOYAS,CHACHAPOYAS,31/10/2025
2023,12,12/01/2024,AMAZONAS,CRIMEN ORGANIZADO,FISCAL ADJUNTO PROVINCIAL,TITULAR,MASCULINO,1,010101,AMAZONAS,CHACHAPOYAS,CHACHAPOYAS,31/10/2025
2023,12,12/01/2024,AMAZONAS,CRIMEN ORGANIZADO,FISCAL PROVINCIAL,TITULAR,FEMENINO,1,010101,AMAZONAS,CHACHAPOYAS,CHACHAPOYAS,31/10/2025
2023,12,12/01/2024,AMAZONAS,DERECHOS HUMANOS E INTERCULTURALIDAD,FISCAL ADJUNTO PROVINCIAL,PROVISIONAL,FEMENINO,3,010101,AMAZONAS,CHACHAPOYAS,CHACHAPOYAS,31/10/2025
2023,12,12/01/2024,AMAZONAS,DERECHOS HUMANOS E INTERCULTURALIDAD,FISCAL ADJUNTO PROVINCIAL,PROVISIONAL,MASCULINO,1,010101,AMAZONAS,CHACHAPOYAS,CHACHAPOYAS,31/10/2025
2023,12,12/01/2024,AMAZONAS,DERECHOS HUMANOS E INTERCULTURALIDAD,FISCAL PROVINCIAL,PROVISIONAL (Titular Promovido),MASCULINO,1,010101,AMAZONAS,CHACHAPOYAS,CHACHAPOYAS,31/10/2025
2023,12,12/01/2024,AMAZONAS,FAMILIA,FISCAL ADJUNTO PROVINCIAL,PROVISIONAL,FEMENINO,3,010101,AMAZONAS,CHACHAPOYAS,CHACHAPOYAS,31/10/2025
2023,12,12/01/2024,AMAZONAS,FAMILIA,FISCAL ADJUNTO PROVINCIAL,PROVISIONAL,MASCULINO,1,010101,AMAZONAS,CHACHAPOYAS,CHACHAPOYAS,31/10/2025
2023,12,12/01/2024,AMAZONAS,FAMILIA,FISCAL ADJUNTO PROVINCIAL,TITULAR,FEMENINO,4,010101,AMAZONAS,CHACHAPOYAS,CHACHAPOYAS,31/10/2025
2023,12,12/01/2024,AMAZONAS,FAMILIA,FISCAL ADJUNTO PROVINCIAL,TITULAR,MASCULINO,3,010101,AMAZONAS,CHACHAPOYAS,CHACHAPOYAS,31/10/2025
2023,12,12/01/2024,AMAZONAS,FAMILIA,FISCAL PROVINCIAL,PROVISIONAL,MASCULINO,2,010101,AMAZONAS,CHACHAPOYAS,CHACHAPOYAS,31/10/2025
2023,12,12/01/2024,AMAZONAS,FAMILIA,FISCAL PROVINCIAL,TITULAR,FEMENINO,1,010101,AMAZONAS,CHACHAPOYAS,CHACHAPOYAS,31/10/2025
2023,12,12/01/2024,AMAZONAS,FAMILIA,FISCAL PROVINCIAL,TITULAR,MASCULINO,4,010101,AMAZONAS,CHACHAPOYAS,CHACHAPOYAS,31/10/2025
2023,12,12/01/2024,AMAZONAS,MATERIA AMBIENTAL,FISCAL ADJUNTO PROVINCIAL,PROVISIONAL,FEMENINO,4,010101,AMAZONAS,CHACHAPOYAS,CHACHAPOYAS,31/10/2025
2023,12,12/01/2024,AMAZONAS,MATERIA AMBIENTAL,FISCAL ADJUNTO PROVINCIAL,PROVISIONAL,MASCULINO,2,010101,AMAZONAS,CHACHAPOYAS,CHACHAPOYAS,31/10/2025
2023,12,12/01/2024,AMAZONAS,MATERIA AMBIENTAL,FISCAL PROVINCIAL,PROVISIONAL (Titular Promovido),MASCULINO,1,010101,AMAZONAS,CHACHAPOYAS,CHACHAPOYAS,31/10/2025
2023,12,12/01/2024,AMAZONAS,MATERIA AMBIENTAL,FISCAL PROVINCIAL,TITULAR,MASCULINO,1,010101,AMAZONAS,CHACHAPOYAS,CHACHAPOYAS,31/10/2025
2023,12,12/01/2024,AMAZONAS,MIXTA,FISCAL ADJUNTO PROVINCIAL,PROVISIONAL,FEMENINO,2,010101,AMAZONAS,CHACHAPOYAS,CHACHAPOYAS,31/10/2025
2023,12,12/01/2024,AMAZONAS,MIXTA,FISCAL ADJUNTO PROVINCIAL,PROVISIONAL,MASCULINO,4,010101,AMAZONAS,CHACHAPOYAS,CHACHAPOYAS,31/10/2025
2023,12,12/01/2024,AMAZONAS,MIXTA,FISCAL ADJUNTO PROVINCIAL,TITULAR,FEMENINO,2,010101,AMAZONAS,CHACHAPOYAS,CHACHAPOYAS,31/10/2025
2023,12,12/01/2024,AMAZONAS,MIXTA,FISCAL ADJUNTO PROVINCIAL,TITULAR,MASCULINO,9,010101,AMAZONAS,CHACHAPOYAS,CHACHAPOYAS,31/10/2025
2023,12,12/01/2024,AMAZONAS,MIXTA,FISCAL ADJUNTO SUPERIOR,PROVISIONAL,FEMENINO,1,010101,AMAZONAS,CHACHAPOYAS,CHACHAPOYAS,31/10/2025
2023,12,12/01/2024,AMAZONAS,MIXTA,FISCAL ADJUNTO SUPERIOR,PROVISIONAL,MASCULINO,1,010101,AMAZONAS,CHACHAPOYAS,CHACHAPOYAS,31/10/2025
2023,12,12/01/2024,AMAZONAS,MIXTA,FISCAL ADJUNTO SUPERIOR,PROVISIONAL (Titular Promovido),FEMENINO,1,010101,AMAZONAS,CHACHAPOYAS,CHACHAPOYAS,31/10/2025
2023,12,12/01/2024,AMAZONAS,MIXTA,FISCAL ADJUNTO SUPERIOR,PROVISIONAL (Titular Promovido),MASCULINO,5,010101,AMAZONAS,CHACHAPOYAS,CHACHAPOYAS,31/10/2025
2023,12,12/01/2024,AMAZONAS,MIXTA,FISCAL ADJUNTO SUPERIOR,TITULAR,MASCULINO,1,010101,AMAZONAS,CHACHAPOYAS,CHACHAPOYAS,31/10/2025
2023,12,12/01/2024,AMAZONAS,MIXTA,FISCAL PROVINCIAL,PROVISIONAL,FEMENINO,4,010101,AMAZONAS,CHACHAPOYAS,CHACHAPOYAS,31/10/2025
2023,12,12/01/2024,AMAZONAS,MIXTA,FISCAL PROVINCIAL,PROVISIONAL,MASCULINO,2,010101,AMAZONAS,CHACHAPOYAS,CHACHAPOYAS,31/10/2025
2023,12,12/01/2024,AMAZONAS,MIXTA,FISCAL PROVINCIAL,PROVISIONAL (Titular Promovido),FEMENINO,1,010101,AMAZONAS,CHACHAPOYAS,CHACHAPOYAS,31/10/2025
2023,12,12/01/2024,AMAZONAS,MIXTA,FISCAL PROVINCIAL,PROVISIONAL (Titular Promovido),MASCULINO,2,010101,AMAZONAS,CHACHAPOYAS,CHACHAPOYAS,31/10/2025
2023,12,12/01/2024,AMAZONAS,MIXTA,FISCAL PROVINCIAL,TITULAR,MASCULINO,1,010101,AMAZONAS,CHACHAPOYAS,CHACHAPOYAS,31/10/2025
2023,12,12/01/2024,AMAZONAS,MIXTA,FISCAL SUPERIOR,PROVISIONAL (Titular Promovido),MASCULINO,2,010101,AMAZONAS,CHACHAPOYAS,CHACHAPOYAS,31/10/2025
2023,12,12/01/2024,AMAZONAS,MIXTA,FISCAL SUPERIOR,TITULAR,MASCULINO,1,010101,AMAZONAS,CHACHAPOYAS,CHACHAPOYAS,31/10/2025
2023,12,12/01/2024,AMAZONAS,PENAL,FISCAL ADJUNTO PROVINCIAL,PROVISIONAL,FEMENINO,9,010101,AMAZONAS,CHACHAPOYAS,CHACHAPOYAS,31/10/2025
2023,12,12/01/2024,AMAZONAS,PENAL,FISCAL ADJUNTO PROVINCIAL,PROVISIONAL,MASCULINO,11,010101,AMAZONAS,CHACHAPOYAS,CHACHAPOYAS,31/10/2025
2023,12,12/01/2024,AMAZONAS,PENAL,FISCAL ADJUNTO PROVINCIAL,TITULAR,FEMENINO,8,010101,AMAZONAS,CHACHAPOYAS,CHACHAPOYAS,31/10/2025
2023,12,12/01/2024,AMAZONAS,PENAL,FISCAL ADJUNTO PROVINCIAL,TITULAR,MASCULINO,13,010101,AMAZONAS,CHACHAPOYAS,CHACHAPOYAS,31/10/2025
2023,12,12/01/2024,AMAZONAS,PENAL,FISCAL ADJUNTO SUPERIOR,PROVISIONAL (Titular Promovido),FEMENINO,1,010101,AMAZONAS,CHACHAPOYAS,CHACHAPOYAS,31/10/2025
2023,12,12/01/2024,AMAZONAS,PENAL,FISCAL ADJUNTO SUPERIOR,TITULAR,MASCULINO,1,010101,AMAZONAS,CHACHAPOYAS,CHACHAPOYAS,31/10/2025
2023,12,12/01/2024,AMAZONAS,PENAL,FISCAL PROVINCIAL,PROVISIONAL,FEMENINO,1,010101,AMAZONAS,CHACHAPOYAS,CHACHAPOYAS,31/10/2025
2023,12,12/01/2024,AMAZONAS,PENAL,FISCAL PROVINCIAL,PROVISIONAL,MASCULINO,2,010101,AMAZONAS,CHACHAPOYAS,CHACHAPOYAS,31/10/2025
2023,12,12/01/2024,AMAZONAS,PENAL,FISCAL PROVINCIAL,PROVISIONAL (Titular Promovido),FEMENINO,2,010101,AMAZONAS,CHACHAPOYAS,CHACHAPOYAS,31/10/2025
2023,12,12/01/2024,AMAZONAS,PENAL,FISCAL PROVINCIAL,PROVISIONAL (Titular Promovido),MASCULINO,6,010101,AMAZONAS,CHACHAPOYAS,CHACHAPOYAS,31/10/2025
2023,12,12/01/2024,AMAZONAS,PENAL,FISCAL PROVINCIAL,TITULAR,FEMENINO,2,010101,AMAZONAS,CHACHAPOYAS,CHACHAPOYAS,31/10/2025
2023,12,12/01/2024,AMAZONAS,PENAL,FISCAL PROVINCIAL,TITULAR,MASCULINO,9,010101,AMAZONAS,CHACHAPOYAS,CHACHAPOYAS,31/10/2025
2023,12,12/01/2024,AMAZONAS,PENAL,FISCAL SUPERIOR,PROVISIONAL (Titular Promovido),FEMENINO,1,010101,AMAZONAS,CHACHAPOYAS,CHACHAPOYAS,31/10/2025
2023,12,12/01/2024,AMAZONAS,PREVENCION DEL DELITO,FISCAL ADJUNTO PROVINCIAL,PROVISIONAL,FEMENINO,1,010101,AMAZONAS,CHACHAPOYAS,CHACHAPOYAS,31/10/2025
2023,12,12/01/2024,AMAZONAS,PREVENCION DEL DELITO,FISCAL ADJUNTO PROVINCIAL,PROVISIONAL,MASCULINO,1,010101,AMAZONAS,CHACHAPOYAS,CHACHAPOYAS,31/10/2025
2023,12,12/01/2024,AMAZONAS,PREVENCION DEL DELITO,FISCAL ADJUNTO PROVINCIAL,TITULAR,FEMENINO,1,010101,AMAZONAS,CHACHAPOYAS,CHACHAPOYAS,31/10/2025
2023,12,12/01/2024,AMAZONAS,PREVENCION DEL DELITO,FISCAL ADJUNTO PROVINCIAL,TITULAR,MASCULINO,3,010101,AMAZONAS,CHACHAPOYAS,CHACHAPOYAS,31/10/2025
2023,12,12/01/2024,AMAZONAS,PREVENCION DEL DELITO,FISCAL PROVINCIAL,PROVISIONAL,MASCULINO,1,010101,AMAZONAS,CHACHAPOYAS,CHACHAPOYAS,31/10/2025
2023,12,12/01/2024,AMAZONAS,PREVENCION DEL DELITO,FISCAL PROVINCIAL,TITULAR,FEMENINO,1,010101,AMAZONAS,CHACHAPOYAS,CHACHAPOYAS,31/10/2025
2023,12,12/01/2024,AMAZONAS,PREVENCION DEL DELITO,FISCAL PROVINCIAL,TITULAR,MASCULINO,1,010101,AMAZONAS,CHACHAPOYAS,CHACHAPOYAS,31/10/2025
2023,12,12/01/2024,AMAZONAS,TRAFICO ILICITO DE DROGAS,FISCAL ADJUNTO PROVINCIAL,PROVISIONAL,FEMENINO,1,010101,AMAZONAS,CHACHAPOYAS,CHACHAPOYAS,31/10/2025
2023,12,12/01/2024,AMAZONAS,TRAFICO ILICITO DE DROGAS,FISCAL ADJUNTO PROVINCIAL,PROVISIONAL,MASCULINO,1,010101,AMAZONAS,CHACHAPOYAS,CHACHAPOYAS,31/10/2025
2023,12,12/01/2024,AMAZONAS,TRAFICO ILICITO DE DROGAS,FISCAL PROVINCIAL,PROVISIONAL,FEMENINO,1,010101,AMAZONAS,CHACHAPOYAS,CHACHAPOYAS,31/10/2025
2023,12,12/01/2024,AMAZONAS,VIOLENCIA CONTRA LA MUJER E INTEGRANTES DEL GRUPO FAMILIAR,FISCAL ADJUNTO PROVINCIAL,PROVISIONAL,FEMENINO,1,010101,AMAZONAS,CHACHAPOYAS,CHACHAPOYAS,31/10/2025
2023,12,12/01/2024,AMAZONAS,VIOLENCIA CONTRA LA MUJER E INTEGRANTES DEL GRUPO FAMILIAR,FISCAL ADJUNTO PROVINCIAL,PROVISIONAL,MASCULINO,1,010101,AMAZONAS,CHACHAPOYAS,CHACHAPOYAS,31/10/2025
2023,12,12/01/2024,AMAZONAS,VIOLENCIA CONTRA LA MUJER E INTEGRANTES DEL GRUPO FAMILIAR,FISCAL ADJUNTO PROVINCIAL,TITULAR,FEMENINO,1,010101,AMAZONAS,CHACHAPOYAS,CHACHAPOYAS,31/10/2025
2023,12,12/01/2024,AMAZONAS,VIOLENCIA CONTRA LA MUJER E INTEGRANTES DEL GRUPO FAMILIAR,FISCAL PROVINCIAL,PROVISIONAL,FEMENINO,1,010101,AMAZONAS,CHACHAPOYAS,CHACHAPOYAS,31/10/2025
2023,12,12/01/2024,AMAZONAS,VIOLENCIA CONTRA LA MUJER E INTEGRANTES DEL GRUPO FAMILIAR,FISCAL PROVINCIAL,PROVISIONAL (Titular Promovido),MASCULINO,1,010101,AMAZONAS,CHACHAPOYAS,CHACHAPOYAS,31/10/2025
2023,12,12/01/2024,ANCASH,AUTORIDAD NACIONAL DE CONTROL,FISCAL ADJUNTO SUPERIOR,PROVISIONAL (Titular Promovido),FEMENINO,1,020101,ANCASH,HUARAZ,HUARAZ,31/10/2025
2023,12,12/01/2024,ANCASH,AUTORIDAD NACIONAL DE CONTROL,FISCAL ADJUNTO SUPERIOR,PROVISIONAL (Titular Promovido),MASCULINO,1,020101,ANCASH,HUARAZ,HUARAZ,31/10/2025
2023,12,12/01/2024,ANCASH,AUTORIDAD NACIONAL DE CONTROL,FISCAL SUPERIOR,PROVISIONAL (Titular Promovido),MASCULINO,1,020101,ANCASH,HUARAZ,HUARAZ,31/10/2025
2023,12,12/01/2024,ANCASH,CORRUPCION DE FUNCIONARIOS,FISCAL ADJUNTO PROVINCIAL,PROVISIONAL,FEMENINO,7,020101,ANCASH,HUARAZ,HUARAZ,31/10/2025
2023,12,12/01/2024,ANCASH,CORRUPCION DE FUNCIONARIOS,FISCAL ADJUNTO PROVINCIAL,PROVISIONAL,MASCULINO,6,020101,ANCASH,HUARAZ,HUARAZ,31/10/2025
2023,12,12/01/2024,ANCASH,CORRUPCION DE FUNCIONARIOS,FISCAL ADJUNTO PROVINCIAL,TITULAR,MASCULINO,4,020101,ANCASH,HUARAZ,HUARAZ,31/10/2025
2023,12,12/01/2024,ANCASH,CORRUPCION DE FUNCIONARIOS,FISCAL ADJUNTO SUPERIOR,PROVISIONAL (Titular Promovido),FEMENINO,2,020101,ANCASH,HUARAZ,HUARAZ,31/10/2025
2023,12,12/01/2024,ANCASH,CORRUPCION DE FUNCIONARIOS,FISCAL ADJUNTO SUPERIOR,TITULAR,FEMENINO,1,020101,ANCASH,HUARAZ,HUARAZ,31/10/2025
2023,12,12/01/2024,ANCASH,CORRUPCION DE FUNCIONARIOS,FISCAL ADJUNTO SUPERIOR,TITULAR,MASCULINO,1,020101,ANCASH,HUARAZ,HUARAZ,31/10/2025
2023,12,12/01/2024,ANCASH,CORRUPCION DE FUNCIONARIOS,FISCAL PROVINCIAL,PROVISIONAL (Titular Promovido),MASCULINO,1,020101,ANCASH,HUARAZ,HUARAZ,31/10/2025
2023,12,12/01/2024,ANCASH,CORRUPCION DE FUNCIONARIOS,FISCAL PROVINCIAL,TITULAR,FEMENINO,2,020101,ANCASH,HUARAZ,HUARAZ,31/10/2025
2023,12,12/01/2024,ANCASH,CORRUPCION DE FUNCIONARIOS,FISCAL PROVINCIAL,TITULAR,MASCULINO,2,020101,ANCASH,HUARAZ,HUARAZ,31/10/2025
2023,12,12/01/2024,ANCASH,CORRUPCION DE FUNCIONARIOS,FISCAL SUPERIOR,PROVISIONAL (Titular Promovido),FEMENINO,1,020101,ANCASH,HUARAZ,HUARAZ,31/10/2025
2023,12,12/01/2024,ANCASH,CORRUPCION DE FUNCIONARIOS,FISCAL SUPERIOR,TITULAR,MASCULINO,1,020101,ANCASH,HUARAZ,HUARAZ,31/10/2025
2023,12,12/01/2024,ANCASH,DERECHOS HUMANOS E INTERCULTURALIDAD,FISCAL ADJUNTO PROVINCIAL,PROVISIONAL,FEMENINO,2,020101,ANCASH,HUARAZ,HUARAZ,31/10/2025
2023,12,12/01/2024,ANCASH,DERECHOS HUMANOS E INTERCULTURALIDAD,FISCAL PROVINCIAL,PROVISIONAL (Titular Promovido),FEMENINO,1,020101,ANCASH,HUARAZ,HUARAZ,31/10/2025
2023,12,12/01/2024,ANCASH,EXTINCION DE DOMINIO,FISCAL ADJUNTO PROVINCIAL,PROVISIONAL,FEMENINO,1,020101,ANCASH,HUARAZ,HUARAZ,31/10/2025
2023,12,12/01/2024,ANCASH,EXTINCION DE DOMINIO,FISCAL ADJUNTO PROVINCIAL,PROVISIONAL,MASCULINO,1,020101,ANCASH,HUARAZ,HUARAZ,31/10/2025
2023,12,12/01/2024,ANCASH,EXTINCION DE DOMINIO,FISCAL PROVINCIAL,PROVISIONAL (Titular Promovido),FEMENINO,1,020101,ANCASH,HUARAZ,HUARAZ,31/10/2025
2023,12,12/01/2024,ANCASH,FAMILIA,FISCAL ADJUNTO PROVINCIAL,PROVISIONAL,FEMENINO,13,020101,ANCASH,HUARAZ,HUARAZ,31/10/2025
2023,12,12/01/2024,ANCASH,FAMILIA,FISCAL ADJUNTO PROVINCIAL,PROVISIONAL,MASCULINO,1,020101,ANCASH,HUARAZ,HUARAZ,31/10/2025
2023,12,12/01/2024,ANCASH,FAMILIA,FISCAL ADJUNTO PROVINCIAL,TITULAR,FEMENINO,4,020101,ANCASH,HUARAZ,HUARAZ,31/10/2025
2023,12,12/01/2024,ANCASH,FAMILIA,FISCAL ADJUNTO PROVINCIAL,TITULAR,MASCULINO,1,020101,ANCASH,HUARAZ,HUARAZ,31/10/2025
2023,12,12/01/2024,ANCASH,FAMILIA,FISCAL ADJUNTO SUPERIOR,PROVISIONAL (Titular Promovido),FEMENINO,1,020101,ANCASH,HUARAZ,HUARAZ,31/10/2025
2023,12,12/01/2024,ANCASH,FAMILIA,FISCAL PROVINCIAL,PROVISIONAL,FEMENINO,2,020101,ANCASH,HUARAZ,HUARAZ,31/10/2025
2023,12,12/01/2024,ANCASH,FAMILIA,FISCAL PROVINCIAL,PROVISIONAL,MASCULINO,3,020101,ANCASH,HUARAZ,HUARAZ,31/10/2025
2023,12,12/01/2024,ANCASH,FAMILIA,FISCAL PROVINCIAL,PROVISIONAL (Titular Promovido),FEMENINO,1,020101,ANCASH,HUARAZ,HUARAZ,31/10/2025
2023,12,12/01/2024,ANCASH,FAMILIA,FISCAL PROVINCIAL,TITULAR,FEMENINO,5,020101,ANCASH,HUARAZ,HUARAZ,31/10/2025
2023,12,12/01/2024,ANCASH,FAMILIA,FISCAL PROVINCIAL,TITULAR,MASCULINO,7,020101,ANCASH,HUARAZ,HUARAZ,31/10/2025
2023,12,12/01/2024,ANCASH,FAMILIA,FISCAL SUPERIOR,TITULAR,FEMENINO,1,020101,ANCASH,HUARAZ,HUARAZ,31/10/2025
2023,12,12/01/2024,ANCASH,MATERIA AMBIENTAL,FISCAL ADJUNTO PROVINCIAL,PROVISIONAL,MASCULINO,1,020101,ANCASH,HUARAZ,HUARAZ,31/10/2025
2023,12,12/01/2024,ANCASH,MATERIA AMBIENTAL,FISCAL ADJUNTO PROVINCIAL,TITULAR,MASCULINO,1,020101,ANCASH,HUARAZ,HUARAZ,31/10/2025
2023,12,12/01/2024,ANCASH,MATERIA AMBIENTAL,FISCAL PROVINCIAL,TITULAR,FEMENINO,1,020101,ANCASH,HUARAZ,HUARAZ,31/10/2025
2023,12,12/01/2024,ANCASH,MIXTA,FISCAL ADJUNTO PROVINCIAL,PROVISIONAL,FEMENINO,1,020101,ANCASH,HUARAZ,HUARAZ,31/10/2025
2023,12,12/01/2024,ANCASH,MIXTA,FISCAL ADJUNTO PROVINCIAL,TITULAR,FEMENINO,5,020101,ANCASH,HUARAZ,HUARAZ,31/10/2025
2023,12,12/01/2024,ANCASH,MIXTA,FISCAL ADJUNTO PROVINCIAL,TITULAR,MASCULINO,1,020101,ANCASH,HUARAZ,HUARAZ,31/10/2025
2023,12,12/01/2024,ANCASH,MIXTA,FISCAL ADJUNTO SUPERIOR,PROVISIONAL,FEMENINO,1,020101,ANCASH,HUARAZ,HUARAZ,31/10/2025
2023,12,12/01/2024,ANCASH,MIXTA,FISCAL ADJUNTO SUPERIOR,TITULAR,MASCULINO,1,020101,ANCASH,HUARAZ,HUARAZ,31/10/2025
2023,12,12/01/2024,ANCASH,MIXTA,FISCAL PROVINCIAL,TITULAR,FEMENINO,1,020101,ANCASH,HUARAZ,HUARAZ,31/10/2025
2023,12,12/01/2024,ANCASH,MIXTA,FISCAL PROVINCIAL,TITULAR,MASCULINO,2,020101,ANCASH,HUARAZ,HUARAZ,31/10/2025
2023,12,12/01/2024,ANCASH,MIXTA,FISCAL SUPERIOR,PROVISIONAL (Titular Promovido),MASCULINO,1,020101,ANCASH,HUARAZ,HUARAZ,31/10/2025
2023,12,12/01/2024,ANCASH,PENAL,FISCAL ADJUNTO PROVINCIAL,PROVISIONAL,FEMENINO,36,020101,ANCASH,HUARAZ,HUARAZ,31/10/2025
2023,12,12/01/2024,ANCASH,PENAL,FISCAL ADJUNTO PROVINCIAL,PROVISIONAL,MASCULINO,17,020101,ANCASH,HUARAZ,HUARAZ,31/10/2025
2023,12,12/01/2024,ANCASH,PENAL,FISCAL ADJUNTO PROVINCIAL,TITULAR,FEMENINO,33,020101,ANCASH,HUARAZ,HUARAZ,31/10/2025
2023,12,12/01/2024,ANCASH,PENAL,FISCAL ADJUNTO PROVINCIAL,TITULAR,MASCULINO,41,020101,ANCASH,HUARAZ,HUARAZ,31/10/2025
2023,12,12/01/2024,ANCASH,PENAL,FISCAL ADJUNTO SUPERIOR,PROVISIONAL (Titular Promovido),FEMENINO,1,020101,ANCASH,HUARAZ,HUARAZ,31/10/2025
2023,12,12/01/2024,ANCASH,PENAL,FISCAL ADJUNTO SUPERIOR,PROVISIONAL (Titular Promovido),MASCULINO,1,020101,ANCASH,HUARAZ,HUARAZ,31/10/2025
2023,12,12/01/2024,ANCASH,PENAL,FISCAL ADJUNTO SUPERIOR,TITULAR,FEMENINO,1,020101,ANCASH,HUARAZ,HUARAZ,31/10/2025
2023,12,12/01/2024,ANCASH,PENAL,FISCAL ADJUNTO SUPERIOR,TITULAR,MASCULINO,4,020101,ANCASH,HUARAZ,HUARAZ,31/10/2025
2023,12,12/01/2024,ANCASH,PENAL,FISCAL PROVINCIAL,PROVISIONAL,FEMENINO,7,020101,ANCASH,HUARAZ,HUARAZ,31/10/2025
2023,12,12/01/2024,ANCASH,PENAL,FISCAL PROVINCIAL,PROVISIONAL,MASCULINO,6,020101,ANCASH,HUARAZ,HUARAZ,31/10/2025
2023,12,12/01/2024,ANCASH,PENAL,FISCAL PROVINCIAL,PROVISIONAL (Titular Promovido),FEMENINO,4,020101,ANCASH,HUARAZ,HUARAZ,31/10/2025
2023,12,12/01/2024,ANCASH,PENAL,FISCAL PROVINCIAL,PROVISIONAL (Titular Promovido),MASCULINO,1,020101,ANCASH,HUARAZ,HUARAZ,31/10/2025
2023,12,12/01/2024,ANCASH,PENAL,FISCAL PROVINCIAL,TITULAR,FEMENINO,9,020101,ANCASH,HUARAZ,HUARAZ,31/10/2025
2023,12,12/01/2024,ANCASH,PENAL,FISCAL PROVINCIAL,TITULAR,MASCULINO,33,020101,ANCASH,HUARAZ,HUARAZ,31/10/2025
2023,12,12/01/2024,ANCASH,PENAL,FISCAL SUPERIOR,TITULAR,FEMENINO,2,020101,ANCASH,HUARAZ,HUARAZ,31/10/2025
2023,12,12/01/2024,ANCASH,PENAL,FISCAL SUPERIOR,TITULAR,MASCULINO,1,020101,ANCASH,HUARAZ,HUARAZ,31/10/2025
2023,12,12/01/2024,ANCASH,PREVENCION DEL DELITO,FISCAL ADJUNTO PROVINCIAL,TITULAR,FEMENINO,2,020101,ANCASH,HUARAZ,HUARAZ,31/10/2025
2023,12,12/01/2024,ANCASH,PREVENCION DEL DELITO,FISCAL ADJUNTO PROVINCIAL,TITULAR,MASCULINO,1,020101,ANCASH,HUARAZ,HUARAZ,31/10/2025
2023,12,12/01/2024,ANCASH,PREVENCION DEL DELITO,FISCAL PROVINCIAL,TITULAR,MASCULINO,1,020101,ANCASH,HUARAZ,HUARAZ,31/10/2025
2023,12,12/01/2024,ANCASH,VIOLENCIA CONTRA LA MUJER E INTEGRANTES DEL GRUPO FAMILIAR,FISCAL ADJUNTO PROVINCIAL,PROVISIONAL,FEMENINO,13,020101,ANCASH,HUARAZ,HUARAZ,31/10/2025
2023,12,12/01/2024,ANCASH,VIOLENCIA CONTRA LA MUJER E INTEGRANTES DEL GRUPO FAMILIAR,FISCAL ADJUNTO PROVINCIAL,PROVISIONAL,MASCULINO,3,020101,ANCASH,HUARAZ,HUARAZ,31/10/2025
2023,12,12/01/2024,ANCASH,VIOLENCIA CONTRA LA MUJER E INTEGRANTES DEL GRUPO FAMILIAR,FISCAL PROVINCIAL,PROVISIONAL,MASCULINO,3,020101,ANCASH,HUARAZ,HUARAZ,31/10/2025
2023,12,12/01/2024,ANCASH,VIOLENCIA CONTRA LA MUJER E INTEGRANTES DEL GRUPO FAMILIAR,FISCAL PROVINCIAL,PROVISIONAL (Titular Promovido),FEMENINO,3,020101,ANCASH,HUARAZ,HUARAZ,31/10/2025
2023,12,12/01/2024,ANCASH,VIOLENCIA CONTRA LA MUJER E INTEGRANTES DEL GRUPO FAMILIAR,FISCAL PROVINCIAL,PROVISIONAL (Titular Promovido),MASCULINO,2,020101,ANCASH,HUARAZ,HUARAZ,31/10/2025
2023,12,12/01/2024,APURIMAC,AUTORIDAD NACIONAL DE CONTROL,FISCAL ADJUNTO SUPERIOR,PROVISIONAL (Titular Promovido),FEMENINO,2,030101,APURIMAC,ABANCAY,ABANCAY,31/10/2025
2023,12,12/01/2024,APURIMAC,AUTORIDAD NACIONAL DE CONTROL,FISCAL PROVINCIAL,PROVISIONAL,MASCULINO,1,030101,APURIMAC,ABANCAY,ABANCAY,31/10/2025
2023,12,12/01/2024,APURIMAC,CORRUPCION DE FUNCIONARIOS,FISCAL ADJUNTO PROVINCIAL,PROVISIONAL,FEMENINO,3,030101,APURIMAC,ABANCAY,ABANCAY,31/10/2025
2023,12,12/01/2024,APURIMAC,CORRUPCION DE FUNCIONARIOS,FISCAL ADJUNTO PROVINCIAL,PROVISIONAL,MASCULINO,3,030101,APURIMAC,ABANCAY,ABANCAY,31/10/2025
2023,12,12/01/2024,APURIMAC,CORRUPCION DE FUNCIONARIOS,FISCAL ADJUNTO PROVINCIAL,TITULAR,MASCULINO,1,030101,APURIMAC,ABANCAY,ABANCAY,31/10/2025
2023,12,12/01/2024,APURIMAC,CORRUPCION DE FUNCIONARIOS,FISCAL ADJUNTO SUPERIOR,TITULAR,MASCULINO,2,030101,APURIMAC,ABANCAY,ABANCAY,31/10/2025
2023,12,12/01/2024,APURIMAC,CORRUPCION DE FUNCIONARIOS,FISCAL PROVINCIAL,TITULAR,MASCULINO,2,030101,APURIMAC,ABANCAY,ABANCAY,31/10/2025
2023,12,12/01/2024,APURIMAC,CORRUPCION DE FUNCIONARIOS,FISCAL SUPERIOR,TITULAR,MASCULINO,1,030101,APURIMAC,ABANCAY,ABANCAY,31/10/2025
2023,12,12/01/2024,APURIMAC,CRIMEN ORGANIZADO,FISCAL ADJUNTO PROVINCIAL,PROVISIONAL,MASCULINO,4,030101,APURIMAC,ABANCAY,ABANCAY,31/10/2025
2023,12,12/01/2024,APURIMAC,CRIMEN ORGANIZADO,FISCAL PROVINCIAL,TITULAR,MASCULINO,2,030101,APURIMAC,ABANCAY,ABANCAY,31/10/2025
2023,12,12/01/2024,APURIMAC,DELITOS DE TERRORISMO Y DELITOS CONEXOS,FISCAL ADJUNTO PROVINCIAL,PROVISIONAL,MASCULINO,1,030101,APURIMAC,ABANCAY,ABANCAY,31/10/2025
2023,12,12/01/2024,APURIMAC,DELITOS DE TERRORISMO Y DELITOS CONEXOS,FISCAL PROVINCIAL,PROVISIONAL (Titular Promovido),MASCULINO,1,030101,APURIMAC,ABANCAY,ABANCAY,31/10/2025
2023,12,12/01/2024,APURIMAC,DERECHOS HUMANOS E INTERCULTURALIDAD,FISCAL ADJUNTO PROVINCIAL,PROVISIONAL,FEMENINO,2,030101,APURIMAC,ABANCAY,ABANCAY,31/10/2025
2023,12,12/01/2024,APURIMAC,DERECHOS HUMANOS E INTERCULTURALIDAD,FISCAL ADJUNTO PROVINCIAL,PROVISIONAL,MASCULINO,1,030101,APURIMAC,ABANCAY,ABANCAY,31/10/2025
2023,12,12/01/2024,APURIMAC,DERECHOS HUMANOS E INTERCULTURALIDAD,FISCAL PROVINCIAL,PROVISIONAL,MASCULINO,1,030101,APURIMAC,ABANCAY,ABANCAY,31/10/2025
2023,12,12/01/2024,APURIMAC,DERECHOS HUMANOS E INTERCULTURALIDAD,FISCAL PROVINCIAL,PROVISIONAL (Titular Promovido),MASCULINO,1,030101,APURIMAC,ABANCAY,ABANCAY,31/10/2025
2023,12,12/01/2024,APURIMAC,EXTINCION DE DOMINIO,FISCAL ADJUNTO PROVINCIAL,PROVISIONAL,FEMENINO,1,030101,APURIMAC,ABANCAY,ABANCAY,31/10/2025
2023,12,12/01/2024,APURIMAC,EXTINCION DE DOMINIO,FISCAL ADJUNTO PROVINCIAL,PROVISIONAL,MASCULINO,1,030101,APURIMAC,ABANCAY,ABANCAY,31/10/2025
2023,12,12/01/2024,APURIMAC,EXTINCION DE DOMINIO,FISCAL PROVINCIAL,PROVISIONAL (Titular Promovido),FEMENINO,1,030101,APURIMAC,ABANCAY,ABANCAY,31/10/2025
2023,12,12/01/2024,APURIMAC,FAMILIA,FISCAL ADJUNTO PROVINCIAL,PROVISIONAL,FEMENINO,4,030101,APURIMAC,ABANCAY,ABANCAY,31/10/2025
2023,12,12/01/2024,APURIMAC,FAMILIA,FISCAL ADJUNTO PROVINCIAL,TITULAR,FEMENINO,1,030101,APURIMAC,ABANCAY,ABANCAY,31/10/2025
2023,12,12/01/2024,APURIMAC,FAMILIA,FISCAL ADJUNTO PROVINCIAL,TITULAR,MASCULINO,4,030101,APURIMAC,ABANCAY,ABANCAY,31/10/2025
2023,12,12/01/2024,APURIMAC,FAMILIA,FISCAL ADJUNTO SUPERIOR,TITULAR,FEMENINO,1,030101,APURIMAC,ABANCAY,ABANCAY,31/10/2025
2023,12,12/01/2024,APURIMAC,FAMILIA,FISCAL ADJUNTO SUPERIOR,TITULAR,MASCULINO,1,030101,APURIMAC,ABANCAY,ABANCAY,31/10/2025
2023,12,12/01/2024,APURIMAC,FAMILIA,FISCAL PROVINCIAL,PROVISIONAL,FEMENINO,1,030101,APURIMAC,ABANCAY,ABANCAY,31/10/2025
2023,12,12/01/2024,APURIMAC,FAMILIA,FISCAL PROVINCIAL,TITULAR,FEMENINO,5,030101,APURIMAC,ABANCAY,ABANCAY,31/10/2025
2023,12,12/01/2024,APURIMAC,FAMILIA,FISCAL PROVINCIAL,TITULAR,MASCULINO,3,030101,APURIMAC,ABANCAY,ABANCAY,31/10/2025
2023,12,12/01/2024,APURIMAC,FAMILIA,FISCAL SUPERIOR,TITULAR,MASCULINO,2,030101,APURIMAC,ABANCAY,ABANCAY,31/10/2025
2023,12,12/01/2024,APURIMAC,MATERIA AMBIENTAL,FISCAL ADJUNTO PROVINCIAL,PROVISIONAL,FEMENINO,1,030101,APURIMAC,ABANCAY,ABANCAY,31/10/2025
2023,12,12/01/2024,APURIMAC,MATERIA AMBIENTAL,FISCAL ADJUNTO PROVINCIAL,PROVISIONAL,MASCULINO,1,030101,APURIMAC,ABANCAY,ABANCAY,31/10/2025
2023,12,12/01/2024,APURIMAC,MATERIA AMBIENTAL,FISCAL PROVINCIAL,TITULAR,MASCULINO,1,030101,APURIMAC,ABANCAY,ABANCAY,31/10/2025
2023,12,12/01/2024,APURIMAC,MIXTA,FISCAL ADJUNTO PROVINCIAL,PROVISIONAL,FEMENINO,2,030101,APURIMAC,ABANCAY,ABANCAY,31/10/2025
2023,12,12/01/2024,APURIMAC,MIXTA,FISCAL ADJUNTO PROVINCIAL,PROVISIONAL,MASCULINO,3,030101,APURIMAC,ABANCAY,ABANCAY,31/10/2025
2023,12,12/01/2024,APURIMAC,MIXTA,FISCAL PROVINCIAL,PROVISIONAL (Titular Promovido),MASCULINO,1,030101,APURIMAC,ABANCAY,ABANCAY,31/10/2025
2023,12,12/01/2024,APURIMAC,MIXTA,FISCAL PROVINCIAL,TITULAR,MASCULINO,3,030101,APURIMAC,ABANCAY,ABANCAY,31/10/2025
2023,12,12/01/2024,APURIMAC,PENAL,FISCAL ADJUNTO PROVINCIAL,PROVISIONAL,FEMENINO,20,030101,APURIMAC,ABANCAY,ABANCAY,31/10/2025
2023,12,12/01/2024,APURIMAC,PENAL,FISCAL ADJUNTO PROVINCIAL,PROVISIONAL,MASCULINO,13,030101,APURIMAC,ABANCAY,ABANCAY,31/10/2025
2023,12,12/01/2024,APURIMAC,PENAL,FISCAL ADJUNTO PROVINCIAL,TITULAR,FEMENINO,3,030101,APURIMAC,ABANCAY,ABANCAY,31/10/2025
2023,12,12/01/2024,APURIMAC,PENAL,FISCAL ADJUNTO PROVINCIAL,TITULAR,MASCULINO,1,030101,APURIMAC,ABANCAY,ABANCAY,31/10/2025
2023,12,12/01/2024,APURIMAC,PENAL,FISCAL ADJUNTO SUPERIOR,TITULAR,FEMENINO,4,030101,APURIMAC,ABANCAY,ABANCAY,31/10/2025
2023,12,12/01/2024,APURIMAC,PENAL,FISCAL ADJUNTO SUPERIOR,TITULAR,MASCULINO,2,030101,APURIMAC,ABANCAY,ABANCAY,31/10/2025
2023,12,12/01/2024,APURIMAC,PENAL,FISCAL PROVINCIAL,PROVISIONAL,FEMENINO,1,030101,APURIMAC,ABANCAY,ABANCAY,31/10/2025
2023,12,12/01/2024,APURIMAC,PENAL,FISCAL PROVINCIAL,PROVISIONAL,MASCULINO,3,030101,APURIMAC,ABANCAY,ABANCAY,31/10/2025
2023,12,12/01/2024,APURIMAC,PENAL,FISCAL PROVINCIAL,PROVISIONAL (Titular Promovido),FEMENINO,1,030101,APURIMAC,ABANCAY,ABANCAY,31/10/2025
2023,12,12/01/2024,APURIMAC,PENAL,FISCAL PROVINCIAL,PROVISIONAL (Titular Promovido),MASCULINO,4,030101,APURIMAC,ABANCAY,ABANCAY,31/10/2025
2023,12,12/01/2024,APURIMAC,PENAL,FISCAL PROVINCIAL,TITULAR,FEMENINO,6,030101,APURIMAC,ABANCAY,ABANCAY,31/10/2025
2023,12,12/01/2024,APURIMAC,PENAL,FISCAL PROVINCIAL,TITULAR,MASCULINO,6,030101,APURIMAC,ABANCAY,ABANCAY,31/10/2025
2023,12,12/01/2024,APURIMAC,PENAL,FISCAL SUPERIOR,TITULAR,MASCULINO,4,030101,APURIMAC,ABANCAY,ABANCAY,31/10/2025
2023,12,12/01/2024,APURIMAC,POOL / EQUIPO DE APOYO FISCAL (SIN ESPECIALIDAD),FISCAL ADJUNTO PROVINCIAL,PROVISIONAL,FEMENINO,1,030101,APURIMAC,ABANCAY,ABANCAY,31/10/2025
2023,12,12/01/2024,APURIMAC,POOL / EQUIPO DE APOYO FISCAL (SIN ESPECIALIDAD),FISCAL ADJUNTO PROVINCIAL,PROVISIONAL,MASCULINO,1,030101,APURIMAC,ABANCAY,ABANCAY,31/10/2025
2023,12,12/01/2024,APURIMAC,PREVENCION DEL DELITO,FISCAL ADJUNTO PROVINCIAL,PROVISIONAL,FEMENINO,4,030101,APURIMAC,ABANCAY,ABANCAY,31/10/2025
2023,12,12/01/2024,APURIMAC,PREVENCION DEL DELITO,FISCAL PROVINCIAL,PROVISIONAL,FEMENINO,1,030101,APURIMAC,ABANCAY,ABANCAY,31/10/2025
2023,12,12/01/2024,APURIMAC,PREVENCION DEL DELITO,FISCAL PROVINCIAL,TITULAR,MASCULINO,1,030101,APURIMAC,ABANCAY,ABANCAY,31/10/2025
2023,12,12/01/2024,APURIMAC,TRAFICO ILICITO DE DROGAS,FISCAL ADJUNTO PROVINCIAL,PROVISIONAL,FEMENINO,2,030101,APURIMAC,ABANCAY,ABANCAY,31/10/2025
2023,12,12/01/2024,APURIMAC,TRAFICO ILICITO DE DROGAS,FISCAL ADJUNTO PROVINCIAL,PROVISIONAL,MASCULINO,1,030101,APURIMAC,ABANCAY,ABANCAY,31/10/2025
2023,12,12/01/2024,APURIMAC,TRAFICO ILICITO DE DROGAS,FISCAL PROVINCIAL,PROVISIONAL,FEMENINO,1,030101,APURIMAC,ABANCAY,ABANCAY,31/10/2025
2023,12,12/01/2024,AREQUIPA,AUTORIDAD NACIONAL DE CONTROL,FISCAL ADJUNTO SUPERIOR,PROVISIONAL (Titular Promovido),MASCULINO,2,040101,AREQUIPA,AREQUIPA,AREQUIPA,31/10/2025
2023,12,12/01/2024,AREQUIPA,AUTORIDAD NACIONAL DE CONTROL,FISCAL SUPERIOR,TITULAR,FEMENINO,1,040101,AREQUIPA,AREQUIPA,AREQUIPA,31/10/2025
2023,12,12/01/2024,AREQUIPA,CIBERDELINCUENCIA,FISCAL ADJUNTO PROVINCIAL,PROVISIONAL,FEMENINO,1,040101,AREQUIPA,AREQUIPA,AREQUIPA,31/10/2025
2023,12,12/01/2024,AREQUIPA,CIBERDELINCUENCIA,FISCAL ADJUNTO PROVINCIAL,PROVISIONAL,MASCULINO,1,040101,AREQUIPA,AREQUIPA,AREQUIPA,31/10/2025
2023,12,12/01/2024,AREQUIPA,CIBERDELINCUENCIA,FISCAL PROVINCIAL,PROVISIONAL (Titular Promovido),MASCULINO,1,040101,AREQUIPA,AREQUIPA,AREQUIPA,31/10/2025
2023,12,12/01/2024,AREQUIPA,CORRUPCION DE FUNCIONARIOS,FISCAL ADJUNTO PROVINCIAL,PROVISIONAL,FEMENINO,4,040101,AREQUIPA,AREQUIPA,AREQUIPA,31/10/2025
2023,12,12/01/2024,AREQUIPA,CORRUPCION DE FUNCIONARIOS,FISCAL ADJUNTO PROVINCIAL,PROVISIONAL,MASCULINO,1,040101,AREQUIPA,AREQUIPA,AREQUIPA,31/10/2025
2023,12,12/01/2024,AREQUIPA,CORRUPCION DE FUNCIONARIOS,FISCAL ADJUNTO PROVINCIAL,TITULAR,FEMENINO,4,040101,AREQUIPA,AREQUIPA,AREQUIPA,31/10/2025
2023,12,12/01/2024,AREQUIPA,CORRUPCION DE FUNCIONARIOS,FISCAL ADJUNTO PROVINCIAL,TITULAR,MASCULINO,3,040101,AREQUIPA,AREQUIPA,AREQUIPA,31/10/2025
2023,12,12/01/2024,AREQUIPA,CORRUPCION DE FUNCIONARIOS,FISCAL PROVINCIAL,TITULAR,FEMENINO,2,040101,AREQUIPA,AREQUIPA,AREQUIPA,31/10/2025
2023,12,12/01/2024,AREQUIPA,CORRUPCION DE FUNCIONARIOS,FISCAL PROVINCIAL,TITULAR,MASCULINO,2,040101,AREQUIPA,AREQUIPA,AREQUIPA,31/10/2025
2023,12,12/01/2024,AREQUIPA,CRIMEN ORGANIZADO,FISCAL ADJUNTO PROVINCIAL,PROVISIONAL,MASCULINO,2,040101,AREQUIPA,AREQUIPA,AREQUIPA,31/10/2025
2023,12,12/01/2024,AREQUIPA,CRIMEN ORGANIZADO,FISCAL ADJUNTO PROVINCIAL,TITULAR,FEMENINO,3,040101,AREQUIPA,AREQUIPA,AREQUIPA,31/10/2025
2023,12,12/01/2024,AREQUIPA,CRIMEN ORGANIZADO,FISCAL ADJUNTO PROVINCIAL,TITULAR,MASCULINO,1,040101,AREQUIPA,AREQUIPA,AREQUIPA,31/10/2025
2023,12,12/01/2024,AREQUIPA,CRIMEN ORGANIZADO,FISCAL PROVINCIAL,TITULAR,FEMENINO,1,040101,AREQUIPA,AREQUIPA,AREQUIPA,31/10/2025
2023,12,12/01/2024,AREQUIPA,DELITOS DE TRATA DE PERSONAS,FISCAL ADJUNTO PROVINCIAL,PROVISIONAL,MASCULINO,2,040101,AREQUIPA,AREQUIPA,AREQUIPA,31/10/2025
2023,12,12/01/2024,AREQUIPA,DELITOS DE TRATA DE PERSONAS,FISCAL PROVINCIAL,PROVISIONAL (Titular Promovido),FEMENINO,1,040101,AREQUIPA,AREQUIPA,AREQUIPA,31/10/2025
2023,12,12/01/2024,AREQUIPA,DERECHOS HUMANOS E INTERCULTURALIDAD,FISCAL ADJUNTO PROVINCIAL,PROVISIONAL,FEMENINO,2,040101,AREQUIPA,AREQUIPA,AREQUIPA,31/10/2025
2023,12,12/01/2024,AREQUIPA,DERECHOS HUMANOS E INTERCULTURALIDAD,FISCAL ADJUNTO PROVINCIAL,PROVISIONAL,MASCULINO,2,040101,AREQUIPA,AREQUIPA,AREQUIPA,31/10/2025
2023,12,12/01/2024,AREQUIPA,DERECHOS HUMANOS E INTERCULTURALIDAD,FISCAL PROVINCIAL,PROVISIONAL (Titular Promovido),FEMENINO,1,040101,AREQUIPA,AREQUIPA,AREQUIPA,31/10/2025
2023,12,12/01/2024,AREQUIPA,EXTINCION DE DOMINIO,FISCAL ADJUNTO PROVINCIAL,PROVISIONAL,FEMENINO,1,040101,AREQUIPA,AREQUIPA,AREQUIPA,31/10/2025
2023,12,12/01/2024,AREQUIPA,EXTINCION DE DOMINIO,FISCAL ADJUNTO SUPERIOR,PROVISIONAL,FEMENINO,1,040101,AREQUIPA,AREQUIPA,AREQUIPA,31/10/2025
2023,12,12/01/2024,AREQUIPA,EXTINCION DE DOMINIO,FISCAL ADJUNTO SUPERIOR,PROVISIONAL (Titular Promovido),MASCULINO,1,040101,AREQUIPA,AREQUIPA,AREQUIPA,31/10/2025
2023,12,12/01/2024,AREQUIPA,EXTINCION DE DOMINIO,FISCAL PROVINCIAL,PROVISIONAL (Titular Promovido),MASCULINO,1,040101,AREQUIPA,AREQUIPA,AREQUIPA,31/10/2025
2023,12,12/01/2024,AREQUIPA,EXTINCION DE DOMINIO,FISCAL SUPERIOR,PROVISIONAL (Titular Promovido),MASCULINO,1,040101,AREQUIPA,AREQUIPA,AREQUIPA,31/10/2025
2023,12,12/01/2024,AREQUIPA,FAMILIA,FISCAL ADJUNTO PROVINCIAL,PROVISIONAL,FEMENINO,4,040101,AREQUIPA,AREQUIPA,AREQUIPA,31/10/2025
2023,12,12/01/2024,AREQUIPA,FAMILIA,FISCAL ADJUNTO PROVINCIAL,PROVISIONAL,MASCULINO,1,040101,AREQUIPA,AREQUIPA,AREQUIPA,31/10/2025
2023,12,12/01/2024,AREQUIPA,FAMILIA,FISCAL ADJUNTO PROVINCIAL,TITULAR,FEMENINO,4,040101,AREQUIPA,AREQUIPA,AREQUIPA,31/10/2025
2023,12,12/01/2024,AREQUIPA,FAMILIA,FISCAL ADJUNTO PROVINCIAL,TITULAR,MASCULINO,3,040101,AREQUIPA,AREQUIPA,AREQUIPA,31/10/2025
2023,12,12/01/2024,AREQUIPA,FAMILIA,FISCAL ADJUNTO SUPERIOR,PROVISIONAL (Titular Promovido),FEMENINO,1,040101,AREQUIPA,AREQUIPA,AREQUIPA,31/10/2025
2023,12,12/01/2024,AREQUIPA,FAMILIA,FISCAL ADJUNTO SUPERIOR,TITULAR,MASCULINO,1,040101,AREQUIPA,AREQUIPA,AREQUIPA,31/10/2025
2023,12,12/01/2024,AREQUIPA,FAMILIA,FISCAL PROVINCIAL,PROVISIONAL (Titular Promovido),FEMENINO,3,040101,AREQUIPA,AREQUIPA,AREQUIPA,31/10/2025
2023,12,12/01/2024,AREQUIPA,FAMILIA,FISCAL PROVINCIAL,TITULAR,FEMENINO,6,040101,AREQUIPA,AREQUIPA,AREQUIPA,31/10/2025
2023,12,12/01/2024,AREQUIPA,FAMILIA,FISCAL PROVINCIAL,TITULAR,MASCULINO,1,040101,AREQUIPA,AREQUIPA,AREQUIPA,31/10/2025
2023,12,12/01/2024,AREQUIPA,FAMILIA,FISCAL SUPERIOR,TITULAR,FEMENINO,1,040101,AREQUIPA,AREQUIPA,AREQUIPA,31/10/2025
2023,12,12/01/2024,AREQUIPA,FAMILIA,FISCAL SUPERIOR,TITULAR,MASCULINO,1,040101,AREQUIPA,AREQUIPA,AREQUIPA,31/10/2025
2023,12,12/01/2024,AREQUIPA,LAVADO DE ACTIVOS,FISCAL ADJUNTO PROVINCIAL,PROVISIONAL,FEMENINO,3,040101,AREQUIPA,AREQUIPA,AREQUIPA,31/10/2025
2023,12,12/01/2024,AREQUIPA,LAVADO DE ACTIVOS,FISCAL ADJUNTO PROVINCIAL,TITULAR,MASCULINO,1,040101,AREQUIPA,AREQUIPA,AREQUIPA,31/10/2025
2023,12,12/01/2024,AREQUIPA,LAVADO DE ACTIVOS,FISCAL PROVINCIAL,PROVISIONAL (Titular Promovido),MASCULINO,1,040101,AREQUIPA,AREQUIPA,AREQUIPA,31/10/2025
2023,12,12/01/2024,AREQUIPA,LAVADO DE ACTIVOS,FISCAL PROVINCIAL,TITULAR,FEMENINO,1,040101,AREQUIPA,AREQUIPA,AREQUIPA,31/10/2025
2023,12,12/01/2024,AREQUIPA,MATERIA AMBIENTAL,FISCAL ADJUNTO PROVINCIAL,TITULAR,MASCULINO,1,040101,AREQUIPA,AREQUIPA,AREQUIPA,31/10/2025
2023,12,12/01/2024,AREQUIPA,MATERIA AMBIENTAL,FISCAL PROVINCIAL,TITULAR,FEMENINO,1,040101,AREQUIPA,AREQUIPA,AREQUIPA,31/10/2025
2023,12,12/01/2024,AREQUIPA,MIXTA,FISCAL ADJUNTO PROVINCIAL,PROVISIONAL,FEMENINO,3,040101,AREQUIPA,AREQUIPA,AREQUIPA,31/10/2025
2023,12,12/01/2024,AREQUIPA,MIXTA,FISCAL ADJUNTO PROVINCIAL,PROVISIONAL,MASCULINO,1,040101,AREQUIPA,AREQUIPA,AREQUIPA,31/10/2025
2023,12,12/01/2024,AREQUIPA,MIXTA,FISCAL ADJUNTO PROVINCIAL,TITULAR,MASCULINO,1,040101,AREQUIPA,AREQUIPA,AREQUIPA,31/10/2025
2023,12,12/01/2024,AREQUIPA,MIXTA,FISCAL ADJUNTO SUPERIOR,TITULAR,FEMENINO,1,040101,AREQUIPA,AREQUIPA,AREQUIPA,31/10/2025
2023,12,12/01/2024,AREQUIPA,MIXTA,FISCAL PROVINCIAL,PROVISIONAL (Titular Promovido),MASCULINO,1,040101,AREQUIPA,AREQUIPA,AREQUIPA,31/10/2025
2023,12,12/01/2024,AREQUIPA,MIXTA,FISCAL PROVINCIAL,TITULAR,FEMENINO,1,040101,AREQUIPA,AREQUIPA,AREQUIPA,31/10/2025
2023,12,12/01/2024,AREQUIPA,MIXTA,FISCAL PROVINCIAL,TITULAR,MASCULINO,1,040101,AREQUIPA,AREQUIPA,AREQUIPA,31/10/2025
2023,12,12/01/2024,AREQUIPA,MIXTA,FISCAL SUPERIOR,TITULAR,MASCULINO,1,040101,AREQUIPA,AREQUIPA,AREQUIPA,31/10/2025
2023,12,12/01/2024,AREQUIPA,PENAL,FISCAL ADJUNTO PROVINCIAL,PROVISIONAL,FEMENINO,42,040101,AREQUIPA,AREQUIPA,AREQUIPA,31/10/2025
2023,12,12/01/2024,AREQUIPA,PENAL,FISCAL ADJUNTO PROVINCIAL,PROVISIONAL,MASCULINO,22,040101,AREQUIPA,AREQUIPA,AREQUIPA,31/10/2025
2023,12,12/01/2024,AREQUIPA,PENAL,FISCAL ADJUNTO PROVINCIAL,TITULAR,FEMENINO,24,040101,AREQUIPA,AREQUIPA,AREQUIPA,31/10/2025
2023,12,12/01/2024,AREQUIPA,PENAL,FISCAL ADJUNTO PROVINCIAL,TITULAR,MASCULINO,13,040101,AREQUIPA,AREQUIPA,AREQUIPA,31/10/2025
2023,12,12/01/2024,AREQUIPA,PENAL,FISCAL ADJUNTO SUPERIOR,PROVISIONAL (Titular Promovido),FEMENINO,2,040101,AREQUIPA,AREQUIPA,AREQUIPA,31/10/2025
2023,12,12/01/2024,AREQUIPA,PENAL,FISCAL ADJUNTO SUPERIOR,PROVISIONAL (Titular Promovido),MASCULINO,4,040101,AREQUIPA,AREQUIPA,AREQUIPA,31/10/2025
2023,12,12/01/2024,AREQUIPA,PENAL,FISCAL ADJUNTO SUPERIOR,TITULAR,FEMENINO,1,040101,AREQUIPA,AREQUIPA,AREQUIPA,31/10/2025
2023,12,12/01/2024,AREQUIPA,PENAL,FISCAL ADJUNTO SUPERIOR,TITULAR,MASCULINO,1,040101,AREQUIPA,AREQUIPA,AREQUIPA,31/10/2025
2023,12,12/01/2024,AREQUIPA,PENAL,FISCAL PROVINCIAL,PROVISIONAL,FEMENINO,1,040101,AREQUIPA,AREQUIPA,AREQUIPA,31/10/2025
2023,12,12/01/2024,AREQUIPA,PENAL,FISCAL PROVINCIAL,PROVISIONAL,MASCULINO,3,040101,AREQUIPA,AREQUIPA,AREQUIPA,31/10/2025
2023,12,12/01/2024,AREQUIPA,PENAL,FISCAL PROVINCIAL,PROVISIONAL (Titular Promovido),FEMENINO,8,040101,AREQUIPA,AREQUIPA,AREQUIPA,31/10/2025
2023,12,12/01/2024,AREQUIPA,PENAL,FISCAL PROVINCIAL,PROVISIONAL (Titular Promovido),MASCULINO,6,040101,AREQUIPA,AREQUIPA,AREQUIPA,31/10/2025
2023,12,12/01/2024,AREQUIPA,PENAL,FISCAL PROVINCIAL,TITULAR,FEMENINO,13,040101,AREQUIPA,AREQUIPA,AREQUIPA,31/10/2025
2023,12,12/01/2024,AREQUIPA,PENAL,FISCAL PROVINCIAL,TITULAR,MASCULINO,22,040101,AREQUIPA,AREQUIPA,AREQUIPA,31/10/2025
2023,12,12/01/2024,AREQUIPA,PENAL,FISCAL SUPERIOR,PROVISIONAL (Titular Promovido),FEMENINO,1,040101,AREQUIPA,AREQUIPA,AREQUIPA,31/10/2025
2023,12,12/01/2024,AREQUIPA,PENAL,FISCAL SUPERIOR,PROVISIONAL (Titular Promovido),MASCULINO,2,040101,AREQUIPA,AREQUIPA,AREQUIPA,31/10/2025
2023,12,12/01/2024,AREQUIPA,PENAL,FISCAL SUPERIOR,TITULAR,FEMENINO,1,040101,AREQUIPA,AREQUIPA,AREQUIPA,31/10/2025
2023,12,12/01/2024,AREQUIPA,PENAL,FISCAL SUPERIOR,TITULAR,MASCULINO,2,040101,AREQUIPA,AREQUIPA,AREQUIPA,31/10/2025
2023,12,12/01/2024,AREQUIPA,PREVENCION DEL DELITO,FISCAL ADJUNTO PROVINCIAL,TITULAR,FEMENINO,1,040101,AREQUIPA,AREQUIPA,AREQUIPA,31/10/2025
2023,12,12/01/2024,AREQUIPA,PREVENCION DEL DELITO,FISCAL ADJUNTO PROVINCIAL,TITULAR,MASCULINO,2,040101,AREQUIPA,AREQUIPA,AREQUIPA,31/10/2025
2023,12,12/01/2024,AREQUIPA,PREVENCION DEL DELITO,FISCAL PROVINCIAL,TITULAR,FEMENINO,3,040101,AREQUIPA,AREQUIPA,AREQUIPA,31/10/2025
2023,12,12/01/2024,AREQUIPA,VIOLENCIA CONTRA LA MUJER E INTEGRANTES DEL GRUPO FAMILIAR,FISCAL ADJUNTO PROVINCIAL,PROVISIONAL,FEMENINO,36,040101,AREQUIPA,AREQUIPA,AREQUIPA,31/10/2025
2023,12,12/01/2024,AREQUIPA,VIOLENCIA CONTRA LA MUJER E INTEGRANTES DEL GRUPO FAMILIAR,FISCAL ADJUNTO PROVINCIAL,PROVISIONAL,MASCULINO,6,040101,AREQUIPA,AREQUIPA,AREQUIPA,31/10/2025
2023,12,12/01/2024,AREQUIPA,VIOLENCIA CONTRA LA MUJER E INTEGRANTES DEL GRUPO FAMILIAR,FISCAL ADJUNTO PROVINCIAL,TITULAR,FEMENINO,1,040101,AREQUIPA,AREQUIPA,AREQUIPA,31/10/2025
2023,12,12/01/2024,AREQUIPA,VIOLENCIA CONTRA LA MUJER E INTEGRANTES DEL GRUPO FAMILIAR,FISCAL ADJUNTO SUPERIOR,PROVISIONAL (Titular Promovido),FEMENINO,2,040101,AREQUIPA,AREQUIPA,AREQUIPA,31/10/2025
2023,12,12/01/2024,AREQUIPA,VIOLENCIA CONTRA LA MUJER E INTEGRANTES DEL GRUPO FAMILIAR,FISCAL PROVINCIAL,PROVISIONAL,FEMENINO,2,040101,AREQUIPA,AREQUIPA,AREQUIPA,31/10/2025
2023,12,12/01/2024,AREQUIPA,VIOLENCIA CONTRA LA MUJER E INTEGRANTES DEL GRUPO FAMILIAR,FISCAL PROVINCIAL,PROVISIONAL,MASCULINO,2,040101,AREQUIPA,AREQUIPA,AREQUIPA,31/10/2025
2023,12,12/01/2024,AREQUIPA,VIOLENCIA CONTRA LA MUJER E INTEGRANTES DEL GRUPO FAMILIAR,FISCAL PROVINCIAL,PROVISIONAL (Titular Promovido),FEMENINO,15,040101,AREQUIPA,AREQUIPA,AREQUIPA,31/10/2025
2023,12,12/01/2024,AREQUIPA,VIOLENCIA CONTRA LA MUJER E INTEGRANTES DEL GRUPO FAMILIAR,FISCAL PROVINCIAL,PROVISIONAL (Titular Promovido),MASCULINO,2,040101,AREQUIPA,AREQUIPA,AREQUIPA,31/10/2025
2023,12,12/01/2024,AREQUIPA,VIOLENCIA CONTRA LA MUJER E INTEGRANTES DEL GRUPO FAMILIAR,FISCAL PROVINCIAL,TITULAR,FEMENINO,2,040101,AREQUIPA,AREQUIPA,AREQUIPA,31/10/2025
2023,12,12/01/2024,AREQUIPA,VIOLENCIA CONTRA LA MUJER E INTEGRANTES DEL GRUPO FAMILIAR,FISCAL PROVINCIAL,TITULAR,MASCULINO,2,040101,AREQUIPA,AREQUIPA,AREQUIPA,31/10/2025
2023,12,12/01/2024,AREQUIPA,VIOLENCIA CONTRA LA MUJER E INTEGRANTES DEL GRUPO FAMILIAR,FISCAL SUPERIOR,PROVISIONAL (Titular Promovido),FEMENINO,1,040101,AREQUIPA,AREQUIPA,AREQUIPA,31/10/2025
2023,12,12/01/2024,AYACUCHO,AUTORIDAD NACIONAL DE CONTROL,FISCAL ADJUNTO PROVINCIAL,PROVISIONAL,FEMENINO,1,050110,AYACUCHO,HUAMANGA,SAN JUAN BAUTISTA,31/10/2025
2023,12,12/01/2024,AYACUCHO,AUTORIDAD NACIONAL DE CONTROL,FISCAL ADJUNTO SUPERIOR,PROVISIONAL (Titular Promovido),FEMENINO,1,050110,AYACUCHO,HUAMANGA,SAN JUAN BAUTISTA,31/10/2025
2023,12,12/01/2024,AYACUCHO,AUTORIDAD NACIONAL DE CONTROL,FISCAL ADJUNTO SUPERIOR,PROVISIONAL (Titular Promovido),MASCULINO,1,050110,AYACUCHO,HUAMANGA,SAN JUAN BAUTISTA,31/10/2025
2023,12,12/01/2024,AYACUCHO,AUTORIDAD NACIONAL DE CONTROL,FISCAL SUPERIOR,PROVISIONAL (Titular Promovido),MASCULINO,1,050110,AYACUCHO,HUAMANGA,SAN JUAN BAUTISTA,31/10/2025
2023,12,12/01/2024,AYACUCHO,CORRUPCION DE FUNCIONARIOS,FISCAL ADJUNTO PROVINCIAL,PROVISIONAL,FEMENINO,10,050110,AYACUCHO,HUAMANGA,SAN JUAN BAUTISTA,31/10/2025
2023,12,12/01/2024,AYACUCHO,CORRUPCION DE FUNCIONARIOS,FISCAL ADJUNTO PROVINCIAL,TITULAR,FEMENINO,3,050110,AYACUCHO,HUAMANGA,SAN JUAN BAUTISTA,31/10/2025
2023,12,12/01/2024,AYACUCHO,CORRUPCION DE FUNCIONARIOS,FISCAL ADJUNTO SUPERIOR,PROVISIONAL (Titular Promovido),MASCULINO,1,050110,AYACUCHO,HUAMANGA,SAN JUAN BAUTISTA,31/10/2025
2023,12,12/01/2024,AYACUCHO,CORRUPCION DE FUNCIONARIOS,FISCAL ADJUNTO SUPERIOR,TITULAR,MASCULINO,1,050110,AYACUCHO,HUAMANGA,SAN JUAN BAUTISTA,31/10/2025
2023,12,12/01/2024,AYACUCHO,CORRUPCION DE FUNCIONARIOS,FISCAL PROVINCIAL,TITULAR,FEMENINO,1,050110,AYACUCHO,HUAMANGA,SAN JUAN BAUTISTA,31/10/2025
2023,12,12/01/2024,AYACUCHO,CORRUPCION DE FUNCIONARIOS,FISCAL PROVINCIAL,TITULAR,MASCULINO,2,050110,AYACUCHO,HUAMANGA,SAN JUAN BAUTISTA,31/10/2025
2023,12,12/01/2024,AYACUCHO,CORRUPCION DE FUNCIONARIOS,FISCAL SUPERIOR,TITULAR,MASCULINO,1,050110,AYACUCHO,HUAMANGA,SAN JUAN BAUTISTA,31/10/2025
2023,12,12/01/2024,AYACUCHO,CRIMEN ORGANIZADO,FISCAL ADJUNTO PROVINCIAL,PROVISIONAL,FEMENINO,2,050110,AYACUCHO,HUAMANGA,SAN JUAN BAUTISTA,31/10/2025
2023,12,12/01/2024,AYACUCHO,CRIMEN ORGANIZADO,FISCAL ADJUNTO PROVINCIAL,PROVISIONAL,MASCULINO,1,050110,AYACUCHO,HUAMANGA,SAN JUAN BAUTISTA,31/10/2025
2023,12,12/01/2024,AYACUCHO,CRIMEN ORGANIZADO,FISCAL ADJUNTO PROVINCIAL,TITULAR,MASCULINO,3,050110,AYACUCHO,HUAMANGA,SAN JUAN BAUTISTA,31/10/2025
2023,12,12/01/2024,AYACUCHO,CRIMEN ORGANIZADO,FISCAL PROVINCIAL,TITULAR,FEMENINO,1,050110,AYACUCHO,HUAMANGA,SAN JUAN BAUTISTA,31/10/2025
2023,12,12/01/2024,AYACUCHO,CRIMEN ORGANIZADO,FISCAL PROVINCIAL,TITULAR,MASCULINO,1,050110,AYACUCHO,HUAMANGA,SAN JUAN BAUTISTA,31/10/2025
2023,12,12/01/2024,AYACUCHO,DELITOS DE TERRORISMO Y DELITOS CONEXOS,FISCAL ADJUNTO PROVINCIAL,PROVISIONAL,FEMENINO,1,050110,AYACUCHO,HUAMANGA,SAN JUAN BAUTISTA,31/10/2025
2023,12,12/01/2024,AYACUCHO,DELITOS DE TERRORISMO Y DELITOS CONEXOS,FISCAL ADJUNTO PROVINCIAL,PROVISIONAL,MASCULINO,2,050110,AYACUCHO,HUAMANGA,SAN JUAN BAUTISTA,31/10/2025
2023,12,12/01/2024,AYACUCHO,DELITOS DE TERRORISMO Y DELITOS CONEXOS,FISCAL PROVINCIAL,PROVISIONAL,FEMENINO,1,050110,AYACUCHO,HUAMANGA,SAN JUAN BAUTISTA,31/10/2025
2023,12,12/01/2024,AYACUCHO,DELITOS DE TERRORISMO Y DELITOS CONEXOS,FISCAL PROVINCIAL,PROVISIONAL,MASCULINO,1,050110,AYACUCHO,HUAMANGA,SAN JUAN BAUTISTA,31/10/2025
2023,12,12/01/2024,AYACUCHO,DERECHOS HUMANOS E INTERCULTURALIDAD,FISCAL ADJUNTO PROVINCIAL,PROVISIONAL,FEMENINO,6,050110,AYACUCHO,HUAMANGA,SAN JUAN BAUTISTA,31/10/2025
2023,12,12/01/2024,AYACUCHO,DERECHOS HUMANOS E INTERCULTURALIDAD,FISCAL ADJUNTO PROVINCIAL,PROVISIONAL,MASCULINO,1,050110,AYACUCHO,HUAMANGA,SAN JUAN BAUTISTA,31/10/2025
2023,12,12/01/2024,AYACUCHO,DERECHOS HUMANOS E INTERCULTURALIDAD,FISCAL ADJUNTO PROVINCIAL,TITULAR,FEMENINO,1,050110,AYACUCHO,HUAMANGA,SAN JUAN BAUTISTA,31/10/2025
2023,12,12/01/2024,AYACUCHO,DERECHOS HUMANOS E INTERCULTURALIDAD,FISCAL ADJUNTO PROVINCIAL,TITULAR,MASCULINO,1,050110,AYACUCHO,HUAMANGA,SAN JUAN BAUTISTA,31/10/2025
2023,12,12/01/2024,AYACUCHO,DERECHOS HUMANOS E INTERCULTURALIDAD,FISCAL PROVINCIAL,PROVISIONAL,MASCULINO,1,050110,AYACUCHO,HUAMANGA,SAN JUAN BAUTISTA,31/10/2025
2023,12,12/01/2024,AYACUCHO,DERECHOS HUMANOS E INTERCULTURALIDAD,FISCAL PROVINCIAL,PROVISIONAL (Titular Promovido),MASCULINO,1,050110,AYACUCHO,HUAMANGA,SAN JUAN BAUTISTA,31/10/2025
2023,12,12/01/2024,AYACUCHO,DERECHOS HUMANOS E INTERCULTURALIDAD,FISCAL PROVINCIAL,TITULAR,FEMENINO,1,050110,AYACUCHO,HUAMANGA,SAN JUAN BAUTISTA,31/10/2025
2023,12,12/01/2024,AYACUCHO,EXTINCION DE DOMINIO,FISCAL ADJUNTO PROVINCIAL,PROVISIONAL,FEMENINO,2,050110,AYACUCHO,HUAMANGA,SAN JUAN BAUTISTA,31/10/2025
2023,12,12/01/2024,AYACUCHO,EXTINCION DE DOMINIO,FISCAL PROVINCIAL,PROVISIONAL (Titular Promovido),FEMENINO,1,050110,AYACUCHO,HUAMANGA,SAN JUAN BAUTISTA,31/10/2025
2023,12,12/01/2024,AYACUCHO,FAMILIA,FISCAL ADJUNTO PROVINCIAL,PROVISIONAL,FEMENINO,4,050110,AYACUCHO,HUAMANGA,SAN JUAN BAUTISTA,31/10/2025
2023,12,12/01/2024,AYACUCHO,FAMILIA,FISCAL ADJUNTO PROVINCIAL,PROVISIONAL,MASCULINO,2,050110,AYACUCHO,HUAMANGA,SAN JUAN BAUTISTA,31/10/2025
2023,12,12/01/2024,AYACUCHO,FAMILIA,FISCAL ADJUNTO PROVINCIAL,TITULAR,FEMENINO,1,050110,AYACUCHO,HUAMANGA,SAN JUAN BAUTISTA,31/10/2025
2023,12,12/01/2024,AYACUCHO,FAMILIA,FISCAL ADJUNTO PROVINCIAL,TITULAR,MASCULINO,2,050110,AYACUCHO,HUAMANGA,SAN JUAN BAUTISTA,31/10/2025
2023,12,12/01/2024,AYACUCHO,FAMILIA,FISCAL ADJUNTO SUPERIOR,PROVISIONAL (Titular Promovido),FEMENINO,1,050110,AYACUCHO,HUAMANGA,SAN JUAN BAUTISTA,31/10/2025
2023,12,12/01/2024,AYACUCHO,FAMILIA,FISCAL PROVINCIAL,PROVISIONAL,FEMENINO,4,050110,AYACUCHO,HUAMANGA,SAN JUAN BAUTISTA,31/10/2025
2023,12,12/01/2024,AYACUCHO,FAMILIA,FISCAL PROVINCIAL,PROVISIONAL,MASCULINO,4,050110,AYACUCHO,HUAMANGA,SAN JUAN BAUTISTA,31/10/2025
2023,12,12/01/2024,AYACUCHO,FAMILIA,FISCAL PROVINCIAL,TITULAR,FEMENINO,2,050110,AYACUCHO,HUAMANGA,SAN JUAN BAUTISTA,31/10/2025
2023,12,12/01/2024,AYACUCHO,FAMILIA,FISCAL PROVINCIAL,TITULAR,MASCULINO,3,050110,AYACUCHO,HUAMANGA,SAN JUAN BAUTISTA,31/10/2025
2023,12,12/01/2024,AYACUCHO,MATERIA AMBIENTAL,FISCAL ADJUNTO PROVINCIAL,PROVISIONAL,FEMENINO,1,050110,AYACUCHO,HUAMANGA,SAN JUAN BAUTISTA,31/10/2025
2023,12,12/01/2024,AYACUCHO,MATERIA AMBIENTAL,FISCAL ADJUNTO PROVINCIAL,PROVISIONAL,MASCULINO,3,050110,AYACUCHO,HUAMANGA,SAN JUAN BAUTISTA,31/10/2025
2023,12,12/01/2024,AYACUCHO,MATERIA AMBIENTAL,FISCAL ADJUNTO PROVINCIAL,TITULAR,MASCULINO,1,050110,AYACUCHO,HUAMANGA,SAN JUAN BAUTISTA,31/10/2025
2023,12,12/01/2024,AYACUCHO,MATERIA AMBIENTAL,FISCAL PROVINCIAL,PROVISIONAL,FEMENINO,1,050110,AYACUCHO,HUAMANGA,SAN JUAN BAUTISTA,31/10/2025
2023,12,12/01/2024,AYACUCHO,MATERIA AMBIENTAL,FISCAL PROVINCIAL,PROVISIONAL,MASCULINO,1,050110,AYACUCHO,HUAMANGA,SAN JUAN BAUTISTA,31/10/2025
2023,12,12/01/2024,AYACUCHO,MATERIA AMBIENTAL,FISCAL PROVINCIAL,TITULAR,MASCULINO,1,050110,AYACUCHO,HUAMANGA,SAN JUAN BAUTISTA,31/10/2025
2023,12,12/01/2024,AYACUCHO,MIXTA,FISCAL ADJUNTO PROVINCIAL,PROVISIONAL,FEMENINO,2,050110,AYACUCHO,HUAMANGA,SAN JUAN BAUTISTA,31/10/2025
2023,12,12/01/2024,AYACUCHO,MIXTA,FISCAL ADJUNTO PROVINCIAL,PROVISIONAL,MASCULINO,6,050110,AYACUCHO,HUAMANGA,SAN JUAN BAUTISTA,31/10/2025
2023,12,12/01/2024,AYACUCHO,MIXTA,FISCAL ADJUNTO PROVINCIAL,TITULAR,FEMENINO,1,050110,AYACUCHO,HUAMANGA,SAN JUAN BAUTISTA,31/10/2025
2023,12,12/01/2024,AYACUCHO,MIXTA,FISCAL ADJUNTO SUPERIOR,PROVISIONAL,FEMENINO,2,050110,AYACUCHO,HUAMANGA,SAN JUAN BAUTISTA,31/10/2025
2023,12,12/01/2024,AYACUCHO,MIXTA,FISCAL ADJUNTO SUPERIOR,PROVISIONAL,MASCULINO,1,050110,AYACUCHO,HUAMANGA,SAN JUAN BAUTISTA,31/10/2025
2023,12,12/01/2024,AYACUCHO,MIXTA,FISCAL PROVINCIAL,PROVISIONAL,MASCULINO,2,050110,AYACUCHO,HUAMANGA,SAN JUAN BAUTISTA,31/10/2025
2023,12,12/01/2024,AYACUCHO,MIXTA,FISCAL PROVINCIAL,PROVISIONAL (Titular Promovido),MASCULINO,1,050110,AYACUCHO,HUAMANGA,SAN JUAN BAUTISTA,31/10/2025
2023,12,12/01/2024,AYACUCHO,MIXTA,FISCAL SUPERIOR,PROVISIONAL,FEMENINO,1,050110,AYACUCHO,HUAMANGA,SAN JUAN BAUTISTA,31/10/2025
2023,12,12/01/2024,AYACUCHO,PENAL,FISCAL ADJUNTO PROVINCIAL,PROVISIONAL,FEMENINO,40,050110,AYACUCHO,HUAMANGA,SAN JUAN BAUTISTA,31/10/2025
2023,12,12/01/2024,AYACUCHO,PENAL,FISCAL ADJUNTO PROVINCIAL,PROVISIONAL,MASCULINO,32,050110,AYACUCHO,HUAMANGA,SAN JUAN BAUTISTA,31/10/2025
2023,12,12/01/2024,AYACUCHO,PENAL,FISCAL ADJUNTO PROVINCIAL,TITULAR,MASCULINO,1,050110,AYACUCHO,HUAMANGA,SAN JUAN BAUTISTA,31/10/2025
2023,12,12/01/2024,AYACUCHO,PENAL,FISCAL ADJUNTO SUPERIOR,PROVISIONAL,FEMENINO,2,050110,AYACUCHO,HUAMANGA,SAN JUAN BAUTISTA,31/10/2025
2023,12,12/01/2024,AYACUCHO,PENAL,FISCAL ADJUNTO SUPERIOR,PROVISIONAL,MASCULINO,3,050110,AYACUCHO,HUAMANGA,SAN JUAN BAUTISTA,31/10/2025
2023,12,12/01/2024,AYACUCHO,PENAL,FISCAL ADJUNTO SUPERIOR,PROVISIONAL (Titular Promovido),FEMENINO,3,050110,AYACUCHO,HUAMANGA,SAN JUAN BAUTISTA,31/10/2025
2023,12,12/01/2024,AYACUCHO,PENAL,FISCAL ADJUNTO SUPERIOR,PROVISIONAL (Titular Promovido),MASCULINO,2,050110,AYACUCHO,HUAMANGA,SAN JUAN BAUTISTA,31/10/2025
2023,12,12/01/2024,AYACUCHO,PENAL,FISCAL PROVINCIAL,PROVISIONAL,FEMENINO,9,050110,AYACUCHO,HUAMANGA,SAN JUAN BAUTISTA,31/10/2025
2023,12,12/01/2024,AYACUCHO,PENAL,FISCAL PROVINCIAL,PROVISIONAL,MASCULINO,16,050110,AYACUCHO,HUAMANGA,SAN JUAN BAUTISTA,31/10/2025
2023,12,12/01/2024,AYACUCHO,PENAL,FISCAL PROVINCIAL,PROVISIONAL (Titular Promovido),FEMENINO,2,050110,AYACUCHO,HUAMANGA,SAN JUAN BAUTISTA,31/10/2025
2023,12,12/01/2024,AYACUCHO,PENAL,FISCAL PROVINCIAL,PROVISIONAL (Titular Promovido),MASCULINO,5,050110,AYACUCHO,HUAMANGA,SAN JUAN BAUTISTA,31/10/2025
2023,12,12/01/2024,AYACUCHO,PENAL,FISCAL PROVINCIAL,TITULAR,FEMENINO,1,050110,AYACUCHO,HUAMANGA,SAN JUAN BAUTISTA,31/10/2025
2023,12,12/01/2024,AYACUCHO,PENAL,FISCAL PROVINCIAL,TITULAR,MASCULINO,6,050110,AYACUCHO,HUAMANGA,SAN JUAN BAUTISTA,31/10/2025
2023,12,12/01/2024,AYACUCHO,PENAL,FISCAL SUPERIOR,PROVISIONAL (Titular Promovido),MASCULINO,2,050110,AYACUCHO,HUAMANGA,SAN JUAN BAUTISTA,31/10/2025
2023,12,12/01/2024,AYACUCHO,PENAL,FISCAL SUPERIOR,TITULAR,MASCULINO,3,050110,AYACUCHO,HUAMANGA,SAN JUAN BAUTISTA,31/10/2025
2023,12,12/01/2024,AYACUCHO,PREVENCION DEL DELITO,FISCAL ADJUNTO PROVINCIAL,PROVISIONAL,FEMENINO,3,050110,AYACUCHO,HUAMANGA,SAN JUAN BAUTISTA,31/10/2025
2023,12,12/01/2024,AYACUCHO,PREVENCION DEL DELITO,FISCAL ADJUNTO PROVINCIAL,PROVISIONAL,MASCULINO,2,050110,AYACUCHO,HUAMANGA,SAN JUAN BAUTISTA,31/10/2025
2023,12,12/01/2024,AYACUCHO,PREVENCION DEL DELITO,FISCAL PROVINCIAL,PROVISIONAL,FEMENINO,1,050110,AYACUCHO,HUAMANGA,SAN JUAN BAUTISTA,31/10/2025
2023,12,12/01/2024,AYACUCHO,PREVENCION DEL DELITO,FISCAL PROVINCIAL,PROVISIONAL,MASCULINO,2,050110,AYACUCHO,HUAMANGA,SAN JUAN BAUTISTA,31/10/2025
2023,12,12/01/2024,AYACUCHO,PREVENCION DEL DELITO,FISCAL PROVINCIAL,TITULAR,FEMENINO,1,050110,AYACUCHO,HUAMANGA,SAN JUAN BAUTISTA,31/10/2025
2023,12,12/01/2024,AYACUCHO,TRAFICO ILICITO DE DROGAS,FISCAL ADJUNTO PROVINCIAL,PROVISIONAL,FEMENINO,2,050110,AYACUCHO,HUAMANGA,SAN JUAN BAUTISTA,31/10/2025
2023,12,12/01/2024,AYACUCHO,TRAFICO ILICITO DE DROGAS,FISCAL ADJUNTO PROVINCIAL,PROVISIONAL,MASCULINO,5,050110,AYACUCHO,HUAMANGA,SAN JUAN BAUTISTA,31/10/2025
2023,12,12/01/2024,AYACUCHO,TRAFICO ILICITO DE DROGAS,FISCAL PROVINCIAL,PROVISIONAL,MASCULINO,1,050110,AYACUCHO,HUAMANGA,SAN JUAN BAUTISTA,31/10/2025
2023,12,12/01/2024,AYACUCHO,TRAFICO ILICITO DE DROGAS,FISCAL PROVINCIAL,PROVISIONAL (Titular Promovido),MASCULINO,1,050110,AYACUCHO,HUAMANGA,SAN JUAN BAUTISTA,31/10/2025
2023,12,12/01/2024,AYACUCHO,TRAFICO ILICITO DE DROGAS,FISCAL PROVINCIAL,TITULAR,MASCULINO,1,050110,AYACUCHO,HUAMANGA,SAN JUAN BAUTISTA,31/10/2025
2023,12,12/01/2024,CAJAMARCA,AUTORIDAD NACIONAL DE CONTROL,FISCAL ADJUNTO SUPERIOR,PROVISIONAL (Titular Promovido),FEMENINO,1,060101,CAJAMARCA,CAJAMARCA,CAJAMARCA,31/10/2025
2023,12,12/01/2024,CAJAMARCA,AUTORIDAD NACIONAL DE CONTROL,FISCAL ADJUNTO SUPERIOR,PROVISIONAL (Titular Promovido),MASCULINO,1,060101,CAJAMARCA,CAJAMARCA,CAJAMARCA,31/10/2025
2023,12,12/01/2024,CAJAMARCA,AUTORIDAD NACIONAL DE CONTROL,FISCAL SUPERIOR,PROVISIONAL (Titular Promovido),MASCULINO,1,060101,CAJAMARCA,CAJAMARCA,CAJAMARCA,31/10/2025
2023,12,12/01/2024,CAJAMARCA,CORRUPCION DE FUNCIONARIOS,FISCAL ADJUNTO PROVINCIAL,PROVISIONAL,FEMENINO,3,060101,CAJAMARCA,CAJAMARCA,CAJAMARCA,31/10/2025
2023,12,12/01/2024,CAJAMARCA,CORRUPCION DE FUNCIONARIOS,FISCAL ADJUNTO PROVINCIAL,PROVISIONAL,MASCULINO,1,060101,CAJAMARCA,CAJAMARCA,CAJAMARCA,31/10/2025
2023,12,12/01/2024,CAJAMARCA,CORRUPCION DE FUNCIONARIOS,FISCAL ADJUNTO PROVINCIAL,TITULAR,FEMENINO,5,060101,CAJAMARCA,CAJAMARCA,CAJAMARCA,31/10/2025
2023,12,12/01/2024,CAJAMARCA,CORRUPCION DE FUNCIONARIOS,FISCAL ADJUNTO PROVINCIAL,TITULAR,MASCULINO,1,060101,CAJAMARCA,CAJAMARCA,CAJAMARCA,31/10/2025
2023,12,12/01/2024,CAJAMARCA,CORRUPCION DE FUNCIONARIOS,FISCAL PROVINCIAL,TITULAR,FEMENINO,2,060101,CAJAMARCA,CAJAMARCA,CAJAMARCA,31/10/2025
2023,12,12/01/2024,CAJAMARCA,CRIMEN ORGANIZADO,FISCAL ADJUNTO PROVINCIAL,PROVISIONAL,MASCULINO,1,060101,CAJAMARCA,CAJAMARCA,CAJAMARCA,31/10/2025
2023,12,12/01/2024,CAJAMARCA,CRIMEN ORGANIZADO,FISCAL ADJUNTO PROVINCIAL,TITULAR,FEMENINO,1,060101,CAJAMARCA,CAJAMARCA,CAJAMARCA,31/10/2025
2023,12,12/01/2024,CAJAMARCA,CRIMEN ORGANIZADO,FISCAL PROVINCIAL,TITULAR,MASCULINO,1,060101,CAJAMARCA,CAJAMARCA,CAJAMARCA,31/10/2025
2023,12,12/01/2024,CAJAMARCA,DERECHOS HUMANOS E INTERCULTURALIDAD,FISCAL ADJUNTO PROVINCIAL,PROVISIONAL,FEMENINO,2,060101,CAJAMARCA,CAJAMARCA,CAJAMARCA,31/10/2025
2023,12,12/01/2024,CAJAMARCA,DERECHOS HUMANOS E INTERCULTURALIDAD,FISCAL PROVINCIAL,PROVISIONAL (Titular Promovido),FEMENINO,1,060101,CAJAMARCA,CAJAMARCA,CAJAMARCA,31/10/2025
2023,12,12/01/2024,CAJAMARCA,EXTINCION DE DOMINIO,FISCAL ADJUNTO PROVINCIAL,PROVISIONAL,FEMENINO,1,060101,CAJAMARCA,CAJAMARCA,CAJAMARCA,31/10/2025
2023,12,12/01/2024,CAJAMARCA,EXTINCION DE DOMINIO,FISCAL ADJUNTO PROVINCIAL,PROVISIONAL,MASCULINO,1,060101,CAJAMARCA,CAJAMARCA,CAJAMARCA,31/10/2025
2023,12,12/01/2024,CAJAMARCA,EXTINCION DE DOMINIO,FISCAL PROVINCIAL,PROVISIONAL (Titular Promovido),FEMENINO,1,060101,CAJAMARCA,CAJAMARCA,CAJAMARCA,31/10/2025
2023,12,12/01/2024,CAJAMARCA,FAMILIA,FISCAL ADJUNTO PROVINCIAL,PROVISIONAL,FEMENINO,5,060101,CAJAMARCA,CAJAMARCA,CAJAMARCA,31/10/2025
2023,12,12/01/2024,CAJAMARCA,FAMILIA,FISCAL ADJUNTO PROVINCIAL,PROVISIONAL,MASCULINO,3,060101,CAJAMARCA,CAJAMARCA,CAJAMARCA,31/10/2025
2023,12,12/01/2024,CAJAMARCA,FAMILIA,FISCAL ADJUNTO PROVINCIAL,TITULAR,FEMENINO,12,060101,CAJAMARCA,CAJAMARCA,CAJAMARCA,31/10/2025
2023,12,12/01/2024,CAJAMARCA,FAMILIA,FISCAL ADJUNTO PROVINCIAL,TITULAR,MASCULINO,4,060101,CAJAMARCA,CAJAMARCA,CAJAMARCA,31/10/2025
2023,12,12/01/2024,CAJAMARCA,FAMILIA,FISCAL ADJUNTO SUPERIOR,TITULAR,MASCULINO,1,060101,CAJAMARCA,CAJAMARCA,CAJAMARCA,31/10/2025
2023,12,12/01/2024,CAJAMARCA,FAMILIA,FISCAL PROVINCIAL,PROVISIONAL (Titular Promovido),FEMENINO,2,060101,CAJAMARCA,CAJAMARCA,CAJAMARCA,31/10/2025
2023,12,12/01/2024,CAJAMARCA,FAMILIA,FISCAL PROVINCIAL,TITULAR,FEMENINO,1,060101,CAJAMARCA,CAJAMARCA,CAJAMARCA,31/10/2025
2023,12,12/01/2024,CAJAMARCA,FAMILIA,FISCAL PROVINCIAL,TITULAR,MASCULINO,9,060101,CAJAMARCA,CAJAMARCA,CAJAMARCA,31/10/2025
2023,12,12/01/2024,CAJAMARCA,FAMILIA,FISCAL SUPERIOR,TITULAR,MASCULINO,1,060101,CAJAMARCA,CAJAMARCA,CAJAMARCA,31/10/2025
2023,12,12/01/2024,CAJAMARCA,MATERIA AMBIENTAL,FISCAL ADJUNTO PROVINCIAL,PROVISIONAL,FEMENINO,2,060101,CAJAMARCA,CAJAMARCA,CAJAMARCA,31/10/2025
2023,12,12/01/2024,CAJAMARCA,MATERIA AMBIENTAL,FISCAL PROVINCIAL,PROVISIONAL (Titular Promovido),MASCULINO,1,060101,CAJAMARCA,CAJAMARCA,CAJAMARCA,31/10/2025
2023,12,12/01/2024,CAJAMARCA,MIXTA,FISCAL ADJUNTO PROVINCIAL,PROVISIONAL,FEMENINO,7,060101,CAJAMARCA,CAJAMARCA,CAJAMARCA,31/10/2025
2023,12,12/01/2024,CAJAMARCA,MIXTA,FISCAL ADJUNTO PROVINCIAL,PROVISIONAL,MASCULINO,5,060101,CAJAMARCA,CAJAMARCA,CAJAMARCA,31/10/2025
2023,12,12/01/2024,CAJAMARCA,MIXTA,FISCAL ADJUNTO PROVINCIAL,TITULAR,FEMENINO,4,060101,CAJAMARCA,CAJAMARCA,CAJAMARCA,31/10/2025
2023,12,12/01/2024,CAJAMARCA,MIXTA,FISCAL ADJUNTO PROVINCIAL,TITULAR,MASCULINO,7,060101,CAJAMARCA,CAJAMARCA,CAJAMARCA,31/10/2025
2023,12,12/01/2024,CAJAMARCA,MIXTA,FISCAL ADJUNTO SUPERIOR,TITULAR,FEMENINO,1,060101,CAJAMARCA,CAJAMARCA,CAJAMARCA,31/10/2025
2023,12,12/01/2024,CAJAMARCA,MIXTA,FISCAL ADJUNTO SUPERIOR,TITULAR,MASCULINO,2,060101,CAJAMARCA,CAJAMARCA,CAJAMARCA,31/10/2025
2023,12,12/01/2024,CAJAMARCA,MIXTA,FISCAL PROVINCIAL,PROVISIONAL,MASCULINO,3,060101,CAJAMARCA,CAJAMARCA,CAJAMARCA,31/10/2025
2023,12,12/01/2024,CAJAMARCA,MIXTA,FISCAL PROVINCIAL,PROVISIONAL (Titular Promovido),MASCULINO,3,060101,CAJAMARCA,CAJAMARCA,CAJAMARCA,31/10/2025
2023,12,12/01/2024,CAJAMARCA,MIXTA,FISCAL PROVINCIAL,TITULAR,FEMENINO,1,060101,CAJAMARCA,CAJAMARCA,CAJAMARCA,31/10/2025
2023,12,12/01/2024,CAJAMARCA,MIXTA,FISCAL PROVINCIAL,TITULAR,MASCULINO,1,060101,CAJAMARCA,CAJAMARCA,CAJAMARCA,31/10/2025
2023,12,12/01/2024,CAJAMARCA,MIXTA,FISCAL SUPERIOR,PROVISIONAL (Titular Promovido),MASCULINO,1,060101,CAJAMARCA,CAJAMARCA,CAJAMARCA,31/10/2025
2023,12,12/01/2024,CAJAMARCA,PENAL,FISCAL ADJUNTO PROVINCIAL,PROVISIONAL,FEMENINO,17,060101,CAJAMARCA,CAJAMARCA,CAJAMARCA,31/10/2025
2023,12,12/01/2024,CAJAMARCA,PENAL,FISCAL ADJUNTO PROVINCIAL,PROVISIONAL,MASCULINO,6,060101,CAJAMARCA,CAJAMARCA,CAJAMARCA,31/10/2025
2023,12,12/01/2024,CAJAMARCA,PENAL,FISCAL ADJUNTO PROVINCIAL,TITULAR,FEMENINO,17,060101,CAJAMARCA,CAJAMARCA,CAJAMARCA,31/10/2025
2023,12,12/01/2024,CAJAMARCA,PENAL,FISCAL ADJUNTO PROVINCIAL,TITULAR,MASCULINO,27,060101,CAJAMARCA,CAJAMARCA,CAJAMARCA,31/10/2025
2023,12,12/01/2024,CAJAMARCA,PENAL,FISCAL ADJUNTO SUPERIOR,PROVISIONAL (Titular Promovido),FEMENINO,1,060101,CAJAMARCA,CAJAMARCA,CAJAMARCA,31/10/2025
2023,12,12/01/2024,CAJAMARCA,PENAL,FISCAL ADJUNTO SUPERIOR,PROVISIONAL (Titular Promovido),MASCULINO,1,060101,CAJAMARCA,CAJAMARCA,CAJAMARCA,31/10/2025
2023,12,12/01/2024,CAJAMARCA,PENAL,FISCAL ADJUNTO SUPERIOR,TITULAR,FEMENINO,1,060101,CAJAMARCA,CAJAMARCA,CAJAMARCA,31/10/2025
2023,12,12/01/2024,CAJAMARCA,PENAL,FISCAL ADJUNTO SUPERIOR,TITULAR,MASCULINO,3,060101,CAJAMARCA,CAJAMARCA,CAJAMARCA,31/10/2025
2023,12,12/01/2024,CAJAMARCA,PENAL,FISCAL PROVINCIAL,PROVISIONAL,MASCULINO,1,060101,CAJAMARCA,CAJAMARCA,CAJAMARCA,31/10/2025
2023,12,12/01/2024,CAJAMARCA,PENAL,FISCAL PROVINCIAL,PROVISIONAL (Titular Promovido),MASCULINO,1,060101,CAJAMARCA,CAJAMARCA,CAJAMARCA,31/10/2025
2023,12,12/01/2024,CAJAMARCA,PENAL,FISCAL PROVINCIAL,TITULAR,FEMENINO,11,060101,CAJAMARCA,CAJAMARCA,CAJAMARCA,31/10/2025
2023,12,12/01/2024,CAJAMARCA,PENAL,FISCAL PROVINCIAL,TITULAR,MASCULINO,25,060101,CAJAMARCA,CAJAMARCA,CAJAMARCA,31/10/2025
2023,12,12/01/2024,CAJAMARCA,PENAL,FISCAL SUPERIOR,PROVISIONAL (Titular Promovido),MASCULINO,1,060101,CAJAMARCA,CAJAMARCA,CAJAMARCA,31/10/2025
2023,12,12/01/2024,CAJAMARCA,PENAL,FISCAL SUPERIOR,TITULAR,MASCULINO,2,060101,CAJAMARCA,CAJAMARCA,CAJAMARCA,31/10/2025
2023,12,12/01/2024,CAJAMARCA,PREVENCION DEL DELITO,FISCAL ADJUNTO PROVINCIAL,TITULAR,FEMENINO,2,060101,CAJAMARCA,CAJAMARCA,CAJAMARCA,31/10/2025
2023,12,12/01/2024,CAJAMARCA,PREVENCION DEL DELITO,FISCAL ADJUNTO PROVINCIAL,TITULAR,MASCULINO,1,060101,CAJAMARCA,CAJAMARCA,CAJAMARCA,31/10/2025
2023,12,12/01/2024,CAJAMARCA,PREVENCION DEL DELITO,FISCAL PROVINCIAL,TITULAR,FEMENINO,2,060101,CAJAMARCA,CAJAMARCA,CAJAMARCA,31/10/2025
2023,12,12/01/2024,CAJAMARCA,VIOLENCIA CONTRA LA MUJER E INTEGRANTES DEL GRUPO FAMILIAR,FISCAL ADJUNTO PROVINCIAL,PROVISIONAL,FEMENINO,1,060101,CAJAMARCA,CAJAMARCA,CAJAMARCA,31/10/2025
2023,12,12/01/2024,CAJAMARCA,VIOLENCIA CONTRA LA MUJER E INTEGRANTES DEL GRUPO FAMILIAR,FISCAL ADJUNTO PROVINCIAL,TITULAR,FEMENINO,1,060101,CAJAMARCA,CAJAMARCA,CAJAMARCA,31/10/2025
2023,12,12/01/2024,CAJAMARCA,VIOLENCIA CONTRA LA MUJER E INTEGRANTES DEL GRUPO FAMILIAR,FISCAL PROVINCIAL,TITULAR,FEMENINO,2,060101,CAJAMARCA,CAJAMARCA,CAJAMARCA,31/10/2025
2023,12,12/01/2024,CAJAMARCA,VIOLENCIA CONTRA LA MUJER E INTEGRANTES DEL GRUPO FAMILIAR,FISCAL PROVINCIAL,TITULAR,MASCULINO,1,060101,CAJAMARCA,CAJAMARCA,CAJAMARCA,31/10/2025
2023,12,12/01/2024,CALLAO,AUTORIDAD NACIONAL DE CONTROL,FISCAL ADJUNTO PROVINCIAL,PROVISIONAL,FEMENINO,2,070101,CALLAO,CALLAO,CALLAO,31/10/2025
2023,12,12/01/2024,CALLAO,AUTORIDAD NACIONAL DE CONTROL,FISCAL ADJUNTO SUPERIOR,PROVISIONAL (Titular Promovido),FEMENINO,2,070101,CALLAO,CALLAO,CALLAO,31/10/2025
2023,12,12/01/2024,CALLAO,AUTORIDAD NACIONAL DE CONTROL,FISCAL SUPERIOR,TITULAR,FEMENINO,1,070101,CALLAO,CALLAO,CALLAO,31/10/2025
2023,12,12/01/2024,CALLAO,CORRUPCION DE FUNCIONARIOS,FISCAL ADJUNTO PROVINCIAL,PROVISIONAL,FEMENINO,7,070101,CALLAO,CALLAO,CALLAO,31/10/2025
2023,12,12/01/2024,CALLAO,CORRUPCION DE FUNCIONARIOS,FISCAL ADJUNTO PROVINCIAL,PROVISIONAL,MASCULINO,1,070101,CALLAO,CALLAO,CALLAO,31/10/2025
2023,12,12/01/2024,CALLAO,CORRUPCION DE FUNCIONARIOS,FISCAL ADJUNTO PROVINCIAL,TITULAR,FEMENINO,1,070101,CALLAO,CALLAO,CALLAO,31/10/2025
2023,12,12/01/2024,CALLAO,CORRUPCION DE FUNCIONARIOS,FISCAL ADJUNTO SUPERIOR,PROVISIONAL (Titular Promovido),FEMENINO,2,070101,CALLAO,CALLAO,CALLAO,31/10/2025
2023,12,12/01/2024,CALLAO,CORRUPCION DE FUNCIONARIOS,FISCAL PROVINCIAL,PROVISIONAL,MASCULINO,1,070101,CALLAO,CALLAO,CALLAO,31/10/2025
2023,12,12/01/2024,CALLAO,CORRUPCION DE FUNCIONARIOS,FISCAL PROVINCIAL,PROVISIONAL (Titular Promovido),MASCULINO,2,070101,CALLAO,CALLAO,CALLAO,31/10/2025
2023,12,12/01/2024,CALLAO,CORRUPCION DE FUNCIONARIOS,FISCAL PROVINCIAL,TITULAR,MASCULINO,1,070101,CALLAO,CALLAO,CALLAO,31/10/2025
2023,12,12/01/2024,CALLAO,CORRUPCION DE FUNCIONARIOS,FISCAL SUPERIOR,TITULAR,FEMENINO,1,070101,CALLAO,CALLAO,CALLAO,31/10/2025
2023,12,12/01/2024,CALLAO,CRIMEN ORGANIZADO,FISCAL ADJUNTO PROVINCIAL,PROVISIONAL,FEMENINO,3,070101,CALLAO,CALLAO,CALLAO,31/10/2025
2023,12,12/01/2024,CALLAO,CRIMEN ORGANIZADO,FISCAL ADJUNTO PROVINCIAL,PROVISIONAL,MASCULINO,2,070101,CALLAO,CALLAO,CALLAO,31/10/2025
2023,12,12/01/2024,CALLAO,CRIMEN ORGANIZADO,FISCAL PROVINCIAL,PROVISIONAL (Titular Promovido),MASCULINO,1,070101,CALLAO,CALLAO,CALLAO,31/10/2025
2023,12,12/01/2024,CALLAO,DELITOS ADUANEROS Y CONTRA LA PROPIEDAD INTELECTUAL,FISCAL ADJUNTO PROVINCIAL,PROVISIONAL,FEMENINO,4,070101,CALLAO,CALLAO,CALLAO,31/10/2025
2023,12,12/01/2024,CALLAO,DELITOS ADUANEROS Y CONTRA LA PROPIEDAD INTELECTUAL,FISCAL ADJUNTO PROVINCIAL,PROVISIONAL,MASCULINO,1,070101,CALLAO,CALLAO,CALLAO,31/10/2025
2023,12,12/01/2024,CALLAO,DELITOS ADUANEROS Y CONTRA LA PROPIEDAD INTELECTUAL,FISCAL ADJUNTO PROVINCIAL,TITULAR,MASCULINO,1,070101,CALLAO,CALLAO,CALLAO,31/10/2025
2023,12,12/01/2024,CALLAO,DELITOS ADUANEROS Y CONTRA LA PROPIEDAD INTELECTUAL,FISCAL PROVINCIAL,PROVISIONAL,FEMENINO,1,070101,CALLAO,CALLAO,CALLAO,31/10/2025
2023,12,12/01/2024,CALLAO,DELITOS ADUANEROS Y CONTRA LA PROPIEDAD INTELECTUAL,FISCAL PROVINCIAL,TITULAR,FEMENINO,1,070101,CALLAO,CALLAO,CALLAO,31/10/2025
2023,12,12/01/2024,CALLAO,DELITOS ADUANEROS Y CONTRA LA PROPIEDAD INTELECTUAL,FISCAL PROVINCIAL,TITULAR,MASCULINO,1,070101,CALLAO,CALLAO,CALLAO,31/10/2025
2023,12,12/01/2024,CALLAO,DELITOS DE TRATA DE PERSONAS,FISCAL ADJUNTO PROVINCIAL,PROVISIONAL,FEMENINO,2,070101,CALLAO,CALLAO,CALLAO,31/10/2025
2023,12,12/01/2024,CALLAO,DELITOS DE TRATA DE PERSONAS,FISCAL PROVINCIAL,PROVISIONAL (Titular Promovido),FEMENINO,1,070101,CALLAO,CALLAO,CALLAO,31/10/2025
2023,12,12/01/2024,CALLAO,FAMILIA,FISCAL ADJUNTO PROVINCIAL,PROVISIONAL,FEMENINO,5,070101,CALLAO,CALLAO,CALLAO,31/10/2025
2023,12,12/01/2024,CALLAO,FAMILIA,FISCAL ADJUNTO PROVINCIAL,PROVISIONAL,MASCULINO,1,070101,CALLAO,CALLAO,CALLAO,31/10/2025
2023,12,12/01/2024,CALLAO,FAMILIA,FISCAL ADJUNTO SUPERIOR,TITULAR,MASCULINO,1,070101,CALLAO,CALLAO,CALLAO,31/10/2025
2023,12,12/01/2024,CALLAO,FAMILIA,FISCAL PROVINCIAL,PROVISIONAL (Titular Promovido),FEMENINO,1,070101,CALLAO,CALLAO,CALLAO,31/10/2025
2023,12,12/01/2024,CALLAO,FAMILIA,FISCAL PROVINCIAL,PROVISIONAL (Titular Promovido),MASCULINO,1,070101,CALLAO,CALLAO,CALLAO,31/10/2025
2023,12,12/01/2024,CALLAO,FAMILIA,FISCAL PROVINCIAL,TITULAR,FEMENINO,2,070101,CALLAO,CALLAO,CALLAO,31/10/2025
2023,12,12/01/2024,CALLAO,FAMILIA,FISCAL PROVINCIAL,TITULAR,MASCULINO,1,070101,CALLAO,CALLAO,CALLAO,31/10/2025
2023,12,12/01/2024,CALLAO,FAMILIA,FISCAL SUPERIOR,PROVISIONAL (Titular Promovido),FEMENINO,1,070101,CALLAO,CALLAO,CALLAO,31/10/2025
2023,12,12/01/2024,CALLAO,LAVADO DE ACTIVOS,FISCAL ADJUNTO PROVINCIAL,PROVISIONAL,FEMENINO,5,070101,CALLAO,CALLAO,CALLAO,31/10/2025
2023,12,12/01/2024,CALLAO,LAVADO DE ACTIVOS,FISCAL PROVINCIAL,PROVISIONAL (Titular Promovido),MASCULINO,1,070101,CALLAO,CALLAO,CALLAO,31/10/2025
2023,12,12/01/2024,CALLAO,LAVADO DE ACTIVOS,FISCAL PROVINCIAL,TITULAR,MASCULINO,1,070101,CALLAO,CALLAO,CALLAO,31/10/2025
2023,12,12/01/2024,CALLAO,MATERIA AMBIENTAL,FISCAL ADJUNTO PROVINCIAL,PROVISIONAL,FEMENINO,1,070101,CALLAO,CALLAO,CALLAO,31/10/2025
2023,12,12/01/2024,CALLAO,MATERIA AMBIENTAL,FISCAL ADJUNTO PROVINCIAL,PROVISIONAL,MASCULINO,2,070101,CALLAO,CALLAO,CALLAO,31/10/2025
2023,12,12/01/2024,CALLAO,MATERIA AMBIENTAL,FISCAL PROVINCIAL,TITULAR,MASCULINO,1,070101,CALLAO,CALLAO,CALLAO,31/10/2025
2023,12,12/01/2024,CALLAO,PENAL,FISCAL ADJUNTO PROVINCIAL,PROVISIONAL,FEMENINO,78,070101,CALLAO,CALLAO,CALLAO,31/10/2025
2023,12,12/01/2024,CALLAO,PENAL,FISCAL ADJUNTO PROVINCIAL,PROVISIONAL,MASCULINO,23,070101,CALLAO,CALLAO,CALLAO,31/10/2025
2023,12,12/01/2024,CALLAO,PENAL,FISCAL ADJUNTO PROVINCIAL,TITULAR,FEMENINO,4,070101,CALLAO,CALLAO,CALLAO,31/10/2025
2023,12,12/01/2024,CALLAO,PENAL,FISCAL ADJUNTO PROVINCIAL,TITULAR,MASCULINO,2,070101,CALLAO,CALLAO,CALLAO,31/10/2025
2023,12,12/01/2024,CALLAO,PENAL,FISCAL ADJUNTO SUPERIOR,PROVISIONAL (Titular Promovido),FEMENINO,3,070101,CALLAO,CALLAO,CALLAO,31/10/2025
2023,12,12/01/2024,CALLAO,PENAL,FISCAL ADJUNTO SUPERIOR,PROVISIONAL (Titular Promovido),MASCULINO,1,070101,CALLAO,CALLAO,CALLAO,31/10/2025
2023,12,12/01/2024,CALLAO,PENAL,FISCAL ADJUNTO SUPERIOR,TITULAR,FEMENINO,8,070101,CALLAO,CALLAO,CALLAO,31/10/2025
2023,12,12/01/2024,CALLAO,PENAL,FISCAL ADJUNTO SUPERIOR,TITULAR,MASCULINO,3,070101,CALLAO,CALLAO,CALLAO,31/10/2025
2023,12,12/01/2024,CALLAO,PENAL,FISCAL PROVINCIAL,PROVISIONAL,FEMENINO,14,070101,CALLAO,CALLAO,CALLAO,31/10/2025
2023,12,12/01/2024,CALLAO,PENAL,FISCAL PROVINCIAL,PROVISIONAL,MASCULINO,7,070101,CALLAO,CALLAO,CALLAO,31/10/2025
2023,12,12/01/2024,CALLAO,PENAL,FISCAL PROVINCIAL,PROVISIONAL (Titular Promovido),FEMENINO,12,070101,CALLAO,CALLAO,CALLAO,31/10/2025
2023,12,12/01/2024,CALLAO,PENAL,FISCAL PROVINCIAL,PROVISIONAL (Titular Promovido),MASCULINO,13,070101,CALLAO,CALLAO,CALLAO,31/10/2025
2023,12,12/01/2024,CALLAO,PENAL,FISCAL PROVINCIAL,TITULAR,FEMENINO,6,070101,CALLAO,CALLAO,CALLAO,31/10/2025
2023,12,12/01/2024,CALLAO,PENAL,FISCAL PROVINCIAL,TITULAR,MASCULINO,5,070101,CALLAO,CALLAO,CALLAO,31/10/2025
2023,12,12/01/2024,CALLAO,PENAL,FISCAL SUPERIOR,PROVISIONAL (Titular Promovido),FEMENINO,2,070101,CALLAO,CALLAO,CALLAO,31/10/2025
2023,12,12/01/2024,CALLAO,PENAL,FISCAL SUPERIOR,PROVISIONAL (Titular Promovido),MASCULINO,2,070101,CALLAO,CALLAO,CALLAO,31/10/2025
2023,12,12/01/2024,CALLAO,PENAL,FISCAL SUPERIOR,TITULAR,FEMENINO,1,070101,CALLAO,CALLAO,CALLAO,31/10/2025
2023,12,12/01/2024,CALLAO,PENAL,FISCAL SUPERIOR,TITULAR,MASCULINO,2,070101,CALLAO,CALLAO,CALLAO,31/10/2025
2023,12,12/01/2024,CALLAO,POOL / EQUIPO DE APOYO FISCAL (SIN ESPECIALIDAD),FISCAL ADJUNTO PROVINCIAL,PROVISIONAL,FEMENINO,9,070101,CALLAO,CALLAO,CALLAO,31/10/2025
2023,12,12/01/2024,CALLAO,POOL / EQUIPO DE APOYO FISCAL (SIN ESPECIALIDAD),FISCAL ADJUNTO PROVINCIAL,PROVISIONAL,MASCULINO,5,070101,CALLAO,CALLAO,CALLAO,31/10/2025
2023,12,12/01/2024,CALLAO,POOL / EQUIPO DE APOYO FISCAL (SIN ESPECIALIDAD),FISCAL ADJUNTO PROVINCIAL,TITULAR,MASCULINO,1,070101,CALLAO,CALLAO,CALLAO,31/10/2025
2023,12,12/01/2024,CALLAO,PREVENCION DEL DELITO,FISCAL ADJUNTO PROVINCIAL,PROVISIONAL,FEMENINO,4,070101,CALLAO,CALLAO,CALLAO,31/10/2025
2023,12,12/01/2024,CALLAO,PREVENCION DEL DELITO,FISCAL PROVINCIAL,TITULAR,MASCULINO,1,070101,CALLAO,CALLAO,CALLAO,31/10/2025
2023,12,12/01/2024,CALLAO,TRAFICO ILICITO DE DROGAS,FISCAL ADJUNTO PROVINCIAL,PROVISIONAL,FEMENINO,6,070101,CALLAO,CALLAO,CALLAO,31/10/2025
2023,12,12/01/2024,CALLAO,TRAFICO ILICITO DE DROGAS,FISCAL ADJUNTO PROVINCIAL,PROVISIONAL,MASCULINO,8,070101,CALLAO,CALLAO,CALLAO,31/10/2025
2023,12,12/01/2024,CALLAO,TRAFICO ILICITO DE DROGAS,FISCAL ADJUNTO PROVINCIAL,TITULAR,FEMENINO,1,070101,CALLAO,CALLAO,CALLAO,31/10/2025
2023,12,12/01/2024,CALLAO,TRAFICO ILICITO DE DROGAS,FISCAL ADJUNTO PROVINCIAL,TITULAR,MASCULINO,4,070101,CALLAO,CALLAO,CALLAO,31/10/2025
2023,12,12/01/2024,CALLAO,TRAFICO ILICITO DE DROGAS,FISCAL PROVINCIAL,PROVISIONAL,MASCULINO,1,070101,CALLAO,CALLAO,CALLAO,31/10/2025
2023,12,12/01/2024,CALLAO,TRAFICO ILICITO DE DROGAS,FISCAL PROVINCIAL,PROVISIONAL (Titular Promovido),FEMENINO,1,070101,CALLAO,CALLAO,CALLAO,31/10/2025
2023,12,12/01/2024,CALLAO,TRAFICO ILICITO DE DROGAS,FISCAL PROVINCIAL,TITULAR,FEMENINO,1,070101,CALLAO,CALLAO,CALLAO,31/10/2025
2023,12,12/01/2024,CALLAO,TRAFICO ILICITO DE DROGAS,FISCAL PROVINCIAL,TITULAR,MASCULINO,3,070101,CALLAO,CALLAO,CALLAO,31/10/2025
2023,12,12/01/2024,CALLAO,TRANSITO Y SEGURIDAD VIAL,FISCAL ADJUNTO PROVINCIAL,PROVISIONAL,FEMENINO,4,070101,CALLAO,CALLAO,CALLAO,31/10/2025
2023,12,12/01/2024,CALLAO,TRANSITO Y SEGURIDAD VIAL,FISCAL ADJUNTO PROVINCIAL,PROVISIONAL,MASCULINO,4,070101,CALLAO,CALLAO,CALLAO,31/10/2025
2023,12,12/01/2024,CALLAO,TRANSITO Y SEGURIDAD VIAL,FISCAL PROVINCIAL,PROVISIONAL,FEMENINO,2,070101,CALLAO,CALLAO,CALLAO,31/10/2025
2023,12,12/01/2024,CALLAO,TRANSITO Y SEGURIDAD VIAL,FISCAL PROVINCIAL,PROVISIONAL,MASCULINO,1,070101,CALLAO,CALLAO,CALLAO,31/10/2025
2023,12,12/01/2024,CALLAO,TRANSITO Y SEGURIDAD VIAL,FISCAL PROVINCIAL,PROVISIONAL (Titular Promovido),MASCULINO,1,070101,CALLAO,CALLAO,CALLAO,31/10/2025
2023,12,12/01/2024,CALLAO,VIOLENCIA CONTRA LA MUJER E INTEGRANTES DEL GRUPO FAMILIAR,FISCAL ADJUNTO PROVINCIAL,PROVISIONAL,FEMENINO,12,070101,CALLAO,CALLAO,CALLAO,31/10/2025
2023,12,12/01/2024,CALLAO,VIOLENCIA CONTRA LA MUJER E INTEGRANTES DEL GRUPO FAMILIAR,FISCAL ADJUNTO PROVINCIAL,PROVISIONAL,MASCULINO,7,070101,CALLAO,CALLAO,CALLAO,31/10/2025
2023,12,12/01/2024,CALLAO,VIOLENCIA CONTRA LA MUJER E INTEGRANTES DEL GRUPO FAMILIAR,FISCAL PROVINCIAL,PROVISIONAL,FEMENINO,2,070101,CALLAO,CALLAO,CALLAO,31/10/2025
2023,12,12/01/2024,CALLAO,VIOLENCIA CONTRA LA MUJER E INTEGRANTES DEL GRUPO FAMILIAR,FISCAL PROVINCIAL,PROVISIONAL,MASCULINO,2,070101,CALLAO,CALLAO,CALLAO,31/10/2025
2023,12,12/01/2024,CALLAO,VIOLENCIA CONTRA LA MUJER E INTEGRANTES DEL GRUPO FAMILIAR,FISCAL PROVINCIAL,PROVISIONAL (Titular Promovido),FEMENINO,4,070101,CALLAO,CALLAO,CALLAO,31/10/2025
2023,12,12/01/2024,CALLAO,VIOLENCIA CONTRA LA MUJER E INTEGRANTES DEL GRUPO FAMILIAR,FISCAL PROVINCIAL,PROVISIONAL (Titular Promovido),MASCULINO,1,070101,CALLAO,CALLAO,CALLAO,31/10/2025
2023,12,12/01/2024,CAÑETE,AUTORIDAD NACIONAL DE CONTROL,FISCAL ADJUNTO SUPERIOR,PROVISIONAL (Titular Promovido),FEMENINO,1,150501,LIMA,CAÑETE,SAN VICENTE DE CAÑETE,31/10/2025
2023,12,12/01/2024,CAÑETE,AUTORIDAD NACIONAL DE CONTROL,FISCAL ADJUNTO SUPERIOR,PROVISIONAL (Titular Promovido),MASCULINO,1,150501,LIMA,CAÑETE,SAN VICENTE DE CAÑETE,31/10/2025
2023,12,12/01/2024,CAÑETE,AUTORIDAD NACIONAL DE CONTROL,FISCAL SUPERIOR,PROVISIONAL (Titular Promovido),MASCULINO,1,150501,LIMA,CAÑETE,SAN VICENTE DE CAÑETE,31/10/2025
2023,12,12/01/2024,CAÑETE,CORRUPCION DE FUNCIONARIOS,FISCAL ADJUNTO PROVINCIAL,PROVISIONAL,FEMENINO,3,150501,LIMA,CAÑETE,SAN VICENTE DE CAÑETE,31/10/2025
2023,12,12/01/2024,CAÑETE,CORRUPCION DE FUNCIONARIOS,FISCAL ADJUNTO PROVINCIAL,PROVISIONAL,MASCULINO,3,150501,LIMA,CAÑETE,SAN VICENTE DE CAÑETE,31/10/2025
2023,12,12/01/2024,CAÑETE,CORRUPCION DE FUNCIONARIOS,FISCAL PROVINCIAL,TITULAR,FEMENINO,1,150501,LIMA,CAÑETE,SAN VICENTE DE CAÑETE,31/10/2025
2023,12,12/01/2024,CAÑETE,FAMILIA,FISCAL ADJUNTO PROVINCIAL,PROVISIONAL,FEMENINO,5,150501,LIMA,CAÑETE,SAN VICENTE DE CAÑETE,31/10/2025
2023,12,12/01/2024,CAÑETE,FAMILIA,FISCAL ADJUNTO SUPERIOR,PROVISIONAL (Titular Promovido),FEMENINO,1,150501,LIMA,CAÑETE,SAN VICENTE DE CAÑETE,31/10/2025
2023,12,12/01/2024,CAÑETE,FAMILIA,FISCAL PROVINCIAL,PROVISIONAL,FEMENINO,1,150501,LIMA,CAÑETE,SAN VICENTE DE CAÑETE,31/10/2025
2023,12,12/01/2024,CAÑETE,FAMILIA,FISCAL PROVINCIAL,PROVISIONAL (Titular Promovido),FEMENINO,1,150501,LIMA,CAÑETE,SAN VICENTE DE CAÑETE,31/10/2025
2023,12,12/01/2024,CAÑETE,FAMILIA,FISCAL PROVINCIAL,TITULAR,FEMENINO,1,150501,LIMA,CAÑETE,SAN VICENTE DE CAÑETE,31/10/2025
2023,12,12/01/2024,CAÑETE,FAMILIA,FISCAL PROVINCIAL,TITULAR,MASCULINO,1,150501,LIMA,CAÑETE,SAN VICENTE DE CAÑETE,31/10/2025
2023,12,12/01/2024,CAÑETE,FAMILIA,FISCAL SUPERIOR,TITULAR,MASCULINO,1,150501,LIMA,CAÑETE,SAN VICENTE DE CAÑETE,31/10/2025
2023,12,12/01/2024,CAÑETE,PENAL,FISCAL ADJUNTO PROVINCIAL,PROVISIONAL,FEMENINO,10,150501,LIMA,CAÑETE,SAN VICENTE DE CAÑETE,31/10/2025
2023,12,12/01/2024,CAÑETE,PENAL,FISCAL ADJUNTO PROVINCIAL,PROVISIONAL,MASCULINO,6,150501,LIMA,CAÑETE,SAN VICENTE DE CAÑETE,31/10/2025
2023,12,12/01/2024,CAÑETE,PENAL,FISCAL ADJUNTO PROVINCIAL,TITULAR,FEMENINO,3,150501,LIMA,CAÑETE,SAN VICENTE DE CAÑETE,31/10/2025
2023,12,12/01/2024,CAÑETE,PENAL,FISCAL ADJUNTO PROVINCIAL,TITULAR,MASCULINO,5,150501,LIMA,CAÑETE,SAN VICENTE DE CAÑETE,31/10/2025
2023,12,12/01/2024,CAÑETE,PENAL,FISCAL ADJUNTO SUPERIOR,PROVISIONAL (Titular Promovido),FEMENINO,1,150501,LIMA,CAÑETE,SAN VICENTE DE CAÑETE,31/10/2025
2023,12,12/01/2024,CAÑETE,PENAL,FISCAL ADJUNTO SUPERIOR,PROVISIONAL (Titular Promovido),MASCULINO,1,150501,LIMA,CAÑETE,SAN VICENTE DE CAÑETE,31/10/2025
2023,12,12/01/2024,CAÑETE,PENAL,FISCAL ADJUNTO SUPERIOR,TITULAR,MASCULINO,2,150501,LIMA,CAÑETE,SAN VICENTE DE CAÑETE,31/10/2025
2023,12,12/01/2024,CAÑETE,PENAL,FISCAL PROVINCIAL,PROVISIONAL,FEMENINO,1,150501,LIMA,CAÑETE,SAN VICENTE DE CAÑETE,31/10/2025
2023,12,12/01/2024,CAÑETE,PENAL,FISCAL PROVINCIAL,PROVISIONAL (Titular Promovido),MASCULINO,4,150501,LIMA,CAÑETE,SAN VICENTE DE CAÑETE,31/10/2025
2023,12,12/01/2024,CAÑETE,PENAL,FISCAL PROVINCIAL,TITULAR,FEMENINO,2,150501,LIMA,CAÑETE,SAN VICENTE DE CAÑETE,31/10/2025
2023,12,12/01/2024,CAÑETE,PENAL,FISCAL PROVINCIAL,TITULAR,MASCULINO,6,150501,LIMA,CAÑETE,SAN VICENTE DE CAÑETE,31/10/2025
2023,12,12/01/2024,CAÑETE,PENAL,FISCAL SUPERIOR,PROVISIONAL (Titular Promovido),FEMENINO,1,150501,LIMA,CAÑETE,SAN VICENTE DE CAÑETE,31/10/2025
2023,12,12/01/2024,CAÑETE,PENAL,FISCAL SUPERIOR,TITULAR,MASCULINO,1,150501,LIMA,CAÑETE,SAN VICENTE DE CAÑETE,31/10/2025
2023,12,12/01/2024,CAÑETE,PREVENCION DEL DELITO,FISCAL ADJUNTO PROVINCIAL,PROVISIONAL,FEMENINO,3,150501,LIMA,CAÑETE,SAN VICENTE DE CAÑETE,31/10/2025
2023,12,12/01/2024,CAÑETE,PREVENCION DEL DELITO,FISCAL ADJUNTO PROVINCIAL,PROVISIONAL,MASCULINO,1,150501,LIMA,CAÑETE,SAN VICENTE DE CAÑETE,31/10/2025
2023,12,12/01/2024,CAÑETE,PREVENCION DEL DELITO,FISCAL PROVINCIAL,PROVISIONAL (Titular Promovido),MASCULINO,2,150501,LIMA,CAÑETE,SAN VICENTE DE CAÑETE,31/10/2025
2023,12,12/01/2024,CUSCO,AUTORIDAD NACIONAL DE CONTROL,FISCAL ADJUNTO SUPERIOR,PROVISIONAL (Titular Promovido),MASCULINO,2,080108,CUSCO,CUSCO,WANCHAQ,31/10/2025
2023,12,12/01/2024,CUSCO,AUTORIDAD NACIONAL DE CONTROL,FISCAL SUPERIOR,PROVISIONAL (Titular Promovido),MASCULINO,1,080108,CUSCO,CUSCO,WANCHAQ,31/10/2025
2023,12,12/01/2024,CUSCO,CORRUPCION DE FUNCIONARIOS,FISCAL ADJUNTO PROVINCIAL,PROVISIONAL,FEMENINO,9,080108,CUSCO,CUSCO,WANCHAQ,31/10/2025
2023,12,12/01/2024,CUSCO,CORRUPCION DE FUNCIONARIOS,FISCAL ADJUNTO PROVINCIAL,PROVISIONAL,MASCULINO,6,080108,CUSCO,CUSCO,WANCHAQ,31/10/2025
2023,12,12/01/2024,CUSCO,CORRUPCION DE FUNCIONARIOS,FISCAL ADJUNTO PROVINCIAL,TITULAR,FEMENINO,3,080108,CUSCO,CUSCO,WANCHAQ,31/10/2025
2023,12,12/01/2024,CUSCO,CORRUPCION DE FUNCIONARIOS,FISCAL ADJUNTO PROVINCIAL,TITULAR,MASCULINO,1,080108,CUSCO,CUSCO,WANCHAQ,31/10/2025
2023,12,12/01/2024,CUSCO,CORRUPCION DE FUNCIONARIOS,FISCAL PROVINCIAL,PROVISIONAL,MASCULINO,1,080108,CUSCO,CUSCO,WANCHAQ,31/10/2025
2023,12,12/01/2024,CUSCO,CORRUPCION DE FUNCIONARIOS,FISCAL PROVINCIAL,PROVISIONAL (Titular Promovido),MASCULINO,2,080108,CUSCO,CUSCO,WANCHAQ,31/10/2025
2023,12,12/01/2024,CUSCO,CORRUPCION DE FUNCIONARIOS,FISCAL PROVINCIAL,TITULAR,FEMENINO,2,080108,CUSCO,CUSCO,WANCHAQ,31/10/2025
2023,12,12/01/2024,CUSCO,CRIMEN ORGANIZADO,FISCAL ADJUNTO PROVINCIAL,TITULAR,FEMENINO,1,080108,CUSCO,CUSCO,WANCHAQ,31/10/2025
2023,12,12/01/2024,CUSCO,CRIMEN ORGANIZADO,FISCAL ADJUNTO PROVINCIAL,TITULAR,MASCULINO,1,080108,CUSCO,CUSCO,WANCHAQ,31/10/2025
2023,12,12/01/2024,CUSCO,CRIMEN ORGANIZADO,FISCAL PROVINCIAL,PROVISIONAL,MASCULINO,1,080108,CUSCO,CUSCO,WANCHAQ,31/10/2025
2023,12,12/01/2024,CUSCO,DELITOS DE TRATA DE PERSONAS,FISCAL ADJUNTO PROVINCIAL,PROVISIONAL,FEMENINO,1,080108,CUSCO,CUSCO,WANCHAQ,31/10/2025
2023,12,12/01/2024,CUSCO,DELITOS DE TRATA DE PERSONAS,FISCAL ADJUNTO PROVINCIAL,PROVISIONAL,MASCULINO,1,080108,CUSCO,CUSCO,WANCHAQ,31/10/2025
2023,12,12/01/2024,CUSCO,DELITOS DE TRATA DE PERSONAS,FISCAL PROVINCIAL,TITULAR,FEMENINO,1,080108,CUSCO,CUSCO,WANCHAQ,31/10/2025
2023,12,12/01/2024,CUSCO,DERECHOS HUMANOS E INTERCULTURALIDAD,FISCAL ADJUNTO PROVINCIAL,PROVISIONAL,FEMENINO,4,080108,CUSCO,CUSCO,WANCHAQ,31/10/2025
2023,12,12/01/2024,CUSCO,DERECHOS HUMANOS E INTERCULTURALIDAD,FISCAL PROVINCIAL,PROVISIONAL (Titular Promovido),MASCULINO,1,080108,CUSCO,CUSCO,WANCHAQ,31/10/2025
2023,12,12/01/2024,CUSCO,EXTINCION DE DOMINIO,FISCAL ADJUNTO PROVINCIAL,PROVISIONAL,FEMENINO,1,080108,CUSCO,CUSCO,WANCHAQ,31/10/2025
2023,12,12/01/2024,CUSCO,EXTINCION DE DOMINIO,FISCAL ADJUNTO PROVINCIAL,PROVISIONAL,MASCULINO,1,080108,CUSCO,CUSCO,WANCHAQ,31/10/2025
2023,12,12/01/2024,CUSCO,EXTINCION DE DOMINIO,FISCAL PROVINCIAL,PROVISIONAL (Titular Promovido),FEMENINO,1,080108,CUSCO,CUSCO,WANCHAQ,31/10/2025
2023,12,12/01/2024,CUSCO,FAMILIA,FISCAL ADJUNTO PROVINCIAL,PROVISIONAL,FEMENINO,8,080108,CUSCO,CUSCO,WANCHAQ,31/10/2025
2023,12,12/01/2024,CUSCO,FAMILIA,FISCAL ADJUNTO PROVINCIAL,TITULAR,FEMENINO,3,080108,CUSCO,CUSCO,WANCHAQ,31/10/2025
2023,12,12/01/2024,CUSCO,FAMILIA,FISCAL ADJUNTO PROVINCIAL,TITULAR,MASCULINO,5,080108,CUSCO,CUSCO,WANCHAQ,31/10/2025
2023,12,12/01/2024,CUSCO,FAMILIA,FISCAL ADJUNTO SUPERIOR,TITULAR,FEMENINO,1,080108,CUSCO,CUSCO,WANCHAQ,31/10/2025
2023,12,12/01/2024,CUSCO,FAMILIA,FISCAL PROVINCIAL,PROVISIONAL,MASCULINO,1,080108,CUSCO,CUSCO,WANCHAQ,31/10/2025
2023,12,12/01/2024,CUSCO,FAMILIA,FISCAL PROVINCIAL,PROVISIONAL (Titular Promovido),FEMENINO,1,080108,CUSCO,CUSCO,WANCHAQ,31/10/2025
2023,12,12/01/2024,CUSCO,FAMILIA,FISCAL PROVINCIAL,PROVISIONAL (Titular Promovido),MASCULINO,1,080108,CUSCO,CUSCO,WANCHAQ,31/10/2025
2023,12,12/01/2024,CUSCO,FAMILIA,FISCAL PROVINCIAL,TITULAR,FEMENINO,7,080108,CUSCO,CUSCO,WANCHAQ,31/10/2025
2023,12,12/01/2024,CUSCO,FAMILIA,FISCAL PROVINCIAL,TITULAR,MASCULINO,5,080108,CUSCO,CUSCO,WANCHAQ,31/10/2025
2023,12,12/01/2024,CUSCO,FAMILIA,FISCAL SUPERIOR,TITULAR,FEMENINO,1,080108,CUSCO,CUSCO,WANCHAQ,31/10/2025
2023,12,12/01/2024,CUSCO,MATERIA AMBIENTAL,FISCAL ADJUNTO PROVINCIAL,PROVISIONAL,FEMENINO,1,080108,CUSCO,CUSCO,WANCHAQ,31/10/2025
2023,12,12/01/2024,CUSCO,MATERIA AMBIENTAL,FISCAL PROVINCIAL,PROVISIONAL (Titular Promovido),MASCULINO,1,080108,CUSCO,CUSCO,WANCHAQ,31/10/2025
2023,12,12/01/2024,CUSCO,MIXTA,FISCAL ADJUNTO PROVINCIAL,PROVISIONAL,FEMENINO,4,080108,CUSCO,CUSCO,WANCHAQ,31/10/2025
2023,12,12/01/2024,CUSCO,MIXTA,FISCAL ADJUNTO PROVINCIAL,PROVISIONAL,MASCULINO,3,080108,CUSCO,CUSCO,WANCHAQ,31/10/2025
2023,12,12/01/2024,CUSCO,MIXTA,FISCAL ADJUNTO PROVINCIAL,TITULAR,FEMENINO,1,080108,CUSCO,CUSCO,WANCHAQ,31/10/2025
2023,12,12/01/2024,CUSCO,MIXTA,FISCAL ADJUNTO SUPERIOR,PROVISIONAL (Titular Promovido),MASCULINO,1,080108,CUSCO,CUSCO,WANCHAQ,31/10/2025
2023,12,12/01/2024,CUSCO,MIXTA,FISCAL ADJUNTO SUPERIOR,TITULAR,MASCULINO,1,080108,CUSCO,CUSCO,WANCHAQ,31/10/2025
2023,12,12/01/2024,CUSCO,MIXTA,FISCAL PROVINCIAL,TITULAR,FEMENINO,2,080108,CUSCO,CUSCO,WANCHAQ,31/10/2025
2023,12,12/01/2024,CUSCO,MIXTA,FISCAL PROVINCIAL,TITULAR,MASCULINO,2,080108,CUSCO,CUSCO,WANCHAQ,31/10/2025
2023,12,12/01/2024,CUSCO,MIXTA,FISCAL SUPERIOR,PROVISIONAL (Titular Promovido),MASCULINO,1,080108,CUSCO,CUSCO,WANCHAQ,31/10/2025
2023,12,12/01/2024,CUSCO,MIXTA,FISCAL SUPERIOR,TITULAR,MASCULINO,1,080108,CUSCO,CUSCO,WANCHAQ,31/10/2025
2023,12,12/01/2024,CUSCO,PENAL,FISCAL ADJUNTO PROVINCIAL,PROVISIONAL,FEMENINO,23,080108,CUSCO,CUSCO,WANCHAQ,31/10/2025
2023,12,12/01/2024,CUSCO,PENAL,FISCAL ADJUNTO PROVINCIAL,PROVISIONAL,MASCULINO,13,080108,CUSCO,CUSCO,WANCHAQ,31/10/2025
2023,12,12/01/2024,CUSCO,PENAL,FISCAL ADJUNTO PROVINCIAL,TITULAR,FEMENINO,16,080108,CUSCO,CUSCO,WANCHAQ,31/10/2025
2023,12,12/01/2024,CUSCO,PENAL,FISCAL ADJUNTO PROVINCIAL,TITULAR,MASCULINO,13,080108,CUSCO,CUSCO,WANCHAQ,31/10/2025
2023,12,12/01/2024,CUSCO,PENAL,FISCAL ADJUNTO SUPERIOR,PROVISIONAL (Titular Promovido),FEMENINO,1,080108,CUSCO,CUSCO,WANCHAQ,31/10/2025
2023,12,12/01/2024,CUSCO,PENAL,FISCAL ADJUNTO SUPERIOR,PROVISIONAL (Titular Promovido),MASCULINO,2,080108,CUSCO,CUSCO,WANCHAQ,31/10/2025
2023,12,12/01/2024,CUSCO,PENAL,FISCAL ADJUNTO SUPERIOR,TITULAR,FEMENINO,2,080108,CUSCO,CUSCO,WANCHAQ,31/10/2025
2023,12,12/01/2024,CUSCO,PENAL,FISCAL ADJUNTO SUPERIOR,TITULAR,MASCULINO,3,080108,CUSCO,CUSCO,WANCHAQ,31/10/2025
2023,12,12/01/2024,CUSCO,PENAL,FISCAL PROVINCIAL,PROVISIONAL (Titular Promovido),FEMENINO,3,080108,CUSCO,CUSCO,WANCHAQ,31/10/2025
2023,12,12/01/2024,CUSCO,PENAL,FISCAL PROVINCIAL,PROVISIONAL (Titular Promovido),MASCULINO,8,080108,CUSCO,CUSCO,WANCHAQ,31/10/2025
2023,12,12/01/2024,CUSCO,PENAL,FISCAL PROVINCIAL,TITULAR,FEMENINO,17,080108,CUSCO,CUSCO,WANCHAQ,31/10/2025
2023,12,12/01/2024,CUSCO,PENAL,FISCAL PROVINCIAL,TITULAR,MASCULINO,13,080108,CUSCO,CUSCO,WANCHAQ,31/10/2025
2023,12,12/01/2024,CUSCO,PENAL,FISCAL SUPERIOR,TITULAR,FEMENINO,1,080108,CUSCO,CUSCO,WANCHAQ,31/10/2025
2023,12,12/01/2024,CUSCO,PENAL,FISCAL SUPERIOR,TITULAR,MASCULINO,3,080108,CUSCO,CUSCO,WANCHAQ,31/10/2025
2023,12,12/01/2024,CUSCO,PREVENCION DEL DELITO,FISCAL ADJUNTO PROVINCIAL,PROVISIONAL,FEMENINO,3,080108,CUSCO,CUSCO,WANCHAQ,31/10/2025
2023,12,12/01/2024,CUSCO,PREVENCION DEL DELITO,FISCAL ADJUNTO PROVINCIAL,TITULAR,FEMENINO,1,080108,CUSCO,CUSCO,WANCHAQ,31/10/2025
2023,12,12/01/2024,CUSCO,PREVENCION DEL DELITO,FISCAL PROVINCIAL,PROVISIONAL (Titular Promovido),FEMENINO,1,080108,CUSCO,CUSCO,WANCHAQ,31/10/2025
2023,12,12/01/2024,CUSCO,PREVENCION DEL DELITO,FISCAL PROVINCIAL,TITULAR,MASCULINO,1,080108,CUSCO,CUSCO,WANCHAQ,31/10/2025
2023,12,12/01/2024,CUSCO,TRAFICO ILICITO DE DROGAS,FISCAL ADJUNTO PROVINCIAL,PROVISIONAL,MASCULINO,2,080108,CUSCO,CUSCO,WANCHAQ,31/10/2025
2023,12,12/01/2024,CUSCO,TRAFICO ILICITO DE DROGAS,FISCAL ADJUNTO PROVINCIAL,TITULAR,MASCULINO,1,080108,CUSCO,CUSCO,WANCHAQ,31/10/2025
2023,12,12/01/2024,CUSCO,TRAFICO ILICITO DE DROGAS,FISCAL PROVINCIAL,PROVISIONAL (Titular Promovido),FEMENINO,1,080108,CUSCO,CUSCO,WANCHAQ,31/10/2025
2023,12,12/01/2024,CUSCO,TRAFICO ILICITO DE DROGAS,FISCAL PROVINCIAL,TITULAR,MASCULINO,1,080108,CUSCO,CUSCO,WANCHAQ,31/10/2025
2023,12,12/01/2024,CUSCO,TURISMO,FISCAL ADJUNTO PROVINCIAL,PROVISIONAL,MASCULINO,1,080108,CUSCO,CUSCO,WANCHAQ,31/10/2025
2023,12,12/01/2024,CUSCO,TURISMO,FISCAL PROVINCIAL,TITULAR,MASCULINO,1,080108,CUSCO,CUSCO,WANCHAQ,31/10/2025
2023,12,12/01/2024,CUSCO,VIOLENCIA CONTRA LA MUJER E INTEGRANTES DEL GRUPO FAMILIAR,FISCAL ADJUNTO PROVINCIAL,PROVISIONAL,FEMENINO,36,080108,CUSCO,CUSCO,WANCHAQ,31/10/2025
2023,12,12/01/2024,CUSCO,VIOLENCIA CONTRA LA MUJER E INTEGRANTES DEL GRUPO FAMILIAR,FISCAL ADJUNTO PROVINCIAL,PROVISIONAL,MASCULINO,8,080108,CUSCO,CUSCO,WANCHAQ,31/10/2025
2023,12,12/01/2024,CUSCO,VIOLENCIA CONTRA LA MUJER E INTEGRANTES DEL GRUPO FAMILIAR,FISCAL ADJUNTO PROVINCIAL,TITULAR,FEMENINO,2,080108,CUSCO,CUSCO,WANCHAQ,31/10/2025
2023,12,12/01/2024,CUSCO,VIOLENCIA CONTRA LA MUJER E INTEGRANTES DEL GRUPO FAMILIAR,FISCAL ADJUNTO SUPERIOR,PROVISIONAL (Titular Promovido),FEMENINO,2,080108,CUSCO,CUSCO,WANCHAQ,31/10/2025
2023,12,12/01/2024,CUSCO,VIOLENCIA CONTRA LA MUJER E INTEGRANTES DEL GRUPO FAMILIAR,FISCAL ADJUNTO SUPERIOR,PROVISIONAL (Titular Promovido),MASCULINO,2,080108,CUSCO,CUSCO,WANCHAQ,31/10/2025
2023,12,12/01/2024,CUSCO,VIOLENCIA CONTRA LA MUJER E INTEGRANTES DEL GRUPO FAMILIAR,FISCAL PROVINCIAL,PROVISIONAL,MASCULINO,2,080108,CUSCO,CUSCO,WANCHAQ,31/10/2025
2023,12,12/01/2024,CUSCO,VIOLENCIA CONTRA LA MUJER E INTEGRANTES DEL GRUPO FAMILIAR,FISCAL PROVINCIAL,PROVISIONAL (Titular Promovido),FEMENINO,7,080108,CUSCO,CUSCO,WANCHAQ,31/10/2025
2023,12,12/01/2024,CUSCO,VIOLENCIA CONTRA LA MUJER E INTEGRANTES DEL GRUPO FAMILIAR,FISCAL PROVINCIAL,PROVISIONAL (Titular Promovido),MASCULINO,6,080108,CUSCO,CUSCO,WANCHAQ,31/10/2025
2023,12,12/01/2024,CUSCO,VIOLENCIA CONTRA LA MUJER E INTEGRANTES DEL GRUPO FAMILIAR,FISCAL PROVINCIAL,TITULAR,FEMENINO,1,080108,CUSCO,CUSCO,WANCHAQ,31/10/2025
2023,12,12/01/2024,CUSCO,VIOLENCIA CONTRA LA MUJER E INTEGRANTES DEL GRUPO FAMILIAR,FISCAL SUPERIOR,PROVISIONAL (Titular Promovido),FEMENINO,2,080108,CUSCO,CUSCO,WANCHAQ,31/10/2025
2023,12,12/01/2024,HUANCAVELICA,AUTORIDAD NACIONAL DE CONTROL,FISCAL ADJUNTO PROVINCIAL,PROVISIONAL,FEMENINO,1,090101,HUANCAVELICA,HUANCAVELICA,HUANCAVELICA,31/10/2025
2023,12,12/01/2024,HUANCAVELICA,AUTORIDAD NACIONAL DE CONTROL,FISCAL ADJUNTO SUPERIOR,PROVISIONAL (Titular Promovido),FEMENINO,1,090101,HUANCAVELICA,HUANCAVELICA,HUANCAVELICA,31/10/2025
2023,12,12/01/2024,HUANCAVELICA,AUTORIDAD NACIONAL DE CONTROL,FISCAL ADJUNTO SUPERIOR,PROVISIONAL (Titular Promovido),MASCULINO,1,090101,HUANCAVELICA,HUANCAVELICA,HUANCAVELICA,31/10/2025
2023,12,12/01/2024,HUANCAVELICA,AUTORIDAD NACIONAL DE CONTROL,FISCAL PROVINCIAL,PROVISIONAL,MASCULINO,1,090101,HUANCAVELICA,HUANCAVELICA,HUANCAVELICA,31/10/2025
2023,12,12/01/2024,HUANCAVELICA,AUTORIDAD NACIONAL DE CONTROL,FISCAL SUPERIOR,TITULAR,FEMENINO,1,090101,HUANCAVELICA,HUANCAVELICA,HUANCAVELICA,31/10/2025
2023,12,12/01/2024,HUANCAVELICA,CORRUPCION DE FUNCIONARIOS,FISCAL ADJUNTO PROVINCIAL,PROVISIONAL,FEMENINO,3,090101,HUANCAVELICA,HUANCAVELICA,HUANCAVELICA,31/10/2025
2023,12,12/01/2024,HUANCAVELICA,CORRUPCION DE FUNCIONARIOS,FISCAL ADJUNTO PROVINCIAL,TITULAR,FEMENINO,1,090101,HUANCAVELICA,HUANCAVELICA,HUANCAVELICA,31/10/2025
2023,12,12/01/2024,HUANCAVELICA,CORRUPCION DE FUNCIONARIOS,FISCAL ADJUNTO PROVINCIAL,TITULAR,MASCULINO,1,090101,HUANCAVELICA,HUANCAVELICA,HUANCAVELICA,31/10/2025
2023,12,12/01/2024,HUANCAVELICA,CORRUPCION DE FUNCIONARIOS,FISCAL ADJUNTO SUPERIOR,PROVISIONAL (Titular Promovido),MASCULINO,1,090101,HUANCAVELICA,HUANCAVELICA,HUANCAVELICA,31/10/2025
2023,12,12/01/2024,HUANCAVELICA,CORRUPCION DE FUNCIONARIOS,FISCAL ADJUNTO SUPERIOR,TITULAR,FEMENINO,1,090101,HUANCAVELICA,HUANCAVELICA,HUANCAVELICA,31/10/2025
2023,12,12/01/2024,HUANCAVELICA,CORRUPCION DE FUNCIONARIOS,FISCAL PROVINCIAL,TITULAR,MASCULINO,2,090101,HUANCAVELICA,HUANCAVELICA,HUANCAVELICA,31/10/2025
2023,12,12/01/2024,HUANCAVELICA,CORRUPCION DE FUNCIONARIOS,FISCAL SUPERIOR,TITULAR,MASCULINO,1,090101,HUANCAVELICA,HUANCAVELICA,HUANCAVELICA,31/10/2025
2023,12,12/01/2024,HUANCAVELICA,CRIMEN ORGANIZADO,FISCAL ADJUNTO PROVINCIAL,PROVISIONAL,MASCULINO,1,090101,HUANCAVELICA,HUANCAVELICA,HUANCAVELICA,31/10/2025
2023,12,12/01/2024,HUANCAVELICA,CRIMEN ORGANIZADO,FISCAL ADJUNTO PROVINCIAL,TITULAR,MASCULINO,1,090101,HUANCAVELICA,HUANCAVELICA,HUANCAVELICA,31/10/2025
2023,12,12/01/2024,HUANCAVELICA,CRIMEN ORGANIZADO,FISCAL PROVINCIAL,PROVISIONAL,MASCULINO,1,090101,HUANCAVELICA,HUANCAVELICA,HUANCAVELICA,31/10/2025
2023,12,12/01/2024,HUANCAVELICA,DELITOS DE TERRORISMO Y DELITOS CONEXOS,FISCAL ADJUNTO PROVINCIAL,PROVISIONAL,FEMENINO,2,090101,HUANCAVELICA,HUANCAVELICA,HUANCAVELICA,31/10/2025
2023,12,12/01/2024,HUANCAVELICA,DELITOS DE TERRORISMO Y DELITOS CONEXOS,FISCAL PROVINCIAL,TITULAR,MASCULINO,1,090101,HUANCAVELICA,HUANCAVELICA,HUANCAVELICA,31/10/2025
2023,12,12/01/2024,HUANCAVELICA,DERECHOS HUMANOS E INTERCULTURALIDAD,FISCAL ADJUNTO PROVINCIAL,PROVISIONAL,FEMENINO,2,090101,HUANCAVELICA,HUANCAVELICA,HUANCAVELICA,31/10/2025
2023,12,12/01/2024,HUANCAVELICA,DERECHOS HUMANOS E INTERCULTURALIDAD,FISCAL PROVINCIAL,PROVISIONAL (Titular Promovido),MASCULINO,1,090101,HUANCAVELICA,HUANCAVELICA,HUANCAVELICA,31/10/2025
2023,12,12/01/2024,HUANCAVELICA,FAMILIA,FISCAL ADJUNTO PROVINCIAL,PROVISIONAL,FEMENINO,2,090101,HUANCAVELICA,HUANCAVELICA,HUANCAVELICA,31/10/2025
2023,12,12/01/2024,HUANCAVELICA,FAMILIA,FISCAL ADJUNTO PROVINCIAL,PROVISIONAL,MASCULINO,2,090101,HUANCAVELICA,HUANCAVELICA,HUANCAVELICA,31/10/2025
2023,12,12/01/2024,HUANCAVELICA,FAMILIA,FISCAL ADJUNTO SUPERIOR,TITULAR,MASCULINO,1,090101,HUANCAVELICA,HUANCAVELICA,HUANCAVELICA,31/10/2025
2023,12,12/01/2024,HUANCAVELICA,FAMILIA,FISCAL PROVINCIAL,PROVISIONAL,MASCULINO,1,090101,HUANCAVELICA,HUANCAVELICA,HUANCAVELICA,31/10/2025
2023,12,12/01/2024,HUANCAVELICA,FAMILIA,FISCAL PROVINCIAL,TITULAR,FEMENINO,2,090101,HUANCAVELICA,HUANCAVELICA,HUANCAVELICA,31/10/2025
2023,12,12/01/2024,HUANCAVELICA,FAMILIA,FISCAL SUPERIOR,TITULAR,MASCULINO,1,090101,HUANCAVELICA,HUANCAVELICA,HUANCAVELICA,31/10/2025
2023,12,12/01/2024,HUANCAVELICA,MATERIA AMBIENTAL,FISCAL ADJUNTO PROVINCIAL,PROVISIONAL,FEMENINO,1,090101,HUANCAVELICA,HUANCAVELICA,HUANCAVELICA,31/10/2025
2023,12,12/01/2024,HUANCAVELICA,MATERIA AMBIENTAL,FISCAL PROVINCIAL,PROVISIONAL,MASCULINO,1,090101,HUANCAVELICA,HUANCAVELICA,HUANCAVELICA,31/10/2025
2023,12,12/01/2024,HUANCAVELICA,MIXTA,FISCAL ADJUNTO PROVINCIAL,PROVISIONAL,FEMENINO,2,090101,HUANCAVELICA,HUANCAVELICA,HUANCAVELICA,31/10/2025
2023,12,12/01/2024,HUANCAVELICA,MIXTA,FISCAL ADJUNTO PROVINCIAL,PROVISIONAL,MASCULINO,1,090101,HUANCAVELICA,HUANCAVELICA,HUANCAVELICA,31/10/2025
2023,12,12/01/2024,HUANCAVELICA,MIXTA,FISCAL PROVINCIAL,PROVISIONAL,FEMENINO,1,090101,HUANCAVELICA,HUANCAVELICA,HUANCAVELICA,31/10/2025
2023,12,12/01/2024,HUANCAVELICA,MIXTA,FISCAL PROVINCIAL,PROVISIONAL (Titular Promovido),FEMENINO,1,090101,HUANCAVELICA,HUANCAVELICA,HUANCAVELICA,31/10/2025
2023,12,12/01/2024,HUANCAVELICA,MIXTA,FISCAL PROVINCIAL,PROVISIONAL (Titular Promovido),MASCULINO,1,090101,HUANCAVELICA,HUANCAVELICA,HUANCAVELICA,31/10/2025
2023,12,12/01/2024,HUANCAVELICA,PENAL,FISCAL ADJUNTO PROVINCIAL,PROVISIONAL,FEMENINO,18,090101,HUANCAVELICA,HUANCAVELICA,HUANCAVELICA,31/10/2025
2023,12,12/01/2024,HUANCAVELICA,PENAL,FISCAL ADJUNTO PROVINCIAL,PROVISIONAL,MASCULINO,8,090101,HUANCAVELICA,HUANCAVELICA,HUANCAVELICA,31/10/2025
2023,12,12/01/2024,HUANCAVELICA,PENAL,FISCAL ADJUNTO PROVINCIAL,TITULAR,FEMENINO,1,090101,HUANCAVELICA,HUANCAVELICA,HUANCAVELICA,31/10/2025
2023,12,12/01/2024,HUANCAVELICA,PENAL,FISCAL ADJUNTO PROVINCIAL,TITULAR,MASCULINO,3,090101,HUANCAVELICA,HUANCAVELICA,HUANCAVELICA,31/10/2025
2023,12,12/01/2024,HUANCAVELICA,PENAL,FISCAL ADJUNTO SUPERIOR,PROVISIONAL (Titular Promovido),MASCULINO,1,090101,HUANCAVELICA,HUANCAVELICA,HUANCAVELICA,31/10/2025
2023,12,12/01/2024,HUANCAVELICA,PENAL,FISCAL ADJUNTO SUPERIOR,TITULAR,MASCULINO,2,090101,HUANCAVELICA,HUANCAVELICA,HUANCAVELICA,31/10/2025
2023,12,12/01/2024,HUANCAVELICA,PENAL,FISCAL PROVINCIAL,PROVISIONAL,FEMENINO,1,090101,HUANCAVELICA,HUANCAVELICA,HUANCAVELICA,31/10/2025
2023,12,12/01/2024,HUANCAVELICA,PENAL,FISCAL PROVINCIAL,PROVISIONAL,MASCULINO,4,090101,HUANCAVELICA,HUANCAVELICA,HUANCAVELICA,31/10/2025
2023,12,12/01/2024,HUANCAVELICA,PENAL,FISCAL PROVINCIAL,PROVISIONAL (Titular Promovido),MASCULINO,3,090101,HUANCAVELICA,HUANCAVELICA,HUANCAVELICA,31/10/2025
2023,12,12/01/2024,HUANCAVELICA,PENAL,FISCAL PROVINCIAL,TITULAR,FEMENINO,2,090101,HUANCAVELICA,HUANCAVELICA,HUANCAVELICA,31/10/2025
2023,12,12/01/2024,HUANCAVELICA,PENAL,FISCAL PROVINCIAL,TITULAR,MASCULINO,6,090101,HUANCAVELICA,HUANCAVELICA,HUANCAVELICA,31/10/2025
2023,12,12/01/2024,HUANCAVELICA,PENAL,FISCAL SUPERIOR,PROVISIONAL (Titular Promovido),FEMENINO,1,090101,HUANCAVELICA,HUANCAVELICA,HUANCAVELICA,31/10/2025
2023,12,12/01/2024,HUANCAVELICA,PENAL,FISCAL SUPERIOR,PROVISIONAL (Titular Promovido),MASCULINO,1,090101,HUANCAVELICA,HUANCAVELICA,HUANCAVELICA,31/10/2025
2023,12,12/01/2024,HUANCAVELICA,POOL / EQUIPO DE APOYO FISCAL (SIN ESPECIALIDAD),FISCAL ADJUNTO PROVINCIAL,PROVISIONAL,MASCULINO,2,090101,HUANCAVELICA,HUANCAVELICA,HUANCAVELICA,31/10/2025
2023,12,12/01/2024,HUANCAVELICA,PREVENCION DEL DELITO,FISCAL ADJUNTO PROVINCIAL,PROVISIONAL,FEMENINO,3,090101,HUANCAVELICA,HUANCAVELICA,HUANCAVELICA,31/10/2025
2023,12,12/01/2024,HUANCAVELICA,PREVENCION DEL DELITO,FISCAL ADJUNTO PROVINCIAL,TITULAR,FEMENINO,1,090101,HUANCAVELICA,HUANCAVELICA,HUANCAVELICA,31/10/2025
2023,12,12/01/2024,HUANCAVELICA,PREVENCION DEL DELITO,FISCAL PROVINCIAL,PROVISIONAL,MASCULINO,1,090101,HUANCAVELICA,HUANCAVELICA,HUANCAVELICA,31/10/2025
2023,12,12/01/2024,HUANCAVELICA,PREVENCION DEL DELITO,FISCAL PROVINCIAL,PROVISIONAL (Titular Promovido),FEMENINO,1,090101,HUANCAVELICA,HUANCAVELICA,HUANCAVELICA,31/10/2025
2023,12,12/01/2024,HUANCAVELICA,VIOLENCIA CONTRA LA MUJER E INTEGRANTES DEL GRUPO FAMILIAR,FISCAL PROVINCIAL,PROVISIONAL,MASCULINO,1,090101,HUANCAVELICA,HUANCAVELICA,HUANCAVELICA,31/10/2025
2023,12,12/01/2024,HUANUCO,AUTORIDAD NACIONAL DE CONTROL,FISCAL ADJUNTO SUPERIOR,PROVISIONAL (Titular Promovido),FEMENINO,1,100101,HUANUCO,HUANUCO,HUANUCO,31/10/2025
2023,12,12/01/2024,HUANUCO,AUTORIDAD NACIONAL DE CONTROL,FISCAL ADJUNTO SUPERIOR,PROVISIONAL (Titular Promovido),MASCULINO,1,100101,HUANUCO,HUANUCO,HUANUCO,31/10/2025
2023,12,12/01/2024,HUANUCO,AUTORIDAD NACIONAL DE CONTROL,FISCAL SUPERIOR,TITULAR,MASCULINO,1,100101,HUANUCO,HUANUCO,HUANUCO,31/10/2025
2023,12,12/01/2024,HUANUCO,CORRUPCION DE FUNCIONARIOS,FISCAL ADJUNTO PROVINCIAL,PROVISIONAL,FEMENINO,3,100101,HUANUCO,HUANUCO,HUANUCO,31/10/2025
2023,12,12/01/2024,HUANUCO,CORRUPCION DE FUNCIONARIOS,FISCAL ADJUNTO PROVINCIAL,PROVISIONAL,MASCULINO,1,100101,HUANUCO,HUANUCO,HUANUCO,31/10/2025
2023,12,12/01/2024,HUANUCO,CORRUPCION DE FUNCIONARIOS,FISCAL ADJUNTO PROVINCIAL,TITULAR,FEMENINO,3,100101,HUANUCO,HUANUCO,HUANUCO,31/10/2025
2023,12,12/01/2024,HUANUCO,CORRUPCION DE FUNCIONARIOS,FISCAL ADJUNTO PROVINCIAL,TITULAR,MASCULINO,2,100101,HUANUCO,HUANUCO,HUANUCO,31/10/2025
2023,12,12/01/2024,HUANUCO,CORRUPCION DE FUNCIONARIOS,FISCAL ADJUNTO SUPERIOR,TITULAR,FEMENINO,1,100101,HUANUCO,HUANUCO,HUANUCO,31/10/2025
2023,12,12/01/2024,HUANUCO,CORRUPCION DE FUNCIONARIOS,FISCAL ADJUNTO SUPERIOR,TITULAR,MASCULINO,1,100101,HUANUCO,HUANUCO,HUANUCO,31/10/2025
2023,12,12/01/2024,HUANUCO,CORRUPCION DE FUNCIONARIOS,FISCAL PROVINCIAL,PROVISIONAL,MASCULINO,1,100101,HUANUCO,HUANUCO,HUANUCO,31/10/2025
2023,12,12/01/2024,HUANUCO,CORRUPCION DE FUNCIONARIOS,FISCAL PROVINCIAL,TITULAR,FEMENINO,1,100101,HUANUCO,HUANUCO,HUANUCO,31/10/2025
2023,12,12/01/2024,HUANUCO,CORRUPCION DE FUNCIONARIOS,FISCAL PROVINCIAL,TITULAR,MASCULINO,1,100101,HUANUCO,HUANUCO,HUANUCO,31/10/2025
2023,12,12/01/2024,HUANUCO,CORRUPCION DE FUNCIONARIOS,FISCAL SUPERIOR,TITULAR,MASCULINO,1,100101,HUANUCO,HUANUCO,HUANUCO,31/10/2025
2023,12,12/01/2024,HUANUCO,CRIMEN ORGANIZADO,FISCAL ADJUNTO PROVINCIAL,PROVISIONAL,FEMENINO,1,100101,HUANUCO,HUANUCO,HUANUCO,31/10/2025
2023,12,12/01/2024,HUANUCO,CRIMEN ORGANIZADO,FISCAL ADJUNTO PROVINCIAL,PROVISIONAL,MASCULINO,1,100101,HUANUCO,HUANUCO,HUANUCO,31/10/2025
2023,12,12/01/2024,HUANUCO,CRIMEN ORGANIZADO,FISCAL PROVINCIAL,PROVISIONAL (Titular Promovido),FEMENINO,1,100101,HUANUCO,HUANUCO,HUANUCO,31/10/2025
2023,12,12/01/2024,HUANUCO,DELITOS DE TERRORISMO Y DELITOS CONEXOS,FISCAL ADJUNTO PROVINCIAL,PROVISIONAL,FEMENINO,1,100101,HUANUCO,HUANUCO,HUANUCO,31/10/2025
2023,12,12/01/2024,HUANUCO,DELITOS DE TERRORISMO Y DELITOS CONEXOS,FISCAL ADJUNTO PROVINCIAL,PROVISIONAL,MASCULINO,2,100101,HUANUCO,HUANUCO,HUANUCO,31/10/2025
2023,12,12/01/2024,HUANUCO,DELITOS DE TERRORISMO Y DELITOS CONEXOS,FISCAL PROVINCIAL,TITULAR,FEMENINO,1,100101,HUANUCO,HUANUCO,HUANUCO,31/10/2025
2023,12,12/01/2024,HUANUCO,DELITOS DE TRATA DE PERSONAS,FISCAL ADJUNTO PROVINCIAL,PROVISIONAL,FEMENINO,1,100101,HUANUCO,HUANUCO,HUANUCO,31/10/2025
2023,12,12/01/2024,HUANUCO,DELITOS DE TRATA DE PERSONAS,FISCAL ADJUNTO PROVINCIAL,PROVISIONAL,MASCULINO,1,100101,HUANUCO,HUANUCO,HUANUCO,31/10/2025
2023,12,12/01/2024,HUANUCO,DELITOS DE TRATA DE PERSONAS,FISCAL PROVINCIAL,PROVISIONAL (Titular Promovido),MASCULINO,1,100101,HUANUCO,HUANUCO,HUANUCO,31/10/2025
2023,12,12/01/2024,HUANUCO,DERECHOS HUMANOS E INTERCULTURALIDAD,FISCAL ADJUNTO PROVINCIAL,PROVISIONAL,FEMENINO,2,100101,HUANUCO,HUANUCO,HUANUCO,31/10/2025
2023,12,12/01/2024,HUANUCO,DERECHOS HUMANOS E INTERCULTURALIDAD,FISCAL ADJUNTO PROVINCIAL,PROVISIONAL,MASCULINO,1,100101,HUANUCO,HUANUCO,HUANUCO,31/10/2025
2023,12,12/01/2024,HUANUCO,DERECHOS HUMANOS E INTERCULTURALIDAD,FISCAL PROVINCIAL,PROVISIONAL (Titular Promovido),FEMENINO,1,100101,HUANUCO,HUANUCO,HUANUCO,31/10/2025
2023,12,12/01/2024,HUANUCO,EXTINCION DE DOMINIO,FISCAL ADJUNTO PROVINCIAL,PROVISIONAL,MASCULINO,2,100101,HUANUCO,HUANUCO,HUANUCO,31/10/2025
2023,12,12/01/2024,HUANUCO,EXTINCION DE DOMINIO,FISCAL PROVINCIAL,PROVISIONAL (Titular Promovido),FEMENINO,1,100101,HUANUCO,HUANUCO,HUANUCO,31/10/2025
2023,12,12/01/2024,HUANUCO,FAMILIA,FISCAL ADJUNTO PROVINCIAL,PROVISIONAL,FEMENINO,8,100101,HUANUCO,HUANUCO,HUANUCO,31/10/2025
2023,12,12/01/2024,HUANUCO,FAMILIA,FISCAL ADJUNTO PROVINCIAL,PROVISIONAL,MASCULINO,3,100101,HUANUCO,HUANUCO,HUANUCO,31/10/2025
2023,12,12/01/2024,HUANUCO,FAMILIA,FISCAL ADJUNTO PROVINCIAL,TITULAR,FEMENINO,3,100101,HUANUCO,HUANUCO,HUANUCO,31/10/2025
2023,12,12/01/2024,HUANUCO,FAMILIA,FISCAL ADJUNTO SUPERIOR,TITULAR,FEMENINO,1,100101,HUANUCO,HUANUCO,HUANUCO,31/10/2025
2023,12,12/01/2024,HUANUCO,FAMILIA,FISCAL PROVINCIAL,PROVISIONAL,FEMENINO,2,100101,HUANUCO,HUANUCO,HUANUCO,31/10/2025
2023,12,12/01/2024,HUANUCO,FAMILIA,FISCAL PROVINCIAL,PROVISIONAL,MASCULINO,3,100101,HUANUCO,HUANUCO,HUANUCO,31/10/2025
2023,12,12/01/2024,HUANUCO,FAMILIA,FISCAL PROVINCIAL,PROVISIONAL (Titular Promovido),MASCULINO,2,100101,HUANUCO,HUANUCO,HUANUCO,31/10/2025
2023,12,12/01/2024,HUANUCO,FAMILIA,FISCAL PROVINCIAL,TITULAR,FEMENINO,2,100101,HUANUCO,HUANUCO,HUANUCO,31/10/2025
2023,12,12/01/2024,HUANUCO,FAMILIA,FISCAL PROVINCIAL,TITULAR,MASCULINO,3,100101,HUANUCO,HUANUCO,HUANUCO,31/10/2025
2023,12,12/01/2024,HUANUCO,FAMILIA,FISCAL SUPERIOR,PROVISIONAL (Titular Promovido),MASCULINO,1,100101,HUANUCO,HUANUCO,HUANUCO,31/10/2025
2023,12,12/01/2024,HUANUCO,MATERIA AMBIENTAL,FISCAL ADJUNTO PROVINCIAL,PROVISIONAL,FEMENINO,1,100101,HUANUCO,HUANUCO,HUANUCO,31/10/2025
2023,12,12/01/2024,HUANUCO,MATERIA AMBIENTAL,FISCAL ADJUNTO PROVINCIAL,TITULAR,FEMENINO,1,100101,HUANUCO,HUANUCO,HUANUCO,31/10/2025
2023,12,12/01/2024,HUANUCO,MATERIA AMBIENTAL,FISCAL ADJUNTO PROVINCIAL,TITULAR,MASCULINO,2,100101,HUANUCO,HUANUCO,HUANUCO,31/10/2025
2023,12,12/01/2024,HUANUCO,MATERIA AMBIENTAL,FISCAL PROVINCIAL,PROVISIONAL,MASCULINO,1,100101,HUANUCO,HUANUCO,HUANUCO,31/10/2025
2023,12,12/01/2024,HUANUCO,MATERIA AMBIENTAL,FISCAL PROVINCIAL,PROVISIONAL (Titular Promovido),MASCULINO,1,100101,HUANUCO,HUANUCO,HUANUCO,31/10/2025
2023,12,12/01/2024,HUANUCO,MIXTA,FISCAL ADJUNTO PROVINCIAL,TITULAR,MASCULINO,2,100101,HUANUCO,HUANUCO,HUANUCO,31/10/2025
2023,12,12/01/2024,HUANUCO,MIXTA,FISCAL ADJUNTO SUPERIOR,TITULAR,FEMENINO,2,100101,HUANUCO,HUANUCO,HUANUCO,31/10/2025
2023,12,12/01/2024,HUANUCO,MIXTA,FISCAL ADJUNTO SUPERIOR,TITULAR,MASCULINO,1,100101,HUANUCO,HUANUCO,HUANUCO,31/10/2025
2023,12,12/01/2024,HUANUCO,MIXTA,FISCAL PROVINCIAL,PROVISIONAL (Titular Promovido),MASCULINO,1,100101,HUANUCO,HUANUCO,HUANUCO,31/10/2025
2023,12,12/01/2024,HUANUCO,MIXTA,FISCAL SUPERIOR,TITULAR,MASCULINO,1,100101,HUANUCO,HUANUCO,HUANUCO,31/10/2025
2023,12,12/01/2024,HUANUCO,PENAL,FISCAL ADJUNTO PROVINCIAL,PROVISIONAL,FEMENINO,35,100101,HUANUCO,HUANUCO,HUANUCO,31/10/2025
2023,12,12/01/2024,HUANUCO,PENAL,FISCAL ADJUNTO PROVINCIAL,PROVISIONAL,MASCULINO,34,100101,HUANUCO,HUANUCO,HUANUCO,31/10/2025
2023,12,12/01/2024,HUANUCO,PENAL,FISCAL ADJUNTO PROVINCIAL,TITULAR,FEMENINO,16,100101,HUANUCO,HUANUCO,HUANUCO,31/10/2025
2023,12,12/01/2024,HUANUCO,PENAL,FISCAL ADJUNTO PROVINCIAL,TITULAR,MASCULINO,22,100101,HUANUCO,HUANUCO,HUANUCO,31/10/2025
2023,12,12/01/2024,HUANUCO,PENAL,FISCAL ADJUNTO SUPERIOR,PROVISIONAL (Titular Promovido),MASCULINO,1,100101,HUANUCO,HUANUCO,HUANUCO,31/10/2025
2023,12,12/01/2024,HUANUCO,PENAL,FISCAL ADJUNTO SUPERIOR,TITULAR,FEMENINO,3,100101,HUANUCO,HUANUCO,HUANUCO,31/10/2025
2023,12,12/01/2024,HUANUCO,PENAL,FISCAL ADJUNTO SUPERIOR,TITULAR,MASCULINO,4,100101,HUANUCO,HUANUCO,HUANUCO,31/10/2025
2023,12,12/01/2024,HUANUCO,PENAL,FISCAL PROVINCIAL,PROVISIONAL,FEMENINO,4,100101,HUANUCO,HUANUCO,HUANUCO,31/10/2025
2023,12,12/01/2024,HUANUCO,PENAL,FISCAL PROVINCIAL,PROVISIONAL,MASCULINO,11,100101,HUANUCO,HUANUCO,HUANUCO,31/10/2025
2023,12,12/01/2024,HUANUCO,PENAL,FISCAL PROVINCIAL,PROVISIONAL (Titular Promovido),FEMENINO,1,100101,HUANUCO,HUANUCO,HUANUCO,31/10/2025
2023,12,12/01/2024,HUANUCO,PENAL,FISCAL PROVINCIAL,PROVISIONAL (Titular Promovido),MASCULINO,5,100101,HUANUCO,HUANUCO,HUANUCO,31/10/2025
2023,12,12/01/2024,HUANUCO,PENAL,FISCAL PROVINCIAL,TITULAR,FEMENINO,7,100101,HUANUCO,HUANUCO,HUANUCO,31/10/2025
2023,12,12/01/2024,HUANUCO,PENAL,FISCAL PROVINCIAL,TITULAR,MASCULINO,28,100101,HUANUCO,HUANUCO,HUANUCO,31/10/2025
2023,12,12/01/2024,HUANUCO,PENAL,FISCAL SUPERIOR,PROVISIONAL (Titular Promovido),MASCULINO,1,100101,HUANUCO,HUANUCO,HUANUCO,31/10/2025
2023,12,12/01/2024,HUANUCO,PENAL,FISCAL SUPERIOR,TITULAR,FEMENINO,1,100101,HUANUCO,HUANUCO,HUANUCO,31/10/2025
2023,12,12/01/2024,HUANUCO,PENAL,FISCAL SUPERIOR,TITULAR,MASCULINO,2,100101,HUANUCO,HUANUCO,HUANUCO,31/10/2025
2023,12,12/01/2024,HUANUCO,PREVENCION DEL DELITO,FISCAL ADJUNTO PROVINCIAL,PROVISIONAL,FEMENINO,2,100101,HUANUCO,HUANUCO,HUANUCO,31/10/2025
2023,12,12/01/2024,HUANUCO,PREVENCION DEL DELITO,FISCAL ADJUNTO PROVINCIAL,PROVISIONAL,MASCULINO,1,100101,HUANUCO,HUANUCO,HUANUCO,31/10/2025
2023,12,12/01/2024,HUANUCO,PREVENCION DEL DELITO,FISCAL ADJUNTO PROVINCIAL,TITULAR,FEMENINO,1,100101,HUANUCO,HUANUCO,HUANUCO,31/10/2025
2023,12,12/01/2024,HUANUCO,PREVENCION DEL DELITO,FISCAL PROVINCIAL,TITULAR,FEMENINO,1,100101,HUANUCO,HUANUCO,HUANUCO,31/10/2025
2023,12,12/01/2024,HUANUCO,PREVENCION DEL DELITO,FISCAL PROVINCIAL,TITULAR,MASCULINO,1,100101,HUANUCO,HUANUCO,HUANUCO,31/10/2025
2023,12,12/01/2024,HUANUCO,TRAFICO ILICITO DE DROGAS,FISCAL ADJUNTO PROVINCIAL,PROVISIONAL,FEMENINO,2,100101,HUANUCO,HUANUCO,HUANUCO,31/10/2025
2023,12,12/01/2024,HUANUCO,TRAFICO ILICITO DE DROGAS,FISCAL ADJUNTO PROVINCIAL,PROVISIONAL,MASCULINO,3,100101,HUANUCO,HUANUCO,HUANUCO,31/10/2025
2023,12,12/01/2024,HUANUCO,TRAFICO ILICITO DE DROGAS,FISCAL ADJUNTO PROVINCIAL,TITULAR,MASCULINO,1,100101,HUANUCO,HUANUCO,HUANUCO,31/10/2025
2023,12,12/01/2024,HUANUCO,TRAFICO ILICITO DE DROGAS,FISCAL PROVINCIAL,PROVISIONAL,FEMENINO,1,100101,HUANUCO,HUANUCO,HUANUCO,31/10/2025
2023,12,12/01/2024,HUANUCO,TRAFICO ILICITO DE DROGAS,FISCAL PROVINCIAL,TITULAR,MASCULINO,1,100101,HUANUCO,HUANUCO,HUANUCO,31/10/2025
2023,12,12/01/2024,HUAURA,AUTORIDAD NACIONAL DE CONTROL,FISCAL ADJUNTO SUPERIOR,PROVISIONAL,FEMENINO,1,150801,LIMA,HUAURA,HUACHO,31/10/2025
2023,12,12/01/2024,HUAURA,AUTORIDAD NACIONAL DE CONTROL,FISCAL ADJUNTO SUPERIOR,PROVISIONAL (Titular Promovido),MASCULINO,1,150801,LIMA,HUAURA,HUACHO,31/10/2025
2023,12,12/01/2024,HUAURA,AUTORIDAD NACIONAL DE CONTROL,FISCAL SUPERIOR,TITULAR,MASCULINO,1,150801,LIMA,HUAURA,HUACHO,31/10/2025
2023,12,12/01/2024,HUAURA,CORRUPCION DE FUNCIONARIOS,FISCAL ADJUNTO PROVINCIAL,PROVISIONAL,FEMENINO,4,150801,LIMA,HUAURA,HUACHO,31/10/2025
2023,12,12/01/2024,HUAURA,CORRUPCION DE FUNCIONARIOS,FISCAL ADJUNTO PROVINCIAL,PROVISIONAL,MASCULINO,3,150801,LIMA,HUAURA,HUACHO,31/10/2025
2023,12,12/01/2024,HUAURA,CORRUPCION DE FUNCIONARIOS,FISCAL ADJUNTO PROVINCIAL,TITULAR,FEMENINO,1,150801,LIMA,HUAURA,HUACHO,31/10/2025
2023,12,12/01/2024,HUAURA,CORRUPCION DE FUNCIONARIOS,FISCAL PROVINCIAL,PROVISIONAL (Titular Promovido),MASCULINO,1,150801,LIMA,HUAURA,HUACHO,31/10/2025
2023,12,12/01/2024,HUAURA,CORRUPCION DE FUNCIONARIOS,FISCAL PROVINCIAL,TITULAR,MASCULINO,1,150801,LIMA,HUAURA,HUACHO,31/10/2025
2023,12,12/01/2024,HUAURA,CRIMEN ORGANIZADO,FISCAL ADJUNTO PROVINCIAL,PROVISIONAL,MASCULINO,4,150801,LIMA,HUAURA,HUACHO,31/10/2025
2023,12,12/01/2024,HUAURA,CRIMEN ORGANIZADO,FISCAL PROVINCIAL,TITULAR,MASCULINO,2,150801,LIMA,HUAURA,HUACHO,31/10/2025
2023,12,12/01/2024,HUAURA,DERECHOS HUMANOS E INTERCULTURALIDAD,FISCAL ADJUNTO PROVINCIAL,PROVISIONAL,MASCULINO,2,150801,LIMA,HUAURA,HUACHO,31/10/2025
2023,12,12/01/2024,HUAURA,DERECHOS HUMANOS E INTERCULTURALIDAD,FISCAL PROVINCIAL,PROVISIONAL (Titular Promovido),MASCULINO,1,150801,LIMA,HUAURA,HUACHO,31/10/2025
2023,12,12/01/2024,HUAURA,FAMILIA,FISCAL ADJUNTO PROVINCIAL,PROVISIONAL,FEMENINO,1,150801,LIMA,HUAURA,HUACHO,31/10/2025
2023,12,12/01/2024,HUAURA,FAMILIA,FISCAL ADJUNTO PROVINCIAL,TITULAR,FEMENINO,2,150801,LIMA,HUAURA,HUACHO,31/10/2025
2023,12,12/01/2024,HUAURA,FAMILIA,FISCAL ADJUNTO SUPERIOR,TITULAR,MASCULINO,1,150801,LIMA,HUAURA,HUACHO,31/10/2025
2023,12,12/01/2024,HUAURA,FAMILIA,FISCAL PROVINCIAL,PROVISIONAL,FEMENINO,1,150801,LIMA,HUAURA,HUACHO,31/10/2025
2023,12,12/01/2024,HUAURA,FAMILIA,FISCAL PROVINCIAL,TITULAR,FEMENINO,2,150801,LIMA,HUAURA,HUACHO,31/10/2025
2023,12,12/01/2024,HUAURA,FAMILIA,FISCAL SUPERIOR,TITULAR,MASCULINO,1,150801,LIMA,HUAURA,HUACHO,31/10/2025
2023,12,12/01/2024,HUAURA,MIXTA,FISCAL ADJUNTO PROVINCIAL,PROVISIONAL,FEMENINO,3,150801,LIMA,HUAURA,HUACHO,31/10/2025
2023,12,12/01/2024,HUAURA,MIXTA,FISCAL ADJUNTO PROVINCIAL,PROVISIONAL,MASCULINO,1,150801,LIMA,HUAURA,HUACHO,31/10/2025
2023,12,12/01/2024,HUAURA,MIXTA,FISCAL ADJUNTO PROVINCIAL,TITULAR,MASCULINO,3,150801,LIMA,HUAURA,HUACHO,31/10/2025
2023,12,12/01/2024,HUAURA,MIXTA,FISCAL PROVINCIAL,PROVISIONAL,MASCULINO,1,150801,LIMA,HUAURA,HUACHO,31/10/2025
2023,12,12/01/2024,HUAURA,MIXTA,FISCAL PROVINCIAL,PROVISIONAL (Titular Promovido),FEMENINO,1,150801,LIMA,HUAURA,HUACHO,31/10/2025
2023,12,12/01/2024,HUAURA,MIXTA,FISCAL PROVINCIAL,TITULAR,FEMENINO,1,150801,LIMA,HUAURA,HUACHO,31/10/2025
2023,12,12/01/2024,HUAURA,MIXTA,FISCAL PROVINCIAL,TITULAR,MASCULINO,1,150801,LIMA,HUAURA,HUACHO,31/10/2025
2023,12,12/01/2024,HUAURA,PENAL,FISCAL ADJUNTO PROVINCIAL,PROVISIONAL,FEMENINO,16,150801,LIMA,HUAURA,HUACHO,31/10/2025
2023,12,12/01/2024,HUAURA,PENAL,FISCAL ADJUNTO PROVINCIAL,PROVISIONAL,MASCULINO,14,150801,LIMA,HUAURA,HUACHO,31/10/2025
2023,12,12/01/2024,HUAURA,PENAL,FISCAL ADJUNTO PROVINCIAL,TITULAR,FEMENINO,3,150801,LIMA,HUAURA,HUACHO,31/10/2025
2023,12,12/01/2024,HUAURA,PENAL,FISCAL ADJUNTO PROVINCIAL,TITULAR,MASCULINO,6,150801,LIMA,HUAURA,HUACHO,31/10/2025
2023,12,12/01/2024,HUAURA,PENAL,FISCAL ADJUNTO SUPERIOR,PROVISIONAL (Titular Promovido),MASCULINO,1,150801,LIMA,HUAURA,HUACHO,31/10/2025
2023,12,12/01/2024,HUAURA,PENAL,FISCAL ADJUNTO SUPERIOR,TITULAR,MASCULINO,1,150801,LIMA,HUAURA,HUACHO,31/10/2025
2023,12,12/01/2024,HUAURA,PENAL,FISCAL PROVINCIAL,PROVISIONAL,MASCULINO,1,150801,LIMA,HUAURA,HUACHO,31/10/2025
2023,12,12/01/2024,HUAURA,PENAL,FISCAL PROVINCIAL,PROVISIONAL (Titular Promovido),FEMENINO,1,150801,LIMA,HUAURA,HUACHO,31/10/2025
2023,12,12/01/2024,HUAURA,PENAL,FISCAL PROVINCIAL,PROVISIONAL (Titular Promovido),MASCULINO,5,150801,LIMA,HUAURA,HUACHO,31/10/2025
2023,12,12/01/2024,HUAURA,PENAL,FISCAL PROVINCIAL,TITULAR,FEMENINO,3,150801,LIMA,HUAURA,HUACHO,31/10/2025
2023,12,12/01/2024,HUAURA,PENAL,FISCAL PROVINCIAL,TITULAR,MASCULINO,12,150801,LIMA,HUAURA,HUACHO,31/10/2025
2023,12,12/01/2024,HUAURA,PENAL,FISCAL SUPERIOR,PROVISIONAL (Titular Promovido),FEMENINO,1,150801,LIMA,HUAURA,HUACHO,31/10/2025
2023,12,12/01/2024,HUAURA,PENAL,FISCAL SUPERIOR,TITULAR,FEMENINO,1,150801,LIMA,HUAURA,HUACHO,31/10/2025
2023,12,12/01/2024,HUAURA,PENAL,FISCAL SUPERIOR,TITULAR,MASCULINO,1,150801,LIMA,HUAURA,HUACHO,31/10/2025
2023,12,12/01/2024,HUAURA,PREVENCION DEL DELITO,FISCAL ADJUNTO PROVINCIAL,PROVISIONAL,FEMENINO,2,150801,LIMA,HUAURA,HUACHO,31/10/2025
2023,12,12/01/2024,HUAURA,PREVENCION DEL DELITO,FISCAL ADJUNTO PROVINCIAL,PROVISIONAL,MASCULINO,1,150801,LIMA,HUAURA,HUACHO,31/10/2025
2023,12,12/01/2024,HUAURA,PREVENCION DEL DELITO,FISCAL ADJUNTO PROVINCIAL,TITULAR,MASCULINO,1,150801,LIMA,HUAURA,HUACHO,31/10/2025
2023,12,12/01/2024,HUAURA,PREVENCION DEL DELITO,FISCAL PROVINCIAL,PROVISIONAL,MASCULINO,1,150801,LIMA,HUAURA,HUACHO,31/10/2025
2023,12,12/01/2024,HUAURA,PREVENCION DEL DELITO,FISCAL PROVINCIAL,TITULAR,MASCULINO,2,150801,LIMA,HUAURA,HUACHO,31/10/2025
2023,12,12/01/2024,HUAURA,VIOLENCIA CONTRA LA MUJER E INTEGRANTES DEL GRUPO FAMILIAR,FISCAL ADJUNTO PROVINCIAL,TITULAR,MASCULINO,1,150801,LIMA,HUAURA,HUACHO,31/10/2025
2023,12,12/01/2024,HUAURA,VIOLENCIA CONTRA LA MUJER E INTEGRANTES DEL GRUPO FAMILIAR,FISCAL PROVINCIAL,TITULAR,FEMENINO,1,150801,LIMA,HUAURA,HUACHO,31/10/2025
2023,12,12/01/2024,ICA,AUTORIDAD NACIONAL DE CONTROL,FISCAL ADJUNTO SUPERIOR,PROVISIONAL (Titular Promovido),FEMENINO,1,110101,ICA,ICA,ICA,31/10/2025
2023,12,12/01/2024,ICA,AUTORIDAD NACIONAL DE CONTROL,FISCAL ADJUNTO SUPERIOR,PROVISIONAL (Titular Promovido),MASCULINO,1,110101,ICA,ICA,ICA,31/10/2025
2023,12,12/01/2024,ICA,AUTORIDAD NACIONAL DE CONTROL,FISCAL SUPERIOR,PROVISIONAL (Titular Promovido),FEMENINO,1,110101,ICA,ICA,ICA,31/10/2025
2023,12,12/01/2024,ICA,CORRUPCION DE FUNCIONARIOS,FISCAL ADJUNTO PROVINCIAL,PROVISIONAL,FEMENINO,4,110101,ICA,ICA,ICA,31/10/2025
2023,12,12/01/2024,ICA,CORRUPCION DE FUNCIONARIOS,FISCAL ADJUNTO PROVINCIAL,TITULAR,FEMENINO,3,110101,ICA,ICA,ICA,31/10/2025
2023,12,12/01/2024,ICA,CORRUPCION DE FUNCIONARIOS,FISCAL ADJUNTO PROVINCIAL,TITULAR,MASCULINO,1,110101,ICA,ICA,ICA,31/10/2025
2023,12,12/01/2024,ICA,CORRUPCION DE FUNCIONARIOS,FISCAL PROVINCIAL,TITULAR,FEMENINO,1,110101,ICA,ICA,ICA,31/10/2025
2023,12,12/01/2024,ICA,CORRUPCION DE FUNCIONARIOS,FISCAL PROVINCIAL,TITULAR,MASCULINO,2,110101,ICA,ICA,ICA,31/10/2025
2023,12,12/01/2024,ICA,CRIMEN ORGANIZADO,FISCAL ADJUNTO PROVINCIAL,PROVISIONAL,FEMENINO,3,110101,ICA,ICA,ICA,31/10/2025
2023,12,12/01/2024,ICA,CRIMEN ORGANIZADO,FISCAL ADJUNTO PROVINCIAL,TITULAR,MASCULINO,3,110101,ICA,ICA,ICA,31/10/2025
2023,12,12/01/2024,ICA,CRIMEN ORGANIZADO,FISCAL PROVINCIAL,PROVISIONAL,FEMENINO,1,110101,ICA,ICA,ICA,31/10/2025
2023,12,12/01/2024,ICA,CRIMEN ORGANIZADO,FISCAL PROVINCIAL,TITULAR,MASCULINO,1,110101,ICA,ICA,ICA,31/10/2025
2023,12,12/01/2024,ICA,DERECHOS HUMANOS E INTERCULTURALIDAD,FISCAL ADJUNTO PROVINCIAL,PROVISIONAL,FEMENINO,2,110101,ICA,ICA,ICA,31/10/2025
2023,12,12/01/2024,ICA,DERECHOS HUMANOS E INTERCULTURALIDAD,FISCAL PROVINCIAL,PROVISIONAL (Titular Promovido),FEMENINO,1,110101,ICA,ICA,ICA,31/10/2025
2023,12,12/01/2024,ICA,FAMILIA,FISCAL ADJUNTO PROVINCIAL,PROVISIONAL,FEMENINO,5,110101,ICA,ICA,ICA,31/10/2025
2023,12,12/01/2024,ICA,FAMILIA,FISCAL ADJUNTO PROVINCIAL,TITULAR,FEMENINO,5,110101,ICA,ICA,ICA,31/10/2025
2023,12,12/01/2024,ICA,FAMILIA,FISCAL ADJUNTO PROVINCIAL,TITULAR,MASCULINO,2,110101,ICA,ICA,ICA,31/10/2025
2023,12,12/01/2024,ICA,FAMILIA,FISCAL ADJUNTO SUPERIOR,PROVISIONAL (Titular Promovido),MASCULINO,1,110101,ICA,ICA,ICA,31/10/2025
2023,12,12/01/2024,ICA,FAMILIA,FISCAL ADJUNTO SUPERIOR,TITULAR,FEMENINO,2,110101,ICA,ICA,ICA,31/10/2025
2023,12,12/01/2024,ICA,FAMILIA,FISCAL ADJUNTO SUPERIOR,TITULAR,MASCULINO,1,110101,ICA,ICA,ICA,31/10/2025
2023,12,12/01/2024,ICA,FAMILIA,FISCAL PROVINCIAL,PROVISIONAL,FEMENINO,1,110101,ICA,ICA,ICA,31/10/2025
2023,12,12/01/2024,ICA,FAMILIA,FISCAL PROVINCIAL,PROVISIONAL (Titular Promovido),MASCULINO,1,110101,ICA,ICA,ICA,31/10/2025
2023,12,12/01/2024,ICA,FAMILIA,FISCAL PROVINCIAL,TITULAR,FEMENINO,3,110101,ICA,ICA,ICA,31/10/2025
2023,12,12/01/2024,ICA,FAMILIA,FISCAL PROVINCIAL,TITULAR,MASCULINO,3,110101,ICA,ICA,ICA,31/10/2025
2023,12,12/01/2024,ICA,FAMILIA,FISCAL SUPERIOR,PROVISIONAL (Titular Promovido),MASCULINO,1,110101,ICA,ICA,ICA,31/10/2025
2023,12,12/01/2024,ICA,FAMILIA,FISCAL SUPERIOR,TITULAR,FEMENINO,3,110101,ICA,ICA,ICA,31/10/2025
2023,12,12/01/2024,ICA,MATERIA AMBIENTAL,FISCAL ADJUNTO PROVINCIAL,PROVISIONAL,FEMENINO,1,110101,ICA,ICA,ICA,31/10/2025
2023,12,12/01/2024,ICA,MATERIA AMBIENTAL,FISCAL PROVINCIAL,PROVISIONAL,MASCULINO,1,110101,ICA,ICA,ICA,31/10/2025
2023,12,12/01/2024,ICA,MIXTA,FISCAL ADJUNTO PROVINCIAL,PROVISIONAL,FEMENINO,1,110101,ICA,ICA,ICA,31/10/2025
2023,12,12/01/2024,ICA,MIXTA,FISCAL ADJUNTO PROVINCIAL,TITULAR,FEMENINO,2,110101,ICA,ICA,ICA,31/10/2025
2023,12,12/01/2024,ICA,MIXTA,FISCAL ADJUNTO PROVINCIAL,TITULAR,MASCULINO,3,110101,ICA,ICA,ICA,31/10/2025
2023,12,12/01/2024,ICA,MIXTA,FISCAL ADJUNTO SUPERIOR,PROVISIONAL (Titular Promovido),MASCULINO,1,110101,ICA,ICA,ICA,31/10/2025
2023,12,12/01/2024,ICA,MIXTA,FISCAL ADJUNTO SUPERIOR,TITULAR,MASCULINO,1,110101,ICA,ICA,ICA,31/10/2025
2023,12,12/01/2024,ICA,MIXTA,FISCAL PROVINCIAL,PROVISIONAL,MASCULINO,1,110101,ICA,ICA,ICA,31/10/2025
2023,12,12/01/2024,ICA,MIXTA,FISCAL PROVINCIAL,PROVISIONAL (Titular Promovido),FEMENINO,1,110101,ICA,ICA,ICA,31/10/2025
2023,12,12/01/2024,ICA,MIXTA,FISCAL SUPERIOR,PROVISIONAL (Titular Promovido),FEMENINO,1,110101,ICA,ICA,ICA,31/10/2025
2023,12,12/01/2024,ICA,PENAL,FISCAL ADJUNTO PROVINCIAL,PROVISIONAL,FEMENINO,14,110101,ICA,ICA,ICA,31/10/2025
2023,12,12/01/2024,ICA,PENAL,FISCAL ADJUNTO PROVINCIAL,PROVISIONAL,MASCULINO,9,110101,ICA,ICA,ICA,31/10/2025
2023,12,12/01/2024,ICA,PENAL,FISCAL ADJUNTO PROVINCIAL,TITULAR,FEMENINO,10,110101,ICA,ICA,ICA,31/10/2025
2023,12,12/01/2024,ICA,PENAL,FISCAL ADJUNTO PROVINCIAL,TITULAR,MASCULINO,12,110101,ICA,ICA,ICA,31/10/2025
2023,12,12/01/2024,ICA,PENAL,FISCAL ADJUNTO SUPERIOR,PROVISIONAL (Titular Promovido),MASCULINO,3,110101,ICA,ICA,ICA,31/10/2025
2023,12,12/01/2024,ICA,PENAL,FISCAL ADJUNTO SUPERIOR,TITULAR,FEMENINO,2,110101,ICA,ICA,ICA,31/10/2025
2023,12,12/01/2024,ICA,PENAL,FISCAL ADJUNTO SUPERIOR,TITULAR,MASCULINO,2,110101,ICA,ICA,ICA,31/10/2025
2023,12,12/01/2024,ICA,PENAL,FISCAL PROVINCIAL,PROVISIONAL,FEMENINO,2,110101,ICA,ICA,ICA,31/10/2025
2023,12,12/01/2024,ICA,PENAL,FISCAL PROVINCIAL,PROVISIONAL,MASCULINO,2,110101,ICA,ICA,ICA,31/10/2025
2023,12,12/01/2024,ICA,PENAL,FISCAL PROVINCIAL,PROVISIONAL (Titular Promovido),FEMENINO,4,110101,ICA,ICA,ICA,31/10/2025
2023,12,12/01/2024,ICA,PENAL,FISCAL PROVINCIAL,PROVISIONAL (Titular Promovido),MASCULINO,2,110101,ICA,ICA,ICA,31/10/2025
2023,12,12/01/2024,ICA,PENAL,FISCAL PROVINCIAL,TITULAR,FEMENINO,3,110101,ICA,ICA,ICA,31/10/2025
2023,12,12/01/2024,ICA,PENAL,FISCAL PROVINCIAL,TITULAR,MASCULINO,16,110101,ICA,ICA,ICA,31/10/2025
2023,12,12/01/2024,ICA,PENAL,FISCAL SUPERIOR,PROVISIONAL (Titular Promovido),FEMENINO,2,110101,ICA,ICA,ICA,31/10/2025
2023,12,12/01/2024,ICA,PENAL,FISCAL SUPERIOR,TITULAR,FEMENINO,2,110101,ICA,ICA,ICA,31/10/2025
2023,12,12/01/2024,ICA,PENAL,FISCAL SUPERIOR,TITULAR,MASCULINO,1,110101,ICA,ICA,ICA,31/10/2025
2023,12,12/01/2024,ICA,PREVENCION DEL DELITO,FISCAL ADJUNTO PROVINCIAL,PROVISIONAL,MASCULINO,2,110101,ICA,ICA,ICA,31/10/2025
2023,12,12/01/2024,ICA,PREVENCION DEL DELITO,FISCAL ADJUNTO PROVINCIAL,TITULAR,MASCULINO,1,110101,ICA,ICA,ICA,31/10/2025
2023,12,12/01/2024,ICA,PREVENCION DEL DELITO,FISCAL PROVINCIAL,TITULAR,MASCULINO,1,110101,ICA,ICA,ICA,31/10/2025
2023,12,12/01/2024,JUNIN,AUTORIDAD NACIONAL DE CONTROL,FISCAL ADJUNTO SUPERIOR,PROVISIONAL,FEMENINO,1,120114,JUNIN,HUANCAYO,EL TAMBO,31/10/2025
2023,12,12/01/2024,JUNIN,AUTORIDAD NACIONAL DE CONTROL,FISCAL ADJUNTO SUPERIOR,PROVISIONAL (Titular Promovido),MASCULINO,1,120114,JUNIN,HUANCAYO,EL TAMBO,31/10/2025
2023,12,12/01/2024,JUNIN,AUTORIDAD NACIONAL DE CONTROL,FISCAL PROVINCIAL,PROVISIONAL,FEMENINO,1,120114,JUNIN,HUANCAYO,EL TAMBO,31/10/2025
2023,12,12/01/2024,JUNIN,AUTORIDAD NACIONAL DE CONTROL,FISCAL SUPERIOR,PROVISIONAL (Titular Promovido),MASCULINO,1,120114,JUNIN,HUANCAYO,EL TAMBO,31/10/2025
2023,12,12/01/2024,JUNIN,CORRUPCION DE FUNCIONARIOS,FISCAL ADJUNTO PROVINCIAL,PROVISIONAL,FEMENINO,7,120114,JUNIN,HUANCAYO,EL TAMBO,31/10/2025
2023,12,12/01/2024,JUNIN,CORRUPCION DE FUNCIONARIOS,FISCAL ADJUNTO PROVINCIAL,PROVISIONAL,MASCULINO,1,120114,JUNIN,HUANCAYO,EL TAMBO,31/10/2025
2023,12,12/01/2024,JUNIN,CORRUPCION DE FUNCIONARIOS,FISCAL ADJUNTO PROVINCIAL,TITULAR,FEMENINO,3,120114,JUNIN,HUANCAYO,EL TAMBO,31/10/2025
2023,12,12/01/2024,JUNIN,CORRUPCION DE FUNCIONARIOS,FISCAL ADJUNTO SUPERIOR,PROVISIONAL (Titular Promovido),FEMENINO,1,120114,JUNIN,HUANCAYO,EL TAMBO,31/10/2025
2023,12,12/01/2024,JUNIN,CORRUPCION DE FUNCIONARIOS,FISCAL ADJUNTO SUPERIOR,TITULAR,MASCULINO,1,120114,JUNIN,HUANCAYO,EL TAMBO,31/10/2025
2023,12,12/01/2024,JUNIN,CORRUPCION DE FUNCIONARIOS,FISCAL PROVINCIAL,PROVISIONAL (Titular Promovido),MASCULINO,1,120114,JUNIN,HUANCAYO,EL TAMBO,31/10/2025
2023,12,12/01/2024,JUNIN,CORRUPCION DE FUNCIONARIOS,FISCAL PROVINCIAL,TITULAR,MASCULINO,2,120114,JUNIN,HUANCAYO,EL TAMBO,31/10/2025
2023,12,12/01/2024,JUNIN,CORRUPCION DE FUNCIONARIOS,FISCAL SUPERIOR,TITULAR,MASCULINO,1,120114,JUNIN,HUANCAYO,EL TAMBO,31/10/2025
2023,12,12/01/2024,JUNIN,CRIMEN ORGANIZADO,FISCAL ADJUNTO PROVINCIAL,PROVISIONAL,FEMENINO,5,120114,JUNIN,HUANCAYO,EL TAMBO,31/10/2025
2023,12,12/01/2024,JUNIN,CRIMEN ORGANIZADO,FISCAL ADJUNTO PROVINCIAL,TITULAR,MASCULINO,1,120114,JUNIN,HUANCAYO,EL TAMBO,31/10/2025
2023,12,12/01/2024,JUNIN,CRIMEN ORGANIZADO,FISCAL PROVINCIAL,PROVISIONAL (Titular Promovido),FEMENINO,1,120114,JUNIN,HUANCAYO,EL TAMBO,31/10/2025
2023,12,12/01/2024,JUNIN,DELITOS DE TERRORISMO Y DELITOS CONEXOS,FISCAL ADJUNTO PROVINCIAL,PROVISIONAL,FEMENINO,1,120114,JUNIN,HUANCAYO,EL TAMBO,31/10/2025
2023,12,12/01/2024,JUNIN,DELITOS DE TERRORISMO Y DELITOS CONEXOS,FISCAL PROVINCIAL,TITULAR,MASCULINO,1,120114,JUNIN,HUANCAYO,EL TAMBO,31/10/2025
2023,12,12/01/2024,JUNIN,DERECHOS HUMANOS E INTERCULTURALIDAD,FISCAL ADJUNTO PROVINCIAL,PROVISIONAL,FEMENINO,3,120114,JUNIN,HUANCAYO,EL TAMBO,31/10/2025
2023,12,12/01/2024,JUNIN,DERECHOS HUMANOS E INTERCULTURALIDAD,FISCAL ADJUNTO PROVINCIAL,PROVISIONAL,MASCULINO,1,120114,JUNIN,HUANCAYO,EL TAMBO,31/10/2025
2023,12,12/01/2024,JUNIN,DERECHOS HUMANOS E INTERCULTURALIDAD,FISCAL PROVINCIAL,PROVISIONAL (Titular Promovido),MASCULINO,2,120114,JUNIN,HUANCAYO,EL TAMBO,31/10/2025
2023,12,12/01/2024,JUNIN,EXTINCION DE DOMINIO,FISCAL ADJUNTO PROVINCIAL,PROVISIONAL,FEMENINO,1,120114,JUNIN,HUANCAYO,EL TAMBO,31/10/2025
2023,12,12/01/2024,JUNIN,EXTINCION DE DOMINIO,FISCAL ADJUNTO PROVINCIAL,PROVISIONAL,MASCULINO,1,120114,JUNIN,HUANCAYO,EL TAMBO,31/10/2025
2023,12,12/01/2024,JUNIN,EXTINCION DE DOMINIO,FISCAL PROVINCIAL,PROVISIONAL (Titular Promovido),FEMENINO,1,120114,JUNIN,HUANCAYO,EL TAMBO,31/10/2025
2023,12,12/01/2024,JUNIN,FAMILIA,FISCAL ADJUNTO PROVINCIAL,PROVISIONAL,FEMENINO,7,120114,JUNIN,HUANCAYO,EL TAMBO,31/10/2025
2023,12,12/01/2024,JUNIN,FAMILIA,FISCAL ADJUNTO PROVINCIAL,PROVISIONAL,MASCULINO,1,120114,JUNIN,HUANCAYO,EL TAMBO,31/10/2025
2023,12,12/01/2024,JUNIN,FAMILIA,FISCAL ADJUNTO PROVINCIAL,TITULAR,FEMENINO,2,120114,JUNIN,HUANCAYO,EL TAMBO,31/10/2025
2023,12,12/01/2024,JUNIN,FAMILIA,FISCAL ADJUNTO PROVINCIAL,TITULAR,MASCULINO,1,120114,JUNIN,HUANCAYO,EL TAMBO,31/10/2025
2023,12,12/01/2024,JUNIN,FAMILIA,FISCAL ADJUNTO SUPERIOR,TITULAR,MASCULINO,2,120114,JUNIN,HUANCAYO,EL TAMBO,31/10/2025
2023,12,12/01/2024,JUNIN,FAMILIA,FISCAL PROVINCIAL,PROVISIONAL,FEMENINO,4,120114,JUNIN,HUANCAYO,EL TAMBO,31/10/2025
2023,12,12/01/2024,JUNIN,FAMILIA,FISCAL PROVINCIAL,TITULAR,FEMENINO,1,120114,JUNIN,HUANCAYO,EL TAMBO,31/10/2025
2023,12,12/01/2024,JUNIN,FAMILIA,FISCAL PROVINCIAL,TITULAR,MASCULINO,5,120114,JUNIN,HUANCAYO,EL TAMBO,31/10/2025
2023,12,12/01/2024,JUNIN,FAMILIA,FISCAL SUPERIOR,PROVISIONAL (Titular Promovido),FEMENINO,1,120114,JUNIN,HUANCAYO,EL TAMBO,31/10/2025
2023,12,12/01/2024,JUNIN,FAMILIA,FISCAL SUPERIOR,TITULAR,MASCULINO,1,120114,JUNIN,HUANCAYO,EL TAMBO,31/10/2025
2023,12,12/01/2024,JUNIN,MATERIA AMBIENTAL,FISCAL ADJUNTO PROVINCIAL,PROVISIONAL,FEMENINO,2,120114,JUNIN,HUANCAYO,EL TAMBO,31/10/2025
2023,12,12/01/2024,JUNIN,MATERIA AMBIENTAL,FISCAL PROVINCIAL,TITULAR,MASCULINO,1,120114,JUNIN,HUANCAYO,EL TAMBO,31/10/2025
2023,12,12/01/2024,JUNIN,MIXTA,FISCAL ADJUNTO PROVINCIAL,PROVISIONAL,FEMENINO,2,120114,JUNIN,HUANCAYO,EL TAMBO,31/10/2025
2023,12,12/01/2024,JUNIN,MIXTA,FISCAL PROVINCIAL,PROVISIONAL,FEMENINO,1,120114,JUNIN,HUANCAYO,EL TAMBO,31/10/2025
2023,12,12/01/2024,JUNIN,MIXTA,FISCAL PROVINCIAL,PROVISIONAL,MASCULINO,1,120114,JUNIN,HUANCAYO,EL TAMBO,31/10/2025
2023,12,12/01/2024,JUNIN,PENAL,FISCAL ADJUNTO PROVINCIAL,PROVISIONAL,FEMENINO,51,120114,JUNIN,HUANCAYO,EL TAMBO,31/10/2025
2023,12,12/01/2024,JUNIN,PENAL,FISCAL ADJUNTO PROVINCIAL,PROVISIONAL,MASCULINO,19,120114,JUNIN,HUANCAYO,EL TAMBO,31/10/2025
2023,12,12/01/2024,JUNIN,PENAL,FISCAL ADJUNTO PROVINCIAL,TITULAR,FEMENINO,2,120114,JUNIN,HUANCAYO,EL TAMBO,31/10/2025
2023,12,12/01/2024,JUNIN,PENAL,FISCAL ADJUNTO PROVINCIAL,TITULAR,MASCULINO,1,120114,JUNIN,HUANCAYO,EL TAMBO,31/10/2025
2023,12,12/01/2024,JUNIN,PENAL,FISCAL ADJUNTO SUPERIOR,PROVISIONAL,FEMENINO,7,120114,JUNIN,HUANCAYO,EL TAMBO,31/10/2025
2023,12,12/01/2024,JUNIN,PENAL,FISCAL ADJUNTO SUPERIOR,PROVISIONAL,MASCULINO,1,120114,JUNIN,HUANCAYO,EL TAMBO,31/10/2025
2023,12,12/01/2024,JUNIN,PENAL,FISCAL ADJUNTO SUPERIOR,PROVISIONAL (Titular Promovido),MASCULINO,4,120114,JUNIN,HUANCAYO,EL TAMBO,31/10/2025
2023,12,12/01/2024,JUNIN,PENAL,FISCAL ADJUNTO SUPERIOR,TITULAR,FEMENINO,1,120114,JUNIN,HUANCAYO,EL TAMBO,31/10/2025
2023,12,12/01/2024,JUNIN,PENAL,FISCAL ADJUNTO SUPERIOR,TITULAR,MASCULINO,1,120114,JUNIN,HUANCAYO,EL TAMBO,31/10/2025
2023,12,12/01/2024,JUNIN,PENAL,FISCAL PROVINCIAL,PROVISIONAL,FEMENINO,14,120114,JUNIN,HUANCAYO,EL TAMBO,31/10/2025
2023,12,12/01/2024,JUNIN,PENAL,FISCAL PROVINCIAL,PROVISIONAL,MASCULINO,14,120114,JUNIN,HUANCAYO,EL TAMBO,31/10/2025
2023,12,12/01/2024,JUNIN,PENAL,FISCAL PROVINCIAL,PROVISIONAL (Titular Promovido),FEMENINO,7,120114,JUNIN,HUANCAYO,EL TAMBO,31/10/2025
2023,12,12/01/2024,JUNIN,PENAL,FISCAL PROVINCIAL,PROVISIONAL (Titular Promovido),MASCULINO,1,120114,JUNIN,HUANCAYO,EL TAMBO,31/10/2025
2023,12,12/01/2024,JUNIN,PENAL,FISCAL PROVINCIAL,TITULAR,FEMENINO,2,120114,JUNIN,HUANCAYO,EL TAMBO,31/10/2025
2023,12,12/01/2024,JUNIN,PENAL,FISCAL SUPERIOR,PROVISIONAL (Titular Promovido),FEMENINO,1,120114,JUNIN,HUANCAYO,EL TAMBO,31/10/2025
2023,12,12/01/2024,JUNIN,PENAL,FISCAL SUPERIOR,PROVISIONAL (Titular Promovido),MASCULINO,2,120114,JUNIN,HUANCAYO,EL TAMBO,31/10/2025
2023,12,12/01/2024,JUNIN,PENAL,FISCAL SUPERIOR,TITULAR,MASCULINO,2,120114,JUNIN,HUANCAYO,EL TAMBO,31/10/2025
2023,12,12/01/2024,JUNIN,POOL / EQUIPO DE APOYO FISCAL (SIN ESPECIALIDAD),FISCAL ADJUNTO PROVINCIAL,PROVISIONAL,FEMENINO,2,120114,JUNIN,HUANCAYO,EL TAMBO,31/10/2025
2023,12,12/01/2024,JUNIN,POOL / EQUIPO DE APOYO FISCAL (SIN ESPECIALIDAD),FISCAL ADJUNTO PROVINCIAL,PROVISIONAL,MASCULINO,1,120114,JUNIN,HUANCAYO,EL TAMBO,31/10/2025
2023,12,12/01/2024,JUNIN,PREVENCION DEL DELITO,FISCAL ADJUNTO PROVINCIAL,PROVISIONAL,FEMENINO,2,120114,JUNIN,HUANCAYO,EL TAMBO,31/10/2025
2023,12,12/01/2024,JUNIN,PREVENCION DEL DELITO,FISCAL ADJUNTO PROVINCIAL,PROVISIONAL,MASCULINO,1,120114,JUNIN,HUANCAYO,EL TAMBO,31/10/2025
2023,12,12/01/2024,JUNIN,PREVENCION DEL DELITO,FISCAL PROVINCIAL,PROVISIONAL,FEMENINO,2,120114,JUNIN,HUANCAYO,EL TAMBO,31/10/2025
2023,12,12/01/2024,JUNIN,TRAFICO ILICITO DE DROGAS,FISCAL ADJUNTO PROVINCIAL,PROVISIONAL,FEMENINO,3,120114,JUNIN,HUANCAYO,EL TAMBO,31/10/2025
2023,12,12/01/2024,JUNIN,TRAFICO ILICITO DE DROGAS,FISCAL PROVINCIAL,PROVISIONAL,FEMENINO,1,120114,JUNIN,HUANCAYO,EL TAMBO,31/10/2025
2023,12,12/01/2024,JUNIN,VIOLENCIA CONTRA LA MUJER E INTEGRANTES DEL GRUPO FAMILIAR,FISCAL ADJUNTO PROVINCIAL,PROVISIONAL,FEMENINO,37,120114,JUNIN,HUANCAYO,EL TAMBO,31/10/2025
2023,12,12/01/2024,JUNIN,VIOLENCIA CONTRA LA MUJER E INTEGRANTES DEL GRUPO FAMILIAR,FISCAL ADJUNTO PROVINCIAL,PROVISIONAL,MASCULINO,5,120114,JUNIN,HUANCAYO,EL TAMBO,31/10/2025
2023,12,12/01/2024,JUNIN,VIOLENCIA CONTRA LA MUJER E INTEGRANTES DEL GRUPO FAMILIAR,FISCAL ADJUNTO SUPERIOR,PROVISIONAL,MASCULINO,1,120114,JUNIN,HUANCAYO,EL TAMBO,31/10/2025
2023,12,12/01/2024,JUNIN,VIOLENCIA CONTRA LA MUJER E INTEGRANTES DEL GRUPO FAMILIAR,FISCAL ADJUNTO SUPERIOR,PROVISIONAL (Titular Promovido),FEMENINO,1,120114,JUNIN,HUANCAYO,EL TAMBO,31/10/2025
2023,12,12/01/2024,JUNIN,VIOLENCIA CONTRA LA MUJER E INTEGRANTES DEL GRUPO FAMILIAR,FISCAL PROVINCIAL,PROVISIONAL,FEMENINO,6,120114,JUNIN,HUANCAYO,EL TAMBO,31/10/2025
2023,12,12/01/2024,JUNIN,VIOLENCIA CONTRA LA MUJER E INTEGRANTES DEL GRUPO FAMILIAR,FISCAL PROVINCIAL,PROVISIONAL,MASCULINO,4,120114,JUNIN,HUANCAYO,EL TAMBO,31/10/2025
2023,12,12/01/2024,JUNIN,VIOLENCIA CONTRA LA MUJER E INTEGRANTES DEL GRUPO FAMILIAR,FISCAL PROVINCIAL,PROVISIONAL (Titular Promovido),FEMENINO,1,120114,JUNIN,HUANCAYO,EL TAMBO,31/10/2025
2023,12,12/01/2024,JUNIN,VIOLENCIA CONTRA LA MUJER E INTEGRANTES DEL GRUPO FAMILIAR,FISCAL SUPERIOR,PROVISIONAL (Titular Promovido),FEMENINO,1,120114,JUNIN,HUANCAYO,EL TAMBO,31/10/2025
2023,12,12/01/2024,LA LIBERTAD,AUTORIDAD NACIONAL DE CONTROL,FISCAL ADJUNTO SUPERIOR,PROVISIONAL (Titular Promovido),FEMENINO,2,130101,LA LIBERTAD,TRUJILLO,TRUJILLO,31/10/2025
2023,12,12/01/2024,LA LIBERTAD,AUTORIDAD NACIONAL DE CONTROL,FISCAL SUPERIOR,PROVISIONAL (Titular Promovido),FEMENINO,1,130101,LA LIBERTAD,TRUJILLO,TRUJILLO,31/10/2025
2023,12,12/01/2024,LA LIBERTAD,CIBERDELINCUENCIA,FISCAL ADJUNTO PROVINCIAL,PROVISIONAL,FEMENINO,1,130101,LA LIBERTAD,TRUJILLO,TRUJILLO,31/10/2025
2023,12,12/01/2024,LA LIBERTAD,CIBERDELINCUENCIA,FISCAL ADJUNTO PROVINCIAL,TITULAR,FEMENINO,1,130101,LA LIBERTAD,TRUJILLO,TRUJILLO,31/10/2025
2023,12,12/01/2024,LA LIBERTAD,CIBERDELINCUENCIA,FISCAL PROVINCIAL,PROVISIONAL (Titular Promovido),MASCULINO,1,130101,LA LIBERTAD,TRUJILLO,TRUJILLO,31/10/2025
2023,12,12/01/2024,LA LIBERTAD,CORRUPCION DE FUNCIONARIOS,FISCAL ADJUNTO PROVINCIAL,PROVISIONAL,FEMENINO,6,130101,LA LIBERTAD,TRUJILLO,TRUJILLO,31/10/2025
2023,12,12/01/2024,LA LIBERTAD,CORRUPCION DE FUNCIONARIOS,FISCAL ADJUNTO PROVINCIAL,PROVISIONAL,MASCULINO,1,130101,LA LIBERTAD,TRUJILLO,TRUJILLO,31/10/2025
2023,12,12/01/2024,LA LIBERTAD,CORRUPCION DE FUNCIONARIOS,FISCAL ADJUNTO PROVINCIAL,TITULAR,FEMENINO,4,130101,LA LIBERTAD,TRUJILLO,TRUJILLO,31/10/2025
2023,12,12/01/2024,LA LIBERTAD,CORRUPCION DE FUNCIONARIOS,FISCAL ADJUNTO PROVINCIAL,TITULAR,MASCULINO,3,130101,LA LIBERTAD,TRUJILLO,TRUJILLO,31/10/2025
2023,12,12/01/2024,LA LIBERTAD,CORRUPCION DE FUNCIONARIOS,FISCAL PROVINCIAL,PROVISIONAL (Titular Promovido),FEMENINO,1,130101,LA LIBERTAD,TRUJILLO,TRUJILLO,31/10/2025
2023,12,12/01/2024,LA LIBERTAD,CORRUPCION DE FUNCIONARIOS,FISCAL PROVINCIAL,TITULAR,FEMENINO,1,130101,LA LIBERTAD,TRUJILLO,TRUJILLO,31/10/2025
2023,12,12/01/2024,LA LIBERTAD,CORRUPCION DE FUNCIONARIOS,FISCAL PROVINCIAL,TITULAR,MASCULINO,4,130101,LA LIBERTAD,TRUJILLO,TRUJILLO,31/10/2025
2023,12,12/01/2024,LA LIBERTAD,CRIMEN ORGANIZADO,FISCAL ADJUNTO PROVINCIAL,PROVISIONAL,FEMENINO,3,130101,LA LIBERTAD,TRUJILLO,TRUJILLO,31/10/2025
2023,12,12/01/2024,LA LIBERTAD,CRIMEN ORGANIZADO,FISCAL ADJUNTO PROVINCIAL,PROVISIONAL,MASCULINO,1,130101,LA LIBERTAD,TRUJILLO,TRUJILLO,31/10/2025
2023,12,12/01/2024,LA LIBERTAD,CRIMEN ORGANIZADO,FISCAL ADJUNTO PROVINCIAL,TITULAR,FEMENINO,3,130101,LA LIBERTAD,TRUJILLO,TRUJILLO,31/10/2025
2023,12,12/01/2024,LA LIBERTAD,CRIMEN ORGANIZADO,FISCAL ADJUNTO PROVINCIAL,TITULAR,MASCULINO,5,130101,LA LIBERTAD,TRUJILLO,TRUJILLO,31/10/2025
2023,12,12/01/2024,LA LIBERTAD,CRIMEN ORGANIZADO,FISCAL PROVINCIAL,TITULAR,FEMENINO,2,130101,LA LIBERTAD,TRUJILLO,TRUJILLO,31/10/2025
2023,12,12/01/2024,LA LIBERTAD,CRIMEN ORGANIZADO,FISCAL PROVINCIAL,TITULAR,MASCULINO,2,130101,LA LIBERTAD,TRUJILLO,TRUJILLO,31/10/2025
2023,12,12/01/2024,LA LIBERTAD,DELITOS DE TRATA DE PERSONAS,FISCAL ADJUNTO PROVINCIAL,PROVISIONAL,FEMENINO,1,130101,LA LIBERTAD,TRUJILLO,TRUJILLO,31/10/2025
2023,12,12/01/2024,LA LIBERTAD,DELITOS DE TRATA DE PERSONAS,FISCAL ADJUNTO PROVINCIAL,PROVISIONAL,MASCULINO,1,130101,LA LIBERTAD,TRUJILLO,TRUJILLO,31/10/2025
2023,12,12/01/2024,LA LIBERTAD,DELITOS DE TRATA DE PERSONAS,FISCAL PROVINCIAL,PROVISIONAL,FEMENINO,1,130101,LA LIBERTAD,TRUJILLO,TRUJILLO,31/10/2025
2023,12,12/01/2024,LA LIBERTAD,DERECHOS HUMANOS E INTERCULTURALIDAD,FISCAL ADJUNTO PROVINCIAL,PROVISIONAL,FEMENINO,3,130101,LA LIBERTAD,TRUJILLO,TRUJILLO,31/10/2025
2023,12,12/01/2024,LA LIBERTAD,DERECHOS HUMANOS E INTERCULTURALIDAD,FISCAL ADJUNTO PROVINCIAL,PROVISIONAL,MASCULINO,1,130101,LA LIBERTAD,TRUJILLO,TRUJILLO,31/10/2025
2023,12,12/01/2024,LA LIBERTAD,DERECHOS HUMANOS E INTERCULTURALIDAD,FISCAL PROVINCIAL,PROVISIONAL (Titular Promovido),FEMENINO,1,130101,LA LIBERTAD,TRUJILLO,TRUJILLO,31/10/2025
2023,12,12/01/2024,LA LIBERTAD,EXTINCION DE DOMINIO,FISCAL ADJUNTO PROVINCIAL,PROVISIONAL,MASCULINO,2,130101,LA LIBERTAD,TRUJILLO,TRUJILLO,31/10/2025
2023,12,12/01/2024,LA LIBERTAD,EXTINCION DE DOMINIO,FISCAL PROVINCIAL,PROVISIONAL (Titular Promovido),FEMENINO,1,130101,LA LIBERTAD,TRUJILLO,TRUJILLO,31/10/2025
2023,12,12/01/2024,LA LIBERTAD,FAMILIA,FISCAL ADJUNTO PROVINCIAL,TITULAR,FEMENINO,3,130101,LA LIBERTAD,TRUJILLO,TRUJILLO,31/10/2025
2023,12,12/01/2024,LA LIBERTAD,FAMILIA,FISCAL ADJUNTO SUPERIOR,TITULAR,MASCULINO,1,130101,LA LIBERTAD,TRUJILLO,TRUJILLO,31/10/2025
2023,12,12/01/2024,LA LIBERTAD,FAMILIA,FISCAL PROVINCIAL,TITULAR,FEMENINO,4,130101,LA LIBERTAD,TRUJILLO,TRUJILLO,31/10/2025
2023,12,12/01/2024,LA LIBERTAD,FAMILIA,FISCAL SUPERIOR,PROVISIONAL (Titular Promovido),FEMENINO,1,130101,LA LIBERTAD,TRUJILLO,TRUJILLO,31/10/2025
2023,12,12/01/2024,LA LIBERTAD,FAMILIA,FISCAL SUPERIOR,TITULAR,FEMENINO,1,130101,LA LIBERTAD,TRUJILLO,TRUJILLO,31/10/2025
2023,12,12/01/2024,LA LIBERTAD,MATERIA AMBIENTAL,FISCAL ADJUNTO PROVINCIAL,PROVISIONAL,FEMENINO,1,130101,LA LIBERTAD,TRUJILLO,TRUJILLO,31/10/2025
2023,12,12/01/2024,LA LIBERTAD,MATERIA AMBIENTAL,FISCAL ADJUNTO PROVINCIAL,PROVISIONAL,MASCULINO,1,130101,LA LIBERTAD,TRUJILLO,TRUJILLO,31/10/2025
2023,12,12/01/2024,LA LIBERTAD,MATERIA AMBIENTAL,FISCAL PROVINCIAL,PROVISIONAL (Titular Promovido),FEMENINO,1,130101,LA LIBERTAD,TRUJILLO,TRUJILLO,31/10/2025
2023,12,12/01/2024,LA LIBERTAD,MATERIA AMBIENTAL,FISCAL PROVINCIAL,TITULAR,FEMENINO,1,130101,LA LIBERTAD,TRUJILLO,TRUJILLO,31/10/2025
2023,12,12/01/2024,LA LIBERTAD,MIXTA,FISCAL ADJUNTO PROVINCIAL,PROVISIONAL,FEMENINO,20,130101,LA LIBERTAD,TRUJILLO,TRUJILLO,31/10/2025
2023,12,12/01/2024,LA LIBERTAD,MIXTA,FISCAL ADJUNTO PROVINCIAL,PROVISIONAL,MASCULINO,6,130101,LA LIBERTAD,TRUJILLO,TRUJILLO,31/10/2025
2023,12,12/01/2024,LA LIBERTAD,MIXTA,FISCAL ADJUNTO PROVINCIAL,TITULAR,FEMENINO,4,130101,LA LIBERTAD,TRUJILLO,TRUJILLO,31/10/2025
2023,12,12/01/2024,LA LIBERTAD,MIXTA,FISCAL ADJUNTO PROVINCIAL,TITULAR,MASCULINO,3,130101,LA LIBERTAD,TRUJILLO,TRUJILLO,31/10/2025
2023,12,12/01/2024,LA LIBERTAD,MIXTA,FISCAL ADJUNTO SUPERIOR,TITULAR,FEMENINO,1,130101,LA LIBERTAD,TRUJILLO,TRUJILLO,31/10/2025
2023,12,12/01/2024,LA LIBERTAD,MIXTA,FISCAL PROVINCIAL,PROVISIONAL,FEMENINO,5,130101,LA LIBERTAD,TRUJILLO,TRUJILLO,31/10/2025
2023,12,12/01/2024,LA LIBERTAD,MIXTA,FISCAL PROVINCIAL,PROVISIONAL,MASCULINO,7,130101,LA LIBERTAD,TRUJILLO,TRUJILLO,31/10/2025
2023,12,12/01/2024,LA LIBERTAD,MIXTA,FISCAL PROVINCIAL,PROVISIONAL (Titular Promovido),FEMENINO,3,130101,LA LIBERTAD,TRUJILLO,TRUJILLO,31/10/2025
2023,12,12/01/2024,LA LIBERTAD,MIXTA,FISCAL PROVINCIAL,PROVISIONAL (Titular Promovido),MASCULINO,2,130101,LA LIBERTAD,TRUJILLO,TRUJILLO,31/10/2025
2023,12,12/01/2024,LA LIBERTAD,MIXTA,FISCAL PROVINCIAL,TITULAR,FEMENINO,3,130101,LA LIBERTAD,TRUJILLO,TRUJILLO,31/10/2025
2023,12,12/01/2024,LA LIBERTAD,MIXTA,FISCAL PROVINCIAL,TITULAR,MASCULINO,9,130101,LA LIBERTAD,TRUJILLO,TRUJILLO,31/10/2025
2023,12,12/01/2024,LA LIBERTAD,MIXTA,FISCAL SUPERIOR,TITULAR,MASCULINO,1,130101,LA LIBERTAD,TRUJILLO,TRUJILLO,31/10/2025
2023,12,12/01/2024,LA LIBERTAD,PENAL,FISCAL ADJUNTO PROVINCIAL,PROVISIONAL,FEMENINO,24,130101,LA LIBERTAD,TRUJILLO,TRUJILLO,31/10/2025
2023,12,12/01/2024,LA LIBERTAD,PENAL,FISCAL ADJUNTO PROVINCIAL,PROVISIONAL,MASCULINO,13,130101,LA LIBERTAD,TRUJILLO,TRUJILLO,31/10/2025
2023,12,12/01/2024,LA LIBERTAD,PENAL,FISCAL ADJUNTO PROVINCIAL,TITULAR,FEMENINO,15,130101,LA LIBERTAD,TRUJILLO,TRUJILLO,31/10/2025
2023,12,12/01/2024,LA LIBERTAD,PENAL,FISCAL ADJUNTO PROVINCIAL,TITULAR,MASCULINO,9,130101,LA LIBERTAD,TRUJILLO,TRUJILLO,31/10/2025
2023,12,12/01/2024,LA LIBERTAD,PENAL,FISCAL ADJUNTO SUPERIOR,PROVISIONAL,MASCULINO,1,130101,LA LIBERTAD,TRUJILLO,TRUJILLO,31/10/2025
2023,12,12/01/2024,LA LIBERTAD,PENAL,FISCAL ADJUNTO SUPERIOR,PROVISIONAL (Titular Promovido),FEMENINO,1,130101,LA LIBERTAD,TRUJILLO,TRUJILLO,31/10/2025
2023,12,12/01/2024,LA LIBERTAD,PENAL,FISCAL ADJUNTO SUPERIOR,PROVISIONAL (Titular Promovido),MASCULINO,3,130101,LA LIBERTAD,TRUJILLO,TRUJILLO,31/10/2025
2023,12,12/01/2024,LA LIBERTAD,PENAL,FISCAL ADJUNTO SUPERIOR,TITULAR,MASCULINO,3,130101,LA LIBERTAD,TRUJILLO,TRUJILLO,31/10/2025
2023,12,12/01/2024,LA LIBERTAD,PENAL,FISCAL PROVINCIAL,PROVISIONAL,FEMENINO,1,130101,LA LIBERTAD,TRUJILLO,TRUJILLO,31/10/2025
2023,12,12/01/2024,LA LIBERTAD,PENAL,FISCAL PROVINCIAL,PROVISIONAL (Titular Promovido),FEMENINO,5,130101,LA LIBERTAD,TRUJILLO,TRUJILLO,31/10/2025
2023,12,12/01/2024,LA LIBERTAD,PENAL,FISCAL PROVINCIAL,PROVISIONAL (Titular Promovido),MASCULINO,2,130101,LA LIBERTAD,TRUJILLO,TRUJILLO,31/10/2025
2023,12,12/01/2024,LA LIBERTAD,PENAL,FISCAL PROVINCIAL,TITULAR,FEMENINO,14,130101,LA LIBERTAD,TRUJILLO,TRUJILLO,31/10/2025
2023,12,12/01/2024,LA LIBERTAD,PENAL,FISCAL PROVINCIAL,TITULAR,MASCULINO,11,130101,LA LIBERTAD,TRUJILLO,TRUJILLO,31/10/2025
2023,12,12/01/2024,LA LIBERTAD,PENAL,FISCAL SUPERIOR,PROVISIONAL (Titular Promovido),FEMENINO,2,130101,LA LIBERTAD,TRUJILLO,TRUJILLO,31/10/2025
2023,12,12/01/2024,LA LIBERTAD,PENAL,FISCAL SUPERIOR,TITULAR,FEMENINO,4,130101,LA LIBERTAD,TRUJILLO,TRUJILLO,31/10/2025
2023,12,12/01/2024,LA LIBERTAD,PREVENCION DEL DELITO,FISCAL ADJUNTO PROVINCIAL,PROVISIONAL,FEMENINO,3,130101,LA LIBERTAD,TRUJILLO,TRUJILLO,31/10/2025
2023,12,12/01/2024,LA LIBERTAD,PREVENCION DEL DELITO,FISCAL ADJUNTO PROVINCIAL,TITULAR,FEMENINO,1,130101,LA LIBERTAD,TRUJILLO,TRUJILLO,31/10/2025
2023,12,12/01/2024,LA LIBERTAD,PREVENCION DEL DELITO,FISCAL PROVINCIAL,PROVISIONAL (Titular Promovido),FEMENINO,1,130101,LA LIBERTAD,TRUJILLO,TRUJILLO,31/10/2025
2023,12,12/01/2024,LA LIBERTAD,PREVENCION DEL DELITO,FISCAL PROVINCIAL,TITULAR,MASCULINO,1,130101,LA LIBERTAD,TRUJILLO,TRUJILLO,31/10/2025
2023,12,12/01/2024,LA LIBERTAD,TRAFICO ILICITO DE DROGAS,FISCAL ADJUNTO PROVINCIAL,PROVISIONAL,FEMENINO,1,130101,LA LIBERTAD,TRUJILLO,TRUJILLO,31/10/2025
2023,12,12/01/2024,LA LIBERTAD,TRAFICO ILICITO DE DROGAS,FISCAL ADJUNTO PROVINCIAL,PROVISIONAL,MASCULINO,1,130101,LA LIBERTAD,TRUJILLO,TRUJILLO,31/10/2025
2023,12,12/01/2024,LA LIBERTAD,TRAFICO ILICITO DE DROGAS,FISCAL PROVINCIAL,TITULAR,FEMENINO,1,130101,LA LIBERTAD,TRUJILLO,TRUJILLO,31/10/2025
2023,12,12/01/2024,LA LIBERTAD,VIOLENCIA CONTRA LA MUJER E INTEGRANTES DEL GRUPO FAMILIAR,FISCAL ADJUNTO PROVINCIAL,PROVISIONAL,FEMENINO,3,130101,LA LIBERTAD,TRUJILLO,TRUJILLO,31/10/2025
2023,12,12/01/2024,LA LIBERTAD,VIOLENCIA CONTRA LA MUJER E INTEGRANTES DEL GRUPO FAMILIAR,FISCAL ADJUNTO PROVINCIAL,TITULAR,FEMENINO,2,130101,LA LIBERTAD,TRUJILLO,TRUJILLO,31/10/2025
2023,12,12/01/2024,LA LIBERTAD,VIOLENCIA CONTRA LA MUJER E INTEGRANTES DEL GRUPO FAMILIAR,FISCAL PROVINCIAL,PROVISIONAL,MASCULINO,1,130101,LA LIBERTAD,TRUJILLO,TRUJILLO,31/10/2025
2023,12,12/01/2024,LA LIBERTAD,VIOLENCIA CONTRA LA MUJER E INTEGRANTES DEL GRUPO FAMILIAR,FISCAL PROVINCIAL,PROVISIONAL (Titular Promovido),FEMENINO,1,130101,LA LIBERTAD,TRUJILLO,TRUJILLO,31/10/2025
2023,12,12/01/2024,LA LIBERTAD,VIOLENCIA CONTRA LA MUJER E INTEGRANTES DEL GRUPO FAMILIAR,FISCAL PROVINCIAL,TITULAR,FEMENINO,1,130101,LA LIBERTAD,TRUJILLO,TRUJILLO,31/10/2025
2023,12,12/01/2024,LA LIBERTAD,VIOLENCIA CONTRA LA MUJER E INTEGRANTES DEL GRUPO FAMILIAR,FISCAL PROVINCIAL,TITULAR,MASCULINO,2,130101,LA LIBERTAD,TRUJILLO,TRUJILLO,31/10/2025
2023,12,12/01/2024,LAMBAYEQUE,AUTORIDAD NACIONAL DE CONTROL,FISCAL ADJUNTO SUPERIOR,PROVISIONAL (Titular Promovido),FEMENINO,1,140101,LAMBAYEQUE,CHICLAYO,CHICLAYO,31/10/2025
2023,12,12/01/2024,LAMBAYEQUE,AUTORIDAD NACIONAL DE CONTROL,FISCAL ADJUNTO SUPERIOR,PROVISIONAL (Titular Promovido),MASCULINO,1,140101,LAMBAYEQUE,CHICLAYO,CHICLAYO,31/10/2025
2023,12,12/01/2024,LAMBAYEQUE,AUTORIDAD NACIONAL DE CONTROL,FISCAL SUPERIOR,TITULAR,MASCULINO,1,140101,LAMBAYEQUE,CHICLAYO,CHICLAYO,31/10/2025
2023,12,12/01/2024,LAMBAYEQUE,CORRUPCION DE FUNCIONARIOS,FISCAL ADJUNTO PROVINCIAL,PROVISIONAL,FEMENINO,5,140101,LAMBAYEQUE,CHICLAYO,CHICLAYO,31/10/2025
2023,12,12/01/2024,LAMBAYEQUE,CORRUPCION DE FUNCIONARIOS,FISCAL ADJUNTO PROVINCIAL,TITULAR,FEMENINO,2,140101,LAMBAYEQUE,CHICLAYO,CHICLAYO,31/10/2025
2023,12,12/01/2024,LAMBAYEQUE,CORRUPCION DE FUNCIONARIOS,FISCAL ADJUNTO PROVINCIAL,TITULAR,MASCULINO,4,140101,LAMBAYEQUE,CHICLAYO,CHICLAYO,31/10/2025
2023,12,12/01/2024,LAMBAYEQUE,CORRUPCION DE FUNCIONARIOS,FISCAL PROVINCIAL,TITULAR,FEMENINO,1,140101,LAMBAYEQUE,CHICLAYO,CHICLAYO,31/10/2025
2023,12,12/01/2024,LAMBAYEQUE,CORRUPCION DE FUNCIONARIOS,FISCAL PROVINCIAL,TITULAR,MASCULINO,2,140101,LAMBAYEQUE,CHICLAYO,CHICLAYO,31/10/2025
2023,12,12/01/2024,LAMBAYEQUE,CRIMEN ORGANIZADO,FISCAL ADJUNTO PROVINCIAL,PROVISIONAL,FEMENINO,3,140101,LAMBAYEQUE,CHICLAYO,CHICLAYO,31/10/2025
2023,12,12/01/2024,LAMBAYEQUE,CRIMEN ORGANIZADO,FISCAL ADJUNTO PROVINCIAL,PROVISIONAL,MASCULINO,2,140101,LAMBAYEQUE,CHICLAYO,CHICLAYO,31/10/2025
2023,12,12/01/2024,LAMBAYEQUE,CRIMEN ORGANIZADO,FISCAL ADJUNTO PROVINCIAL,TITULAR,FEMENINO,1,140101,LAMBAYEQUE,CHICLAYO,CHICLAYO,31/10/2025
2023,12,12/01/2024,LAMBAYEQUE,CRIMEN ORGANIZADO,FISCAL ADJUNTO PROVINCIAL,TITULAR,MASCULINO,1,140101,LAMBAYEQUE,CHICLAYO,CHICLAYO,31/10/2025
2023,12,12/01/2024,LAMBAYEQUE,CRIMEN ORGANIZADO,FISCAL PROVINCIAL,PROVISIONAL (Titular Promovido),MASCULINO,1,140101,LAMBAYEQUE,CHICLAYO,CHICLAYO,31/10/2025
2023,12,12/01/2024,LAMBAYEQUE,CRIMEN ORGANIZADO,FISCAL PROVINCIAL,TITULAR,MASCULINO,2,140101,LAMBAYEQUE,CHICLAYO,CHICLAYO,31/10/2025
2023,12,12/01/2024,LAMBAYEQUE,DERECHOS HUMANOS E INTERCULTURALIDAD,FISCAL ADJUNTO PROVINCIAL,PROVISIONAL,FEMENINO,4,140101,LAMBAYEQUE,CHICLAYO,CHICLAYO,31/10/2025
2023,12,12/01/2024,LAMBAYEQUE,DERECHOS HUMANOS E INTERCULTURALIDAD,FISCAL PROVINCIAL,PROVISIONAL (Titular Promovido),FEMENINO,1,140101,LAMBAYEQUE,CHICLAYO,CHICLAYO,31/10/2025
2023,12,12/01/2024,LAMBAYEQUE,EXTINCION DE DOMINIO,FISCAL ADJUNTO PROVINCIAL,PROVISIONAL,FEMENINO,1,140101,LAMBAYEQUE,CHICLAYO,CHICLAYO,31/10/2025
2023,12,12/01/2024,LAMBAYEQUE,EXTINCION DE DOMINIO,FISCAL ADJUNTO PROVINCIAL,PROVISIONAL,MASCULINO,1,140101,LAMBAYEQUE,CHICLAYO,CHICLAYO,31/10/2025
2023,12,12/01/2024,LAMBAYEQUE,EXTINCION DE DOMINIO,FISCAL PROVINCIAL,PROVISIONAL (Titular Promovido),FEMENINO,1,140101,LAMBAYEQUE,CHICLAYO,CHICLAYO,31/10/2025
2023,12,12/01/2024,LAMBAYEQUE,FAMILIA,FISCAL ADJUNTO PROVINCIAL,PROVISIONAL,FEMENINO,3,140101,LAMBAYEQUE,CHICLAYO,CHICLAYO,31/10/2025
2023,12,12/01/2024,LAMBAYEQUE,FAMILIA,FISCAL ADJUNTO PROVINCIAL,TITULAR,MASCULINO,3,140101,LAMBAYEQUE,CHICLAYO,CHICLAYO,31/10/2025
2023,12,12/01/2024,LAMBAYEQUE,FAMILIA,FISCAL ADJUNTO SUPERIOR,TITULAR,MASCULINO,1,140101,LAMBAYEQUE,CHICLAYO,CHICLAYO,31/10/2025
2023,12,12/01/2024,LAMBAYEQUE,FAMILIA,FISCAL PROVINCIAL,TITULAR,FEMENINO,2,140101,LAMBAYEQUE,CHICLAYO,CHICLAYO,31/10/2025
2023,12,12/01/2024,LAMBAYEQUE,FAMILIA,FISCAL PROVINCIAL,TITULAR,MASCULINO,1,140101,LAMBAYEQUE,CHICLAYO,CHICLAYO,31/10/2025
2023,12,12/01/2024,LAMBAYEQUE,FAMILIA,FISCAL SUPERIOR,TITULAR,FEMENINO,1,140101,LAMBAYEQUE,CHICLAYO,CHICLAYO,31/10/2025
2023,12,12/01/2024,LAMBAYEQUE,MATERIA AMBIENTAL,FISCAL ADJUNTO PROVINCIAL,PROVISIONAL,FEMENINO,1,140101,LAMBAYEQUE,CHICLAYO,CHICLAYO,31/10/2025
2023,12,12/01/2024,LAMBAYEQUE,MATERIA AMBIENTAL,FISCAL ADJUNTO PROVINCIAL,TITULAR,MASCULINO,1,140101,LAMBAYEQUE,CHICLAYO,CHICLAYO,31/10/2025
2023,12,12/01/2024,LAMBAYEQUE,MATERIA AMBIENTAL,FISCAL PROVINCIAL,TITULAR,MASCULINO,1,140101,LAMBAYEQUE,CHICLAYO,CHICLAYO,31/10/2025
2023,12,12/01/2024,LAMBAYEQUE,MIXTA,FISCAL ADJUNTO PROVINCIAL,PROVISIONAL,FEMENINO,5,140101,LAMBAYEQUE,CHICLAYO,CHICLAYO,31/10/2025
2023,12,12/01/2024,LAMBAYEQUE,MIXTA,FISCAL ADJUNTO PROVINCIAL,PROVISIONAL,MASCULINO,8,140101,LAMBAYEQUE,CHICLAYO,CHICLAYO,31/10/2025
2023,12,12/01/2024,LAMBAYEQUE,MIXTA,FISCAL ADJUNTO PROVINCIAL,TITULAR,FEMENINO,2,140101,LAMBAYEQUE,CHICLAYO,CHICLAYO,31/10/2025
2023,12,12/01/2024,LAMBAYEQUE,MIXTA,FISCAL ADJUNTO PROVINCIAL,TITULAR,MASCULINO,7,140101,LAMBAYEQUE,CHICLAYO,CHICLAYO,31/10/2025
2023,12,12/01/2024,LAMBAYEQUE,MIXTA,FISCAL ADJUNTO SUPERIOR,TITULAR,FEMENINO,1,140101,LAMBAYEQUE,CHICLAYO,CHICLAYO,31/10/2025
2023,12,12/01/2024,LAMBAYEQUE,MIXTA,FISCAL ADJUNTO SUPERIOR,TITULAR,MASCULINO,1,140101,LAMBAYEQUE,CHICLAYO,CHICLAYO,31/10/2025
2023,12,12/01/2024,LAMBAYEQUE,MIXTA,FISCAL PROVINCIAL,PROVISIONAL,MASCULINO,1,140101,LAMBAYEQUE,CHICLAYO,CHICLAYO,31/10/2025
2023,12,12/01/2024,LAMBAYEQUE,MIXTA,FISCAL PROVINCIAL,PROVISIONAL (Titular Promovido),FEMENINO,1,140101,LAMBAYEQUE,CHICLAYO,CHICLAYO,31/10/2025
2023,12,12/01/2024,LAMBAYEQUE,MIXTA,FISCAL PROVINCIAL,TITULAR,FEMENINO,8,140101,LAMBAYEQUE,CHICLAYO,CHICLAYO,31/10/2025
2023,12,12/01/2024,LAMBAYEQUE,MIXTA,FISCAL PROVINCIAL,TITULAR,MASCULINO,3,140101,LAMBAYEQUE,CHICLAYO,CHICLAYO,31/10/2025
2023,12,12/01/2024,LAMBAYEQUE,MIXTA,FISCAL SUPERIOR,TITULAR,MASCULINO,1,140101,LAMBAYEQUE,CHICLAYO,CHICLAYO,31/10/2025
2023,12,12/01/2024,LAMBAYEQUE,PENAL,FISCAL ADJUNTO PROVINCIAL,PROVISIONAL,FEMENINO,22,140101,LAMBAYEQUE,CHICLAYO,CHICLAYO,31/10/2025
2023,12,12/01/2024,LAMBAYEQUE,PENAL,FISCAL ADJUNTO PROVINCIAL,PROVISIONAL,MASCULINO,15,140101,LAMBAYEQUE,CHICLAYO,CHICLAYO,31/10/2025
2023,12,12/01/2024,LAMBAYEQUE,PENAL,FISCAL ADJUNTO PROVINCIAL,TITULAR,FEMENINO,14,140101,LAMBAYEQUE,CHICLAYO,CHICLAYO,31/10/2025
2023,12,12/01/2024,LAMBAYEQUE,PENAL,FISCAL ADJUNTO PROVINCIAL,TITULAR,MASCULINO,18,140101,LAMBAYEQUE,CHICLAYO,CHICLAYO,31/10/2025
2023,12,12/01/2024,LAMBAYEQUE,PENAL,FISCAL ADJUNTO SUPERIOR,PROVISIONAL,MASCULINO,1,140101,LAMBAYEQUE,CHICLAYO,CHICLAYO,31/10/2025
2023,12,12/01/2024,LAMBAYEQUE,PENAL,FISCAL ADJUNTO SUPERIOR,PROVISIONAL (Titular Promovido),FEMENINO,1,140101,LAMBAYEQUE,CHICLAYO,CHICLAYO,31/10/2025
2023,12,12/01/2024,LAMBAYEQUE,PENAL,FISCAL ADJUNTO SUPERIOR,PROVISIONAL (Titular Promovido),MASCULINO,2,140101,LAMBAYEQUE,CHICLAYO,CHICLAYO,31/10/2025
2023,12,12/01/2024,LAMBAYEQUE,PENAL,FISCAL ADJUNTO SUPERIOR,TITULAR,FEMENINO,1,140101,LAMBAYEQUE,CHICLAYO,CHICLAYO,31/10/2025
2023,12,12/01/2024,LAMBAYEQUE,PENAL,FISCAL ADJUNTO SUPERIOR,TITULAR,MASCULINO,1,140101,LAMBAYEQUE,CHICLAYO,CHICLAYO,31/10/2025
2023,12,12/01/2024,LAMBAYEQUE,PENAL,FISCAL PROVINCIAL,PROVISIONAL (Titular Promovido),FEMENINO,10,140101,LAMBAYEQUE,CHICLAYO,CHICLAYO,31/10/2025
2023,12,12/01/2024,LAMBAYEQUE,PENAL,FISCAL PROVINCIAL,PROVISIONAL (Titular Promovido),MASCULINO,5,140101,LAMBAYEQUE,CHICLAYO,CHICLAYO,31/10/2025
2023,12,12/01/2024,LAMBAYEQUE,PENAL,FISCAL PROVINCIAL,TITULAR,FEMENINO,14,140101,LAMBAYEQUE,CHICLAYO,CHICLAYO,31/10/2025
2023,12,12/01/2024,LAMBAYEQUE,PENAL,FISCAL PROVINCIAL,TITULAR,MASCULINO,17,140101,LAMBAYEQUE,CHICLAYO,CHICLAYO,31/10/2025
2023,12,12/01/2024,LAMBAYEQUE,PENAL,FISCAL SUPERIOR,PROVISIONAL (Titular Promovido),FEMENINO,1,140101,LAMBAYEQUE,CHICLAYO,CHICLAYO,31/10/2025
2023,12,12/01/2024,LAMBAYEQUE,PENAL,FISCAL SUPERIOR,PROVISIONAL (Titular Promovido),MASCULINO,3,140101,LAMBAYEQUE,CHICLAYO,CHICLAYO,31/10/2025
2023,12,12/01/2024,LAMBAYEQUE,PENAL,FISCAL SUPERIOR,TITULAR,FEMENINO,2,140101,LAMBAYEQUE,CHICLAYO,CHICLAYO,31/10/2025
2023,12,12/01/2024,LAMBAYEQUE,PREVENCION DEL DELITO,FISCAL ADJUNTO PROVINCIAL,PROVISIONAL,FEMENINO,2,140101,LAMBAYEQUE,CHICLAYO,CHICLAYO,31/10/2025
2023,12,12/01/2024,LAMBAYEQUE,PREVENCION DEL DELITO,FISCAL ADJUNTO PROVINCIAL,TITULAR,FEMENINO,1,140101,LAMBAYEQUE,CHICLAYO,CHICLAYO,31/10/2025
2023,12,12/01/2024,LAMBAYEQUE,PREVENCION DEL DELITO,FISCAL ADJUNTO PROVINCIAL,TITULAR,MASCULINO,1,140101,LAMBAYEQUE,CHICLAYO,CHICLAYO,31/10/2025
2023,12,12/01/2024,LAMBAYEQUE,PREVENCION DEL DELITO,FISCAL PROVINCIAL,PROVISIONAL,FEMENINO,1,140101,LAMBAYEQUE,CHICLAYO,CHICLAYO,31/10/2025
2023,12,12/01/2024,LAMBAYEQUE,PREVENCION DEL DELITO,FISCAL PROVINCIAL,TITULAR,MASCULINO,1,140101,LAMBAYEQUE,CHICLAYO,CHICLAYO,31/10/2025
2023,12,12/01/2024,LAMBAYEQUE,TRAFICO ILICITO DE DROGAS,FISCAL ADJUNTO PROVINCIAL,PROVISIONAL,FEMENINO,1,140101,LAMBAYEQUE,CHICLAYO,CHICLAYO,31/10/2025
2023,12,12/01/2024,LAMBAYEQUE,TRAFICO ILICITO DE DROGAS,FISCAL ADJUNTO PROVINCIAL,PROVISIONAL,MASCULINO,1,140101,LAMBAYEQUE,CHICLAYO,CHICLAYO,31/10/2025
2023,12,12/01/2024,LAMBAYEQUE,TRAFICO ILICITO DE DROGAS,FISCAL PROVINCIAL,TITULAR,MASCULINO,1,140101,LAMBAYEQUE,CHICLAYO,CHICLAYO,31/10/2025
2023,12,12/01/2024,LAMBAYEQUE,VIOLENCIA CONTRA LA MUJER E INTEGRANTES DEL GRUPO FAMILIAR,FISCAL ADJUNTO PROVINCIAL,PROVISIONAL,FEMENINO,6,140101,LAMBAYEQUE,CHICLAYO,CHICLAYO,31/10/2025
2023,12,12/01/2024,LAMBAYEQUE,VIOLENCIA CONTRA LA MUJER E INTEGRANTES DEL GRUPO FAMILIAR,FISCAL ADJUNTO PROVINCIAL,PROVISIONAL,MASCULINO,5,140101,LAMBAYEQUE,CHICLAYO,CHICLAYO,31/10/2025
2023,12,12/01/2024,LAMBAYEQUE,VIOLENCIA CONTRA LA MUJER E INTEGRANTES DEL GRUPO FAMILIAR,FISCAL ADJUNTO PROVINCIAL,TITULAR,FEMENINO,1,140101,LAMBAYEQUE,CHICLAYO,CHICLAYO,31/10/2025
2023,12,12/01/2024,LAMBAYEQUE,VIOLENCIA CONTRA LA MUJER E INTEGRANTES DEL GRUPO FAMILIAR,FISCAL ADJUNTO PROVINCIAL,TITULAR,MASCULINO,1,140101,LAMBAYEQUE,CHICLAYO,CHICLAYO,31/10/2025
2023,12,12/01/2024,LAMBAYEQUE,VIOLENCIA CONTRA LA MUJER E INTEGRANTES DEL GRUPO FAMILIAR,FISCAL PROVINCIAL,TITULAR,FEMENINO,6,140101,LAMBAYEQUE,CHICLAYO,CHICLAYO,31/10/2025
2023,12,12/01/2024,LAMBAYEQUE,VIOLENCIA CONTRA LA MUJER E INTEGRANTES DEL GRUPO FAMILIAR,FISCAL PROVINCIAL,TITULAR,MASCULINO,1,140101,LAMBAYEQUE,CHICLAYO,CHICLAYO,31/10/2025
2023,12,12/01/2024,LIMA CENTRO,AUTORIDAD NACIONAL DE CONTROL,FISCAL ADJUNTO PROVINCIAL,PROVISIONAL,FEMENINO,1,150101,LIMA,LIMA,LIMA,31/10/2025
2023,12,12/01/2024,LIMA CENTRO,AUTORIDAD NACIONAL DE CONTROL,FISCAL ADJUNTO PROVINCIAL,PROVISIONAL,MASCULINO,1,150101,LIMA,LIMA,LIMA,31/10/2025
2023,12,12/01/2024,LIMA CENTRO,AUTORIDAD NACIONAL DE CONTROL,FISCAL ADJUNTO SUPERIOR,PROVISIONAL,FEMENINO,1,150101,LIMA,LIMA,LIMA,31/10/2025
2023,12,12/01/2024,LIMA CENTRO,AUTORIDAD NACIONAL DE CONTROL,FISCAL ADJUNTO SUPERIOR,PROVISIONAL (Titular Promovido),FEMENINO,1,150101,LIMA,LIMA,LIMA,31/10/2025
2023,12,12/01/2024,LIMA CENTRO,AUTORIDAD NACIONAL DE CONTROL,FISCAL ADJUNTO SUPERIOR,PROVISIONAL (Titular Promovido),MASCULINO,1,150101,LIMA,LIMA,LIMA,31/10/2025
2023,12,12/01/2024,LIMA CENTRO,AUTORIDAD NACIONAL DE CONTROL,FISCAL ADJUNTO SUPERIOR,TITULAR,FEMENINO,1,150101,LIMA,LIMA,LIMA,31/10/2025
2023,12,12/01/2024,LIMA CENTRO,AUTORIDAD NACIONAL DE CONTROL,FISCAL ADJUNTO SUPREMO,PROVISIONAL (Titular Promovido),FEMENINO,1,150101,LIMA,LIMA,LIMA,31/10/2025
2023,12,12/01/2024,LIMA CENTRO,AUTORIDAD NACIONAL DE CONTROL,FISCAL ADJUNTO SUPREMO,PROVISIONAL (Titular Promovido),MASCULINO,1,150101,LIMA,LIMA,LIMA,31/10/2025
2023,12,12/01/2024,LIMA CENTRO,AUTORIDAD NACIONAL DE CONTROL,FISCAL PROVINCIAL,PROVISIONAL,FEMENINO,1,150101,LIMA,LIMA,LIMA,31/10/2025
2023,12,12/01/2024,LIMA CENTRO,AUTORIDAD NACIONAL DE CONTROL,FISCAL PROVINCIAL,PROVISIONAL (Titular Promovido),FEMENINO,2,150101,LIMA,LIMA,LIMA,31/10/2025
2023,12,12/01/2024,LIMA CENTRO,AUTORIDAD NACIONAL DE CONTROL,FISCAL PROVINCIAL,PROVISIONAL (Titular Promovido),MASCULINO,1,150101,LIMA,LIMA,LIMA,31/10/2025
2023,12,12/01/2024,LIMA CENTRO,AUTORIDAD NACIONAL DE CONTROL,FISCAL SUPERIOR,PROVISIONAL (Titular Promovido),FEMENINO,1,150101,LIMA,LIMA,LIMA,31/10/2025
2023,12,12/01/2024,LIMA CENTRO,AUTORIDAD NACIONAL DE CONTROL,FISCAL SUPERIOR,PROVISIONAL (Titular Promovido),MASCULINO,1,150101,LIMA,LIMA,LIMA,31/10/2025
2023,12,12/01/2024,LIMA CENTRO,CIBERDELINCUENCIA,FISCAL ADJUNTO PROVINCIAL,PROVISIONAL,FEMENINO,16,150101,LIMA,LIMA,LIMA,31/10/2025
2023,12,12/01/2024,LIMA CENTRO,CIBERDELINCUENCIA,FISCAL ADJUNTO PROVINCIAL,PROVISIONAL,MASCULINO,5,150101,LIMA,LIMA,LIMA,31/10/2025
2023,12,12/01/2024,LIMA CENTRO,CIBERDELINCUENCIA,FISCAL ADJUNTO PROVINCIAL,TITULAR,FEMENINO,1,150101,LIMA,LIMA,LIMA,31/10/2025
2023,12,12/01/2024,LIMA CENTRO,CIBERDELINCUENCIA,FISCAL ADJUNTO SUPERIOR,PROVISIONAL (Titular Promovido),FEMENINO,1,150101,LIMA,LIMA,LIMA,31/10/2025
2023,12,12/01/2024,LIMA CENTRO,CIBERDELINCUENCIA,FISCAL ADJUNTO SUPERIOR,PROVISIONAL (Titular Promovido),MASCULINO,1,150101,LIMA,LIMA,LIMA,31/10/2025
2023,12,12/01/2024,LIMA CENTRO,CIBERDELINCUENCIA,FISCAL PROVINCIAL,PROVISIONAL,FEMENINO,1,150101,LIMA,LIMA,LIMA,31/10/2025
2023,12,12/01/2024,LIMA CENTRO,CIBERDELINCUENCIA,FISCAL PROVINCIAL,PROVISIONAL (Titular Promovido),FEMENINO,1,150101,LIMA,LIMA,LIMA,31/10/2025
2023,12,12/01/2024,LIMA CENTRO,CIBERDELINCUENCIA,FISCAL PROVINCIAL,PROVISIONAL (Titular Promovido),MASCULINO,1,150101,LIMA,LIMA,LIMA,31/10/2025
2023,12,12/01/2024,LIMA CENTRO,CIBERDELINCUENCIA,FISCAL PROVINCIAL,TITULAR,MASCULINO,2,150101,LIMA,LIMA,LIMA,31/10/2025
2023,12,12/01/2024,LIMA CENTRO,CIBERDELINCUENCIA,FISCAL SUPERIOR,TITULAR,FEMENINO,1,150101,LIMA,LIMA,LIMA,31/10/2025
2023,12,12/01/2024,LIMA CENTRO,CORRUPCION DE FUNCIONARIOS,FISCAL ADJUNTO PROVINCIAL,PROVISIONAL,FEMENINO,82,150101,LIMA,LIMA,LIMA,31/10/2025
2023,12,12/01/2024,LIMA CENTRO,CORRUPCION DE FUNCIONARIOS,FISCAL ADJUNTO PROVINCIAL,PROVISIONAL,MASCULINO,34,150101,LIMA,LIMA,LIMA,31/10/2025
2023,12,12/01/2024,LIMA CENTRO,CORRUPCION DE FUNCIONARIOS,FISCAL ADJUNTO PROVINCIAL,TITULAR,FEMENINO,12,150101,LIMA,LIMA,LIMA,31/10/2025
2023,12,12/01/2024,LIMA CENTRO,CORRUPCION DE FUNCIONARIOS,FISCAL ADJUNTO PROVINCIAL,TITULAR,MASCULINO,11,150101,LIMA,LIMA,LIMA,31/10/2025
2023,12,12/01/2024,LIMA CENTRO,CORRUPCION DE FUNCIONARIOS,FISCAL ADJUNTO SUPERIOR,PROVISIONAL,MASCULINO,2,150101,LIMA,LIMA,LIMA,31/10/2025
2023,12,12/01/2024,LIMA CENTRO,CORRUPCION DE FUNCIONARIOS,FISCAL ADJUNTO SUPERIOR,PROVISIONAL (Titular Promovido),FEMENINO,4,150101,LIMA,LIMA,LIMA,31/10/2025
2023,12,12/01/2024,LIMA CENTRO,CORRUPCION DE FUNCIONARIOS,FISCAL ADJUNTO SUPERIOR,PROVISIONAL (Titular Promovido),MASCULINO,6,150101,LIMA,LIMA,LIMA,31/10/2025
2023,12,12/01/2024,LIMA CENTRO,CORRUPCION DE FUNCIONARIOS,FISCAL ADJUNTO SUPERIOR,TITULAR,FEMENINO,4,150101,LIMA,LIMA,LIMA,31/10/2025
2023,12,12/01/2024,LIMA CENTRO,CORRUPCION DE FUNCIONARIOS,FISCAL ADJUNTO SUPERIOR,TITULAR,MASCULINO,7,150101,LIMA,LIMA,LIMA,31/10/2025
2023,12,12/01/2024,LIMA CENTRO,CORRUPCION DE FUNCIONARIOS,FISCAL ADJUNTO SUPREMO,PROVISIONAL (Titular Promovido),FEMENINO,5,150101,LIMA,LIMA,LIMA,31/10/2025
2023,12,12/01/2024,LIMA CENTRO,CORRUPCION DE FUNCIONARIOS,FISCAL ADJUNTO SUPREMO,PROVISIONAL (Titular Promovido),MASCULINO,5,150101,LIMA,LIMA,LIMA,31/10/2025
2023,12,12/01/2024,LIMA CENTRO,CORRUPCION DE FUNCIONARIOS,FISCAL ADJUNTO SUPREMO,TITULAR,MASCULINO,1,150101,LIMA,LIMA,LIMA,31/10/2025
2023,12,12/01/2024,LIMA CENTRO,CORRUPCION DE FUNCIONARIOS,FISCAL PROVINCIAL,PROVISIONAL,FEMENINO,2,150101,LIMA,LIMA,LIMA,31/10/2025
2023,12,12/01/2024,LIMA CENTRO,CORRUPCION DE FUNCIONARIOS,FISCAL PROVINCIAL,PROVISIONAL,MASCULINO,3,150101,LIMA,LIMA,LIMA,31/10/2025
2023,12,12/01/2024,LIMA CENTRO,CORRUPCION DE FUNCIONARIOS,FISCAL PROVINCIAL,PROVISIONAL (Titular Promovido),FEMENINO,8,150101,LIMA,LIMA,LIMA,31/10/2025
2023,12,12/01/2024,LIMA CENTRO,CORRUPCION DE FUNCIONARIOS,FISCAL PROVINCIAL,PROVISIONAL (Titular Promovido),MASCULINO,7,150101,LIMA,LIMA,LIMA,31/10/2025
2023,12,12/01/2024,LIMA CENTRO,CORRUPCION DE FUNCIONARIOS,FISCAL PROVINCIAL,TITULAR,FEMENINO,10,150101,LIMA,LIMA,LIMA,31/10/2025
2023,12,12/01/2024,LIMA CENTRO,CORRUPCION DE FUNCIONARIOS,FISCAL PROVINCIAL,TITULAR,MASCULINO,6,150101,LIMA,LIMA,LIMA,31/10/2025
2023,12,12/01/2024,LIMA CENTRO,CORRUPCION DE FUNCIONARIOS,FISCAL SUPERIOR,PROVISIONAL (Titular Promovido),FEMENINO,2,150101,LIMA,LIMA,LIMA,31/10/2025
2023,12,12/01/2024,LIMA CENTRO,CORRUPCION DE FUNCIONARIOS,FISCAL SUPERIOR,PROVISIONAL (Titular Promovido),MASCULINO,2,150101,LIMA,LIMA,LIMA,31/10/2025
2023,12,12/01/2024,LIMA CENTRO,CORRUPCION DE FUNCIONARIOS,FISCAL SUPERIOR,TITULAR,FEMENINO,3,150101,LIMA,LIMA,LIMA,31/10/2025
2023,12,12/01/2024,LIMA CENTRO,CORRUPCION DE FUNCIONARIOS,FISCAL SUPERIOR,TITULAR,MASCULINO,1,150101,LIMA,LIMA,LIMA,31/10/2025
2023,12,12/01/2024,LIMA CENTRO,CORRUPCION DE FUNCIONARIOS,FISCAL SUPREMO,PROVISIONAL (Titular Promovido),MASCULINO,2,150101,LIMA,LIMA,LIMA,31/10/2025
2023,12,12/01/2024,LIMA CENTRO,CORRUPCION DE FUNCIONARIOS,FISCAL SUPREMO,TITULAR,FEMENINO,1,150101,LIMA,LIMA,LIMA,31/10/2025
2023,12,12/01/2024,LIMA CENTRO,CRIMEN ORGANIZADO,FISCAL ADJUNTO PROVINCIAL,PROVISIONAL,FEMENINO,89,150101,LIMA,LIMA,LIMA,31/10/2025
2023,12,12/01/2024,LIMA CENTRO,CRIMEN ORGANIZADO,FISCAL ADJUNTO PROVINCIAL,PROVISIONAL,MASCULINO,38,150101,LIMA,LIMA,LIMA,31/10/2025
2023,12,12/01/2024,LIMA CENTRO,CRIMEN ORGANIZADO,FISCAL ADJUNTO PROVINCIAL,TITULAR,FEMENINO,4,150101,LIMA,LIMA,LIMA,31/10/2025
2023,12,12/01/2024,LIMA CENTRO,CRIMEN ORGANIZADO,FISCAL ADJUNTO PROVINCIAL,TITULAR,MASCULINO,10,150101,LIMA,LIMA,LIMA,31/10/2025
2023,12,12/01/2024,LIMA CENTRO,CRIMEN ORGANIZADO,FISCAL ADJUNTO SUPERIOR,PROVISIONAL (Titular Promovido),FEMENINO,6,150101,LIMA,LIMA,LIMA,31/10/2025
2023,12,12/01/2024,LIMA CENTRO,CRIMEN ORGANIZADO,FISCAL ADJUNTO SUPERIOR,PROVISIONAL (Titular Promovido),MASCULINO,3,150101,LIMA,LIMA,LIMA,31/10/2025
2023,12,12/01/2024,LIMA CENTRO,CRIMEN ORGANIZADO,FISCAL ADJUNTO SUPERIOR,TITULAR,FEMENINO,4,150101,LIMA,LIMA,LIMA,31/10/2025
2023,12,12/01/2024,LIMA CENTRO,CRIMEN ORGANIZADO,FISCAL ADJUNTO SUPERIOR,TITULAR,MASCULINO,2,150101,LIMA,LIMA,LIMA,31/10/2025
2023,12,12/01/2024,LIMA CENTRO,CRIMEN ORGANIZADO,FISCAL PROVINCIAL,PROVISIONAL (Titular Promovido),FEMENINO,2,150101,LIMA,LIMA,LIMA,31/10/2025
2023,12,12/01/2024,LIMA CENTRO,CRIMEN ORGANIZADO,FISCAL PROVINCIAL,PROVISIONAL (Titular Promovido),MASCULINO,1,150101,LIMA,LIMA,LIMA,31/10/2025
2023,12,12/01/2024,LIMA CENTRO,CRIMEN ORGANIZADO,FISCAL PROVINCIAL,TITULAR,FEMENINO,5,150101,LIMA,LIMA,LIMA,31/10/2025
2023,12,12/01/2024,LIMA CENTRO,CRIMEN ORGANIZADO,FISCAL PROVINCIAL,TITULAR,MASCULINO,8,150101,LIMA,LIMA,LIMA,31/10/2025
2023,12,12/01/2024,LIMA CENTRO,CRIMEN ORGANIZADO,FISCAL SUPERIOR,PROVISIONAL (Titular Promovido),MASCULINO,1,150101,LIMA,LIMA,LIMA,31/10/2025
2023,12,12/01/2024,LIMA CENTRO,CRIMEN ORGANIZADO,FISCAL SUPERIOR,TITULAR,FEMENINO,1,150101,LIMA,LIMA,LIMA,31/10/2025
2023,12,12/01/2024,LIMA CENTRO,CRIMEN ORGANIZADO,FISCAL SUPERIOR,TITULAR,MASCULINO,1,150101,LIMA,LIMA,LIMA,31/10/2025
2023,12,12/01/2024,LIMA CENTRO,DELITOS ADUANEROS Y CONTRA LA PROPIEDAD INTELECTUAL,FISCAL ADJUNTO PROVINCIAL,PROVISIONAL,FEMENINO,6,150101,LIMA,LIMA,LIMA,31/10/2025
2023,12,12/01/2024,LIMA CENTRO,DELITOS ADUANEROS Y CONTRA LA PROPIEDAD INTELECTUAL,FISCAL ADJUNTO PROVINCIAL,TITULAR,FEMENINO,1,150101,LIMA,LIMA,LIMA,31/10/2025
2023,12,12/01/2024,LIMA CENTRO,DELITOS ADUANEROS Y CONTRA LA PROPIEDAD INTELECTUAL,FISCAL ADJUNTO PROVINCIAL,TITULAR,MASCULINO,3,150101,LIMA,LIMA,LIMA,31/10/2025
2023,12,12/01/2024,LIMA CENTRO,DELITOS ADUANEROS Y CONTRA LA PROPIEDAD INTELECTUAL,FISCAL PROVINCIAL,TITULAR,MASCULINO,3,150101,LIMA,LIMA,LIMA,31/10/2025
2023,12,12/01/2024,LIMA CENTRO,DELITOS DE TERRORISMO Y DELITOS CONEXOS,FISCAL ADJUNTO PROVINCIAL,PROVISIONAL,FEMENINO,6,150101,LIMA,LIMA,LIMA,31/10/2025
2023,12,12/01/2024,LIMA CENTRO,DELITOS DE TERRORISMO Y DELITOS CONEXOS,FISCAL ADJUNTO PROVINCIAL,PROVISIONAL,MASCULINO,2,150101,LIMA,LIMA,LIMA,31/10/2025
2023,12,12/01/2024,LIMA CENTRO,DELITOS DE TERRORISMO Y DELITOS CONEXOS,FISCAL ADJUNTO PROVINCIAL,TITULAR,FEMENINO,1,150101,LIMA,LIMA,LIMA,31/10/2025
2023,12,12/01/2024,LIMA CENTRO,DELITOS DE TERRORISMO Y DELITOS CONEXOS,FISCAL ADJUNTO PROVINCIAL,TITULAR,MASCULINO,1,150101,LIMA,LIMA,LIMA,31/10/2025
2023,12,12/01/2024,LIMA CENTRO,DELITOS DE TERRORISMO Y DELITOS CONEXOS,FISCAL ADJUNTO SUPERIOR,PROVISIONAL (Titular Promovido),MASCULINO,2,150101,LIMA,LIMA,LIMA,31/10/2025
2023,12,12/01/2024,LIMA CENTRO,DELITOS DE TERRORISMO Y DELITOS CONEXOS,FISCAL ADJUNTO SUPERIOR,TITULAR,MASCULINO,2,150101,LIMA,LIMA,LIMA,31/10/2025
2023,12,12/01/2024,LIMA CENTRO,DELITOS DE TERRORISMO Y DELITOS CONEXOS,FISCAL PROVINCIAL,PROVISIONAL (Titular Promovido),FEMENINO,1,150101,LIMA,LIMA,LIMA,31/10/2025
2023,12,12/01/2024,LIMA CENTRO,DELITOS DE TERRORISMO Y DELITOS CONEXOS,FISCAL PROVINCIAL,TITULAR,MASCULINO,1,150101,LIMA,LIMA,LIMA,31/10/2025
2023,12,12/01/2024,LIMA CENTRO,DELITOS DE TERRORISMO Y DELITOS CONEXOS,FISCAL SUPERIOR,TITULAR,FEMENINO,1,150101,LIMA,LIMA,LIMA,31/10/2025
2023,12,12/01/2024,LIMA CENTRO,DELITOS DE TRATA DE PERSONAS,FISCAL ADJUNTO PROVINCIAL,PROVISIONAL,FEMENINO,4,150101,LIMA,LIMA,LIMA,31/10/2025
2023,12,12/01/2024,LIMA CENTRO,DELITOS DE TRATA DE PERSONAS,FISCAL ADJUNTO PROVINCIAL,PROVISIONAL,MASCULINO,2,150101,LIMA,LIMA,LIMA,31/10/2025
2023,12,12/01/2024,LIMA CENTRO,DELITOS DE TRATA DE PERSONAS,FISCAL ADJUNTO SUPERIOR,PROVISIONAL (Titular Promovido),MASCULINO,1,150101,LIMA,LIMA,LIMA,31/10/2025
2023,12,12/01/2024,LIMA CENTRO,DELITOS DE TRATA DE PERSONAS,FISCAL ADJUNTO SUPERIOR,TITULAR,MASCULINO,1,150101,LIMA,LIMA,LIMA,31/10/2025
2023,12,12/01/2024,LIMA CENTRO,DELITOS DE TRATA DE PERSONAS,FISCAL PROVINCIAL,PROVISIONAL (Titular Promovido),FEMENINO,2,150101,LIMA,LIMA,LIMA,31/10/2025
2023,12,12/01/2024,LIMA CENTRO,DELITOS DE TRATA DE PERSONAS,FISCAL SUPERIOR,PROVISIONAL (Titular Promovido),FEMENINO,1,150101,LIMA,LIMA,LIMA,31/10/2025
2023,12,12/01/2024,LIMA CENTRO,DELITOS TRIBUTARIOS,FISCAL ADJUNTO PROVINCIAL,PROVISIONAL,FEMENINO,4,150101,LIMA,LIMA,LIMA,31/10/2025
2023,12,12/01/2024,LIMA CENTRO,DELITOS TRIBUTARIOS,FISCAL PROVINCIAL,TITULAR,MASCULINO,1,150101,LIMA,LIMA,LIMA,31/10/2025
2023,12,12/01/2024,LIMA CENTRO,DERECHOS HUMANOS E INTERCULTURALIDAD,FISCAL ADJUNTO PROVINCIAL,PROVISIONAL,FEMENINO,20,150101,LIMA,LIMA,LIMA,31/10/2025
2023,12,12/01/2024,LIMA CENTRO,DERECHOS HUMANOS E INTERCULTURALIDAD,FISCAL ADJUNTO PROVINCIAL,PROVISIONAL,MASCULINO,9,150101,LIMA,LIMA,LIMA,31/10/2025
2023,12,12/01/2024,LIMA CENTRO,DERECHOS HUMANOS E INTERCULTURALIDAD,FISCAL ADJUNTO PROVINCIAL,TITULAR,MASCULINO,2,150101,LIMA,LIMA,LIMA,31/10/2025
2023,12,12/01/2024,LIMA CENTRO,DERECHOS HUMANOS E INTERCULTURALIDAD,FISCAL ADJUNTO SUPERIOR,PROVISIONAL,FEMENINO,1,150101,LIMA,LIMA,LIMA,31/10/2025
2023,12,12/01/2024,LIMA CENTRO,DERECHOS HUMANOS E INTERCULTURALIDAD,FISCAL ADJUNTO SUPERIOR,PROVISIONAL (Titular Promovido),FEMENINO,1,150101,LIMA,LIMA,LIMA,31/10/2025
2023,12,12/01/2024,LIMA CENTRO,DERECHOS HUMANOS E INTERCULTURALIDAD,FISCAL ADJUNTO SUPERIOR,PROVISIONAL (Titular Promovido),MASCULINO,2,150101,LIMA,LIMA,LIMA,31/10/2025
2023,12,12/01/2024,LIMA CENTRO,DERECHOS HUMANOS E INTERCULTURALIDAD,FISCAL ADJUNTO SUPERIOR,TITULAR,MASCULINO,1,150101,LIMA,LIMA,LIMA,31/10/2025
2023,12,12/01/2024,LIMA CENTRO,DERECHOS HUMANOS E INTERCULTURALIDAD,FISCAL PROVINCIAL,PROVISIONAL (Titular Promovido),FEMENINO,1,150101,LIMA,LIMA,LIMA,31/10/2025
2023,12,12/01/2024,LIMA CENTRO,DERECHOS HUMANOS E INTERCULTURALIDAD,FISCAL PROVINCIAL,PROVISIONAL (Titular Promovido),MASCULINO,1,150101,LIMA,LIMA,LIMA,31/10/2025
2023,12,12/01/2024,LIMA CENTRO,DERECHOS HUMANOS E INTERCULTURALIDAD,FISCAL PROVINCIAL,TITULAR,FEMENINO,1,150101,LIMA,LIMA,LIMA,31/10/2025
2023,12,12/01/2024,LIMA CENTRO,DERECHOS HUMANOS E INTERCULTURALIDAD,FISCAL PROVINCIAL,TITULAR,MASCULINO,1,150101,LIMA,LIMA,LIMA,31/10/2025
2023,12,12/01/2024,LIMA CENTRO,DERECHOS HUMANOS E INTERCULTURALIDAD,FISCAL SUPERIOR,PROVISIONAL (Titular Promovido),MASCULINO,1,150101,LIMA,LIMA,LIMA,31/10/2025
2023,12,12/01/2024,LIMA CENTRO,DERECHOS HUMANOS E INTERCULTURALIDAD,FISCAL SUPERIOR,TITULAR,FEMENINO,1,150101,LIMA,LIMA,LIMA,31/10/2025
2023,12,12/01/2024,LIMA CENTRO,EQUIPO ESPECIAL DE FISCALES PARA CASOS CON VICTIMAS DURANTE LAS PROTESTAS SOCIALES,FISCAL ADJUNTO PROVINCIAL,PROVISIONAL,FEMENINO,16,150101,LIMA,LIMA,LIMA,31/10/2025
2023,12,12/01/2024,LIMA CENTRO,EQUIPO ESPECIAL DE FISCALES PARA CASOS CON VICTIMAS DURANTE LAS PROTESTAS SOCIALES,FISCAL ADJUNTO PROVINCIAL,PROVISIONAL,MASCULINO,8,150101,LIMA,LIMA,LIMA,31/10/2025
2023,12,12/01/2024,LIMA CENTRO,EQUIPO ESPECIAL DE FISCALES PARA CASOS CON VICTIMAS DURANTE LAS PROTESTAS SOCIALES,FISCAL ADJUNTO SUPERIOR,PROVISIONAL (Titular Promovido),FEMENINO,1,150101,LIMA,LIMA,LIMA,31/10/2025
2023,12,12/01/2024,LIMA CENTRO,EQUIPO ESPECIAL DE FISCALES PARA CASOS CON VICTIMAS DURANTE LAS PROTESTAS SOCIALES,FISCAL ADJUNTO SUPERIOR,PROVISIONAL (Titular Promovido),MASCULINO,2,150101,LIMA,LIMA,LIMA,31/10/2025
2023,12,12/01/2024,LIMA CENTRO,EQUIPO ESPECIAL DE FISCALES PARA CASOS CON VICTIMAS DURANTE LAS PROTESTAS SOCIALES,FISCAL PROVINCIAL,PROVISIONAL,FEMENINO,4,150101,LIMA,LIMA,LIMA,31/10/2025
2023,12,12/01/2024,LIMA CENTRO,EQUIPO ESPECIAL DE FISCALES PARA CASOS CON VICTIMAS DURANTE LAS PROTESTAS SOCIALES,FISCAL PROVINCIAL,PROVISIONAL (Titular Promovido),FEMENINO,4,150101,LIMA,LIMA,LIMA,31/10/2025
2023,12,12/01/2024,LIMA CENTRO,EQUIPO ESPECIAL DE FISCALES PARA CASOS CON VICTIMAS DURANTE LAS PROTESTAS SOCIALES,FISCAL SUPERIOR,PROVISIONAL (Titular Promovido),MASCULINO,1,150101,LIMA,LIMA,LIMA,31/10/2025
2023,12,12/01/2024,LIMA CENTRO,EXTINCION DE DOMINIO,FISCAL ADJUNTO PROVINCIAL,PROVISIONAL,FEMENINO,8,150101,LIMA,LIMA,LIMA,31/10/2025
2023,12,12/01/2024,LIMA CENTRO,EXTINCION DE DOMINIO,FISCAL ADJUNTO PROVINCIAL,PROVISIONAL,MASCULINO,3,150101,LIMA,LIMA,LIMA,31/10/2025
2023,12,12/01/2024,LIMA CENTRO,EXTINCION DE DOMINIO,FISCAL ADJUNTO PROVINCIAL,TITULAR,FEMENINO,1,150101,LIMA,LIMA,LIMA,31/10/2025
2023,12,12/01/2024,LIMA CENTRO,EXTINCION DE DOMINIO,FISCAL ADJUNTO PROVINCIAL,TITULAR,MASCULINO,2,150101,LIMA,LIMA,LIMA,31/10/2025
2023,12,12/01/2024,LIMA CENTRO,EXTINCION DE DOMINIO,FISCAL ADJUNTO SUPERIOR,PROVISIONAL,FEMENINO,1,150101,LIMA,LIMA,LIMA,31/10/2025
2023,12,12/01/2024,LIMA CENTRO,EXTINCION DE DOMINIO,FISCAL ADJUNTO SUPERIOR,PROVISIONAL (Titular Promovido),MASCULINO,1,150101,LIMA,LIMA,LIMA,31/10/2025
2023,12,12/01/2024,LIMA CENTRO,EXTINCION DE DOMINIO,FISCAL PROVINCIAL,PROVISIONAL (Titular Promovido),MASCULINO,1,150101,LIMA,LIMA,LIMA,31/10/2025
2023,12,12/01/2024,LIMA CENTRO,EXTINCION DE DOMINIO,FISCAL PROVINCIAL,TITULAR,FEMENINO,1,150101,LIMA,LIMA,LIMA,31/10/2025
2023,12,12/01/2024,LIMA CENTRO,EXTINCION DE DOMINIO,FISCAL PROVINCIAL,TITULAR,MASCULINO,3,150101,LIMA,LIMA,LIMA,31/10/2025
2023,12,12/01/2024,LIMA CENTRO,EXTINCION DE DOMINIO,FISCAL SUPERIOR,TITULAR,FEMENINO,1,150101,LIMA,LIMA,LIMA,31/10/2025
2023,12,12/01/2024,LIMA CENTRO,FAMILIA,FISCAL ADJUNTO PROVINCIAL,PROVISIONAL,FEMENINO,5,150101,LIMA,LIMA,LIMA,31/10/2025
2023,12,12/01/2024,LIMA CENTRO,FAMILIA,FISCAL ADJUNTO PROVINCIAL,TITULAR,FEMENINO,15,150101,LIMA,LIMA,LIMA,31/10/2025
2023,12,12/01/2024,LIMA CENTRO,FAMILIA,FISCAL ADJUNTO PROVINCIAL,TITULAR,MASCULINO,4,150101,LIMA,LIMA,LIMA,31/10/2025
2023,12,12/01/2024,LIMA CENTRO,FAMILIA,FISCAL ADJUNTO SUPERIOR,PROVISIONAL (Titular Promovido),FEMENINO,1,150101,LIMA,LIMA,LIMA,31/10/2025
2023,12,12/01/2024,LIMA CENTRO,FAMILIA,FISCAL ADJUNTO SUPERIOR,TITULAR,FEMENINO,1,150101,LIMA,LIMA,LIMA,31/10/2025
2023,12,12/01/2024,LIMA CENTRO,FAMILIA,FISCAL ADJUNTO SUPREMO,TITULAR,FEMENINO,1,150101,LIMA,LIMA,LIMA,31/10/2025
2023,12,12/01/2024,LIMA CENTRO,FAMILIA,FISCAL ADJUNTO SUPREMO,TITULAR,MASCULINO,2,150101,LIMA,LIMA,LIMA,31/10/2025
2023,12,12/01/2024,LIMA CENTRO,FAMILIA,FISCAL PROVINCIAL,TITULAR,FEMENINO,7,150101,LIMA,LIMA,LIMA,31/10/2025
2023,12,12/01/2024,LIMA CENTRO,FAMILIA,FISCAL PROVINCIAL,TITULAR,MASCULINO,5,150101,LIMA,LIMA,LIMA,31/10/2025
2023,12,12/01/2024,LIMA CENTRO,FAMILIA,FISCAL SUPERIOR,TITULAR,FEMENINO,2,150101,LIMA,LIMA,LIMA,31/10/2025
2023,12,12/01/2024,LIMA CENTRO,FISCALIA DE LA NACION,FISCAL ADJUNTO PROVINCIAL,PROVISIONAL,FEMENINO,19,150101,LIMA,LIMA,LIMA,31/10/2025
2023,12,12/01/2024,LIMA CENTRO,FISCALIA DE LA NACION,FISCAL ADJUNTO PROVINCIAL,PROVISIONAL,MASCULINO,9,150101,LIMA,LIMA,LIMA,31/10/2025
2023,12,12/01/2024,LIMA CENTRO,FISCALIA DE LA NACION,FISCAL ADJUNTO PROVINCIAL,TITULAR,FEMENINO,3,150101,LIMA,LIMA,LIMA,31/10/2025
2023,12,12/01/2024,LIMA CENTRO,FISCALIA DE LA NACION,FISCAL ADJUNTO PROVINCIAL,TITULAR,MASCULINO,2,150101,LIMA,LIMA,LIMA,31/10/2025
2023,12,12/01/2024,LIMA CENTRO,FISCALIA DE LA NACION,FISCAL ADJUNTO SUPERIOR,PROVISIONAL,FEMENINO,1,150101,LIMA,LIMA,LIMA,31/10/2025
2023,12,12/01/2024,LIMA CENTRO,FISCALIA DE LA NACION,FISCAL ADJUNTO SUPERIOR,PROVISIONAL,MASCULINO,1,150101,LIMA,LIMA,LIMA,31/10/2025
2023,12,12/01/2024,LIMA CENTRO,FISCALIA DE LA NACION,FISCAL ADJUNTO SUPERIOR,PROVISIONAL (Titular Promovido),FEMENINO,1,150101,LIMA,LIMA,LIMA,31/10/2025
2023,12,12/01/2024,LIMA CENTRO,FISCALIA DE LA NACION,FISCAL ADJUNTO SUPERIOR,PROVISIONAL (Titular Promovido),MASCULINO,4,150101,LIMA,LIMA,LIMA,31/10/2025
2023,12,12/01/2024,LIMA CENTRO,FISCALIA DE LA NACION,FISCAL ADJUNTO SUPREMO,PROVISIONAL (Titular Promovido),MASCULINO,3,150101,LIMA,LIMA,LIMA,31/10/2025
2023,12,12/01/2024,LIMA CENTRO,FISCALIA DE LA NACION,FISCAL ADJUNTO SUPREMO,TITULAR,FEMENINO,1,150101,LIMA,LIMA,LIMA,31/10/2025
2023,12,12/01/2024,LIMA CENTRO,FISCALIA DE LA NACION,FISCAL DE LA NACION,TITULAR,MASCULINO,1,150101,LIMA,LIMA,LIMA,31/10/2025
2023,12,12/01/2024,LIMA CENTRO,FISCALIA DE LA NACION,FISCAL PROVINCIAL,PROVISIONAL,FEMENINO,3,150101,LIMA,LIMA,LIMA,31/10/2025
2023,12,12/01/2024,LIMA CENTRO,FISCALIA DE LA NACION,FISCAL PROVINCIAL,PROVISIONAL,MASCULINO,6,150101,LIMA,LIMA,LIMA,31/10/2025
2023,12,12/01/2024,LIMA CENTRO,FISCALIA DE LA NACION,FISCAL PROVINCIAL,PROVISIONAL (Titular Promovido),FEMENINO,2,150101,LIMA,LIMA,LIMA,31/10/2025
2023,12,12/01/2024,LIMA CENTRO,FISCALIA DE LA NACION,FISCAL PROVINCIAL,PROVISIONAL (Titular Promovido),MASCULINO,4,150101,LIMA,LIMA,LIMA,31/10/2025
2023,12,12/01/2024,LIMA CENTRO,FISCALIA DE LA NACION,FISCAL SUPERIOR,PROVISIONAL (Titular Promovido),FEMENINO,2,150101,LIMA,LIMA,LIMA,31/10/2025
2023,12,12/01/2024,LIMA CENTRO,FISCALIA DE LA NACION,FISCAL SUPERIOR,PROVISIONAL (Titular Promovido),MASCULINO,1,150101,LIMA,LIMA,LIMA,31/10/2025
2023,12,12/01/2024,LIMA CENTRO,FISCALIA DE LA NACION,FISCAL SUPREMO,TITULAR,FEMENINO,1,150101,LIMA,LIMA,LIMA,31/10/2025
2023,12,12/01/2024,LIMA CENTRO,JURADO NACIONAL DE ELECCIONES,FISCAL SUPREMO,PROVISIONAL (Titular Promovido),FEMENINO,1,150101,LIMA,LIMA,LIMA,31/10/2025
2023,12,12/01/2024,LIMA CENTRO,LAVADO DE ACTIVOS,FISCAL ADJUNTO PROVINCIAL,PROVISIONAL,FEMENINO,21,150101,LIMA,LIMA,LIMA,31/10/2025
2023,12,12/01/2024,LIMA CENTRO,LAVADO DE ACTIVOS,FISCAL ADJUNTO PROVINCIAL,PROVISIONAL,MASCULINO,12,150101,LIMA,LIMA,LIMA,31/10/2025
2023,12,12/01/2024,LIMA CENTRO,LAVADO DE ACTIVOS,FISCAL ADJUNTO PROVINCIAL,TITULAR,FEMENINO,1,150101,LIMA,LIMA,LIMA,31/10/2025
2023,12,12/01/2024,LIMA CENTRO,LAVADO DE ACTIVOS,FISCAL ADJUNTO PROVINCIAL,TITULAR,MASCULINO,4,150101,LIMA,LIMA,LIMA,31/10/2025
2023,12,12/01/2024,LIMA CENTRO,LAVADO DE ACTIVOS,FISCAL ADJUNTO SUPERIOR,PROVISIONAL (Titular Promovido),FEMENINO,4,150101,LIMA,LIMA,LIMA,31/10/2025
2023,12,12/01/2024,LIMA CENTRO,LAVADO DE ACTIVOS,FISCAL ADJUNTO SUPERIOR,PROVISIONAL (Titular Promovido),MASCULINO,1,150101,LIMA,LIMA,LIMA,31/10/2025
2023,12,12/01/2024,LIMA CENTRO,LAVADO DE ACTIVOS,FISCAL ADJUNTO SUPERIOR,TITULAR,FEMENINO,1,150101,LIMA,LIMA,LIMA,31/10/2025
2023,12,12/01/2024,LIMA CENTRO,LAVADO DE ACTIVOS,FISCAL ADJUNTO SUPERIOR,TITULAR,MASCULINO,1,150101,LIMA,LIMA,LIMA,31/10/2025
2023,12,12/01/2024,LIMA CENTRO,LAVADO DE ACTIVOS,FISCAL PROVINCIAL,PROVISIONAL (Titular Promovido),FEMENINO,1,150101,LIMA,LIMA,LIMA,31/10/2025
2023,12,12/01/2024,LIMA CENTRO,LAVADO DE ACTIVOS,FISCAL PROVINCIAL,PROVISIONAL (Titular Promovido),MASCULINO,3,150101,LIMA,LIMA,LIMA,31/10/2025
2023,12,12/01/2024,LIMA CENTRO,LAVADO DE ACTIVOS,FISCAL PROVINCIAL,TITULAR,FEMENINO,2,150101,LIMA,LIMA,LIMA,31/10/2025
2023,12,12/01/2024,LIMA CENTRO,LAVADO DE ACTIVOS,FISCAL PROVINCIAL,TITULAR,MASCULINO,4,150101,LIMA,LIMA,LIMA,31/10/2025
2023,12,12/01/2024,LIMA CENTRO,LAVADO DE ACTIVOS,FISCAL SUPERIOR,TITULAR,FEMENINO,1,150101,LIMA,LIMA,LIMA,31/10/2025
2023,12,12/01/2024,LIMA CENTRO,LAVADO DE ACTIVOS,FISCAL SUPERIOR,TITULAR,MASCULINO,2,150101,LIMA,LIMA,LIMA,31/10/2025
2023,12,12/01/2024,LIMA CENTRO,MATERIA AMBIENTAL,FISCAL ADJUNTO PROVINCIAL,PROVISIONAL,FEMENINO,1,150101,LIMA,LIMA,LIMA,31/10/2025
2023,12,12/01/2024,LIMA CENTRO,MATERIA AMBIENTAL,FISCAL ADJUNTO PROVINCIAL,PROVISIONAL,MASCULINO,4,150101,LIMA,LIMA,LIMA,31/10/2025
2023,12,12/01/2024,LIMA CENTRO,MATERIA AMBIENTAL,FISCAL ADJUNTO PROVINCIAL,TITULAR,MASCULINO,1,150101,LIMA,LIMA,LIMA,31/10/2025
2023,12,12/01/2024,LIMA CENTRO,MATERIA AMBIENTAL,FISCAL PROVINCIAL,PROVISIONAL,MASCULINO,1,150101,LIMA,LIMA,LIMA,31/10/2025
2023,12,12/01/2024,LIMA CENTRO,MATERIA AMBIENTAL,FISCAL PROVINCIAL,TITULAR,FEMENINO,1,150101,LIMA,LIMA,LIMA,31/10/2025
2023,12,12/01/2024,LIMA CENTRO,PENAL,FISCAL ADJUNTO PROVINCIAL,PROVISIONAL,FEMENINO,137,150101,LIMA,LIMA,LIMA,31/10/2025
2023,12,12/01/2024,LIMA CENTRO,PENAL,FISCAL ADJUNTO PROVINCIAL,PROVISIONAL,MASCULINO,66,150101,LIMA,LIMA,LIMA,31/10/2025
2023,12,12/01/2024,LIMA CENTRO,PENAL,FISCAL ADJUNTO PROVINCIAL,TITULAR,FEMENINO,44,150101,LIMA,LIMA,LIMA,31/10/2025
2023,12,12/01/2024,LIMA CENTRO,PENAL,FISCAL ADJUNTO PROVINCIAL,TITULAR,MASCULINO,44,150101,LIMA,LIMA,LIMA,31/10/2025
2023,12,12/01/2024,LIMA CENTRO,PENAL,FISCAL ADJUNTO SUPERIOR,PROVISIONAL,FEMENINO,2,150101,LIMA,LIMA,LIMA,31/10/2025
2023,12,12/01/2024,LIMA CENTRO,PENAL,FISCAL ADJUNTO SUPERIOR,PROVISIONAL (Titular Promovido),FEMENINO,9,150101,LIMA,LIMA,LIMA,31/10/2025
2023,12,12/01/2024,LIMA CENTRO,PENAL,FISCAL ADJUNTO SUPERIOR,PROVISIONAL (Titular Promovido),MASCULINO,8,150101,LIMA,LIMA,LIMA,31/10/2025
2023,12,12/01/2024,LIMA CENTRO,PENAL,FISCAL ADJUNTO SUPERIOR,TITULAR,FEMENINO,12,150101,LIMA,LIMA,LIMA,31/10/2025
2023,12,12/01/2024,LIMA CENTRO,PENAL,FISCAL ADJUNTO SUPERIOR,TITULAR,MASCULINO,4,150101,LIMA,LIMA,LIMA,31/10/2025
2023,12,12/01/2024,LIMA CENTRO,PENAL,FISCAL ADJUNTO SUPREMO,PROVISIONAL (Titular Promovido),FEMENINO,1,150101,LIMA,LIMA,LIMA,31/10/2025
2023,12,12/01/2024,LIMA CENTRO,PENAL,FISCAL ADJUNTO SUPREMO,PROVISIONAL (Titular Promovido),MASCULINO,4,150101,LIMA,LIMA,LIMA,31/10/2025
2023,12,12/01/2024,LIMA CENTRO,PENAL,FISCAL ADJUNTO SUPREMO,TITULAR,FEMENINO,1,150101,LIMA,LIMA,LIMA,31/10/2025
2023,12,12/01/2024,LIMA CENTRO,PENAL,FISCAL ADJUNTO SUPREMO,TITULAR,MASCULINO,1,150101,LIMA,LIMA,LIMA,31/10/2025
2023,12,12/01/2024,LIMA CENTRO,PENAL,FISCAL PROVINCIAL,PROVISIONAL (Titular Promovido),FEMENINO,15,150101,LIMA,LIMA,LIMA,31/10/2025
2023,12,12/01/2024,LIMA CENTRO,PENAL,FISCAL PROVINCIAL,PROVISIONAL (Titular Promovido),MASCULINO,11,150101,LIMA,LIMA,LIMA,31/10/2025
2023,12,12/01/2024,LIMA CENTRO,PENAL,FISCAL PROVINCIAL,TITULAR,FEMENINO,32,150101,LIMA,LIMA,LIMA,31/10/2025
2023,12,12/01/2024,LIMA CENTRO,PENAL,FISCAL PROVINCIAL,TITULAR,MASCULINO,23,150101,LIMA,LIMA,LIMA,31/10/2025
2023,12,12/01/2024,LIMA CENTRO,PENAL,FISCAL SUPERIOR,TITULAR,FEMENINO,11,150101,LIMA,LIMA,LIMA,31/10/2025
2023,12,12/01/2024,LIMA CENTRO,PENAL,FISCAL SUPERIOR,TITULAR,MASCULINO,6,150101,LIMA,LIMA,LIMA,31/10/2025
2023,12,12/01/2024,LIMA CENTRO,PENAL,FISCAL SUPREMO,TITULAR,FEMENINO,1,150101,LIMA,LIMA,LIMA,31/10/2025
2023,12,12/01/2024,LIMA CENTRO,PENAL,FISCAL SUPREMO,TITULAR,MASCULINO,1,150101,LIMA,LIMA,LIMA,31/10/2025
2023,12,12/01/2024,LIMA CENTRO,POOL / EQUIPO DE APOYO FISCAL (SIN ESPECIALIDAD),FISCAL ADJUNTO PROVINCIAL,PROVISIONAL,FEMENINO,90,150101,LIMA,LIMA,LIMA,31/10/2025
2023,12,12/01/2024,LIMA CENTRO,POOL / EQUIPO DE APOYO FISCAL (SIN ESPECIALIDAD),FISCAL ADJUNTO PROVINCIAL,PROVISIONAL,MASCULINO,30,150101,LIMA,LIMA,LIMA,31/10/2025
2023,12,12/01/2024,LIMA CENTRO,POOL / EQUIPO DE APOYO FISCAL (SIN ESPECIALIDAD),FISCAL ADJUNTO PROVINCIAL,TITULAR,FEMENINO,13,150101,LIMA,LIMA,LIMA,31/10/2025
2023,12,12/01/2024,LIMA CENTRO,POOL / EQUIPO DE APOYO FISCAL (SIN ESPECIALIDAD),FISCAL ADJUNTO PROVINCIAL,TITULAR,MASCULINO,12,150101,LIMA,LIMA,LIMA,31/10/2025
2023,12,12/01/2024,LIMA CENTRO,PREVENCION DE VIOLENCIA DE GENERO Y PERSONAS EN CONDICION DE VULNERABILIDAD,FISCAL ADJUNTO PROVINCIAL,PROVISIONAL,FEMENINO,2,150101,LIMA,LIMA,LIMA,31/10/2025
2023,12,12/01/2024,LIMA CENTRO,PREVENCION DE VIOLENCIA DE GENERO Y PERSONAS EN CONDICION DE VULNERABILIDAD,FISCAL ADJUNTO PROVINCIAL,TITULAR,FEMENINO,1,150101,LIMA,LIMA,LIMA,31/10/2025
2023,12,12/01/2024,LIMA CENTRO,PREVENCION DE VIOLENCIA DE GENERO Y PERSONAS EN CONDICION DE VULNERABILIDAD,FISCAL PROVINCIAL,TITULAR,FEMENINO,1,150101,LIMA,LIMA,LIMA,31/10/2025
2023,12,12/01/2024,LIMA CENTRO,PREVENCION DEL DELITO,FISCAL ADJUNTO PROVINCIAL,PROVISIONAL,FEMENINO,10,150101,LIMA,LIMA,LIMA,31/10/2025
2023,12,12/01/2024,LIMA CENTRO,PREVENCION DEL DELITO,FISCAL ADJUNTO PROVINCIAL,PROVISIONAL,MASCULINO,3,150101,LIMA,LIMA,LIMA,31/10/2025
2023,12,12/01/2024,LIMA CENTRO,PREVENCION DEL DELITO,FISCAL ADJUNTO PROVINCIAL,TITULAR,FEMENINO,3,150101,LIMA,LIMA,LIMA,31/10/2025
2023,12,12/01/2024,LIMA CENTRO,PREVENCION DEL DELITO,FISCAL ADJUNTO PROVINCIAL,TITULAR,MASCULINO,1,150101,LIMA,LIMA,LIMA,31/10/2025
2023,12,12/01/2024,LIMA CENTRO,PREVENCION DEL DELITO,FISCAL ADJUNTO SUPERIOR,PROVISIONAL,FEMENINO,1,150101,LIMA,LIMA,LIMA,31/10/2025
2023,12,12/01/2024,LIMA CENTRO,PREVENCION DEL DELITO,FISCAL ADJUNTO SUPERIOR,PROVISIONAL (Titular Promovido),MASCULINO,1,150101,LIMA,LIMA,LIMA,31/10/2025
2023,12,12/01/2024,LIMA CENTRO,PREVENCION DEL DELITO,FISCAL PROVINCIAL,TITULAR,FEMENINO,1,150101,LIMA,LIMA,LIMA,31/10/2025
2023,12,12/01/2024,LIMA CENTRO,PREVENCION DEL DELITO,FISCAL PROVINCIAL,TITULAR,MASCULINO,3,150101,LIMA,LIMA,LIMA,31/10/2025
2023,12,12/01/2024,LIMA CENTRO,PREVENCION DEL DELITO,FISCAL SUPERIOR,PROVISIONAL (Titular Promovido),FEMENINO,1,150101,LIMA,LIMA,LIMA,31/10/2025
2023,12,12/01/2024,LIMA CENTRO,TRAFICO ILICITO DE DROGAS,FISCAL ADJUNTO PROVINCIAL,PROVISIONAL,FEMENINO,4,150101,LIMA,LIMA,LIMA,31/10/2025
2023,12,12/01/2024,LIMA CENTRO,TRAFICO ILICITO DE DROGAS,FISCAL ADJUNTO PROVINCIAL,PROVISIONAL,MASCULINO,5,150101,LIMA,LIMA,LIMA,31/10/2025
2023,12,12/01/2024,LIMA CENTRO,TRAFICO ILICITO DE DROGAS,FISCAL PROVINCIAL,TITULAR,MASCULINO,1,150101,LIMA,LIMA,LIMA,31/10/2025
2023,12,12/01/2024,LIMA CENTRO,TRAFICO ILICITO DE DROGAS,FISCAL SUPERIOR,PROVISIONAL (Titular Promovido),FEMENINO,1,150101,LIMA,LIMA,LIMA,31/10/2025
2023,12,12/01/2024,LIMA CENTRO,VIOLENCIA CONTRA LA MUJER E INTEGRANTES DEL GRUPO FAMILIAR,FISCAL ADJUNTO PROVINCIAL,PROVISIONAL,FEMENINO,68,150101,LIMA,LIMA,LIMA,31/10/2025
2023,12,12/01/2024,LIMA CENTRO,VIOLENCIA CONTRA LA MUJER E INTEGRANTES DEL GRUPO FAMILIAR,FISCAL ADJUNTO PROVINCIAL,PROVISIONAL,MASCULINO,33,150101,LIMA,LIMA,LIMA,31/10/2025
2023,12,12/01/2024,LIMA CENTRO,VIOLENCIA CONTRA LA MUJER E INTEGRANTES DEL GRUPO FAMILIAR,FISCAL ADJUNTO PROVINCIAL,TITULAR,FEMENINO,5,150101,LIMA,LIMA,LIMA,31/10/2025
2023,12,12/01/2024,LIMA CENTRO,VIOLENCIA CONTRA LA MUJER E INTEGRANTES DEL GRUPO FAMILIAR,FISCAL ADJUNTO PROVINCIAL,TITULAR,MASCULINO,4,150101,LIMA,LIMA,LIMA,31/10/2025
2023,12,12/01/2024,LIMA CENTRO,VIOLENCIA CONTRA LA MUJER E INTEGRANTES DEL GRUPO FAMILIAR,FISCAL ADJUNTO SUPERIOR,PROVISIONAL (Titular Promovido),FEMENINO,2,150101,LIMA,LIMA,LIMA,31/10/2025
2023,12,12/01/2024,LIMA CENTRO,VIOLENCIA CONTRA LA MUJER E INTEGRANTES DEL GRUPO FAMILIAR,FISCAL ADJUNTO SUPERIOR,PROVISIONAL (Titular Promovido),MASCULINO,2,150101,LIMA,LIMA,LIMA,31/10/2025
2023,12,12/01/2024,LIMA CENTRO,VIOLENCIA CONTRA LA MUJER E INTEGRANTES DEL GRUPO FAMILIAR,FISCAL ADJUNTO SUPERIOR,TITULAR,FEMENINO,1,150101,LIMA,LIMA,LIMA,31/10/2025
2023,12,12/01/2024,LIMA CENTRO,VIOLENCIA CONTRA LA MUJER E INTEGRANTES DEL GRUPO FAMILIAR,FISCAL PROVINCIAL,PROVISIONAL,FEMENINO,4,150101,LIMA,LIMA,LIMA,31/10/2025
2023,12,12/01/2024,LIMA CENTRO,VIOLENCIA CONTRA LA MUJER E INTEGRANTES DEL GRUPO FAMILIAR,FISCAL PROVINCIAL,PROVISIONAL,MASCULINO,1,150101,LIMA,LIMA,LIMA,31/10/2025
2023,12,12/01/2024,LIMA CENTRO,VIOLENCIA CONTRA LA MUJER E INTEGRANTES DEL GRUPO FAMILIAR,FISCAL PROVINCIAL,PROVISIONAL (Titular Promovido),FEMENINO,9,150101,LIMA,LIMA,LIMA,31/10/2025
2023,12,12/01/2024,LIMA CENTRO,VIOLENCIA CONTRA LA MUJER E INTEGRANTES DEL GRUPO FAMILIAR,FISCAL PROVINCIAL,PROVISIONAL (Titular Promovido),MASCULINO,4,150101,LIMA,LIMA,LIMA,31/10/2025
2023,12,12/01/2024,LIMA CENTRO,VIOLENCIA CONTRA LA MUJER E INTEGRANTES DEL GRUPO FAMILIAR,FISCAL PROVINCIAL,TITULAR,FEMENINO,3,150101,LIMA,LIMA,LIMA,31/10/2025
2023,12,12/01/2024,LIMA CENTRO,VIOLENCIA CONTRA LA MUJER E INTEGRANTES DEL GRUPO FAMILIAR,FISCAL PROVINCIAL,TITULAR,MASCULINO,3,150101,LIMA,LIMA,LIMA,31/10/2025
2023,12,12/01/2024,LIMA CENTRO,VIOLENCIA CONTRA LA MUJER E INTEGRANTES DEL GRUPO FAMILIAR,FISCAL SUPERIOR,PROVISIONAL (Titular Promovido),FEMENINO,1,150101,LIMA,LIMA,LIMA,31/10/2025
2023,12,12/01/2024,LIMA CENTRO,"EQUIPO ESPECIAL DE FISCALES AVOCADO AL CONOCIMIENTO DEL CASO ""LOS CUELLOS BLANCOS DEL PUERTO""",FISCAL ADJUNTO PROVINCIAL,PROVISIONAL,FEMENINO,14,150101,LIMA,LIMA,LIMA,31/10/2025
2023,12,12/01/2024,LIMA CENTRO,"EQUIPO ESPECIAL DE FISCALES AVOCADO AL CONOCIMIENTO DEL CASO ""LOS CUELLOS BLANCOS DEL PUERTO""",FISCAL ADJUNTO PROVINCIAL,PROVISIONAL,MASCULINO,9,150101,LIMA,LIMA,LIMA,31/10/2025
2023,12,12/01/2024,LIMA CENTRO,"EQUIPO ESPECIAL DE FISCALES AVOCADO AL CONOCIMIENTO DEL CASO ""LOS CUELLOS BLANCOS DEL PUERTO""",FISCAL ADJUNTO PROVINCIAL,TITULAR,FEMENINO,1,150101,LIMA,LIMA,LIMA,31/10/2025
2023,12,12/01/2024,LIMA CENTRO,"EQUIPO ESPECIAL DE FISCALES AVOCADO AL CONOCIMIENTO DEL CASO ""LOS CUELLOS BLANCOS DEL PUERTO""",FISCAL ADJUNTO PROVINCIAL,TITULAR,MASCULINO,1,150101,LIMA,LIMA,LIMA,31/10/2025
2023,12,12/01/2024,LIMA CENTRO,"EQUIPO ESPECIAL DE FISCALES AVOCADO AL CONOCIMIENTO DEL CASO ""LOS CUELLOS BLANCOS DEL PUERTO""",FISCAL ADJUNTO SUPERIOR,PROVISIONAL (Titular Promovido),FEMENINO,4,150101,LIMA,LIMA,LIMA,31/10/2025
2023,12,12/01/2024,LIMA CENTRO,"EQUIPO ESPECIAL DE FISCALES AVOCADO AL CONOCIMIENTO DEL CASO ""LOS CUELLOS BLANCOS DEL PUERTO""",FISCAL PROVINCIAL,PROVISIONAL,FEMENINO,1,150101,LIMA,LIMA,LIMA,31/10/2025
2023,12,12/01/2024,LIMA CENTRO,"EQUIPO ESPECIAL DE FISCALES AVOCADO AL CONOCIMIENTO DEL CASO ""LOS CUELLOS BLANCOS DEL PUERTO""",FISCAL PROVINCIAL,PROVISIONAL (Titular Promovido),MASCULINO,3,150101,LIMA,LIMA,LIMA,31/10/2025
2023,12,12/01/2024,LIMA CENTRO,"EQUIPO ESPECIAL DE FISCALES AVOCADO AL CONOCIMIENTO DEL CASO ""LOS CUELLOS BLANCOS DEL PUERTO""",FISCAL SUPERIOR,PROVISIONAL (Titular Promovido),FEMENINO,1,150101,LIMA,LIMA,LIMA,31/10/2025
2023,12,12/01/2024,LIMA ESTE,AUTORIDAD NACIONAL DE CONTROL,FISCAL ADJUNTO SUPERIOR,PROVISIONAL (Titular Promovido),FEMENINO,2,150137,LIMA,LIMA,SANTA ANITA,31/10/2025
2023,12,12/01/2024,LIMA ESTE,CORRUPCION DE FUNCIONARIOS,FISCAL ADJUNTO PROVINCIAL,PROVISIONAL,FEMENINO,5,150137,LIMA,LIMA,SANTA ANITA,31/10/2025
2023,12,12/01/2024,LIMA ESTE,CORRUPCION DE FUNCIONARIOS,FISCAL ADJUNTO PROVINCIAL,PROVISIONAL,MASCULINO,1,150137,LIMA,LIMA,SANTA ANITA,31/10/2025
2023,12,12/01/2024,LIMA ESTE,CORRUPCION DE FUNCIONARIOS,FISCAL PROVINCIAL,PROVISIONAL (Titular Promovido),FEMENINO,2,150137,LIMA,LIMA,SANTA ANITA,31/10/2025
2023,12,12/01/2024,LIMA ESTE,CORRUPCION DE FUNCIONARIOS,FISCAL PROVINCIAL,PROVISIONAL (Titular Promovido),MASCULINO,1,150137,LIMA,LIMA,SANTA ANITA,31/10/2025
2023,12,12/01/2024,LIMA ESTE,FAMILIA,FISCAL ADJUNTO PROVINCIAL,PROVISIONAL,FEMENINO,8,150137,LIMA,LIMA,SANTA ANITA,31/10/2025
2023,12,12/01/2024,LIMA ESTE,FAMILIA,FISCAL ADJUNTO PROVINCIAL,PROVISIONAL,MASCULINO,3,150137,LIMA,LIMA,SANTA ANITA,31/10/2025
2023,12,12/01/2024,LIMA ESTE,FAMILIA,FISCAL ADJUNTO PROVINCIAL,TITULAR,FEMENINO,2,150137,LIMA,LIMA,SANTA ANITA,31/10/2025
2023,12,12/01/2024,LIMA ESTE,FAMILIA,FISCAL ADJUNTO PROVINCIAL,TITULAR,MASCULINO,1,150137,LIMA,LIMA,SANTA ANITA,31/10/2025
2023,12,12/01/2024,LIMA ESTE,FAMILIA,FISCAL ADJUNTO SUPERIOR,PROVISIONAL (Titular Promovido),FEMENINO,2,150137,LIMA,LIMA,SANTA ANITA,31/10/2025
2023,12,12/01/2024,LIMA ESTE,FAMILIA,FISCAL PROVINCIAL,PROVISIONAL,FEMENINO,1,150137,LIMA,LIMA,SANTA ANITA,31/10/2025
2023,12,12/01/2024,LIMA ESTE,FAMILIA,FISCAL PROVINCIAL,PROVISIONAL (Titular Promovido),FEMENINO,1,150137,LIMA,LIMA,SANTA ANITA,31/10/2025
2023,12,12/01/2024,LIMA ESTE,FAMILIA,FISCAL PROVINCIAL,PROVISIONAL (Titular Promovido),MASCULINO,2,150137,LIMA,LIMA,SANTA ANITA,31/10/2025
2023,12,12/01/2024,LIMA ESTE,FAMILIA,FISCAL PROVINCIAL,TITULAR,FEMENINO,3,150137,LIMA,LIMA,SANTA ANITA,31/10/2025
2023,12,12/01/2024,LIMA ESTE,FAMILIA,FISCAL PROVINCIAL,TITULAR,MASCULINO,2,150137,LIMA,LIMA,SANTA ANITA,31/10/2025
2023,12,12/01/2024,LIMA ESTE,FAMILIA,FISCAL SUPERIOR,PROVISIONAL (Titular Promovido),FEMENINO,1,150137,LIMA,LIMA,SANTA ANITA,31/10/2025
2023,12,12/01/2024,LIMA ESTE,PENAL,FISCAL ADJUNTO PROVINCIAL,PROVISIONAL,FEMENINO,109,150137,LIMA,LIMA,SANTA ANITA,31/10/2025
2023,12,12/01/2024,LIMA ESTE,PENAL,FISCAL ADJUNTO PROVINCIAL,PROVISIONAL,MASCULINO,67,150137,LIMA,LIMA,SANTA ANITA,31/10/2025
2023,12,12/01/2024,LIMA ESTE,PENAL,FISCAL ADJUNTO PROVINCIAL,TITULAR,FEMENINO,1,150137,LIMA,LIMA,SANTA ANITA,31/10/2025
2023,12,12/01/2024,LIMA ESTE,PENAL,FISCAL ADJUNTO PROVINCIAL,TITULAR,MASCULINO,2,150137,LIMA,LIMA,SANTA ANITA,31/10/2025
2023,12,12/01/2024,LIMA ESTE,PENAL,FISCAL ADJUNTO SUPERIOR,PROVISIONAL,FEMENINO,1,150137,LIMA,LIMA,SANTA ANITA,31/10/2025
2023,12,12/01/2024,LIMA ESTE,PENAL,FISCAL ADJUNTO SUPERIOR,PROVISIONAL,MASCULINO,1,150137,LIMA,LIMA,SANTA ANITA,31/10/2025
2023,12,12/01/2024,LIMA ESTE,PENAL,FISCAL ADJUNTO SUPERIOR,PROVISIONAL (Titular Promovido),FEMENINO,4,150137,LIMA,LIMA,SANTA ANITA,31/10/2025
2023,12,12/01/2024,LIMA ESTE,PENAL,FISCAL ADJUNTO SUPERIOR,PROVISIONAL (Titular Promovido),MASCULINO,3,150137,LIMA,LIMA,SANTA ANITA,31/10/2025
2023,12,12/01/2024,LIMA ESTE,PENAL,FISCAL ADJUNTO SUPERIOR,TITULAR,MASCULINO,2,150137,LIMA,LIMA,SANTA ANITA,31/10/2025
2023,12,12/01/2024,LIMA ESTE,PENAL,FISCAL PROVINCIAL,PROVISIONAL,FEMENINO,13,150137,LIMA,LIMA,SANTA ANITA,31/10/2025
2023,12,12/01/2024,LIMA ESTE,PENAL,FISCAL PROVINCIAL,PROVISIONAL,MASCULINO,9,150137,LIMA,LIMA,SANTA ANITA,31/10/2025
2023,12,12/01/2024,LIMA ESTE,PENAL,FISCAL PROVINCIAL,PROVISIONAL (Titular Promovido),FEMENINO,19,150137,LIMA,LIMA,SANTA ANITA,31/10/2025
2023,12,12/01/2024,LIMA ESTE,PENAL,FISCAL PROVINCIAL,PROVISIONAL (Titular Promovido),MASCULINO,8,150137,LIMA,LIMA,SANTA ANITA,31/10/2025
2023,12,12/01/2024,LIMA ESTE,PENAL,FISCAL PROVINCIAL,TITULAR,FEMENINO,7,150137,LIMA,LIMA,SANTA ANITA,31/10/2025
2023,12,12/01/2024,LIMA ESTE,PENAL,FISCAL PROVINCIAL,TITULAR,MASCULINO,15,150137,LIMA,LIMA,SANTA ANITA,31/10/2025
2023,12,12/01/2024,LIMA ESTE,PENAL,FISCAL SUPERIOR,PROVISIONAL (Titular Promovido),MASCULINO,4,150137,LIMA,LIMA,SANTA ANITA,31/10/2025
2023,12,12/01/2024,LIMA ESTE,PENAL,FISCAL SUPERIOR,TITULAR,FEMENINO,2,150137,LIMA,LIMA,SANTA ANITA,31/10/2025
2023,12,12/01/2024,LIMA ESTE,PENAL,FISCAL SUPERIOR,TITULAR,MASCULINO,1,150137,LIMA,LIMA,SANTA ANITA,31/10/2025
2023,12,12/01/2024,LIMA ESTE,POOL / EQUIPO DE APOYO FISCAL (SIN ESPECIALIDAD),FISCAL ADJUNTO PROVINCIAL,PROVISIONAL,FEMENINO,8,150137,LIMA,LIMA,SANTA ANITA,31/10/2025
2023,12,12/01/2024,LIMA ESTE,POOL / EQUIPO DE APOYO FISCAL (SIN ESPECIALIDAD),FISCAL ADJUNTO PROVINCIAL,PROVISIONAL,MASCULINO,5,150137,LIMA,LIMA,SANTA ANITA,31/10/2025
2023,12,12/01/2024,LIMA ESTE,PREVENCION DEL DELITO,FISCAL ADJUNTO PROVINCIAL,PROVISIONAL,FEMENINO,4,150137,LIMA,LIMA,SANTA ANITA,31/10/2025
2023,12,12/01/2024,LIMA ESTE,PREVENCION DEL DELITO,FISCAL ADJUNTO PROVINCIAL,PROVISIONAL,MASCULINO,1,150137,LIMA,LIMA,SANTA ANITA,31/10/2025
2023,12,12/01/2024,LIMA ESTE,PREVENCION DEL DELITO,FISCAL PROVINCIAL,PROVISIONAL,MASCULINO,3,150137,LIMA,LIMA,SANTA ANITA,31/10/2025
2023,12,12/01/2024,LIMA ESTE,VIOLENCIA CONTRA LA MUJER E INTEGRANTES DEL GRUPO FAMILIAR,FISCAL ADJUNTO PROVINCIAL,PROVISIONAL,FEMENINO,51,150137,LIMA,LIMA,SANTA ANITA,31/10/2025
2023,12,12/01/2024,LIMA ESTE,VIOLENCIA CONTRA LA MUJER E INTEGRANTES DEL GRUPO FAMILIAR,FISCAL ADJUNTO PROVINCIAL,PROVISIONAL,MASCULINO,23,150137,LIMA,LIMA,SANTA ANITA,31/10/2025
2023,12,12/01/2024,LIMA ESTE,VIOLENCIA CONTRA LA MUJER E INTEGRANTES DEL GRUPO FAMILIAR,FISCAL ADJUNTO SUPERIOR,PROVISIONAL (Titular Promovido),FEMENINO,1,150137,LIMA,LIMA,SANTA ANITA,31/10/2025
2023,12,12/01/2024,LIMA ESTE,VIOLENCIA CONTRA LA MUJER E INTEGRANTES DEL GRUPO FAMILIAR,FISCAL PROVINCIAL,PROVISIONAL,FEMENINO,13,150137,LIMA,LIMA,SANTA ANITA,31/10/2025
2023,12,12/01/2024,LIMA ESTE,VIOLENCIA CONTRA LA MUJER E INTEGRANTES DEL GRUPO FAMILIAR,FISCAL PROVINCIAL,PROVISIONAL,MASCULINO,6,150137,LIMA,LIMA,SANTA ANITA,31/10/2025
2023,12,12/01/2024,LIMA ESTE,VIOLENCIA CONTRA LA MUJER E INTEGRANTES DEL GRUPO FAMILIAR,FISCAL PROVINCIAL,PROVISIONAL (Titular Promovido),FEMENINO,8,150137,LIMA,LIMA,SANTA ANITA,31/10/2025
2023,12,12/01/2024,LIMA ESTE,VIOLENCIA CONTRA LA MUJER E INTEGRANTES DEL GRUPO FAMILIAR,FISCAL PROVINCIAL,PROVISIONAL (Titular Promovido),MASCULINO,3,150137,LIMA,LIMA,SANTA ANITA,31/10/2025
2023,12,12/01/2024,LIMA NOROESTE,AUTORIDAD NACIONAL DE CONTROL,FISCAL ADJUNTO PROVINCIAL,PROVISIONAL,MASCULINO,1,070106,CALLAO,CALLAO,VENTANILLA,31/10/2025
2023,12,12/01/2024,LIMA NOROESTE,AUTORIDAD NACIONAL DE CONTROL,FISCAL ADJUNTO SUPERIOR,PROVISIONAL (Titular Promovido),FEMENINO,1,070106,CALLAO,CALLAO,VENTANILLA,31/10/2025
2023,12,12/01/2024,LIMA NOROESTE,AUTORIDAD NACIONAL DE CONTROL,FISCAL ADJUNTO SUPERIOR,PROVISIONAL (Titular Promovido),MASCULINO,1,070106,CALLAO,CALLAO,VENTANILLA,31/10/2025
2023,12,12/01/2024,LIMA NOROESTE,AUTORIDAD NACIONAL DE CONTROL,FISCAL SUPERIOR,PROVISIONAL (Titular Promovido),FEMENINO,1,070106,CALLAO,CALLAO,VENTANILLA,31/10/2025
2023,12,12/01/2024,LIMA NOROESTE,CORRUPCION DE FUNCIONARIOS,FISCAL ADJUNTO PROVINCIAL,PROVISIONAL,FEMENINO,3,070106,CALLAO,CALLAO,VENTANILLA,31/10/2025
2023,12,12/01/2024,LIMA NOROESTE,CORRUPCION DE FUNCIONARIOS,FISCAL ADJUNTO PROVINCIAL,PROVISIONAL,MASCULINO,1,070106,CALLAO,CALLAO,VENTANILLA,31/10/2025
2023,12,12/01/2024,LIMA NOROESTE,CORRUPCION DE FUNCIONARIOS,FISCAL PROVINCIAL,PROVISIONAL (Titular Promovido),FEMENINO,1,070106,CALLAO,CALLAO,VENTANILLA,31/10/2025
2023,12,12/01/2024,LIMA NOROESTE,CORRUPCION DE FUNCIONARIOS,FISCAL PROVINCIAL,TITULAR,MASCULINO,1,070106,CALLAO,CALLAO,VENTANILLA,31/10/2025
2023,12,12/01/2024,LIMA NOROESTE,CRIMEN ORGANIZADO,FISCAL ADJUNTO PROVINCIAL,PROVISIONAL,FEMENINO,5,070106,CALLAO,CALLAO,VENTANILLA,31/10/2025
2023,12,12/01/2024,LIMA NOROESTE,CRIMEN ORGANIZADO,FISCAL ADJUNTO PROVINCIAL,PROVISIONAL,MASCULINO,2,070106,CALLAO,CALLAO,VENTANILLA,31/10/2025
2023,12,12/01/2024,LIMA NOROESTE,CRIMEN ORGANIZADO,FISCAL PROVINCIAL,PROVISIONAL,FEMENINO,1,070106,CALLAO,CALLAO,VENTANILLA,31/10/2025
2023,12,12/01/2024,LIMA NOROESTE,CRIMEN ORGANIZADO,FISCAL PROVINCIAL,PROVISIONAL,MASCULINO,1,070106,CALLAO,CALLAO,VENTANILLA,31/10/2025
2023,12,12/01/2024,LIMA NOROESTE,CRIMEN ORGANIZADO,FISCAL PROVINCIAL,PROVISIONAL (Titular Promovido),MASCULINO,1,070106,CALLAO,CALLAO,VENTANILLA,31/10/2025
2023,12,12/01/2024,LIMA NOROESTE,DELITOS ADUANEROS Y CONTRA LA PROPIEDAD INTELECTUAL,FISCAL ADJUNTO PROVINCIAL,PROVISIONAL,MASCULINO,1,070106,CALLAO,CALLAO,VENTANILLA,31/10/2025
2023,12,12/01/2024,LIMA NOROESTE,DELITOS ADUANEROS Y CONTRA LA PROPIEDAD INTELECTUAL,FISCAL PROVINCIAL,PROVISIONAL,FEMENINO,1,070106,CALLAO,CALLAO,VENTANILLA,31/10/2025
2023,12,12/01/2024,LIMA NOROESTE,FAMILIA,FISCAL ADJUNTO PROVINCIAL,PROVISIONAL,FEMENINO,7,070106,CALLAO,CALLAO,VENTANILLA,31/10/2025
2023,12,12/01/2024,LIMA NOROESTE,FAMILIA,FISCAL ADJUNTO PROVINCIAL,PROVISIONAL,MASCULINO,2,070106,CALLAO,CALLAO,VENTANILLA,31/10/2025
2023,12,12/01/2024,LIMA NOROESTE,FAMILIA,FISCAL PROVINCIAL,PROVISIONAL (Titular Promovido),FEMENINO,1,070106,CALLAO,CALLAO,VENTANILLA,31/10/2025
2023,12,12/01/2024,LIMA NOROESTE,FAMILIA,FISCAL PROVINCIAL,PROVISIONAL (Titular Promovido),MASCULINO,1,070106,CALLAO,CALLAO,VENTANILLA,31/10/2025
2023,12,12/01/2024,LIMA NOROESTE,FAMILIA,FISCAL PROVINCIAL,TITULAR,FEMENINO,1,070106,CALLAO,CALLAO,VENTANILLA,31/10/2025
2023,12,12/01/2024,LIMA NOROESTE,FAMILIA,FISCAL PROVINCIAL,TITULAR,MASCULINO,2,070106,CALLAO,CALLAO,VENTANILLA,31/10/2025
2023,12,12/01/2024,LIMA NOROESTE,FAMILIA,FISCAL SUPERIOR,PROVISIONAL (Titular Promovido),FEMENINO,1,070106,CALLAO,CALLAO,VENTANILLA,31/10/2025
2023,12,12/01/2024,LIMA NOROESTE,MATERIA AMBIENTAL,FISCAL ADJUNTO PROVINCIAL,PROVISIONAL,FEMENINO,2,070106,CALLAO,CALLAO,VENTANILLA,31/10/2025
2023,12,12/01/2024,LIMA NOROESTE,MATERIA AMBIENTAL,FISCAL PROVINCIAL,PROVISIONAL,MASCULINO,1,070106,CALLAO,CALLAO,VENTANILLA,31/10/2025
2023,12,12/01/2024,LIMA NOROESTE,PENAL,FISCAL ADJUNTO PROVINCIAL,PROVISIONAL,FEMENINO,48,070106,CALLAO,CALLAO,VENTANILLA,31/10/2025
2023,12,12/01/2024,LIMA NOROESTE,PENAL,FISCAL ADJUNTO PROVINCIAL,PROVISIONAL,MASCULINO,32,070106,CALLAO,CALLAO,VENTANILLA,31/10/2025
2023,12,12/01/2024,LIMA NOROESTE,PENAL,FISCAL ADJUNTO SUPERIOR,PROVISIONAL,MASCULINO,1,070106,CALLAO,CALLAO,VENTANILLA,31/10/2025
2023,12,12/01/2024,LIMA NOROESTE,PENAL,FISCAL ADJUNTO SUPERIOR,PROVISIONAL (Titular Promovido),FEMENINO,2,070106,CALLAO,CALLAO,VENTANILLA,31/10/2025
2023,12,12/01/2024,LIMA NOROESTE,PENAL,FISCAL ADJUNTO SUPERIOR,PROVISIONAL (Titular Promovido),MASCULINO,3,070106,CALLAO,CALLAO,VENTANILLA,31/10/2025
2023,12,12/01/2024,LIMA NOROESTE,PENAL,FISCAL ADJUNTO SUPERIOR,TITULAR,MASCULINO,1,070106,CALLAO,CALLAO,VENTANILLA,31/10/2025
2023,12,12/01/2024,LIMA NOROESTE,PENAL,FISCAL PROVINCIAL,PROVISIONAL,FEMENINO,17,070106,CALLAO,CALLAO,VENTANILLA,31/10/2025
2023,12,12/01/2024,LIMA NOROESTE,PENAL,FISCAL PROVINCIAL,PROVISIONAL,MASCULINO,14,070106,CALLAO,CALLAO,VENTANILLA,31/10/2025
2023,12,12/01/2024,LIMA NOROESTE,PENAL,FISCAL PROVINCIAL,PROVISIONAL (Titular Promovido),FEMENINO,2,070106,CALLAO,CALLAO,VENTANILLA,31/10/2025
2023,12,12/01/2024,LIMA NOROESTE,PENAL,FISCAL PROVINCIAL,PROVISIONAL (Titular Promovido),MASCULINO,5,070106,CALLAO,CALLAO,VENTANILLA,31/10/2025
2023,12,12/01/2024,LIMA NOROESTE,PENAL,FISCAL PROVINCIAL,TITULAR,FEMENINO,1,070106,CALLAO,CALLAO,VENTANILLA,31/10/2025
2023,12,12/01/2024,LIMA NOROESTE,PENAL,FISCAL PROVINCIAL,TITULAR,MASCULINO,2,070106,CALLAO,CALLAO,VENTANILLA,31/10/2025
2023,12,12/01/2024,LIMA NOROESTE,PENAL,FISCAL SUPERIOR,PROVISIONAL (Titular Promovido),MASCULINO,2,070106,CALLAO,CALLAO,VENTANILLA,31/10/2025
2023,12,12/01/2024,LIMA NOROESTE,POOL / EQUIPO DE APOYO FISCAL (SIN ESPECIALIDAD),FISCAL ADJUNTO PROVINCIAL,PROVISIONAL,FEMENINO,15,070106,CALLAO,CALLAO,VENTANILLA,31/10/2025
2023,12,12/01/2024,LIMA NOROESTE,POOL / EQUIPO DE APOYO FISCAL (SIN ESPECIALIDAD),FISCAL ADJUNTO PROVINCIAL,PROVISIONAL,MASCULINO,15,070106,CALLAO,CALLAO,VENTANILLA,31/10/2025
2023,12,12/01/2024,LIMA NOROESTE,PREVENCION DEL DELITO,FISCAL ADJUNTO PROVINCIAL,PROVISIONAL,FEMENINO,1,070106,CALLAO,CALLAO,VENTANILLA,31/10/2025
2023,12,12/01/2024,LIMA NOROESTE,PREVENCION DEL DELITO,FISCAL ADJUNTO PROVINCIAL,PROVISIONAL,MASCULINO,2,070106,CALLAO,CALLAO,VENTANILLA,31/10/2025
2023,12,12/01/2024,LIMA NOROESTE,PREVENCION DEL DELITO,FISCAL PROVINCIAL,PROVISIONAL,MASCULINO,1,070106,CALLAO,CALLAO,VENTANILLA,31/10/2025
2023,12,12/01/2024,LIMA NOROESTE,PREVENCION DEL DELITO,FISCAL PROVINCIAL,TITULAR,FEMENINO,1,070106,CALLAO,CALLAO,VENTANILLA,31/10/2025
2023,12,12/01/2024,LIMA NOROESTE,TRAFICO ILICITO DE DROGAS,FISCAL ADJUNTO PROVINCIAL,PROVISIONAL,FEMENINO,1,070106,CALLAO,CALLAO,VENTANILLA,31/10/2025
2023,12,12/01/2024,LIMA NOROESTE,TRAFICO ILICITO DE DROGAS,FISCAL ADJUNTO PROVINCIAL,PROVISIONAL,MASCULINO,2,070106,CALLAO,CALLAO,VENTANILLA,31/10/2025
2023,12,12/01/2024,LIMA NOROESTE,TRAFICO ILICITO DE DROGAS,FISCAL PROVINCIAL,PROVISIONAL (Titular Promovido),FEMENINO,1,070106,CALLAO,CALLAO,VENTANILLA,31/10/2025
2023,12,12/01/2024,LIMA NOROESTE,VIOLENCIA CONTRA LA MUJER E INTEGRANTES DEL GRUPO FAMILIAR,FISCAL ADJUNTO PROVINCIAL,PROVISIONAL,FEMENINO,20,070106,CALLAO,CALLAO,VENTANILLA,31/10/2025
2023,12,12/01/2024,LIMA NOROESTE,VIOLENCIA CONTRA LA MUJER E INTEGRANTES DEL GRUPO FAMILIAR,FISCAL ADJUNTO PROVINCIAL,PROVISIONAL,MASCULINO,6,070106,CALLAO,CALLAO,VENTANILLA,31/10/2025
2023,12,12/01/2024,LIMA NOROESTE,VIOLENCIA CONTRA LA MUJER E INTEGRANTES DEL GRUPO FAMILIAR,FISCAL PROVINCIAL,PROVISIONAL,FEMENINO,9,070106,CALLAO,CALLAO,VENTANILLA,31/10/2025
2023,12,12/01/2024,LIMA NOROESTE,VIOLENCIA CONTRA LA MUJER E INTEGRANTES DEL GRUPO FAMILIAR,FISCAL PROVINCIAL,PROVISIONAL,MASCULINO,3,070106,CALLAO,CALLAO,VENTANILLA,31/10/2025
2023,12,12/01/2024,LIMA NOROESTE,VIOLENCIA CONTRA LA MUJER E INTEGRANTES DEL GRUPO FAMILIAR,FISCAL PROVINCIAL,PROVISIONAL (Titular Promovido),MASCULINO,2,070106,CALLAO,CALLAO,VENTANILLA,31/10/2025
2023,12,12/01/2024,LIMA NORTE,AUTORIDAD NACIONAL DE CONTROL,FISCAL ADJUNTO SUPERIOR,PROVISIONAL (Titular Promovido),FEMENINO,3,150112,LIMA,LIMA,INDEPENDENCIA,31/10/2025
2023,12,12/01/2024,LIMA NORTE,AUTORIDAD NACIONAL DE CONTROL,FISCAL ADJUNTO SUPERIOR,PROVISIONAL (Titular Promovido),MASCULINO,2,150112,LIMA,LIMA,INDEPENDENCIA,31/10/2025
2023,12,12/01/2024,LIMA NORTE,AUTORIDAD NACIONAL DE CONTROL,FISCAL SUPERIOR,PROVISIONAL (Titular Promovido),MASCULINO,1,150112,LIMA,LIMA,INDEPENDENCIA,31/10/2025
2023,12,12/01/2024,LIMA NORTE,CORRUPCION DE FUNCIONARIOS,FISCAL ADJUNTO PROVINCIAL,PROVISIONAL,FEMENINO,8,150112,LIMA,LIMA,INDEPENDENCIA,31/10/2025
2023,12,12/01/2024,LIMA NORTE,CORRUPCION DE FUNCIONARIOS,FISCAL ADJUNTO PROVINCIAL,PROVISIONAL,MASCULINO,2,150112,LIMA,LIMA,INDEPENDENCIA,31/10/2025
2023,12,12/01/2024,LIMA NORTE,CORRUPCION DE FUNCIONARIOS,FISCAL ADJUNTO SUPERIOR,PROVISIONAL (Titular Promovido),FEMENINO,1,150112,LIMA,LIMA,INDEPENDENCIA,31/10/2025
2023,12,12/01/2024,LIMA NORTE,CORRUPCION DE FUNCIONARIOS,FISCAL ADJUNTO SUPERIOR,PROVISIONAL (Titular Promovido),MASCULINO,1,150112,LIMA,LIMA,INDEPENDENCIA,31/10/2025
2023,12,12/01/2024,LIMA NORTE,CORRUPCION DE FUNCIONARIOS,FISCAL ADJUNTO SUPERIOR,TITULAR,FEMENINO,1,150112,LIMA,LIMA,INDEPENDENCIA,31/10/2025
2023,12,12/01/2024,LIMA NORTE,CORRUPCION DE FUNCIONARIOS,FISCAL PROVINCIAL,PROVISIONAL,FEMENINO,1,150112,LIMA,LIMA,INDEPENDENCIA,31/10/2025
2023,12,12/01/2024,LIMA NORTE,CORRUPCION DE FUNCIONARIOS,FISCAL SUPERIOR,TITULAR,FEMENINO,1,150112,LIMA,LIMA,INDEPENDENCIA,31/10/2025
2023,12,12/01/2024,LIMA NORTE,DELITOS ADUANEROS Y CONTRA LA PROPIEDAD INTELECTUAL,FISCAL ADJUNTO PROVINCIAL,PROVISIONAL,MASCULINO,1,150112,LIMA,LIMA,INDEPENDENCIA,31/10/2025
2023,12,12/01/2024,LIMA NORTE,DELITOS ADUANEROS Y CONTRA LA PROPIEDAD INTELECTUAL,FISCAL ADJUNTO PROVINCIAL,TITULAR,FEMENINO,1,150112,LIMA,LIMA,INDEPENDENCIA,31/10/2025
2023,12,12/01/2024,LIMA NORTE,DELITOS ADUANEROS Y CONTRA LA PROPIEDAD INTELECTUAL,FISCAL PROVINCIAL,TITULAR,MASCULINO,1,150112,LIMA,LIMA,INDEPENDENCIA,31/10/2025
2023,12,12/01/2024,LIMA NORTE,DELITOS DE TRATA DE PERSONAS,FISCAL ADJUNTO PROVINCIAL,PROVISIONAL,FEMENINO,4,150112,LIMA,LIMA,INDEPENDENCIA,31/10/2025
2023,12,12/01/2024,LIMA NORTE,DELITOS DE TRATA DE PERSONAS,FISCAL PROVINCIAL,PROVISIONAL,FEMENINO,1,150112,LIMA,LIMA,INDEPENDENCIA,31/10/2025
2023,12,12/01/2024,LIMA NORTE,FAMILIA,FISCAL ADJUNTO PROVINCIAL,PROVISIONAL,FEMENINO,14,150112,LIMA,LIMA,INDEPENDENCIA,31/10/2025
2023,12,12/01/2024,LIMA NORTE,FAMILIA,FISCAL ADJUNTO PROVINCIAL,PROVISIONAL,MASCULINO,2,150112,LIMA,LIMA,INDEPENDENCIA,31/10/2025
2023,12,12/01/2024,LIMA NORTE,FAMILIA,FISCAL ADJUNTO PROVINCIAL,TITULAR,FEMENINO,3,150112,LIMA,LIMA,INDEPENDENCIA,31/10/2025
2023,12,12/01/2024,LIMA NORTE,FAMILIA,FISCAL ADJUNTO PROVINCIAL,TITULAR,MASCULINO,2,150112,LIMA,LIMA,INDEPENDENCIA,31/10/2025
2023,12,12/01/2024,LIMA NORTE,FAMILIA,FISCAL ADJUNTO SUPERIOR,TITULAR,MASCULINO,1,150112,LIMA,LIMA,INDEPENDENCIA,31/10/2025
2023,12,12/01/2024,LIMA NORTE,FAMILIA,FISCAL PROVINCIAL,PROVISIONAL,FEMENINO,3,150112,LIMA,LIMA,INDEPENDENCIA,31/10/2025
2023,12,12/01/2024,LIMA NORTE,FAMILIA,FISCAL PROVINCIAL,PROVISIONAL (Titular Promovido),FEMENINO,2,150112,LIMA,LIMA,INDEPENDENCIA,31/10/2025
2023,12,12/01/2024,LIMA NORTE,FAMILIA,FISCAL PROVINCIAL,TITULAR,FEMENINO,3,150112,LIMA,LIMA,INDEPENDENCIA,31/10/2025
2023,12,12/01/2024,LIMA NORTE,FAMILIA,FISCAL PROVINCIAL,TITULAR,MASCULINO,6,150112,LIMA,LIMA,INDEPENDENCIA,31/10/2025
2023,12,12/01/2024,LIMA NORTE,FAMILIA,FISCAL SUPERIOR,TITULAR,MASCULINO,1,150112,LIMA,LIMA,INDEPENDENCIA,31/10/2025
2023,12,12/01/2024,LIMA NORTE,LAVADO DE ACTIVOS,FISCAL ADJUNTO PROVINCIAL,PROVISIONAL,FEMENINO,2,150112,LIMA,LIMA,INDEPENDENCIA,31/10/2025
2023,12,12/01/2024,LIMA NORTE,LAVADO DE ACTIVOS,FISCAL ADJUNTO PROVINCIAL,PROVISIONAL,MASCULINO,1,150112,LIMA,LIMA,INDEPENDENCIA,31/10/2025
2023,12,12/01/2024,LIMA NORTE,LAVADO DE ACTIVOS,FISCAL PROVINCIAL,PROVISIONAL,MASCULINO,2,150112,LIMA,LIMA,INDEPENDENCIA,31/10/2025
2023,12,12/01/2024,LIMA NORTE,MATERIA AMBIENTAL,FISCAL ADJUNTO PROVINCIAL,PROVISIONAL,FEMENINO,1,150112,LIMA,LIMA,INDEPENDENCIA,31/10/2025
2023,12,12/01/2024,LIMA NORTE,MATERIA AMBIENTAL,FISCAL PROVINCIAL,PROVISIONAL (Titular Promovido),FEMENINO,1,150112,LIMA,LIMA,INDEPENDENCIA,31/10/2025
2023,12,12/01/2024,LIMA NORTE,PENAL,FISCAL ADJUNTO PROVINCIAL,PROVISIONAL,FEMENINO,92,150112,LIMA,LIMA,INDEPENDENCIA,31/10/2025
2023,12,12/01/2024,LIMA NORTE,PENAL,FISCAL ADJUNTO PROVINCIAL,PROVISIONAL,MASCULINO,65,150112,LIMA,LIMA,INDEPENDENCIA,31/10/2025
2023,12,12/01/2024,LIMA NORTE,PENAL,FISCAL ADJUNTO PROVINCIAL,TITULAR,FEMENINO,2,150112,LIMA,LIMA,INDEPENDENCIA,31/10/2025
2023,12,12/01/2024,LIMA NORTE,PENAL,FISCAL ADJUNTO PROVINCIAL,TITULAR,MASCULINO,3,150112,LIMA,LIMA,INDEPENDENCIA,31/10/2025
2023,12,12/01/2024,LIMA NORTE,PENAL,FISCAL ADJUNTO SUPERIOR,PROVISIONAL,FEMENINO,2,150112,LIMA,LIMA,INDEPENDENCIA,31/10/2025
2023,12,12/01/2024,LIMA NORTE,PENAL,FISCAL ADJUNTO SUPERIOR,PROVISIONAL,MASCULINO,3,150112,LIMA,LIMA,INDEPENDENCIA,31/10/2025
2023,12,12/01/2024,LIMA NORTE,PENAL,FISCAL ADJUNTO SUPERIOR,PROVISIONAL (Titular Promovido),FEMENINO,7,150112,LIMA,LIMA,INDEPENDENCIA,31/10/2025
2023,12,12/01/2024,LIMA NORTE,PENAL,FISCAL ADJUNTO SUPERIOR,PROVISIONAL (Titular Promovido),MASCULINO,3,150112,LIMA,LIMA,INDEPENDENCIA,31/10/2025
2023,12,12/01/2024,LIMA NORTE,PENAL,FISCAL ADJUNTO SUPERIOR,TITULAR,MASCULINO,2,150112,LIMA,LIMA,INDEPENDENCIA,31/10/2025
2023,12,12/01/2024,LIMA NORTE,PENAL,FISCAL PROVINCIAL,PROVISIONAL,FEMENINO,11,150112,LIMA,LIMA,INDEPENDENCIA,31/10/2025
2023,12,12/01/2024,LIMA NORTE,PENAL,FISCAL PROVINCIAL,PROVISIONAL,MASCULINO,12,150112,LIMA,LIMA,INDEPENDENCIA,31/10/2025
2023,12,12/01/2024,LIMA NORTE,PENAL,FISCAL PROVINCIAL,PROVISIONAL (Titular Promovido),FEMENINO,20,150112,LIMA,LIMA,INDEPENDENCIA,31/10/2025
2023,12,12/01/2024,LIMA NORTE,PENAL,FISCAL PROVINCIAL,PROVISIONAL (Titular Promovido),MASCULINO,24,150112,LIMA,LIMA,INDEPENDENCIA,31/10/2025
2023,12,12/01/2024,LIMA NORTE,PENAL,FISCAL PROVINCIAL,TITULAR,FEMENINO,3,150112,LIMA,LIMA,INDEPENDENCIA,31/10/2025
2023,12,12/01/2024,LIMA NORTE,PENAL,FISCAL PROVINCIAL,TITULAR,MASCULINO,12,150112,LIMA,LIMA,INDEPENDENCIA,31/10/2025
2023,12,12/01/2024,LIMA NORTE,PENAL,FISCAL SUPERIOR,PROVISIONAL (Titular Promovido),FEMENINO,3,150112,LIMA,LIMA,INDEPENDENCIA,31/10/2025
2023,12,12/01/2024,LIMA NORTE,PENAL,FISCAL SUPERIOR,PROVISIONAL (Titular Promovido),MASCULINO,3,150112,LIMA,LIMA,INDEPENDENCIA,31/10/2025
2023,12,12/01/2024,LIMA NORTE,PENAL,FISCAL SUPERIOR,TITULAR,FEMENINO,1,150112,LIMA,LIMA,INDEPENDENCIA,31/10/2025
2023,12,12/01/2024,LIMA NORTE,PENAL,FISCAL SUPERIOR,TITULAR,MASCULINO,3,150112,LIMA,LIMA,INDEPENDENCIA,31/10/2025
2023,12,12/01/2024,LIMA NORTE,POOL / EQUIPO DE APOYO FISCAL (SIN ESPECIALIDAD),FISCAL ADJUNTO PROVINCIAL,PROVISIONAL,FEMENINO,13,150112,LIMA,LIMA,INDEPENDENCIA,31/10/2025
2023,12,12/01/2024,LIMA NORTE,POOL / EQUIPO DE APOYO FISCAL (SIN ESPECIALIDAD),FISCAL ADJUNTO PROVINCIAL,PROVISIONAL,MASCULINO,3,150112,LIMA,LIMA,INDEPENDENCIA,31/10/2025
2023,12,12/01/2024,LIMA NORTE,POOL / EQUIPO DE APOYO FISCAL (SIN ESPECIALIDAD),FISCAL ADJUNTO PROVINCIAL,TITULAR,FEMENINO,1,150112,LIMA,LIMA,INDEPENDENCIA,31/10/2025
2023,12,12/01/2024,LIMA NORTE,PREVENCION DEL DELITO,FISCAL ADJUNTO PROVINCIAL,PROVISIONAL,FEMENINO,6,150112,LIMA,LIMA,INDEPENDENCIA,31/10/2025
2023,12,12/01/2024,LIMA NORTE,PREVENCION DEL DELITO,FISCAL ADJUNTO PROVINCIAL,PROVISIONAL,MASCULINO,3,150112,LIMA,LIMA,INDEPENDENCIA,31/10/2025
2023,12,12/01/2024,LIMA NORTE,PREVENCION DEL DELITO,FISCAL PROVINCIAL,PROVISIONAL (Titular Promovido),FEMENINO,1,150112,LIMA,LIMA,INDEPENDENCIA,31/10/2025
2023,12,12/01/2024,LIMA NORTE,PREVENCION DEL DELITO,FISCAL PROVINCIAL,TITULAR,MASCULINO,2,150112,LIMA,LIMA,INDEPENDENCIA,31/10/2025
2023,12,12/01/2024,LIMA NORTE,TRAFICO ILICITO DE DROGAS,FISCAL ADJUNTO PROVINCIAL,PROVISIONAL,MASCULINO,2,150112,LIMA,LIMA,INDEPENDENCIA,31/10/2025
2023,12,12/01/2024,LIMA NORTE,TRAFICO ILICITO DE DROGAS,FISCAL ADJUNTO PROVINCIAL,TITULAR,FEMENINO,1,150112,LIMA,LIMA,INDEPENDENCIA,31/10/2025
2023,12,12/01/2024,LIMA NORTE,TRAFICO ILICITO DE DROGAS,FISCAL ADJUNTO PROVINCIAL,TITULAR,MASCULINO,1,150112,LIMA,LIMA,INDEPENDENCIA,31/10/2025
2023,12,12/01/2024,LIMA NORTE,TRAFICO ILICITO DE DROGAS,FISCAL PROVINCIAL,TITULAR,FEMENINO,1,150112,LIMA,LIMA,INDEPENDENCIA,31/10/2025
2023,12,12/01/2024,LIMA NORTE,TRAFICO ILICITO DE DROGAS,FISCAL PROVINCIAL,TITULAR,MASCULINO,1,150112,LIMA,LIMA,INDEPENDENCIA,31/10/2025
2023,12,12/01/2024,LIMA NORTE,TRANSITO Y SEGURIDAD VIAL,FISCAL ADJUNTO PROVINCIAL,PROVISIONAL,FEMENINO,2,150112,LIMA,LIMA,INDEPENDENCIA,31/10/2025
2023,12,12/01/2024,LIMA NORTE,TRANSITO Y SEGURIDAD VIAL,FISCAL ADJUNTO PROVINCIAL,PROVISIONAL,MASCULINO,4,150112,LIMA,LIMA,INDEPENDENCIA,31/10/2025
2023,12,12/01/2024,LIMA NORTE,TRANSITO Y SEGURIDAD VIAL,FISCAL PROVINCIAL,PROVISIONAL,MASCULINO,4,150112,LIMA,LIMA,INDEPENDENCIA,31/10/2025
2023,12,12/01/2024,LIMA NORTE,VIOLENCIA CONTRA LA MUJER E INTEGRANTES DEL GRUPO FAMILIAR,FISCAL ADJUNTO PROVINCIAL,PROVISIONAL,FEMENINO,58,150112,LIMA,LIMA,INDEPENDENCIA,31/10/2025
2023,12,12/01/2024,LIMA NORTE,VIOLENCIA CONTRA LA MUJER E INTEGRANTES DEL GRUPO FAMILIAR,FISCAL ADJUNTO PROVINCIAL,PROVISIONAL,MASCULINO,26,150112,LIMA,LIMA,INDEPENDENCIA,31/10/2025
2023,12,12/01/2024,LIMA NORTE,VIOLENCIA CONTRA LA MUJER E INTEGRANTES DEL GRUPO FAMILIAR,FISCAL ADJUNTO SUPERIOR,PROVISIONAL (Titular Promovido),FEMENINO,3,150112,LIMA,LIMA,INDEPENDENCIA,31/10/2025
2023,12,12/01/2024,LIMA NORTE,VIOLENCIA CONTRA LA MUJER E INTEGRANTES DEL GRUPO FAMILIAR,FISCAL ADJUNTO SUPERIOR,PROVISIONAL (Titular Promovido),MASCULINO,1,150112,LIMA,LIMA,INDEPENDENCIA,31/10/2025
2023,12,12/01/2024,LIMA NORTE,VIOLENCIA CONTRA LA MUJER E INTEGRANTES DEL GRUPO FAMILIAR,FISCAL PROVINCIAL,PROVISIONAL,FEMENINO,28,150112,LIMA,LIMA,INDEPENDENCIA,31/10/2025
2023,12,12/01/2024,LIMA NORTE,VIOLENCIA CONTRA LA MUJER E INTEGRANTES DEL GRUPO FAMILIAR,FISCAL PROVINCIAL,PROVISIONAL,MASCULINO,6,150112,LIMA,LIMA,INDEPENDENCIA,31/10/2025
2023,12,12/01/2024,LIMA NORTE,VIOLENCIA CONTRA LA MUJER E INTEGRANTES DEL GRUPO FAMILIAR,FISCAL PROVINCIAL,PROVISIONAL (Titular Promovido),FEMENINO,7,150112,LIMA,LIMA,INDEPENDENCIA,31/10/2025
2023,12,12/01/2024,LIMA NORTE,VIOLENCIA CONTRA LA MUJER E INTEGRANTES DEL GRUPO FAMILIAR,FISCAL PROVINCIAL,PROVISIONAL (Titular Promovido),MASCULINO,7,150112,LIMA,LIMA,INDEPENDENCIA,31/10/2025
2023,12,12/01/2024,LIMA NORTE,VIOLENCIA CONTRA LA MUJER E INTEGRANTES DEL GRUPO FAMILIAR,FISCAL SUPERIOR,PROVISIONAL (Titular Promovido),FEMENINO,1,150112,LIMA,LIMA,INDEPENDENCIA,31/10/2025
2023,12,12/01/2024,LIMA NORTE,VIOLENCIA CONTRA LA MUJER E INTEGRANTES DEL GRUPO FAMILIAR,FISCAL SUPERIOR,PROVISIONAL (Titular Promovido),MASCULINO,1,150112,LIMA,LIMA,INDEPENDENCIA,31/10/2025
2023,12,12/01/2024,LIMA SUR,AUTORIDAD NACIONAL DE CONTROL,FISCAL ADJUNTO SUPERIOR,PROVISIONAL (Titular Promovido),FEMENINO,2,150142,LIMA,LIMA,VILLA EL SALVADOR,31/10/2025
2023,12,12/01/2024,LIMA SUR,AUTORIDAD NACIONAL DE CONTROL,FISCAL SUPERIOR,PROVISIONAL (Titular Promovido),MASCULINO,1,150142,LIMA,LIMA,VILLA EL SALVADOR,31/10/2025
2023,12,12/01/2024,LIMA SUR,CORRUPCION DE FUNCIONARIOS,FISCAL ADJUNTO PROVINCIAL,PROVISIONAL,FEMENINO,7,150142,LIMA,LIMA,VILLA EL SALVADOR,31/10/2025
2023,12,12/01/2024,LIMA SUR,CORRUPCION DE FUNCIONARIOS,FISCAL ADJUNTO PROVINCIAL,PROVISIONAL,MASCULINO,1,150142,LIMA,LIMA,VILLA EL SALVADOR,31/10/2025
2023,12,12/01/2024,LIMA SUR,CORRUPCION DE FUNCIONARIOS,FISCAL ADJUNTO SUPERIOR,TITULAR,MASCULINO,1,150142,LIMA,LIMA,VILLA EL SALVADOR,31/10/2025
2023,12,12/01/2024,LIMA SUR,CORRUPCION DE FUNCIONARIOS,FISCAL PROVINCIAL,PROVISIONAL (Titular Promovido),FEMENINO,1,150142,LIMA,LIMA,VILLA EL SALVADOR,31/10/2025
2023,12,12/01/2024,LIMA SUR,CORRUPCION DE FUNCIONARIOS,FISCAL PROVINCIAL,TITULAR,FEMENINO,1,150142,LIMA,LIMA,VILLA EL SALVADOR,31/10/2025
2023,12,12/01/2024,LIMA SUR,CORRUPCION DE FUNCIONARIOS,FISCAL PROVINCIAL,TITULAR,MASCULINO,1,150142,LIMA,LIMA,VILLA EL SALVADOR,31/10/2025
2023,12,12/01/2024,LIMA SUR,CORRUPCION DE FUNCIONARIOS,FISCAL SUPERIOR,TITULAR,MASCULINO,1,150142,LIMA,LIMA,VILLA EL SALVADOR,31/10/2025
2023,12,12/01/2024,LIMA SUR,FAMILIA,FISCAL ADJUNTO PROVINCIAL,PROVISIONAL,FEMENINO,6,150142,LIMA,LIMA,VILLA EL SALVADOR,31/10/2025
2023,12,12/01/2024,LIMA SUR,FAMILIA,FISCAL ADJUNTO PROVINCIAL,PROVISIONAL,MASCULINO,1,150142,LIMA,LIMA,VILLA EL SALVADOR,31/10/2025
2023,12,12/01/2024,LIMA SUR,FAMILIA,FISCAL ADJUNTO PROVINCIAL,TITULAR,FEMENINO,4,150142,LIMA,LIMA,VILLA EL SALVADOR,31/10/2025
2023,12,12/01/2024,LIMA SUR,FAMILIA,FISCAL ADJUNTO PROVINCIAL,TITULAR,MASCULINO,2,150142,LIMA,LIMA,VILLA EL SALVADOR,31/10/2025
2023,12,12/01/2024,LIMA SUR,FAMILIA,FISCAL ADJUNTO SUPERIOR,TITULAR,MASCULINO,1,150142,LIMA,LIMA,VILLA EL SALVADOR,31/10/2025
2023,12,12/01/2024,LIMA SUR,FAMILIA,FISCAL PROVINCIAL,PROVISIONAL (Titular Promovido),FEMENINO,1,150142,LIMA,LIMA,VILLA EL SALVADOR,31/10/2025
2023,12,12/01/2024,LIMA SUR,FAMILIA,FISCAL PROVINCIAL,TITULAR,FEMENINO,2,150142,LIMA,LIMA,VILLA EL SALVADOR,31/10/2025
2023,12,12/01/2024,LIMA SUR,FAMILIA,FISCAL PROVINCIAL,TITULAR,MASCULINO,2,150142,LIMA,LIMA,VILLA EL SALVADOR,31/10/2025
2023,12,12/01/2024,LIMA SUR,FAMILIA,FISCAL SUPERIOR,PROVISIONAL (Titular Promovido),MASCULINO,1,150142,LIMA,LIMA,VILLA EL SALVADOR,31/10/2025
2023,12,12/01/2024,LIMA SUR,PENAL,FISCAL ADJUNTO PROVINCIAL,PROVISIONAL,FEMENINO,63,150142,LIMA,LIMA,VILLA EL SALVADOR,31/10/2025
2023,12,12/01/2024,LIMA SUR,PENAL,FISCAL ADJUNTO PROVINCIAL,PROVISIONAL,MASCULINO,36,150142,LIMA,LIMA,VILLA EL SALVADOR,31/10/2025
2023,12,12/01/2024,LIMA SUR,PENAL,FISCAL ADJUNTO PROVINCIAL,TITULAR,FEMENINO,1,150142,LIMA,LIMA,VILLA EL SALVADOR,31/10/2025
2023,12,12/01/2024,LIMA SUR,PENAL,FISCAL ADJUNTO PROVINCIAL,TITULAR,MASCULINO,2,150142,LIMA,LIMA,VILLA EL SALVADOR,31/10/2025
2023,12,12/01/2024,LIMA SUR,PENAL,FISCAL ADJUNTO SUPERIOR,PROVISIONAL,FEMENINO,2,150142,LIMA,LIMA,VILLA EL SALVADOR,31/10/2025
2023,12,12/01/2024,LIMA SUR,PENAL,FISCAL ADJUNTO SUPERIOR,PROVISIONAL (Titular Promovido),FEMENINO,3,150142,LIMA,LIMA,VILLA EL SALVADOR,31/10/2025
2023,12,12/01/2024,LIMA SUR,PENAL,FISCAL ADJUNTO SUPERIOR,PROVISIONAL (Titular Promovido),MASCULINO,6,150142,LIMA,LIMA,VILLA EL SALVADOR,31/10/2025
2023,12,12/01/2024,LIMA SUR,PENAL,FISCAL PROVINCIAL,PROVISIONAL,FEMENINO,5,150142,LIMA,LIMA,VILLA EL SALVADOR,31/10/2025
2023,12,12/01/2024,LIMA SUR,PENAL,FISCAL PROVINCIAL,PROVISIONAL,MASCULINO,5,150142,LIMA,LIMA,VILLA EL SALVADOR,31/10/2025
2023,12,12/01/2024,LIMA SUR,PENAL,FISCAL PROVINCIAL,PROVISIONAL (Titular Promovido),FEMENINO,4,150142,LIMA,LIMA,VILLA EL SALVADOR,31/10/2025
2023,12,12/01/2024,LIMA SUR,PENAL,FISCAL PROVINCIAL,PROVISIONAL (Titular Promovido),MASCULINO,7,150142,LIMA,LIMA,VILLA EL SALVADOR,31/10/2025
2023,12,12/01/2024,LIMA SUR,PENAL,FISCAL PROVINCIAL,TITULAR,FEMENINO,2,150142,LIMA,LIMA,VILLA EL SALVADOR,31/10/2025
2023,12,12/01/2024,LIMA SUR,PENAL,FISCAL PROVINCIAL,TITULAR,MASCULINO,2,150142,LIMA,LIMA,VILLA EL SALVADOR,31/10/2025
2023,12,12/01/2024,LIMA SUR,PENAL,FISCAL SUPERIOR,PROVISIONAL (Titular Promovido),FEMENINO,1,150142,LIMA,LIMA,VILLA EL SALVADOR,31/10/2025
2023,12,12/01/2024,LIMA SUR,PENAL,FISCAL SUPERIOR,PROVISIONAL (Titular Promovido),MASCULINO,2,150142,LIMA,LIMA,VILLA EL SALVADOR,31/10/2025
2023,12,12/01/2024,LIMA SUR,PENAL,FISCAL SUPERIOR,TITULAR,FEMENINO,1,150142,LIMA,LIMA,VILLA EL SALVADOR,31/10/2025
2023,12,12/01/2024,LIMA SUR,POOL / EQUIPO DE APOYO FISCAL (SIN ESPECIALIDAD),FISCAL ADJUNTO PROVINCIAL,PROVISIONAL,FEMENINO,14,150142,LIMA,LIMA,VILLA EL SALVADOR,31/10/2025
2023,12,12/01/2024,LIMA SUR,POOL / EQUIPO DE APOYO FISCAL (SIN ESPECIALIDAD),FISCAL ADJUNTO PROVINCIAL,PROVISIONAL,MASCULINO,7,150142,LIMA,LIMA,VILLA EL SALVADOR,31/10/2025
2023,12,12/01/2024,LIMA SUR,PREVENCION DEL DELITO,FISCAL ADJUNTO PROVINCIAL,PROVISIONAL,FEMENINO,3,150142,LIMA,LIMA,VILLA EL SALVADOR,31/10/2025
2023,12,12/01/2024,LIMA SUR,PREVENCION DEL DELITO,FISCAL ADJUNTO PROVINCIAL,PROVISIONAL,MASCULINO,1,150142,LIMA,LIMA,VILLA EL SALVADOR,31/10/2025
2023,12,12/01/2024,LIMA SUR,PREVENCION DEL DELITO,FISCAL ADJUNTO PROVINCIAL,TITULAR,FEMENINO,1,150142,LIMA,LIMA,VILLA EL SALVADOR,31/10/2025
2023,12,12/01/2024,LIMA SUR,PREVENCION DEL DELITO,FISCAL PROVINCIAL,TITULAR,MASCULINO,1,150142,LIMA,LIMA,VILLA EL SALVADOR,31/10/2025
2023,12,12/01/2024,LIMA SUR,VIOLENCIA CONTRA LA MUJER E INTEGRANTES DEL GRUPO FAMILIAR,FISCAL ADJUNTO PROVINCIAL,PROVISIONAL,FEMENINO,25,150142,LIMA,LIMA,VILLA EL SALVADOR,31/10/2025
2023,12,12/01/2024,LIMA SUR,VIOLENCIA CONTRA LA MUJER E INTEGRANTES DEL GRUPO FAMILIAR,FISCAL ADJUNTO PROVINCIAL,PROVISIONAL,MASCULINO,5,150142,LIMA,LIMA,VILLA EL SALVADOR,31/10/2025
2023,12,12/01/2024,LIMA SUR,VIOLENCIA CONTRA LA MUJER E INTEGRANTES DEL GRUPO FAMILIAR,FISCAL PROVINCIAL,PROVISIONAL,FEMENINO,3,150142,LIMA,LIMA,VILLA EL SALVADOR,31/10/2025
2023,12,12/01/2024,LIMA SUR,VIOLENCIA CONTRA LA MUJER E INTEGRANTES DEL GRUPO FAMILIAR,FISCAL PROVINCIAL,PROVISIONAL (Titular Promovido),FEMENINO,4,150142,LIMA,LIMA,VILLA EL SALVADOR,31/10/2025
2023,12,12/01/2024,LIMA SUR,VIOLENCIA CONTRA LA MUJER E INTEGRANTES DEL GRUPO FAMILIAR,FISCAL PROVINCIAL,PROVISIONAL (Titular Promovido),MASCULINO,1,150142,LIMA,LIMA,VILLA EL SALVADOR,31/10/2025
2023,12,12/01/2024,LORETO,AUTORIDAD NACIONAL DE CONTROL,FISCAL ADJUNTO SUPERIOR,PROVISIONAL,FEMENINO,1,160101,LORETO,MAYNAS,IQUITOS,31/10/2025
2023,12,12/01/2024,LORETO,AUTORIDAD NACIONAL DE CONTROL,FISCAL ADJUNTO SUPERIOR,PROVISIONAL (Titular Promovido),FEMENINO,1,160101,LORETO,MAYNAS,IQUITOS,31/10/2025
2023,12,12/01/2024,LORETO,AUTORIDAD NACIONAL DE CONTROL,FISCAL SUPERIOR,TITULAR,FEMENINO,1,160101,LORETO,MAYNAS,IQUITOS,31/10/2025
2023,12,12/01/2024,LORETO,CORRUPCION DE FUNCIONARIOS,FISCAL ADJUNTO PROVINCIAL,PROVISIONAL,FEMENINO,6,160101,LORETO,MAYNAS,IQUITOS,31/10/2025
2023,12,12/01/2024,LORETO,CORRUPCION DE FUNCIONARIOS,FISCAL ADJUNTO PROVINCIAL,PROVISIONAL,MASCULINO,6,160101,LORETO,MAYNAS,IQUITOS,31/10/2025
2023,12,12/01/2024,LORETO,CORRUPCION DE FUNCIONARIOS,FISCAL ADJUNTO PROVINCIAL,TITULAR,MASCULINO,2,160101,LORETO,MAYNAS,IQUITOS,31/10/2025
2023,12,12/01/2024,LORETO,CORRUPCION DE FUNCIONARIOS,FISCAL ADJUNTO SUPERIOR,TITULAR,MASCULINO,1,160101,LORETO,MAYNAS,IQUITOS,31/10/2025
2023,12,12/01/2024,LORETO,CORRUPCION DE FUNCIONARIOS,FISCAL PROVINCIAL,PROVISIONAL,FEMENINO,1,160101,LORETO,MAYNAS,IQUITOS,31/10/2025
2023,12,12/01/2024,LORETO,CORRUPCION DE FUNCIONARIOS,FISCAL PROVINCIAL,PROVISIONAL,MASCULINO,1,160101,LORETO,MAYNAS,IQUITOS,31/10/2025
2023,12,12/01/2024,LORETO,CORRUPCION DE FUNCIONARIOS,FISCAL PROVINCIAL,PROVISIONAL (Titular Promovido),FEMENINO,1,160101,LORETO,MAYNAS,IQUITOS,31/10/2025
2023,12,12/01/2024,LORETO,CORRUPCION DE FUNCIONARIOS,FISCAL PROVINCIAL,PROVISIONAL (Titular Promovido),MASCULINO,1,160101,LORETO,MAYNAS,IQUITOS,31/10/2025
2023,12,12/01/2024,LORETO,CORRUPCION DE FUNCIONARIOS,FISCAL PROVINCIAL,TITULAR,MASCULINO,2,160101,LORETO,MAYNAS,IQUITOS,31/10/2025
2023,12,12/01/2024,LORETO,CORRUPCION DE FUNCIONARIOS,FISCAL SUPERIOR,TITULAR,MASCULINO,1,160101,LORETO,MAYNAS,IQUITOS,31/10/2025
2023,12,12/01/2024,LORETO,DELITOS DE TRATA DE PERSONAS,FISCAL ADJUNTO PROVINCIAL,PROVISIONAL,FEMENINO,1,160101,LORETO,MAYNAS,IQUITOS,31/10/2025
2023,12,12/01/2024,LORETO,DELITOS DE TRATA DE PERSONAS,FISCAL ADJUNTO PROVINCIAL,PROVISIONAL,MASCULINO,1,160101,LORETO,MAYNAS,IQUITOS,31/10/2025
2023,12,12/01/2024,LORETO,DELITOS DE TRATA DE PERSONAS,FISCAL PROVINCIAL,PROVISIONAL,FEMENINO,1,160101,LORETO,MAYNAS,IQUITOS,31/10/2025
2023,12,12/01/2024,LORETO,DERECHOS HUMANOS E INTERCULTURALIDAD,FISCAL ADJUNTO PROVINCIAL,PROVISIONAL,FEMENINO,2,160101,LORETO,MAYNAS,IQUITOS,31/10/2025
2023,12,12/01/2024,LORETO,DERECHOS HUMANOS E INTERCULTURALIDAD,FISCAL PROVINCIAL,PROVISIONAL (Titular Promovido),MASCULINO,1,160101,LORETO,MAYNAS,IQUITOS,31/10/2025
2023,12,12/01/2024,LORETO,EXTINCION DE DOMINIO,FISCAL ADJUNTO PROVINCIAL,PROVISIONAL,MASCULINO,2,160101,LORETO,MAYNAS,IQUITOS,31/10/2025
2023,12,12/01/2024,LORETO,EXTINCION DE DOMINIO,FISCAL PROVINCIAL,PROVISIONAL (Titular Promovido),MASCULINO,1,160101,LORETO,MAYNAS,IQUITOS,31/10/2025
2023,12,12/01/2024,LORETO,FAMILIA,FISCAL ADJUNTO PROVINCIAL,PROVISIONAL,FEMENINO,6,160101,LORETO,MAYNAS,IQUITOS,31/10/2025
2023,12,12/01/2024,LORETO,FAMILIA,FISCAL ADJUNTO PROVINCIAL,PROVISIONAL,MASCULINO,2,160101,LORETO,MAYNAS,IQUITOS,31/10/2025
2023,12,12/01/2024,LORETO,FAMILIA,FISCAL ADJUNTO SUPERIOR,TITULAR,FEMENINO,1,160101,LORETO,MAYNAS,IQUITOS,31/10/2025
2023,12,12/01/2024,LORETO,FAMILIA,FISCAL PROVINCIAL,PROVISIONAL,FEMENINO,2,160101,LORETO,MAYNAS,IQUITOS,31/10/2025
2023,12,12/01/2024,LORETO,FAMILIA,FISCAL PROVINCIAL,PROVISIONAL,MASCULINO,3,160101,LORETO,MAYNAS,IQUITOS,31/10/2025
2023,12,12/01/2024,LORETO,FAMILIA,FISCAL PROVINCIAL,PROVISIONAL (Titular Promovido),FEMENINO,1,160101,LORETO,MAYNAS,IQUITOS,31/10/2025
2023,12,12/01/2024,LORETO,FAMILIA,FISCAL PROVINCIAL,PROVISIONAL (Titular Promovido),MASCULINO,1,160101,LORETO,MAYNAS,IQUITOS,31/10/2025
2023,12,12/01/2024,LORETO,FAMILIA,FISCAL PROVINCIAL,TITULAR,FEMENINO,1,160101,LORETO,MAYNAS,IQUITOS,31/10/2025
2023,12,12/01/2024,LORETO,FAMILIA,FISCAL SUPERIOR,PROVISIONAL (Titular Promovido),MASCULINO,1,160101,LORETO,MAYNAS,IQUITOS,31/10/2025
2023,12,12/01/2024,LORETO,MATERIA AMBIENTAL,FISCAL ADJUNTO PROVINCIAL,PROVISIONAL,FEMENINO,3,160101,LORETO,MAYNAS,IQUITOS,31/10/2025
2023,12,12/01/2024,LORETO,MATERIA AMBIENTAL,FISCAL ADJUNTO PROVINCIAL,PROVISIONAL,MASCULINO,4,160101,LORETO,MAYNAS,IQUITOS,31/10/2025
2023,12,12/01/2024,LORETO,MATERIA AMBIENTAL,FISCAL PROVINCIAL,PROVISIONAL,MASCULINO,2,160101,LORETO,MAYNAS,IQUITOS,31/10/2025
2023,12,12/01/2024,LORETO,MATERIA AMBIENTAL,FISCAL PROVINCIAL,PROVISIONAL (Titular Promovido),MASCULINO,1,160101,LORETO,MAYNAS,IQUITOS,31/10/2025
2023,12,12/01/2024,LORETO,MIXTA,FISCAL PROVINCIAL,PROVISIONAL,MASCULINO,1,160101,LORETO,MAYNAS,IQUITOS,31/10/2025
2023,12,12/01/2024,LORETO,PENAL,FISCAL ADJUNTO PROVINCIAL,PROVISIONAL,FEMENINO,28,160101,LORETO,MAYNAS,IQUITOS,31/10/2025
2023,12,12/01/2024,LORETO,PENAL,FISCAL ADJUNTO PROVINCIAL,PROVISIONAL,MASCULINO,19,160101,LORETO,MAYNAS,IQUITOS,31/10/2025
2023,12,12/01/2024,LORETO,PENAL,FISCAL ADJUNTO PROVINCIAL,TITULAR,FEMENINO,4,160101,LORETO,MAYNAS,IQUITOS,31/10/2025
2023,12,12/01/2024,LORETO,PENAL,FISCAL ADJUNTO PROVINCIAL,TITULAR,MASCULINO,5,160101,LORETO,MAYNAS,IQUITOS,31/10/2025
2023,12,12/01/2024,LORETO,PENAL,FISCAL ADJUNTO SUPERIOR,PROVISIONAL,MASCULINO,1,160101,LORETO,MAYNAS,IQUITOS,31/10/2025
2023,12,12/01/2024,LORETO,PENAL,FISCAL ADJUNTO SUPERIOR,PROVISIONAL (Titular Promovido),MASCULINO,2,160101,LORETO,MAYNAS,IQUITOS,31/10/2025
2023,12,12/01/2024,LORETO,PENAL,FISCAL ADJUNTO SUPERIOR,TITULAR,FEMENINO,2,160101,LORETO,MAYNAS,IQUITOS,31/10/2025
2023,12,12/01/2024,LORETO,PENAL,FISCAL ADJUNTO SUPERIOR,TITULAR,MASCULINO,3,160101,LORETO,MAYNAS,IQUITOS,31/10/2025
2023,12,12/01/2024,LORETO,PENAL,FISCAL PROVINCIAL,PROVISIONAL,FEMENINO,9,160101,LORETO,MAYNAS,IQUITOS,31/10/2025
2023,12,12/01/2024,LORETO,PENAL,FISCAL PROVINCIAL,PROVISIONAL,MASCULINO,5,160101,LORETO,MAYNAS,IQUITOS,31/10/2025
2023,12,12/01/2024,LORETO,PENAL,FISCAL PROVINCIAL,PROVISIONAL (Titular Promovido),FEMENINO,1,160101,LORETO,MAYNAS,IQUITOS,31/10/2025
2023,12,12/01/2024,LORETO,PENAL,FISCAL PROVINCIAL,PROVISIONAL (Titular Promovido),MASCULINO,2,160101,LORETO,MAYNAS,IQUITOS,31/10/2025
2023,12,12/01/2024,LORETO,PENAL,FISCAL PROVINCIAL,TITULAR,FEMENINO,3,160101,LORETO,MAYNAS,IQUITOS,31/10/2025
2023,12,12/01/2024,LORETO,PENAL,FISCAL PROVINCIAL,TITULAR,MASCULINO,8,160101,LORETO,MAYNAS,IQUITOS,31/10/2025
2023,12,12/01/2024,LORETO,PENAL,FISCAL SUPERIOR,PROVISIONAL (Titular Promovido),MASCULINO,3,160101,LORETO,MAYNAS,IQUITOS,31/10/2025
2023,12,12/01/2024,LORETO,PENAL,FISCAL SUPERIOR,TITULAR,MASCULINO,1,160101,LORETO,MAYNAS,IQUITOS,31/10/2025
2023,12,12/01/2024,LORETO,PREVENCION DEL DELITO,FISCAL ADJUNTO PROVINCIAL,PROVISIONAL,FEMENINO,4,160101,LORETO,MAYNAS,IQUITOS,31/10/2025
2023,12,12/01/2024,LORETO,PREVENCION DEL DELITO,FISCAL ADJUNTO PROVINCIAL,PROVISIONAL,MASCULINO,1,160101,LORETO,MAYNAS,IQUITOS,31/10/2025
2023,12,12/01/2024,LORETO,PREVENCION DEL DELITO,FISCAL ADJUNTO PROVINCIAL,TITULAR,MASCULINO,1,160101,LORETO,MAYNAS,IQUITOS,31/10/2025
2023,12,12/01/2024,LORETO,PREVENCION DEL DELITO,FISCAL PROVINCIAL,PROVISIONAL,FEMENINO,1,160101,LORETO,MAYNAS,IQUITOS,31/10/2025
2023,12,12/01/2024,LORETO,PREVENCION DEL DELITO,FISCAL PROVINCIAL,TITULAR,MASCULINO,1,160101,LORETO,MAYNAS,IQUITOS,31/10/2025
2023,12,12/01/2024,LORETO,TRAFICO ILICITO DE DROGAS,FISCAL ADJUNTO PROVINCIAL,PROVISIONAL,FEMENINO,2,160101,LORETO,MAYNAS,IQUITOS,31/10/2025
2023,12,12/01/2024,LORETO,TRAFICO ILICITO DE DROGAS,FISCAL ADJUNTO PROVINCIAL,PROVISIONAL,MASCULINO,2,160101,LORETO,MAYNAS,IQUITOS,31/10/2025
2023,12,12/01/2024,LORETO,TRAFICO ILICITO DE DROGAS,FISCAL PROVINCIAL,PROVISIONAL (Titular Promovido),MASCULINO,1,160101,LORETO,MAYNAS,IQUITOS,31/10/2025
2023,12,12/01/2024,LORETO,VIOLENCIA CONTRA LA MUJER E INTEGRANTES DEL GRUPO FAMILIAR,FISCAL ADJUNTO PROVINCIAL,PROVISIONAL,FEMENINO,8,160101,LORETO,MAYNAS,IQUITOS,31/10/2025
2023,12,12/01/2024,LORETO,VIOLENCIA CONTRA LA MUJER E INTEGRANTES DEL GRUPO FAMILIAR,FISCAL PROVINCIAL,PROVISIONAL,FEMENINO,2,160101,LORETO,MAYNAS,IQUITOS,31/10/2025
2023,12,12/01/2024,LORETO,VIOLENCIA CONTRA LA MUJER E INTEGRANTES DEL GRUPO FAMILIAR,FISCAL PROVINCIAL,TITULAR,FEMENINO,1,160101,LORETO,MAYNAS,IQUITOS,31/10/2025
2023,12,12/01/2024,MADRE DE DIOS,AUTORIDAD NACIONAL DE CONTROL,FISCAL ADJUNTO SUPERIOR,PROVISIONAL (Titular Promovido),MASCULINO,2,170101,MADRE DE DIOS,TAMBOPATA,TAMBOPATA,31/10/2025
2023,12,12/01/2024,MADRE DE DIOS,AUTORIDAD NACIONAL DE CONTROL,FISCAL SUPERIOR,PROVISIONAL (Titular Promovido),MASCULINO,1,170101,MADRE DE DIOS,TAMBOPATA,TAMBOPATA,31/10/2025
2023,12,12/01/2024,MADRE DE DIOS,CORRUPCION DE FUNCIONARIOS,FISCAL ADJUNTO PROVINCIAL,PROVISIONAL,FEMENINO,4,170101,MADRE DE DIOS,TAMBOPATA,TAMBOPATA,31/10/2025
2023,12,12/01/2024,MADRE DE DIOS,CORRUPCION DE FUNCIONARIOS,FISCAL ADJUNTO PROVINCIAL,PROVISIONAL,MASCULINO,2,170101,MADRE DE DIOS,TAMBOPATA,TAMBOPATA,31/10/2025
2023,12,12/01/2024,MADRE DE DIOS,CORRUPCION DE FUNCIONARIOS,FISCAL ADJUNTO PROVINCIAL,TITULAR,MASCULINO,2,170101,MADRE DE DIOS,TAMBOPATA,TAMBOPATA,31/10/2025
2023,12,12/01/2024,MADRE DE DIOS,CORRUPCION DE FUNCIONARIOS,FISCAL PROVINCIAL,PROVISIONAL (Titular Promovido),MASCULINO,1,170101,MADRE DE DIOS,TAMBOPATA,TAMBOPATA,31/10/2025
2023,12,12/01/2024,MADRE DE DIOS,CORRUPCION DE FUNCIONARIOS,FISCAL PROVINCIAL,TITULAR,MASCULINO,1,170101,MADRE DE DIOS,TAMBOPATA,TAMBOPATA,31/10/2025
2023,12,12/01/2024,MADRE DE DIOS,CRIMEN ORGANIZADO,FISCAL ADJUNTO PROVINCIAL,PROVISIONAL,FEMENINO,3,170101,MADRE DE DIOS,TAMBOPATA,TAMBOPATA,31/10/2025
2023,12,12/01/2024,MADRE DE DIOS,CRIMEN ORGANIZADO,FISCAL PROVINCIAL,PROVISIONAL (Titular Promovido),MASCULINO,1,170101,MADRE DE DIOS,TAMBOPATA,TAMBOPATA,31/10/2025
2023,12,12/01/2024,MADRE DE DIOS,DELITOS DE TRATA DE PERSONAS,FISCAL ADJUNTO PROVINCIAL,PROVISIONAL,FEMENINO,2,170101,MADRE DE DIOS,TAMBOPATA,TAMBOPATA,31/10/2025
2023,12,12/01/2024,MADRE DE DIOS,DELITOS DE TRATA DE PERSONAS,FISCAL ADJUNTO PROVINCIAL,PROVISIONAL,MASCULINO,1,170101,MADRE DE DIOS,TAMBOPATA,TAMBOPATA,31/10/2025
2023,12,12/01/2024,MADRE DE DIOS,DELITOS DE TRATA DE PERSONAS,FISCAL PROVINCIAL,PROVISIONAL,FEMENINO,1,170101,MADRE DE DIOS,TAMBOPATA,TAMBOPATA,31/10/2025
2023,12,12/01/2024,MADRE DE DIOS,DERECHOS HUMANOS E INTERCULTURALIDAD,FISCAL ADJUNTO PROVINCIAL,PROVISIONAL,FEMENINO,1,170101,MADRE DE DIOS,TAMBOPATA,TAMBOPATA,31/10/2025
2023,12,12/01/2024,MADRE DE DIOS,DERECHOS HUMANOS E INTERCULTURALIDAD,FISCAL ADJUNTO PROVINCIAL,PROVISIONAL,MASCULINO,2,170101,MADRE DE DIOS,TAMBOPATA,TAMBOPATA,31/10/2025
2023,12,12/01/2024,MADRE DE DIOS,DERECHOS HUMANOS E INTERCULTURALIDAD,FISCAL PROVINCIAL,PROVISIONAL,MASCULINO,1,170101,MADRE DE DIOS,TAMBOPATA,TAMBOPATA,31/10/2025
2023,12,12/01/2024,MADRE DE DIOS,EXTINCION DE DOMINIO,FISCAL ADJUNTO PROVINCIAL,PROVISIONAL,FEMENINO,2,170101,MADRE DE DIOS,TAMBOPATA,TAMBOPATA,31/10/2025
2023,12,12/01/2024,MADRE DE DIOS,EXTINCION DE DOMINIO,FISCAL PROVINCIAL,PROVISIONAL (Titular Promovido),MASCULINO,1,170101,MADRE DE DIOS,TAMBOPATA,TAMBOPATA,31/10/2025
2023,12,12/01/2024,MADRE DE DIOS,FAMILIA,FISCAL ADJUNTO PROVINCIAL,PROVISIONAL,FEMENINO,1,170101,MADRE DE DIOS,TAMBOPATA,TAMBOPATA,31/10/2025
2023,12,12/01/2024,MADRE DE DIOS,FAMILIA,FISCAL ADJUNTO PROVINCIAL,PROVISIONAL,MASCULINO,1,170101,MADRE DE DIOS,TAMBOPATA,TAMBOPATA,31/10/2025
2023,12,12/01/2024,MADRE DE DIOS,FAMILIA,FISCAL ADJUNTO PROVINCIAL,TITULAR,MASCULINO,1,170101,MADRE DE DIOS,TAMBOPATA,TAMBOPATA,31/10/2025
2023,12,12/01/2024,MADRE DE DIOS,FAMILIA,FISCAL PROVINCIAL,PROVISIONAL (Titular Promovido),FEMENINO,1,170101,MADRE DE DIOS,TAMBOPATA,TAMBOPATA,31/10/2025
2023,12,12/01/2024,MADRE DE DIOS,FAMILIA,FISCAL PROVINCIAL,PROVISIONAL (Titular Promovido),MASCULINO,1,170101,MADRE DE DIOS,TAMBOPATA,TAMBOPATA,31/10/2025
2023,12,12/01/2024,MADRE DE DIOS,MATERIA AMBIENTAL,FISCAL ADJUNTO PROVINCIAL,PROVISIONAL,FEMENINO,2,170101,MADRE DE DIOS,TAMBOPATA,TAMBOPATA,31/10/2025
2023,12,12/01/2024,MADRE DE DIOS,MATERIA AMBIENTAL,FISCAL ADJUNTO PROVINCIAL,PROVISIONAL,MASCULINO,5,170101,MADRE DE DIOS,TAMBOPATA,TAMBOPATA,31/10/2025
2023,12,12/01/2024,MADRE DE DIOS,MATERIA AMBIENTAL,FISCAL ADJUNTO PROVINCIAL,TITULAR,FEMENINO,1,170101,MADRE DE DIOS,TAMBOPATA,TAMBOPATA,31/10/2025
2023,12,12/01/2024,MADRE DE DIOS,MATERIA AMBIENTAL,FISCAL ADJUNTO PROVINCIAL,TITULAR,MASCULINO,1,170101,MADRE DE DIOS,TAMBOPATA,TAMBOPATA,31/10/2025
2023,12,12/01/2024,MADRE DE DIOS,MATERIA AMBIENTAL,FISCAL PROVINCIAL,PROVISIONAL,MASCULINO,1,170101,MADRE DE DIOS,TAMBOPATA,TAMBOPATA,31/10/2025
2023,12,12/01/2024,MADRE DE DIOS,MATERIA AMBIENTAL,FISCAL PROVINCIAL,PROVISIONAL (Titular Promovido),FEMENINO,1,170101,MADRE DE DIOS,TAMBOPATA,TAMBOPATA,31/10/2025
2023,12,12/01/2024,MADRE DE DIOS,MATERIA AMBIENTAL,FISCAL PROVINCIAL,TITULAR,FEMENINO,2,170101,MADRE DE DIOS,TAMBOPATA,TAMBOPATA,31/10/2025
2023,12,12/01/2024,MADRE DE DIOS,MATERIA AMBIENTAL,FISCAL PROVINCIAL,TITULAR,MASCULINO,1,170101,MADRE DE DIOS,TAMBOPATA,TAMBOPATA,31/10/2025
2023,12,12/01/2024,MADRE DE DIOS,MIXTA,FISCAL ADJUNTO PROVINCIAL,PROVISIONAL,FEMENINO,3,170101,MADRE DE DIOS,TAMBOPATA,TAMBOPATA,31/10/2025
2023,12,12/01/2024,MADRE DE DIOS,MIXTA,FISCAL ADJUNTO PROVINCIAL,PROVISIONAL,MASCULINO,2,170101,MADRE DE DIOS,TAMBOPATA,TAMBOPATA,31/10/2025
2023,12,12/01/2024,MADRE DE DIOS,MIXTA,FISCAL ADJUNTO PROVINCIAL,TITULAR,FEMENINO,1,170101,MADRE DE DIOS,TAMBOPATA,TAMBOPATA,31/10/2025
2023,12,12/01/2024,MADRE DE DIOS,MIXTA,FISCAL ADJUNTO PROVINCIAL,TITULAR,MASCULINO,2,170101,MADRE DE DIOS,TAMBOPATA,TAMBOPATA,31/10/2025
2023,12,12/01/2024,MADRE DE DIOS,MIXTA,FISCAL ADJUNTO SUPERIOR,TITULAR,MASCULINO,1,170101,MADRE DE DIOS,TAMBOPATA,TAMBOPATA,31/10/2025
2023,12,12/01/2024,MADRE DE DIOS,MIXTA,FISCAL PROVINCIAL,PROVISIONAL,FEMENINO,1,170101,MADRE DE DIOS,TAMBOPATA,TAMBOPATA,31/10/2025
2023,12,12/01/2024,MADRE DE DIOS,MIXTA,FISCAL PROVINCIAL,PROVISIONAL (Titular Promovido),MASCULINO,1,170101,MADRE DE DIOS,TAMBOPATA,TAMBOPATA,31/10/2025
2023,12,12/01/2024,MADRE DE DIOS,MIXTA,FISCAL PROVINCIAL,TITULAR,MASCULINO,2,170101,MADRE DE DIOS,TAMBOPATA,TAMBOPATA,31/10/2025
2023,12,12/01/2024,MADRE DE DIOS,MIXTA,FISCAL SUPERIOR,TITULAR,MASCULINO,1,170101,MADRE DE DIOS,TAMBOPATA,TAMBOPATA,31/10/2025
2023,12,12/01/2024,MADRE DE DIOS,PENAL,FISCAL ADJUNTO PROVINCIAL,PROVISIONAL,FEMENINO,6,170101,MADRE DE DIOS,TAMBOPATA,TAMBOPATA,31/10/2025
2023,12,12/01/2024,MADRE DE DIOS,PENAL,FISCAL ADJUNTO PROVINCIAL,PROVISIONAL,MASCULINO,2,170101,MADRE DE DIOS,TAMBOPATA,TAMBOPATA,31/10/2025
2023,12,12/01/2024,MADRE DE DIOS,PENAL,FISCAL ADJUNTO PROVINCIAL,TITULAR,MASCULINO,1,170101,MADRE DE DIOS,TAMBOPATA,TAMBOPATA,31/10/2025
2023,12,12/01/2024,MADRE DE DIOS,PENAL,FISCAL ADJUNTO SUPERIOR,PROVISIONAL (Titular Promovido),MASCULINO,2,170101,MADRE DE DIOS,TAMBOPATA,TAMBOPATA,31/10/2025
2023,12,12/01/2024,MADRE DE DIOS,PENAL,FISCAL ADJUNTO SUPERIOR,TITULAR,FEMENINO,1,170101,MADRE DE DIOS,TAMBOPATA,TAMBOPATA,31/10/2025
2023,12,12/01/2024,MADRE DE DIOS,PENAL,FISCAL ADJUNTO SUPERIOR,TITULAR,MASCULINO,1,170101,MADRE DE DIOS,TAMBOPATA,TAMBOPATA,31/10/2025
2023,12,12/01/2024,MADRE DE DIOS,PENAL,FISCAL PROVINCIAL,PROVISIONAL,FEMENINO,3,170101,MADRE DE DIOS,TAMBOPATA,TAMBOPATA,31/10/2025
2023,12,12/01/2024,MADRE DE DIOS,PENAL,FISCAL PROVINCIAL,PROVISIONAL,MASCULINO,1,170101,MADRE DE DIOS,TAMBOPATA,TAMBOPATA,31/10/2025
2023,12,12/01/2024,MADRE DE DIOS,PENAL,FISCAL PROVINCIAL,PROVISIONAL (Titular Promovido),MASCULINO,1,170101,MADRE DE DIOS,TAMBOPATA,TAMBOPATA,31/10/2025
2023,12,12/01/2024,MADRE DE DIOS,PENAL,FISCAL PROVINCIAL,TITULAR,MASCULINO,2,170101,MADRE DE DIOS,TAMBOPATA,TAMBOPATA,31/10/2025
2023,12,12/01/2024,MADRE DE DIOS,PENAL,FISCAL SUPERIOR,TITULAR,MASCULINO,1,170101,MADRE DE DIOS,TAMBOPATA,TAMBOPATA,31/10/2025
2023,12,12/01/2024,MADRE DE DIOS,PREVENCION DEL DELITO,FISCAL ADJUNTO PROVINCIAL,PROVISIONAL,FEMENINO,1,170101,MADRE DE DIOS,TAMBOPATA,TAMBOPATA,31/10/2025
2023,12,12/01/2024,MADRE DE DIOS,PREVENCION DEL DELITO,FISCAL ADJUNTO PROVINCIAL,PROVISIONAL,MASCULINO,1,170101,MADRE DE DIOS,TAMBOPATA,TAMBOPATA,31/10/2025
2023,12,12/01/2024,MADRE DE DIOS,PREVENCION DEL DELITO,FISCAL PROVINCIAL,PROVISIONAL (Titular Promovido),MASCULINO,1,170101,MADRE DE DIOS,TAMBOPATA,TAMBOPATA,31/10/2025
2023,12,12/01/2024,MADRE DE DIOS,TRAFICO ILICITO DE DROGAS,FISCAL ADJUNTO PROVINCIAL,PROVISIONAL,MASCULINO,2,170101,MADRE DE DIOS,TAMBOPATA,TAMBOPATA,31/10/2025
2023,12,12/01/2024,MADRE DE DIOS,TRAFICO ILICITO DE DROGAS,FISCAL PROVINCIAL,PROVISIONAL,MASCULINO,1,170101,MADRE DE DIOS,TAMBOPATA,TAMBOPATA,31/10/2025
2023,12,12/01/2024,MOQUEGUA,AUTORIDAD NACIONAL DE CONTROL,FISCAL ADJUNTO SUPERIOR,PROVISIONAL (Titular Promovido),MASCULINO,1,180101,MOQUEGUA,MARISCAL NIETO,MOQUEGUA,31/10/2025
2023,12,12/01/2024,MOQUEGUA,AUTORIDAD NACIONAL DE CONTROL,FISCAL ADJUNTO SUPERIOR,TITULAR,MASCULINO,1,180101,MOQUEGUA,MARISCAL NIETO,MOQUEGUA,31/10/2025
2023,12,12/01/2024,MOQUEGUA,AUTORIDAD NACIONAL DE CONTROL,FISCAL SUPERIOR,TITULAR,MASCULINO,1,180101,MOQUEGUA,MARISCAL NIETO,MOQUEGUA,31/10/2025
2023,12,12/01/2024,MOQUEGUA,CORRUPCION DE FUNCIONARIOS,FISCAL ADJUNTO PROVINCIAL,PROVISIONAL,FEMENINO,6,180101,MOQUEGUA,MARISCAL NIETO,MOQUEGUA,31/10/2025
2023,12,12/01/2024,MOQUEGUA,CORRUPCION DE FUNCIONARIOS,FISCAL ADJUNTO PROVINCIAL,PROVISIONAL,MASCULINO,4,180101,MOQUEGUA,MARISCAL NIETO,MOQUEGUA,31/10/2025
2023,12,12/01/2024,MOQUEGUA,CORRUPCION DE FUNCIONARIOS,FISCAL ADJUNTO PROVINCIAL,TITULAR,FEMENINO,1,180101,MOQUEGUA,MARISCAL NIETO,MOQUEGUA,31/10/2025
2023,12,12/01/2024,MOQUEGUA,CORRUPCION DE FUNCIONARIOS,FISCAL PROVINCIAL,PROVISIONAL (Titular Promovido),FEMENINO,1,180101,MOQUEGUA,MARISCAL NIETO,MOQUEGUA,31/10/2025
2023,12,12/01/2024,MOQUEGUA,CORRUPCION DE FUNCIONARIOS,FISCAL PROVINCIAL,TITULAR,FEMENINO,1,180101,MOQUEGUA,MARISCAL NIETO,MOQUEGUA,31/10/2025
2023,12,12/01/2024,MOQUEGUA,CORRUPCION DE FUNCIONARIOS,FISCAL PROVINCIAL,TITULAR,MASCULINO,4,180101,MOQUEGUA,MARISCAL NIETO,MOQUEGUA,31/10/2025
2023,12,12/01/2024,MOQUEGUA,FAMILIA,FISCAL ADJUNTO PROVINCIAL,TITULAR,FEMENINO,1,180101,MOQUEGUA,MARISCAL NIETO,MOQUEGUA,31/10/2025
2023,12,12/01/2024,MOQUEGUA,FAMILIA,FISCAL ADJUNTO PROVINCIAL,TITULAR,MASCULINO,1,180101,MOQUEGUA,MARISCAL NIETO,MOQUEGUA,31/10/2025
2023,12,12/01/2024,MOQUEGUA,FAMILIA,FISCAL ADJUNTO SUPERIOR,TITULAR,FEMENINO,1,180101,MOQUEGUA,MARISCAL NIETO,MOQUEGUA,31/10/2025
2023,12,12/01/2024,MOQUEGUA,FAMILIA,FISCAL PROVINCIAL,TITULAR,FEMENINO,1,180101,MOQUEGUA,MARISCAL NIETO,MOQUEGUA,31/10/2025
2023,12,12/01/2024,MOQUEGUA,FAMILIA,FISCAL PROVINCIAL,TITULAR,MASCULINO,1,180101,MOQUEGUA,MARISCAL NIETO,MOQUEGUA,31/10/2025
2023,12,12/01/2024,MOQUEGUA,FAMILIA,FISCAL SUPERIOR,TITULAR,FEMENINO,1,180101,MOQUEGUA,MARISCAL NIETO,MOQUEGUA,31/10/2025
2023,12,12/01/2024,MOQUEGUA,MIXTA,FISCAL ADJUNTO PROVINCIAL,PROVISIONAL,FEMENINO,2,180101,MOQUEGUA,MARISCAL NIETO,MOQUEGUA,31/10/2025
2023,12,12/01/2024,MOQUEGUA,MIXTA,FISCAL ADJUNTO PROVINCIAL,PROVISIONAL,MASCULINO,1,180101,MOQUEGUA,MARISCAL NIETO,MOQUEGUA,31/10/2025
2023,12,12/01/2024,MOQUEGUA,MIXTA,FISCAL PROVINCIAL,PROVISIONAL (Titular Promovido),MASCULINO,1,180101,MOQUEGUA,MARISCAL NIETO,MOQUEGUA,31/10/2025
2023,12,12/01/2024,MOQUEGUA,MIXTA,FISCAL PROVINCIAL,TITULAR,MASCULINO,1,180101,MOQUEGUA,MARISCAL NIETO,MOQUEGUA,31/10/2025
2023,12,12/01/2024,MOQUEGUA,PENAL,FISCAL ADJUNTO PROVINCIAL,PROVISIONAL,FEMENINO,7,180101,MOQUEGUA,MARISCAL NIETO,MOQUEGUA,31/10/2025
2023,12,12/01/2024,MOQUEGUA,PENAL,FISCAL ADJUNTO PROVINCIAL,PROVISIONAL,MASCULINO,7,180101,MOQUEGUA,MARISCAL NIETO,MOQUEGUA,31/10/2025
2023,12,12/01/2024,MOQUEGUA,PENAL,FISCAL ADJUNTO PROVINCIAL,TITULAR,FEMENINO,3,180101,MOQUEGUA,MARISCAL NIETO,MOQUEGUA,31/10/2025
2023,12,12/01/2024,MOQUEGUA,PENAL,FISCAL ADJUNTO PROVINCIAL,TITULAR,MASCULINO,5,180101,MOQUEGUA,MARISCAL NIETO,MOQUEGUA,31/10/2025
2023,12,12/01/2024,MOQUEGUA,PENAL,FISCAL ADJUNTO SUPERIOR,PROVISIONAL (Titular Promovido),FEMENINO,2,180101,MOQUEGUA,MARISCAL NIETO,MOQUEGUA,31/10/2025
2023,12,12/01/2024,MOQUEGUA,PENAL,FISCAL ADJUNTO SUPERIOR,PROVISIONAL (Titular Promovido),MASCULINO,1,180101,MOQUEGUA,MARISCAL NIETO,MOQUEGUA,31/10/2025
2023,12,12/01/2024,MOQUEGUA,PENAL,FISCAL PROVINCIAL,PROVISIONAL,MASCULINO,1,180101,MOQUEGUA,MARISCAL NIETO,MOQUEGUA,31/10/2025
2023,12,12/01/2024,MOQUEGUA,PENAL,FISCAL PROVINCIAL,PROVISIONAL (Titular Promovido),MASCULINO,1,180101,MOQUEGUA,MARISCAL NIETO,MOQUEGUA,31/10/2025
2023,12,12/01/2024,MOQUEGUA,PENAL,FISCAL PROVINCIAL,TITULAR,FEMENINO,2,180101,MOQUEGUA,MARISCAL NIETO,MOQUEGUA,31/10/2025
2023,12,12/01/2024,MOQUEGUA,PENAL,FISCAL PROVINCIAL,TITULAR,MASCULINO,4,180101,MOQUEGUA,MARISCAL NIETO,MOQUEGUA,31/10/2025
2023,12,12/01/2024,MOQUEGUA,PENAL,FISCAL SUPERIOR,PROVISIONAL (Titular Promovido),MASCULINO,1,180101,MOQUEGUA,MARISCAL NIETO,MOQUEGUA,31/10/2025
2023,12,12/01/2024,MOQUEGUA,PENAL,FISCAL SUPERIOR,TITULAR,MASCULINO,2,180101,MOQUEGUA,MARISCAL NIETO,MOQUEGUA,31/10/2025
2023,12,12/01/2024,MOQUEGUA,PREVENCION DEL DELITO,FISCAL ADJUNTO PROVINCIAL,PROVISIONAL,FEMENINO,1,180101,MOQUEGUA,MARISCAL NIETO,MOQUEGUA,31/10/2025
2023,12,12/01/2024,MOQUEGUA,PREVENCION DEL DELITO,FISCAL ADJUNTO PROVINCIAL,PROVISIONAL,MASCULINO,1,180101,MOQUEGUA,MARISCAL NIETO,MOQUEGUA,31/10/2025
2023,12,12/01/2024,MOQUEGUA,PREVENCION DEL DELITO,FISCAL ADJUNTO PROVINCIAL,TITULAR,FEMENINO,1,180101,MOQUEGUA,MARISCAL NIETO,MOQUEGUA,31/10/2025
2023,12,12/01/2024,MOQUEGUA,PREVENCION DEL DELITO,FISCAL ADJUNTO PROVINCIAL,TITULAR,MASCULINO,1,180101,MOQUEGUA,MARISCAL NIETO,MOQUEGUA,31/10/2025
2023,12,12/01/2024,MOQUEGUA,PREVENCION DEL DELITO,FISCAL PROVINCIAL,TITULAR,MASCULINO,2,180101,MOQUEGUA,MARISCAL NIETO,MOQUEGUA,31/10/2025
2023,12,12/01/2024,MOQUEGUA,VIOLENCIA CONTRA LA MUJER E INTEGRANTES DEL GRUPO FAMILIAR,FISCAL ADJUNTO PROVINCIAL,PROVISIONAL,FEMENINO,3,180101,MOQUEGUA,MARISCAL NIETO,MOQUEGUA,31/10/2025
2023,12,12/01/2024,MOQUEGUA,VIOLENCIA CONTRA LA MUJER E INTEGRANTES DEL GRUPO FAMILIAR,FISCAL ADJUNTO PROVINCIAL,PROVISIONAL,MASCULINO,2,180101,MOQUEGUA,MARISCAL NIETO,MOQUEGUA,31/10/2025
2023,12,12/01/2024,MOQUEGUA,VIOLENCIA CONTRA LA MUJER E INTEGRANTES DEL GRUPO FAMILIAR,FISCAL ADJUNTO PROVINCIAL,TITULAR,FEMENINO,1,180101,MOQUEGUA,MARISCAL NIETO,MOQUEGUA,31/10/2025
2023,12,12/01/2024,MOQUEGUA,VIOLENCIA CONTRA LA MUJER E INTEGRANTES DEL GRUPO FAMILIAR,FISCAL PROVINCIAL,PROVISIONAL (Titular Promovido),MASCULINO,1,180101,MOQUEGUA,MARISCAL NIETO,MOQUEGUA,31/10/2025
2023,12,12/01/2024,MOQUEGUA,VIOLENCIA CONTRA LA MUJER E INTEGRANTES DEL GRUPO FAMILIAR,FISCAL PROVINCIAL,TITULAR,MASCULINO,3,180101,MOQUEGUA,MARISCAL NIETO,MOQUEGUA,31/10/2025
2023,12,12/01/2024,PASCO,AUTORIDAD NACIONAL DE CONTROL,FISCAL ADJUNTO SUPERIOR,PROVISIONAL,FEMENINO,2,190113,PASCO,PASCO,YANACANCHA,31/10/2025
2023,12,12/01/2024,PASCO,AUTORIDAD NACIONAL DE CONTROL,FISCAL SUPERIOR,PROVISIONAL (Titular Promovido),MASCULINO,1,190113,PASCO,PASCO,YANACANCHA,31/10/2025
2023,12,12/01/2024,PASCO,CORRUPCION DE FUNCIONARIOS,FISCAL ADJUNTO PROVINCIAL,PROVISIONAL,MASCULINO,5,190113,PASCO,PASCO,YANACANCHA,31/10/2025
2023,12,12/01/2024,PASCO,CORRUPCION DE FUNCIONARIOS,FISCAL ADJUNTO PROVINCIAL,TITULAR,FEMENINO,1,190113,PASCO,PASCO,YANACANCHA,31/10/2025
2023,12,12/01/2024,PASCO,CORRUPCION DE FUNCIONARIOS,FISCAL ADJUNTO PROVINCIAL,TITULAR,MASCULINO,1,190113,PASCO,PASCO,YANACANCHA,31/10/2025
2023,12,12/01/2024,PASCO,CORRUPCION DE FUNCIONARIOS,FISCAL ADJUNTO SUPERIOR,TITULAR,MASCULINO,1,190113,PASCO,PASCO,YANACANCHA,31/10/2025
2023,12,12/01/2024,PASCO,CORRUPCION DE FUNCIONARIOS,FISCAL PROVINCIAL,PROVISIONAL,FEMENINO,1,190113,PASCO,PASCO,YANACANCHA,31/10/2025
2023,12,12/01/2024,PASCO,CORRUPCION DE FUNCIONARIOS,FISCAL PROVINCIAL,PROVISIONAL (Titular Promovido),MASCULINO,1,190113,PASCO,PASCO,YANACANCHA,31/10/2025
2023,12,12/01/2024,PASCO,CORRUPCION DE FUNCIONARIOS,FISCAL PROVINCIAL,TITULAR,MASCULINO,1,190113,PASCO,PASCO,YANACANCHA,31/10/2025
2023,12,12/01/2024,PASCO,CORRUPCION DE FUNCIONARIOS,FISCAL SUPERIOR,TITULAR,MASCULINO,1,190113,PASCO,PASCO,YANACANCHA,31/10/2025
2023,12,12/01/2024,PASCO,FAMILIA,FISCAL ADJUNTO PROVINCIAL,PROVISIONAL,FEMENINO,3,190113,PASCO,PASCO,YANACANCHA,31/10/2025
2023,12,12/01/2024,PASCO,FAMILIA,FISCAL ADJUNTO SUPERIOR,PROVISIONAL,FEMENINO,1,190113,PASCO,PASCO,YANACANCHA,31/10/2025
2023,12,12/01/2024,PASCO,FAMILIA,FISCAL PROVINCIAL,PROVISIONAL,FEMENINO,2,190113,PASCO,PASCO,YANACANCHA,31/10/2025
2023,12,12/01/2024,PASCO,FAMILIA,FISCAL PROVINCIAL,PROVISIONAL,MASCULINO,1,190113,PASCO,PASCO,YANACANCHA,31/10/2025
2023,12,12/01/2024,PASCO,FAMILIA,FISCAL SUPERIOR,PROVISIONAL (Titular Promovido),MASCULINO,1,190113,PASCO,PASCO,YANACANCHA,31/10/2025
2023,12,12/01/2024,PASCO,MATERIA AMBIENTAL,FISCAL ADJUNTO PROVINCIAL,PROVISIONAL,FEMENINO,1,190113,PASCO,PASCO,YANACANCHA,31/10/2025
2023,12,12/01/2024,PASCO,MATERIA AMBIENTAL,FISCAL ADJUNTO PROVINCIAL,PROVISIONAL,MASCULINO,1,190113,PASCO,PASCO,YANACANCHA,31/10/2025
2023,12,12/01/2024,PASCO,MATERIA AMBIENTAL,FISCAL PROVINCIAL,PROVISIONAL,FEMENINO,1,190113,PASCO,PASCO,YANACANCHA,31/10/2025
2023,12,12/01/2024,PASCO,MIXTA,FISCAL ADJUNTO PROVINCIAL,PROVISIONAL,FEMENINO,2,190113,PASCO,PASCO,YANACANCHA,31/10/2025
2023,12,12/01/2024,PASCO,MIXTA,FISCAL ADJUNTO PROVINCIAL,PROVISIONAL,MASCULINO,2,190113,PASCO,PASCO,YANACANCHA,31/10/2025
2023,12,12/01/2024,PASCO,MIXTA,FISCAL ADJUNTO SUPERIOR,PROVISIONAL,FEMENINO,1,190113,PASCO,PASCO,YANACANCHA,31/10/2025
2023,12,12/01/2024,PASCO,MIXTA,FISCAL ADJUNTO SUPERIOR,PROVISIONAL,MASCULINO,1,190113,PASCO,PASCO,YANACANCHA,31/10/2025
2023,12,12/01/2024,PASCO,MIXTA,FISCAL PROVINCIAL,PROVISIONAL,FEMENINO,3,190113,PASCO,PASCO,YANACANCHA,31/10/2025
2023,12,12/01/2024,PASCO,MIXTA,FISCAL PROVINCIAL,PROVISIONAL,MASCULINO,1,190113,PASCO,PASCO,YANACANCHA,31/10/2025
2023,12,12/01/2024,PASCO,MIXTA,FISCAL SUPERIOR,PROVISIONAL,FEMENINO,1,190113,PASCO,PASCO,YANACANCHA,31/10/2025
2023,12,12/01/2024,PASCO,PENAL,FISCAL ADJUNTO PROVINCIAL,PROVISIONAL,FEMENINO,8,190113,PASCO,PASCO,YANACANCHA,31/10/2025
2023,12,12/01/2024,PASCO,PENAL,FISCAL ADJUNTO PROVINCIAL,PROVISIONAL,MASCULINO,4,190113,PASCO,PASCO,YANACANCHA,31/10/2025
2023,12,12/01/2024,PASCO,PENAL,FISCAL ADJUNTO PROVINCIAL,TITULAR,FEMENINO,2,190113,PASCO,PASCO,YANACANCHA,31/10/2025
2023,12,12/01/2024,PASCO,PENAL,FISCAL ADJUNTO PROVINCIAL,TITULAR,MASCULINO,2,190113,PASCO,PASCO,YANACANCHA,31/10/2025
2023,12,12/01/2024,PASCO,PENAL,FISCAL ADJUNTO SUPERIOR,PROVISIONAL (Titular Promovido),FEMENINO,1,190113,PASCO,PASCO,YANACANCHA,31/10/2025
2023,12,12/01/2024,PASCO,PENAL,FISCAL ADJUNTO SUPERIOR,TITULAR,FEMENINO,1,190113,PASCO,PASCO,YANACANCHA,31/10/2025
2023,12,12/01/2024,PASCO,PENAL,FISCAL ADJUNTO SUPERIOR,TITULAR,MASCULINO,2,190113,PASCO,PASCO,YANACANCHA,31/10/2025
2023,12,12/01/2024,PASCO,PENAL,FISCAL PROVINCIAL,PROVISIONAL,MASCULINO,3,190113,PASCO,PASCO,YANACANCHA,31/10/2025
2023,12,12/01/2024,PASCO,PENAL,FISCAL PROVINCIAL,PROVISIONAL (Titular Promovido),FEMENINO,2,190113,PASCO,PASCO,YANACANCHA,31/10/2025
2023,12,12/01/2024,PASCO,PENAL,FISCAL PROVINCIAL,PROVISIONAL (Titular Promovido),MASCULINO,1,190113,PASCO,PASCO,YANACANCHA,31/10/2025
2023,12,12/01/2024,PASCO,PENAL,FISCAL PROVINCIAL,TITULAR,FEMENINO,1,190113,PASCO,PASCO,YANACANCHA,31/10/2025
2023,12,12/01/2024,PASCO,PENAL,FISCAL PROVINCIAL,TITULAR,MASCULINO,4,190113,PASCO,PASCO,YANACANCHA,31/10/2025
2023,12,12/01/2024,PASCO,PENAL,FISCAL SUPERIOR,TITULAR,FEMENINO,1,190113,PASCO,PASCO,YANACANCHA,31/10/2025
2023,12,12/01/2024,PASCO,PENAL,FISCAL SUPERIOR,TITULAR,MASCULINO,1,190113,PASCO,PASCO,YANACANCHA,31/10/2025
2023,12,12/01/2024,PASCO,PREVENCION DEL DELITO,FISCAL ADJUNTO PROVINCIAL,PROVISIONAL,FEMENINO,2,190113,PASCO,PASCO,YANACANCHA,31/10/2025
2023,12,12/01/2024,PASCO,PREVENCION DEL DELITO,FISCAL ADJUNTO PROVINCIAL,PROVISIONAL,MASCULINO,1,190113,PASCO,PASCO,YANACANCHA,31/10/2025
2023,12,12/01/2024,PASCO,PREVENCION DEL DELITO,FISCAL PROVINCIAL,PROVISIONAL,MASCULINO,1,190113,PASCO,PASCO,YANACANCHA,31/10/2025
2023,12,12/01/2024,PASCO,PREVENCION DEL DELITO,FISCAL PROVINCIAL,TITULAR,MASCULINO,1,190113,PASCO,PASCO,YANACANCHA,31/10/2025
2023,12,12/01/2024,PIURA,AUTORIDAD NACIONAL DE CONTROL,FISCAL ADJUNTO SUPERIOR,PROVISIONAL,FEMENINO,1,200101,PIURA,PIURA,PIURA,31/10/2025
2023,12,12/01/2024,PIURA,AUTORIDAD NACIONAL DE CONTROL,FISCAL ADJUNTO SUPERIOR,PROVISIONAL (Titular Promovido),FEMENINO,1,200101,PIURA,PIURA,PIURA,31/10/2025
2023,12,12/01/2024,PIURA,AUTORIDAD NACIONAL DE CONTROL,FISCAL SUPERIOR,PROVISIONAL (Titular Promovido),FEMENINO,1,200101,PIURA,PIURA,PIURA,31/10/2025
2023,12,12/01/2024,PIURA,CORRUPCION DE FUNCIONARIOS,FISCAL ADJUNTO PROVINCIAL,PROVISIONAL,FEMENINO,3,200101,PIURA,PIURA,PIURA,31/10/2025
2023,12,12/01/2024,PIURA,CORRUPCION DE FUNCIONARIOS,FISCAL ADJUNTO PROVINCIAL,PROVISIONAL,MASCULINO,3,200101,PIURA,PIURA,PIURA,31/10/2025
2023,12,12/01/2024,PIURA,CORRUPCION DE FUNCIONARIOS,FISCAL ADJUNTO PROVINCIAL,TITULAR,MASCULINO,3,200101,PIURA,PIURA,PIURA,31/10/2025
2023,12,12/01/2024,PIURA,CORRUPCION DE FUNCIONARIOS,FISCAL PROVINCIAL,PROVISIONAL (Titular Promovido),FEMENINO,1,200101,PIURA,PIURA,PIURA,31/10/2025
2023,12,12/01/2024,PIURA,CORRUPCION DE FUNCIONARIOS,FISCAL PROVINCIAL,TITULAR,FEMENINO,1,200101,PIURA,PIURA,PIURA,31/10/2025
2023,12,12/01/2024,PIURA,CORRUPCION DE FUNCIONARIOS,FISCAL PROVINCIAL,TITULAR,MASCULINO,1,200101,PIURA,PIURA,PIURA,31/10/2025
2023,12,12/01/2024,PIURA,CRIMEN ORGANIZADO,FISCAL ADJUNTO PROVINCIAL,PROVISIONAL,FEMENINO,1,200101,PIURA,PIURA,PIURA,31/10/2025
2023,12,12/01/2024,PIURA,CRIMEN ORGANIZADO,FISCAL ADJUNTO PROVINCIAL,PROVISIONAL,MASCULINO,1,200101,PIURA,PIURA,PIURA,31/10/2025
2023,12,12/01/2024,PIURA,CRIMEN ORGANIZADO,FISCAL ADJUNTO PROVINCIAL,TITULAR,FEMENINO,3,200101,PIURA,PIURA,PIURA,31/10/2025
2023,12,12/01/2024,PIURA,CRIMEN ORGANIZADO,FISCAL ADJUNTO PROVINCIAL,TITULAR,MASCULINO,1,200101,PIURA,PIURA,PIURA,31/10/2025
2023,12,12/01/2024,PIURA,CRIMEN ORGANIZADO,FISCAL PROVINCIAL,PROVISIONAL (Titular Promovido),MASCULINO,1,200101,PIURA,PIURA,PIURA,31/10/2025
2023,12,12/01/2024,PIURA,CRIMEN ORGANIZADO,FISCAL PROVINCIAL,TITULAR,FEMENINO,1,200101,PIURA,PIURA,PIURA,31/10/2025
2023,12,12/01/2024,PIURA,CRIMEN ORGANIZADO,FISCAL PROVINCIAL,TITULAR,MASCULINO,1,200101,PIURA,PIURA,PIURA,31/10/2025
2023,12,12/01/2024,PIURA,DELITOS DE TRATA DE PERSONAS,FISCAL ADJUNTO PROVINCIAL,PROVISIONAL,FEMENINO,2,200101,PIURA,PIURA,PIURA,31/10/2025
2023,12,12/01/2024,PIURA,DELITOS DE TRATA DE PERSONAS,FISCAL PROVINCIAL,PROVISIONAL (Titular Promovido),MASCULINO,1,200101,PIURA,PIURA,PIURA,31/10/2025
2023,12,12/01/2024,PIURA,DERECHOS HUMANOS E INTERCULTURALIDAD,FISCAL ADJUNTO PROVINCIAL,PROVISIONAL,FEMENINO,4,200101,PIURA,PIURA,PIURA,31/10/2025
2023,12,12/01/2024,PIURA,DERECHOS HUMANOS E INTERCULTURALIDAD,FISCAL PROVINCIAL,PROVISIONAL (Titular Promovido),FEMENINO,1,200101,PIURA,PIURA,PIURA,31/10/2025
2023,12,12/01/2024,PIURA,EXTINCION DE DOMINIO,FISCAL ADJUNTO PROVINCIAL,PROVISIONAL,FEMENINO,1,200101,PIURA,PIURA,PIURA,31/10/2025
2023,12,12/01/2024,PIURA,EXTINCION DE DOMINIO,FISCAL ADJUNTO PROVINCIAL,PROVISIONAL,MASCULINO,1,200101,PIURA,PIURA,PIURA,31/10/2025
2023,12,12/01/2024,PIURA,EXTINCION DE DOMINIO,FISCAL PROVINCIAL,PROVISIONAL (Titular Promovido),FEMENINO,1,200101,PIURA,PIURA,PIURA,31/10/2025
2023,12,12/01/2024,PIURA,FAMILIA,FISCAL ADJUNTO PROVINCIAL,PROVISIONAL,FEMENINO,1,200101,PIURA,PIURA,PIURA,31/10/2025
2023,12,12/01/2024,PIURA,FAMILIA,FISCAL ADJUNTO PROVINCIAL,TITULAR,FEMENINO,1,200101,PIURA,PIURA,PIURA,31/10/2025
2023,12,12/01/2024,PIURA,FAMILIA,FISCAL PROVINCIAL,TITULAR,FEMENINO,2,200101,PIURA,PIURA,PIURA,31/10/2025
2023,12,12/01/2024,PIURA,FAMILIA,FISCAL PROVINCIAL,TITULAR,MASCULINO,2,200101,PIURA,PIURA,PIURA,31/10/2025
2023,12,12/01/2024,PIURA,MATERIA AMBIENTAL,FISCAL ADJUNTO PROVINCIAL,PROVISIONAL,MASCULINO,2,200101,PIURA,PIURA,PIURA,31/10/2025
2023,12,12/01/2024,PIURA,MATERIA AMBIENTAL,FISCAL PROVINCIAL,PROVISIONAL (Titular Promovido),FEMENINO,1,200101,PIURA,PIURA,PIURA,31/10/2025
2023,12,12/01/2024,PIURA,MIXTA,FISCAL ADJUNTO PROVINCIAL,PROVISIONAL,MASCULINO,6,200101,PIURA,PIURA,PIURA,31/10/2025
2023,12,12/01/2024,PIURA,MIXTA,FISCAL ADJUNTO PROVINCIAL,TITULAR,FEMENINO,3,200101,PIURA,PIURA,PIURA,31/10/2025
2023,12,12/01/2024,PIURA,MIXTA,FISCAL ADJUNTO SUPERIOR,TITULAR,FEMENINO,1,200101,PIURA,PIURA,PIURA,31/10/2025
2023,12,12/01/2024,PIURA,MIXTA,FISCAL PROVINCIAL,PROVISIONAL (Titular Promovido),FEMENINO,1,200101,PIURA,PIURA,PIURA,31/10/2025
2023,12,12/01/2024,PIURA,MIXTA,FISCAL PROVINCIAL,PROVISIONAL (Titular Promovido),MASCULINO,1,200101,PIURA,PIURA,PIURA,31/10/2025
2023,12,12/01/2024,PIURA,MIXTA,FISCAL PROVINCIAL,TITULAR,FEMENINO,2,200101,PIURA,PIURA,PIURA,31/10/2025
2023,12,12/01/2024,PIURA,MIXTA,FISCAL PROVINCIAL,TITULAR,MASCULINO,2,200101,PIURA,PIURA,PIURA,31/10/2025
2023,12,12/01/2024,PIURA,MIXTA,FISCAL SUPERIOR,TITULAR,MASCULINO,1,200101,PIURA,PIURA,PIURA,31/10/2025
2023,12,12/01/2024,PIURA,PENAL,FISCAL ADJUNTO PROVINCIAL,PROVISIONAL,FEMENINO,17,200101,PIURA,PIURA,PIURA,31/10/2025
2023,12,12/01/2024,PIURA,PENAL,FISCAL ADJUNTO PROVINCIAL,PROVISIONAL,MASCULINO,5,200101,PIURA,PIURA,PIURA,31/10/2025
2023,12,12/01/2024,PIURA,PENAL,FISCAL ADJUNTO PROVINCIAL,TITULAR,FEMENINO,11,200101,PIURA,PIURA,PIURA,31/10/2025
2023,12,12/01/2024,PIURA,PENAL,FISCAL ADJUNTO PROVINCIAL,TITULAR,MASCULINO,8,200101,PIURA,PIURA,PIURA,31/10/2025
2023,12,12/01/2024,PIURA,PENAL,FISCAL ADJUNTO SUPERIOR,PROVISIONAL (Titular Promovido),FEMENINO,1,200101,PIURA,PIURA,PIURA,31/10/2025
2023,12,12/01/2024,PIURA,PENAL,FISCAL ADJUNTO SUPERIOR,TITULAR,FEMENINO,2,200101,PIURA,PIURA,PIURA,31/10/2025
2023,12,12/01/2024,PIURA,PENAL,FISCAL ADJUNTO SUPERIOR,TITULAR,MASCULINO,1,200101,PIURA,PIURA,PIURA,31/10/2025
2023,12,12/01/2024,PIURA,PENAL,FISCAL PROVINCIAL,PROVISIONAL (Titular Promovido),FEMENINO,2,200101,PIURA,PIURA,PIURA,31/10/2025
2023,12,12/01/2024,PIURA,PENAL,FISCAL PROVINCIAL,PROVISIONAL (Titular Promovido),MASCULINO,1,200101,PIURA,PIURA,PIURA,31/10/2025
2023,12,12/01/2024,PIURA,PENAL,FISCAL PROVINCIAL,TITULAR,FEMENINO,10,200101,PIURA,PIURA,PIURA,31/10/2025
2023,12,12/01/2024,PIURA,PENAL,FISCAL PROVINCIAL,TITULAR,MASCULINO,10,200101,PIURA,PIURA,PIURA,31/10/2025
2023,12,12/01/2024,PIURA,PENAL,FISCAL SUPERIOR,PROVISIONAL (Titular Promovido),MASCULINO,1,200101,PIURA,PIURA,PIURA,31/10/2025
2023,12,12/01/2024,PIURA,PENAL,FISCAL SUPERIOR,TITULAR,FEMENINO,2,200101,PIURA,PIURA,PIURA,31/10/2025
2023,12,12/01/2024,PIURA,PENAL,FISCAL SUPERIOR,TITULAR,MASCULINO,2,200101,PIURA,PIURA,PIURA,31/10/2025
2023,12,12/01/2024,PIURA,PREVENCION DEL DELITO,FISCAL ADJUNTO PROVINCIAL,PROVISIONAL,FEMENINO,2,200101,PIURA,PIURA,PIURA,31/10/2025
2023,12,12/01/2024,PIURA,PREVENCION DEL DELITO,FISCAL ADJUNTO PROVINCIAL,PROVISIONAL,MASCULINO,1,200101,PIURA,PIURA,PIURA,31/10/2025
2023,12,12/01/2024,PIURA,PREVENCION DEL DELITO,FISCAL ADJUNTO PROVINCIAL,TITULAR,FEMENINO,1,200101,PIURA,PIURA,PIURA,31/10/2025
2023,12,12/01/2024,PIURA,PREVENCION DEL DELITO,FISCAL PROVINCIAL,PROVISIONAL (Titular Promovido),FEMENINO,1,200101,PIURA,PIURA,PIURA,31/10/2025
2023,12,12/01/2024,PIURA,PREVENCION DEL DELITO,FISCAL PROVINCIAL,TITULAR,MASCULINO,1,200101,PIURA,PIURA,PIURA,31/10/2025
2023,12,12/01/2024,PIURA,TRAFICO ILICITO DE DROGAS,FISCAL ADJUNTO PROVINCIAL,PROVISIONAL,FEMENINO,1,200101,PIURA,PIURA,PIURA,31/10/2025
2023,12,12/01/2024,PIURA,TRAFICO ILICITO DE DROGAS,FISCAL ADJUNTO PROVINCIAL,PROVISIONAL,MASCULINO,1,200101,PIURA,PIURA,PIURA,31/10/2025
2023,12,12/01/2024,PIURA,TRAFICO ILICITO DE DROGAS,FISCAL PROVINCIAL,PROVISIONAL (Titular Promovido),MASCULINO,1,200101,PIURA,PIURA,PIURA,31/10/2025
2023,12,12/01/2024,PIURA,VIOLENCIA CONTRA LA MUJER E INTEGRANTES DEL GRUPO FAMILIAR,FISCAL ADJUNTO PROVINCIAL,PROVISIONAL,FEMENINO,11,200101,PIURA,PIURA,PIURA,31/10/2025
2023,12,12/01/2024,PIURA,VIOLENCIA CONTRA LA MUJER E INTEGRANTES DEL GRUPO FAMILIAR,FISCAL ADJUNTO PROVINCIAL,PROVISIONAL,MASCULINO,5,200101,PIURA,PIURA,PIURA,31/10/2025
2023,12,12/01/2024,PIURA,VIOLENCIA CONTRA LA MUJER E INTEGRANTES DEL GRUPO FAMILIAR,FISCAL ADJUNTO PROVINCIAL,TITULAR,FEMENINO,8,200101,PIURA,PIURA,PIURA,31/10/2025
2023,12,12/01/2024,PIURA,VIOLENCIA CONTRA LA MUJER E INTEGRANTES DEL GRUPO FAMILIAR,FISCAL ADJUNTO PROVINCIAL,TITULAR,MASCULINO,2,200101,PIURA,PIURA,PIURA,31/10/2025
2023,12,12/01/2024,PIURA,VIOLENCIA CONTRA LA MUJER E INTEGRANTES DEL GRUPO FAMILIAR,FISCAL PROVINCIAL,PROVISIONAL (Titular Promovido),FEMENINO,2,200101,PIURA,PIURA,PIURA,31/10/2025
2023,12,12/01/2024,PIURA,VIOLENCIA CONTRA LA MUJER E INTEGRANTES DEL GRUPO FAMILIAR,FISCAL PROVINCIAL,PROVISIONAL (Titular Promovido),MASCULINO,4,200101,PIURA,PIURA,PIURA,31/10/2025
2023,12,12/01/2024,PIURA,VIOLENCIA CONTRA LA MUJER E INTEGRANTES DEL GRUPO FAMILIAR,FISCAL PROVINCIAL,TITULAR,FEMENINO,5,200101,PIURA,PIURA,PIURA,31/10/2025
2023,12,12/01/2024,PIURA,VIOLENCIA CONTRA LA MUJER E INTEGRANTES DEL GRUPO FAMILIAR,FISCAL PROVINCIAL,TITULAR,MASCULINO,3,200101,PIURA,PIURA,PIURA,31/10/2025
2023,12,12/01/2024,PUNO,AUTORIDAD NACIONAL DE CONTROL,FISCAL ADJUNTO SUPERIOR,PROVISIONAL (Titular Promovido),FEMENINO,2,210101,PUNO,PUNO,PUNO,31/10/2025
2023,12,12/01/2024,PUNO,CORRUPCION DE FUNCIONARIOS,FISCAL ADJUNTO PROVINCIAL,PROVISIONAL,FEMENINO,2,210101,PUNO,PUNO,PUNO,31/10/2025
2023,12,12/01/2024,PUNO,CORRUPCION DE FUNCIONARIOS,FISCAL ADJUNTO PROVINCIAL,PROVISIONAL,MASCULINO,3,210101,PUNO,PUNO,PUNO,31/10/2025
2023,12,12/01/2024,PUNO,CORRUPCION DE FUNCIONARIOS,FISCAL ADJUNTO PROVINCIAL,TITULAR,FEMENINO,2,210101,PUNO,PUNO,PUNO,31/10/2025
2023,12,12/01/2024,PUNO,CORRUPCION DE FUNCIONARIOS,FISCAL ADJUNTO PROVINCIAL,TITULAR,MASCULINO,1,210101,PUNO,PUNO,PUNO,31/10/2025
2023,12,12/01/2024,PUNO,CORRUPCION DE FUNCIONARIOS,FISCAL PROVINCIAL,PROVISIONAL (Titular Promovido),MASCULINO,1,210101,PUNO,PUNO,PUNO,31/10/2025
2023,12,12/01/2024,PUNO,CORRUPCION DE FUNCIONARIOS,FISCAL PROVINCIAL,TITULAR,MASCULINO,1,210101,PUNO,PUNO,PUNO,31/10/2025
2023,12,12/01/2024,PUNO,CRIMEN ORGANIZADO,FISCAL ADJUNTO PROVINCIAL,PROVISIONAL,FEMENINO,1,210101,PUNO,PUNO,PUNO,31/10/2025
2023,12,12/01/2024,PUNO,CRIMEN ORGANIZADO,FISCAL ADJUNTO PROVINCIAL,PROVISIONAL,MASCULINO,1,210101,PUNO,PUNO,PUNO,31/10/2025
2023,12,12/01/2024,PUNO,CRIMEN ORGANIZADO,FISCAL ADJUNTO PROVINCIAL,TITULAR,FEMENINO,1,210101,PUNO,PUNO,PUNO,31/10/2025
2023,12,12/01/2024,PUNO,CRIMEN ORGANIZADO,FISCAL ADJUNTO PROVINCIAL,TITULAR,MASCULINO,1,210101,PUNO,PUNO,PUNO,31/10/2025
2023,12,12/01/2024,PUNO,CRIMEN ORGANIZADO,FISCAL PROVINCIAL,TITULAR,MASCULINO,2,210101,PUNO,PUNO,PUNO,31/10/2025
2023,12,12/01/2024,PUNO,DELITOS ADUANEROS Y CONTRA LA PROPIEDAD INTELECTUAL,FISCAL ADJUNTO PROVINCIAL,PROVISIONAL,FEMENINO,1,210101,PUNO,PUNO,PUNO,31/10/2025
2023,12,12/01/2024,PUNO,DELITOS ADUANEROS Y CONTRA LA PROPIEDAD INTELECTUAL,FISCAL ADJUNTO PROVINCIAL,TITULAR,FEMENINO,2,210101,PUNO,PUNO,PUNO,31/10/2025
2023,12,12/01/2024,PUNO,DELITOS ADUANEROS Y CONTRA LA PROPIEDAD INTELECTUAL,FISCAL ADJUNTO PROVINCIAL,TITULAR,MASCULINO,2,210101,PUNO,PUNO,PUNO,31/10/2025
2023,12,12/01/2024,PUNO,DELITOS ADUANEROS Y CONTRA LA PROPIEDAD INTELECTUAL,FISCAL PROVINCIAL,TITULAR,FEMENINO,1,210101,PUNO,PUNO,PUNO,31/10/2025
2023,12,12/01/2024,PUNO,DELITOS ADUANEROS Y CONTRA LA PROPIEDAD INTELECTUAL,FISCAL PROVINCIAL,TITULAR,MASCULINO,1,210101,PUNO,PUNO,PUNO,31/10/2025
2023,12,12/01/2024,PUNO,DELITOS DE TRATA DE PERSONAS,FISCAL ADJUNTO PROVINCIAL,PROVISIONAL,FEMENINO,2,210101,PUNO,PUNO,PUNO,31/10/2025
2023,12,12/01/2024,PUNO,DELITOS DE TRATA DE PERSONAS,FISCAL ADJUNTO PROVINCIAL,TITULAR,MASCULINO,1,210101,PUNO,PUNO,PUNO,31/10/2025
2023,12,12/01/2024,PUNO,DELITOS DE TRATA DE PERSONAS,FISCAL PROVINCIAL,PROVISIONAL (Titular Promovido),MASCULINO,1,210101,PUNO,PUNO,PUNO,31/10/2025
2023,12,12/01/2024,PUNO,DERECHOS HUMANOS E INTERCULTURALIDAD,FISCAL ADJUNTO PROVINCIAL,PROVISIONAL,FEMENINO,3,210101,PUNO,PUNO,PUNO,31/10/2025
2023,12,12/01/2024,PUNO,DERECHOS HUMANOS E INTERCULTURALIDAD,FISCAL PROVINCIAL,PROVISIONAL (Titular Promovido),MASCULINO,2,210101,PUNO,PUNO,PUNO,31/10/2025
2023,12,12/01/2024,PUNO,EXTINCION DE DOMINIO,FISCAL ADJUNTO PROVINCIAL,PROVISIONAL,FEMENINO,2,210101,PUNO,PUNO,PUNO,31/10/2025
2023,12,12/01/2024,PUNO,EXTINCION DE DOMINIO,FISCAL PROVINCIAL,PROVISIONAL (Titular Promovido),MASCULINO,1,210101,PUNO,PUNO,PUNO,31/10/2025
2023,12,12/01/2024,PUNO,FAMILIA,FISCAL ADJUNTO PROVINCIAL,PROVISIONAL,FEMENINO,8,210101,PUNO,PUNO,PUNO,31/10/2025
2023,12,12/01/2024,PUNO,FAMILIA,FISCAL ADJUNTO PROVINCIAL,PROVISIONAL,MASCULINO,3,210101,PUNO,PUNO,PUNO,31/10/2025
2023,12,12/01/2024,PUNO,FAMILIA,FISCAL ADJUNTO PROVINCIAL,TITULAR,FEMENINO,3,210101,PUNO,PUNO,PUNO,31/10/2025
2023,12,12/01/2024,PUNO,FAMILIA,FISCAL ADJUNTO PROVINCIAL,TITULAR,MASCULINO,6,210101,PUNO,PUNO,PUNO,31/10/2025
2023,12,12/01/2024,PUNO,FAMILIA,FISCAL ADJUNTO SUPERIOR,TITULAR,FEMENINO,1,210101,PUNO,PUNO,PUNO,31/10/2025
2023,12,12/01/2024,PUNO,FAMILIA,FISCAL ADJUNTO SUPERIOR,TITULAR,MASCULINO,1,210101,PUNO,PUNO,PUNO,31/10/2025
2023,12,12/01/2024,PUNO,FAMILIA,FISCAL PROVINCIAL,PROVISIONAL,MASCULINO,1,210101,PUNO,PUNO,PUNO,31/10/2025
2023,12,12/01/2024,PUNO,FAMILIA,FISCAL PROVINCIAL,PROVISIONAL (Titular Promovido),MASCULINO,2,210101,PUNO,PUNO,PUNO,31/10/2025
2023,12,12/01/2024,PUNO,FAMILIA,FISCAL PROVINCIAL,TITULAR,FEMENINO,6,210101,PUNO,PUNO,PUNO,31/10/2025
2023,12,12/01/2024,PUNO,FAMILIA,FISCAL PROVINCIAL,TITULAR,MASCULINO,5,210101,PUNO,PUNO,PUNO,31/10/2025
2023,12,12/01/2024,PUNO,FAMILIA,FISCAL SUPERIOR,TITULAR,FEMENINO,2,210101,PUNO,PUNO,PUNO,31/10/2025
2023,12,12/01/2024,PUNO,LAVADO DE ACTIVOS,FISCAL ADJUNTO PROVINCIAL,PROVISIONAL,FEMENINO,4,210101,PUNO,PUNO,PUNO,31/10/2025
2023,12,12/01/2024,PUNO,LAVADO DE ACTIVOS,FISCAL ADJUNTO PROVINCIAL,PROVISIONAL,MASCULINO,3,210101,PUNO,PUNO,PUNO,31/10/2025
2023,12,12/01/2024,PUNO,LAVADO DE ACTIVOS,FISCAL ADJUNTO PROVINCIAL,TITULAR,MASCULINO,1,210101,PUNO,PUNO,PUNO,31/10/2025
2023,12,12/01/2024,PUNO,LAVADO DE ACTIVOS,FISCAL PROVINCIAL,PROVISIONAL,FEMENINO,1,210101,PUNO,PUNO,PUNO,31/10/2025
2023,12,12/01/2024,PUNO,LAVADO DE ACTIVOS,FISCAL PROVINCIAL,PROVISIONAL (Titular Promovido),MASCULINO,2,210101,PUNO,PUNO,PUNO,31/10/2025
2023,12,12/01/2024,PUNO,LAVADO DE ACTIVOS,FISCAL PROVINCIAL,TITULAR,FEMENINO,1,210101,PUNO,PUNO,PUNO,31/10/2025
2023,12,12/01/2024,PUNO,MATERIA AMBIENTAL,FISCAL ADJUNTO PROVINCIAL,PROVISIONAL,MASCULINO,2,210101,PUNO,PUNO,PUNO,31/10/2025
2023,12,12/01/2024,PUNO,MATERIA AMBIENTAL,FISCAL PROVINCIAL,PROVISIONAL,MASCULINO,1,210101,PUNO,PUNO,PUNO,31/10/2025
2023,12,12/01/2024,PUNO,MATERIA AMBIENTAL,FISCAL PROVINCIAL,PROVISIONAL (Titular Promovido),MASCULINO,1,210101,PUNO,PUNO,PUNO,31/10/2025
2023,12,12/01/2024,PUNO,MIXTA,FISCAL ADJUNTO PROVINCIAL,PROVISIONAL,FEMENINO,4,210101,PUNO,PUNO,PUNO,31/10/2025
2023,12,12/01/2024,PUNO,MIXTA,FISCAL ADJUNTO PROVINCIAL,PROVISIONAL,MASCULINO,2,210101,PUNO,PUNO,PUNO,31/10/2025
2023,12,12/01/2024,PUNO,MIXTA,FISCAL ADJUNTO PROVINCIAL,TITULAR,MASCULINO,5,210101,PUNO,PUNO,PUNO,31/10/2025
2023,12,12/01/2024,PUNO,MIXTA,FISCAL ADJUNTO SUPERIOR,TITULAR,FEMENINO,1,210101,PUNO,PUNO,PUNO,31/10/2025
2023,12,12/01/2024,PUNO,MIXTA,FISCAL PROVINCIAL,PROVISIONAL (Titular Promovido),MASCULINO,1,210101,PUNO,PUNO,PUNO,31/10/2025
2023,12,12/01/2024,PUNO,MIXTA,FISCAL PROVINCIAL,TITULAR,MASCULINO,4,210101,PUNO,PUNO,PUNO,31/10/2025
2023,12,12/01/2024,PUNO,MIXTA,FISCAL SUPERIOR,PROVISIONAL (Titular Promovido),FEMENINO,1,210101,PUNO,PUNO,PUNO,31/10/2025
2023,12,12/01/2024,PUNO,PENAL,FISCAL ADJUNTO PROVINCIAL,PROVISIONAL,FEMENINO,16,210101,PUNO,PUNO,PUNO,31/10/2025
2023,12,12/01/2024,PUNO,PENAL,FISCAL ADJUNTO PROVINCIAL,PROVISIONAL,MASCULINO,15,210101,PUNO,PUNO,PUNO,31/10/2025
2023,12,12/01/2024,PUNO,PENAL,FISCAL ADJUNTO PROVINCIAL,TITULAR,FEMENINO,14,210101,PUNO,PUNO,PUNO,31/10/2025
2023,12,12/01/2024,PUNO,PENAL,FISCAL ADJUNTO PROVINCIAL,TITULAR,MASCULINO,11,210101,PUNO,PUNO,PUNO,31/10/2025
2023,12,12/01/2024,PUNO,PENAL,FISCAL ADJUNTO SUPERIOR,PROVISIONAL (Titular Promovido),FEMENINO,1,210101,PUNO,PUNO,PUNO,31/10/2025
2023,12,12/01/2024,PUNO,PENAL,FISCAL ADJUNTO SUPERIOR,PROVISIONAL (Titular Promovido),MASCULINO,2,210101,PUNO,PUNO,PUNO,31/10/2025
2023,12,12/01/2024,PUNO,PENAL,FISCAL ADJUNTO SUPERIOR,TITULAR,MASCULINO,2,210101,PUNO,PUNO,PUNO,31/10/2025
2023,12,12/01/2024,PUNO,PENAL,FISCAL PROVINCIAL,PROVISIONAL (Titular Promovido),FEMENINO,3,210101,PUNO,PUNO,PUNO,31/10/2025
2023,12,12/01/2024,PUNO,PENAL,FISCAL PROVINCIAL,PROVISIONAL (Titular Promovido),MASCULINO,8,210101,PUNO,PUNO,PUNO,31/10/2025
2023,12,12/01/2024,PUNO,PENAL,FISCAL PROVINCIAL,TITULAR,FEMENINO,3,210101,PUNO,PUNO,PUNO,31/10/2025
2023,12,12/01/2024,PUNO,PENAL,FISCAL PROVINCIAL,TITULAR,MASCULINO,15,210101,PUNO,PUNO,PUNO,31/10/2025
2023,12,12/01/2024,PUNO,PENAL,FISCAL SUPERIOR,PROVISIONAL (Titular Promovido),FEMENINO,1,210101,PUNO,PUNO,PUNO,31/10/2025
2023,12,12/01/2024,PUNO,PENAL,FISCAL SUPERIOR,TITULAR,FEMENINO,1,210101,PUNO,PUNO,PUNO,31/10/2025
2023,12,12/01/2024,PUNO,PENAL,FISCAL SUPERIOR,TITULAR,MASCULINO,2,210101,PUNO,PUNO,PUNO,31/10/2025
2023,12,12/01/2024,PUNO,PREVENCION DEL DELITO,FISCAL ADJUNTO PROVINCIAL,PROVISIONAL,FEMENINO,1,210101,PUNO,PUNO,PUNO,31/10/2025
2023,12,12/01/2024,PUNO,PREVENCION DEL DELITO,FISCAL ADJUNTO PROVINCIAL,TITULAR,FEMENINO,1,210101,PUNO,PUNO,PUNO,31/10/2025
2023,12,12/01/2024,PUNO,PREVENCION DEL DELITO,FISCAL ADJUNTO PROVINCIAL,TITULAR,MASCULINO,1,210101,PUNO,PUNO,PUNO,31/10/2025
2023,12,12/01/2024,PUNO,PREVENCION DEL DELITO,FISCAL PROVINCIAL,TITULAR,FEMENINO,2,210101,PUNO,PUNO,PUNO,31/10/2025
2023,12,12/01/2024,PUNO,PREVENCION DEL DELITO,FISCAL PROVINCIAL,TITULAR,MASCULINO,1,210101,PUNO,PUNO,PUNO,31/10/2025
2023,12,12/01/2024,PUNO,TRAFICO ILICITO DE DROGAS,FISCAL ADJUNTO PROVINCIAL,PROVISIONAL,FEMENINO,3,210101,PUNO,PUNO,PUNO,31/10/2025
2023,12,12/01/2024,PUNO,TRAFICO ILICITO DE DROGAS,FISCAL PROVINCIAL,PROVISIONAL (Titular Promovido),MASCULINO,1,210101,PUNO,PUNO,PUNO,31/10/2025
2023,12,12/01/2024,SAN MARTIN,AUTORIDAD NACIONAL DE CONTROL,FISCAL ADJUNTO SUPERIOR,PROVISIONAL,FEMENINO,1,220101,SAN MARTIN,MOYOBAMBA,MOYOBAMBA,31/10/2025
2023,12,12/01/2024,SAN MARTIN,AUTORIDAD NACIONAL DE CONTROL,FISCAL ADJUNTO SUPERIOR,PROVISIONAL (Titular Promovido),MASCULINO,1,220101,SAN MARTIN,MOYOBAMBA,MOYOBAMBA,31/10/2025
2023,12,12/01/2024,SAN MARTIN,AUTORIDAD NACIONAL DE CONTROL,FISCAL SUPERIOR,PROVISIONAL (Titular Promovido),FEMENINO,1,220101,SAN MARTIN,MOYOBAMBA,MOYOBAMBA,31/10/2025
2023,12,12/01/2024,SAN MARTIN,CORRUPCION DE FUNCIONARIOS,FISCAL ADJUNTO PROVINCIAL,PROVISIONAL,FEMENINO,8,220101,SAN MARTIN,MOYOBAMBA,MOYOBAMBA,31/10/2025
2023,12,12/01/2024,SAN MARTIN,CORRUPCION DE FUNCIONARIOS,FISCAL ADJUNTO PROVINCIAL,PROVISIONAL,MASCULINO,1,220101,SAN MARTIN,MOYOBAMBA,MOYOBAMBA,31/10/2025
2023,12,12/01/2024,SAN MARTIN,CORRUPCION DE FUNCIONARIOS,FISCAL ADJUNTO PROVINCIAL,TITULAR,FEMENINO,1,220101,SAN MARTIN,MOYOBAMBA,MOYOBAMBA,31/10/2025
2023,12,12/01/2024,SAN MARTIN,CORRUPCION DE FUNCIONARIOS,FISCAL ADJUNTO PROVINCIAL,TITULAR,MASCULINO,1,220101,SAN MARTIN,MOYOBAMBA,MOYOBAMBA,31/10/2025
2023,12,12/01/2024,SAN MARTIN,CORRUPCION DE FUNCIONARIOS,FISCAL PROVINCIAL,PROVISIONAL (Titular Promovido),MASCULINO,1,220101,SAN MARTIN,MOYOBAMBA,MOYOBAMBA,31/10/2025
2023,12,12/01/2024,SAN MARTIN,CORRUPCION DE FUNCIONARIOS,FISCAL PROVINCIAL,TITULAR,MASCULINO,2,220101,SAN MARTIN,MOYOBAMBA,MOYOBAMBA,31/10/2025
2023,12,12/01/2024,SAN MARTIN,CRIMEN ORGANIZADO,FISCAL ADJUNTO PROVINCIAL,TITULAR,MASCULINO,2,220101,SAN MARTIN,MOYOBAMBA,MOYOBAMBA,31/10/2025
2023,12,12/01/2024,SAN MARTIN,CRIMEN ORGANIZADO,FISCAL PROVINCIAL,TITULAR,MASCULINO,1,220101,SAN MARTIN,MOYOBAMBA,MOYOBAMBA,31/10/2025
2023,12,12/01/2024,SAN MARTIN,DERECHOS HUMANOS E INTERCULTURALIDAD,FISCAL ADJUNTO PROVINCIAL,PROVISIONAL,FEMENINO,3,220101,SAN MARTIN,MOYOBAMBA,MOYOBAMBA,31/10/2025
2023,12,12/01/2024,SAN MARTIN,DERECHOS HUMANOS E INTERCULTURALIDAD,FISCAL ADJUNTO PROVINCIAL,PROVISIONAL,MASCULINO,1,220101,SAN MARTIN,MOYOBAMBA,MOYOBAMBA,31/10/2025
2023,12,12/01/2024,SAN MARTIN,DERECHOS HUMANOS E INTERCULTURALIDAD,FISCAL PROVINCIAL,PROVISIONAL (Titular Promovido),MASCULINO,1,220101,SAN MARTIN,MOYOBAMBA,MOYOBAMBA,31/10/2025
2023,12,12/01/2024,SAN MARTIN,FAMILIA,FISCAL ADJUNTO PROVINCIAL,PROVISIONAL,FEMENINO,10,220101,SAN MARTIN,MOYOBAMBA,MOYOBAMBA,31/10/2025
2023,12,12/01/2024,SAN MARTIN,FAMILIA,FISCAL ADJUNTO PROVINCIAL,PROVISIONAL,MASCULINO,3,220101,SAN MARTIN,MOYOBAMBA,MOYOBAMBA,31/10/2025
2023,12,12/01/2024,SAN MARTIN,FAMILIA,FISCAL ADJUNTO PROVINCIAL,TITULAR,FEMENINO,3,220101,SAN MARTIN,MOYOBAMBA,MOYOBAMBA,31/10/2025
2023,12,12/01/2024,SAN MARTIN,FAMILIA,FISCAL ADJUNTO PROVINCIAL,TITULAR,MASCULINO,3,220101,SAN MARTIN,MOYOBAMBA,MOYOBAMBA,31/10/2025
2023,12,12/01/2024,SAN MARTIN,FAMILIA,FISCAL ADJUNTO SUPERIOR,TITULAR,FEMENINO,1,220101,SAN MARTIN,MOYOBAMBA,MOYOBAMBA,31/10/2025
2023,12,12/01/2024,SAN MARTIN,FAMILIA,FISCAL ADJUNTO SUPERIOR,TITULAR,MASCULINO,1,220101,SAN MARTIN,MOYOBAMBA,MOYOBAMBA,31/10/2025
2023,12,12/01/2024,SAN MARTIN,FAMILIA,FISCAL PROVINCIAL,PROVISIONAL,FEMENINO,2,220101,SAN MARTIN,MOYOBAMBA,MOYOBAMBA,31/10/2025
2023,12,12/01/2024,SAN MARTIN,FAMILIA,FISCAL PROVINCIAL,PROVISIONAL,MASCULINO,1,220101,SAN MARTIN,MOYOBAMBA,MOYOBAMBA,31/10/2025
2023,12,12/01/2024,SAN MARTIN,FAMILIA,FISCAL PROVINCIAL,PROVISIONAL (Titular Promovido),FEMENINO,1,220101,SAN MARTIN,MOYOBAMBA,MOYOBAMBA,31/10/2025
2023,12,12/01/2024,SAN MARTIN,FAMILIA,FISCAL PROVINCIAL,PROVISIONAL (Titular Promovido),MASCULINO,2,220101,SAN MARTIN,MOYOBAMBA,MOYOBAMBA,31/10/2025
2023,12,12/01/2024,SAN MARTIN,FAMILIA,FISCAL PROVINCIAL,TITULAR,FEMENINO,2,220101,SAN MARTIN,MOYOBAMBA,MOYOBAMBA,31/10/2025
2023,12,12/01/2024,SAN MARTIN,FAMILIA,FISCAL PROVINCIAL,TITULAR,MASCULINO,5,220101,SAN MARTIN,MOYOBAMBA,MOYOBAMBA,31/10/2025
2023,12,12/01/2024,SAN MARTIN,FAMILIA,FISCAL SUPERIOR,PROVISIONAL (Titular Promovido),FEMENINO,1,220101,SAN MARTIN,MOYOBAMBA,MOYOBAMBA,31/10/2025
2023,12,12/01/2024,SAN MARTIN,FAMILIA,FISCAL SUPERIOR,TITULAR,FEMENINO,1,220101,SAN MARTIN,MOYOBAMBA,MOYOBAMBA,31/10/2025
2023,12,12/01/2024,SAN MARTIN,MATERIA AMBIENTAL,FISCAL ADJUNTO PROVINCIAL,PROVISIONAL,MASCULINO,4,220101,SAN MARTIN,MOYOBAMBA,MOYOBAMBA,31/10/2025
2023,12,12/01/2024,SAN MARTIN,MATERIA AMBIENTAL,FISCAL PROVINCIAL,PROVISIONAL (Titular Promovido),FEMENINO,1,220101,SAN MARTIN,MOYOBAMBA,MOYOBAMBA,31/10/2025
2023,12,12/01/2024,SAN MARTIN,MATERIA AMBIENTAL,FISCAL PROVINCIAL,PROVISIONAL (Titular Promovido),MASCULINO,1,220101,SAN MARTIN,MOYOBAMBA,MOYOBAMBA,31/10/2025
2023,12,12/01/2024,SAN MARTIN,MIXTA,FISCAL ADJUNTO PROVINCIAL,PROVISIONAL,FEMENINO,6,220101,SAN MARTIN,MOYOBAMBA,MOYOBAMBA,31/10/2025
2023,12,12/01/2024,SAN MARTIN,MIXTA,FISCAL ADJUNTO PROVINCIAL,PROVISIONAL,MASCULINO,4,220101,SAN MARTIN,MOYOBAMBA,MOYOBAMBA,31/10/2025
2023,12,12/01/2024,SAN MARTIN,MIXTA,FISCAL ADJUNTO PROVINCIAL,TITULAR,FEMENINO,4,220101,SAN MARTIN,MOYOBAMBA,MOYOBAMBA,31/10/2025
2023,12,12/01/2024,SAN MARTIN,MIXTA,FISCAL ADJUNTO PROVINCIAL,TITULAR,MASCULINO,6,220101,SAN MARTIN,MOYOBAMBA,MOYOBAMBA,31/10/2025
2023,12,12/01/2024,SAN MARTIN,MIXTA,FISCAL ADJUNTO SUPERIOR,PROVISIONAL (Titular Promovido),MASCULINO,1,220101,SAN MARTIN,MOYOBAMBA,MOYOBAMBA,31/10/2025
2023,12,12/01/2024,SAN MARTIN,MIXTA,FISCAL ADJUNTO SUPERIOR,TITULAR,MASCULINO,1,220101,SAN MARTIN,MOYOBAMBA,MOYOBAMBA,31/10/2025
2023,12,12/01/2024,SAN MARTIN,MIXTA,FISCAL PROVINCIAL,PROVISIONAL,FEMENINO,2,220101,SAN MARTIN,MOYOBAMBA,MOYOBAMBA,31/10/2025
2023,12,12/01/2024,SAN MARTIN,MIXTA,FISCAL PROVINCIAL,PROVISIONAL (Titular Promovido),FEMENINO,1,220101,SAN MARTIN,MOYOBAMBA,MOYOBAMBA,31/10/2025
2023,12,12/01/2024,SAN MARTIN,MIXTA,FISCAL PROVINCIAL,PROVISIONAL (Titular Promovido),MASCULINO,5,220101,SAN MARTIN,MOYOBAMBA,MOYOBAMBA,31/10/2025
2023,12,12/01/2024,SAN MARTIN,MIXTA,FISCAL PROVINCIAL,TITULAR,MASCULINO,2,220101,SAN MARTIN,MOYOBAMBA,MOYOBAMBA,31/10/2025
2023,12,12/01/2024,SAN MARTIN,MIXTA,FISCAL SUPERIOR,TITULAR,MASCULINO,1,220101,SAN MARTIN,MOYOBAMBA,MOYOBAMBA,31/10/2025
2023,12,12/01/2024,SAN MARTIN,PENAL,FISCAL ADJUNTO PROVINCIAL,PROVISIONAL,FEMENINO,24,220101,SAN MARTIN,MOYOBAMBA,MOYOBAMBA,31/10/2025
2023,12,12/01/2024,SAN MARTIN,PENAL,FISCAL ADJUNTO PROVINCIAL,PROVISIONAL,MASCULINO,10,220101,SAN MARTIN,MOYOBAMBA,MOYOBAMBA,31/10/2025
2023,12,12/01/2024,SAN MARTIN,PENAL,FISCAL ADJUNTO PROVINCIAL,TITULAR,FEMENINO,11,220101,SAN MARTIN,MOYOBAMBA,MOYOBAMBA,31/10/2025
2023,12,12/01/2024,SAN MARTIN,PENAL,FISCAL ADJUNTO PROVINCIAL,TITULAR,MASCULINO,25,220101,SAN MARTIN,MOYOBAMBA,MOYOBAMBA,31/10/2025
2023,12,12/01/2024,SAN MARTIN,PENAL,FISCAL ADJUNTO SUPERIOR,PROVISIONAL (Titular Promovido),FEMENINO,3,220101,SAN MARTIN,MOYOBAMBA,MOYOBAMBA,31/10/2025
2023,12,12/01/2024,SAN MARTIN,PENAL,FISCAL ADJUNTO SUPERIOR,PROVISIONAL (Titular Promovido),MASCULINO,1,220101,SAN MARTIN,MOYOBAMBA,MOYOBAMBA,31/10/2025
2023,12,12/01/2024,SAN MARTIN,PENAL,FISCAL ADJUNTO SUPERIOR,TITULAR,FEMENINO,1,220101,SAN MARTIN,MOYOBAMBA,MOYOBAMBA,31/10/2025
2023,12,12/01/2024,SAN MARTIN,PENAL,FISCAL ADJUNTO SUPERIOR,TITULAR,MASCULINO,3,220101,SAN MARTIN,MOYOBAMBA,MOYOBAMBA,31/10/2025
2023,12,12/01/2024,SAN MARTIN,PENAL,FISCAL PROVINCIAL,PROVISIONAL,FEMENINO,3,220101,SAN MARTIN,MOYOBAMBA,MOYOBAMBA,31/10/2025
2023,12,12/01/2024,SAN MARTIN,PENAL,FISCAL PROVINCIAL,PROVISIONAL,MASCULINO,3,220101,SAN MARTIN,MOYOBAMBA,MOYOBAMBA,31/10/2025
2023,12,12/01/2024,SAN MARTIN,PENAL,FISCAL PROVINCIAL,PROVISIONAL (Titular Promovido),FEMENINO,1,220101,SAN MARTIN,MOYOBAMBA,MOYOBAMBA,31/10/2025
2023,12,12/01/2024,SAN MARTIN,PENAL,FISCAL PROVINCIAL,PROVISIONAL (Titular Promovido),MASCULINO,7,220101,SAN MARTIN,MOYOBAMBA,MOYOBAMBA,31/10/2025
2023,12,12/01/2024,SAN MARTIN,PENAL,FISCAL PROVINCIAL,TITULAR,FEMENINO,5,220101,SAN MARTIN,MOYOBAMBA,MOYOBAMBA,31/10/2025
2023,12,12/01/2024,SAN MARTIN,PENAL,FISCAL PROVINCIAL,TITULAR,MASCULINO,18,220101,SAN MARTIN,MOYOBAMBA,MOYOBAMBA,31/10/2025
2023,12,12/01/2024,SAN MARTIN,PENAL,FISCAL SUPERIOR,PROVISIONAL (Titular Promovido),MASCULINO,1,220101,SAN MARTIN,MOYOBAMBA,MOYOBAMBA,31/10/2025
2023,12,12/01/2024,SAN MARTIN,PENAL,FISCAL SUPERIOR,TITULAR,MASCULINO,3,220101,SAN MARTIN,MOYOBAMBA,MOYOBAMBA,31/10/2025
2023,12,12/01/2024,SAN MARTIN,PREVENCION DEL DELITO,FISCAL ADJUNTO PROVINCIAL,PROVISIONAL,FEMENINO,1,220101,SAN MARTIN,MOYOBAMBA,MOYOBAMBA,31/10/2025
2023,12,12/01/2024,SAN MARTIN,PREVENCION DEL DELITO,FISCAL ADJUNTO PROVINCIAL,PROVISIONAL,MASCULINO,1,220101,SAN MARTIN,MOYOBAMBA,MOYOBAMBA,31/10/2025
2023,12,12/01/2024,SAN MARTIN,PREVENCION DEL DELITO,FISCAL ADJUNTO PROVINCIAL,TITULAR,FEMENINO,1,220101,SAN MARTIN,MOYOBAMBA,MOYOBAMBA,31/10/2025
2023,12,12/01/2024,SAN MARTIN,PREVENCION DEL DELITO,FISCAL ADJUNTO PROVINCIAL,TITULAR,MASCULINO,1,220101,SAN MARTIN,MOYOBAMBA,MOYOBAMBA,31/10/2025
2023,12,12/01/2024,SAN MARTIN,PREVENCION DEL DELITO,FISCAL PROVINCIAL,PROVISIONAL (Titular Promovido),FEMENINO,1,220101,SAN MARTIN,MOYOBAMBA,MOYOBAMBA,31/10/2025
2023,12,12/01/2024,SAN MARTIN,PREVENCION DEL DELITO,FISCAL PROVINCIAL,TITULAR,MASCULINO,1,220101,SAN MARTIN,MOYOBAMBA,MOYOBAMBA,31/10/2025
2023,12,12/01/2024,SAN MARTIN,TRAFICO ILICITO DE DROGAS,FISCAL ADJUNTO PROVINCIAL,PROVISIONAL,FEMENINO,3,220101,SAN MARTIN,MOYOBAMBA,MOYOBAMBA,31/10/2025
2023,12,12/01/2024,SAN MARTIN,TRAFICO ILICITO DE DROGAS,FISCAL ADJUNTO PROVINCIAL,PROVISIONAL,MASCULINO,1,220101,SAN MARTIN,MOYOBAMBA,MOYOBAMBA,31/10/2025
2023,12,12/01/2024,SAN MARTIN,TRAFICO ILICITO DE DROGAS,FISCAL PROVINCIAL,TITULAR,FEMENINO,1,220101,SAN MARTIN,MOYOBAMBA,MOYOBAMBA,31/10/2025
2023,12,12/01/2024,SANTA,AUTORIDAD NACIONAL DE CONTROL,FISCAL ADJUNTO SUPERIOR,PROVISIONAL,MASCULINO,1,021801,ANCASH,SANTA,CHIMBOTE,31/10/2025
2023,12,12/01/2024,SANTA,AUTORIDAD NACIONAL DE CONTROL,FISCAL ADJUNTO SUPERIOR,PROVISIONAL (Titular Promovido),MASCULINO,1,021801,ANCASH,SANTA,CHIMBOTE,31/10/2025
2023,12,12/01/2024,SANTA,AUTORIDAD NACIONAL DE CONTROL,FISCAL SUPERIOR,PROVISIONAL (Titular Promovido),MASCULINO,1,021801,ANCASH,SANTA,CHIMBOTE,31/10/2025
2023,12,12/01/2024,SANTA,CORRUPCION DE FUNCIONARIOS,FISCAL ADJUNTO PROVINCIAL,PROVISIONAL,FEMENINO,4,021801,ANCASH,SANTA,CHIMBOTE,31/10/2025
2023,12,12/01/2024,SANTA,CORRUPCION DE FUNCIONARIOS,FISCAL ADJUNTO PROVINCIAL,PROVISIONAL,MASCULINO,1,021801,ANCASH,SANTA,CHIMBOTE,31/10/2025
2023,12,12/01/2024,SANTA,CORRUPCION DE FUNCIONARIOS,FISCAL ADJUNTO PROVINCIAL,TITULAR,FEMENINO,1,021801,ANCASH,SANTA,CHIMBOTE,31/10/2025
2023,12,12/01/2024,SANTA,CORRUPCION DE FUNCIONARIOS,FISCAL ADJUNTO PROVINCIAL,TITULAR,MASCULINO,1,021801,ANCASH,SANTA,CHIMBOTE,31/10/2025
2023,12,12/01/2024,SANTA,CORRUPCION DE FUNCIONARIOS,FISCAL ADJUNTO SUPERIOR,PROVISIONAL (Titular Promovido),MASCULINO,1,021801,ANCASH,SANTA,CHIMBOTE,31/10/2025
2023,12,12/01/2024,SANTA,CORRUPCION DE FUNCIONARIOS,FISCAL ADJUNTO SUPERIOR,TITULAR,FEMENINO,1,021801,ANCASH,SANTA,CHIMBOTE,31/10/2025
2023,12,12/01/2024,SANTA,CORRUPCION DE FUNCIONARIOS,FISCAL PROVINCIAL,TITULAR,MASCULINO,3,021801,ANCASH,SANTA,CHIMBOTE,31/10/2025
2023,12,12/01/2024,SANTA,CORRUPCION DE FUNCIONARIOS,FISCAL SUPERIOR,PROVISIONAL (Titular Promovido),MASCULINO,1,021801,ANCASH,SANTA,CHIMBOTE,31/10/2025
2023,12,12/01/2024,SANTA,CRIMEN ORGANIZADO,FISCAL ADJUNTO PROVINCIAL,PROVISIONAL,FEMENINO,2,021801,ANCASH,SANTA,CHIMBOTE,31/10/2025
2023,12,12/01/2024,SANTA,CRIMEN ORGANIZADO,FISCAL ADJUNTO PROVINCIAL,TITULAR,MASCULINO,1,021801,ANCASH,SANTA,CHIMBOTE,31/10/2025
2023,12,12/01/2024,SANTA,CRIMEN ORGANIZADO,FISCAL PROVINCIAL,TITULAR,MASCULINO,2,021801,ANCASH,SANTA,CHIMBOTE,31/10/2025
2023,12,12/01/2024,SANTA,EXTINCION DE DOMINIO,FISCAL ADJUNTO PROVINCIAL,PROVISIONAL,FEMENINO,1,021801,ANCASH,SANTA,CHIMBOTE,31/10/2025
2023,12,12/01/2024,SANTA,EXTINCION DE DOMINIO,FISCAL ADJUNTO PROVINCIAL,PROVISIONAL,MASCULINO,1,021801,ANCASH,SANTA,CHIMBOTE,31/10/2025
2023,12,12/01/2024,SANTA,EXTINCION DE DOMINIO,FISCAL PROVINCIAL,PROVISIONAL (Titular Promovido),MASCULINO,1,021801,ANCASH,SANTA,CHIMBOTE,31/10/2025
2023,12,12/01/2024,SANTA,FAMILIA,FISCAL ADJUNTO PROVINCIAL,PROVISIONAL,FEMENINO,3,021801,ANCASH,SANTA,CHIMBOTE,31/10/2025
2023,12,12/01/2024,SANTA,FAMILIA,FISCAL ADJUNTO PROVINCIAL,PROVISIONAL,MASCULINO,4,021801,ANCASH,SANTA,CHIMBOTE,31/10/2025
2023,12,12/01/2024,SANTA,FAMILIA,FISCAL ADJUNTO PROVINCIAL,TITULAR,FEMENINO,1,021801,ANCASH,SANTA,CHIMBOTE,31/10/2025
2023,12,12/01/2024,SANTA,FAMILIA,FISCAL ADJUNTO PROVINCIAL,TITULAR,MASCULINO,1,021801,ANCASH,SANTA,CHIMBOTE,31/10/2025
2023,12,12/01/2024,SANTA,FAMILIA,FISCAL ADJUNTO SUPERIOR,TITULAR,MASCULINO,1,021801,ANCASH,SANTA,CHIMBOTE,31/10/2025
2023,12,12/01/2024,SANTA,FAMILIA,FISCAL PROVINCIAL,TITULAR,FEMENINO,5,021801,ANCASH,SANTA,CHIMBOTE,31/10/2025
2023,12,12/01/2024,SANTA,FAMILIA,FISCAL PROVINCIAL,TITULAR,MASCULINO,4,021801,ANCASH,SANTA,CHIMBOTE,31/10/2025
2023,12,12/01/2024,SANTA,FAMILIA,FISCAL SUPERIOR,TITULAR,FEMENINO,1,021801,ANCASH,SANTA,CHIMBOTE,31/10/2025
2023,12,12/01/2024,SANTA,LAVADO DE ACTIVOS,FISCAL ADJUNTO PROVINCIAL,PROVISIONAL,FEMENINO,1,021801,ANCASH,SANTA,CHIMBOTE,31/10/2025
2023,12,12/01/2024,SANTA,LAVADO DE ACTIVOS,FISCAL ADJUNTO PROVINCIAL,PROVISIONAL,MASCULINO,1,021801,ANCASH,SANTA,CHIMBOTE,31/10/2025
2023,12,12/01/2024,SANTA,LAVADO DE ACTIVOS,FISCAL PROVINCIAL,PROVISIONAL (Titular Promovido),MASCULINO,1,021801,ANCASH,SANTA,CHIMBOTE,31/10/2025
2023,12,12/01/2024,SANTA,MATERIA AMBIENTAL,FISCAL ADJUNTO PROVINCIAL,PROVISIONAL,MASCULINO,1,021801,ANCASH,SANTA,CHIMBOTE,31/10/2025
2023,12,12/01/2024,SANTA,MATERIA AMBIENTAL,FISCAL ADJUNTO PROVINCIAL,TITULAR,MASCULINO,1,021801,ANCASH,SANTA,CHIMBOTE,31/10/2025
2023,12,12/01/2024,SANTA,MATERIA AMBIENTAL,FISCAL PROVINCIAL,PROVISIONAL,FEMENINO,1,021801,ANCASH,SANTA,CHIMBOTE,31/10/2025
2023,12,12/01/2024,SANTA,MIXTA,FISCAL ADJUNTO PROVINCIAL,PROVISIONAL,FEMENINO,4,021801,ANCASH,SANTA,CHIMBOTE,31/10/2025
2023,12,12/01/2024,SANTA,MIXTA,FISCAL ADJUNTO PROVINCIAL,TITULAR,FEMENINO,4,021801,ANCASH,SANTA,CHIMBOTE,31/10/2025
2023,12,12/01/2024,SANTA,MIXTA,FISCAL ADJUNTO PROVINCIAL,TITULAR,MASCULINO,2,021801,ANCASH,SANTA,CHIMBOTE,31/10/2025
2023,12,12/01/2024,SANTA,MIXTA,FISCAL PROVINCIAL,PROVISIONAL,FEMENINO,1,021801,ANCASH,SANTA,CHIMBOTE,31/10/2025
2023,12,12/01/2024,SANTA,MIXTA,FISCAL PROVINCIAL,PROVISIONAL,MASCULINO,1,021801,ANCASH,SANTA,CHIMBOTE,31/10/2025
2023,12,12/01/2024,SANTA,MIXTA,FISCAL PROVINCIAL,PROVISIONAL (Titular Promovido),MASCULINO,1,021801,ANCASH,SANTA,CHIMBOTE,31/10/2025
2023,12,12/01/2024,SANTA,MIXTA,FISCAL PROVINCIAL,TITULAR,MASCULINO,1,021801,ANCASH,SANTA,CHIMBOTE,31/10/2025
2023,12,12/01/2024,SANTA,PENAL,FISCAL ADJUNTO PROVINCIAL,PROVISIONAL,FEMENINO,19,021801,ANCASH,SANTA,CHIMBOTE,31/10/2025
2023,12,12/01/2024,SANTA,PENAL,FISCAL ADJUNTO PROVINCIAL,PROVISIONAL,MASCULINO,9,021801,ANCASH,SANTA,CHIMBOTE,31/10/2025
2023,12,12/01/2024,SANTA,PENAL,FISCAL ADJUNTO PROVINCIAL,TITULAR,FEMENINO,22,021801,ANCASH,SANTA,CHIMBOTE,31/10/2025
2023,12,12/01/2024,SANTA,PENAL,FISCAL ADJUNTO PROVINCIAL,TITULAR,MASCULINO,21,021801,ANCASH,SANTA,CHIMBOTE,31/10/2025
2023,12,12/01/2024,SANTA,PENAL,FISCAL ADJUNTO SUPERIOR,PROVISIONAL (Titular Promovido),MASCULINO,1,021801,ANCASH,SANTA,CHIMBOTE,31/10/2025
2023,12,12/01/2024,SANTA,PENAL,FISCAL ADJUNTO SUPERIOR,TITULAR,FEMENINO,3,021801,ANCASH,SANTA,CHIMBOTE,31/10/2025
2023,12,12/01/2024,SANTA,PENAL,FISCAL ADJUNTO SUPERIOR,TITULAR,MASCULINO,4,021801,ANCASH,SANTA,CHIMBOTE,31/10/2025
2023,12,12/01/2024,SANTA,PENAL,FISCAL PROVINCIAL,PROVISIONAL,MASCULINO,1,021801,ANCASH,SANTA,CHIMBOTE,31/10/2025
2023,12,12/01/2024,SANTA,PENAL,FISCAL PROVINCIAL,PROVISIONAL (Titular Promovido),MASCULINO,2,021801,ANCASH,SANTA,CHIMBOTE,31/10/2025
2023,12,12/01/2024,SANTA,PENAL,FISCAL PROVINCIAL,TITULAR,FEMENINO,11,021801,ANCASH,SANTA,CHIMBOTE,31/10/2025
2023,12,12/01/2024,SANTA,PENAL,FISCAL PROVINCIAL,TITULAR,MASCULINO,20,021801,ANCASH,SANTA,CHIMBOTE,31/10/2025
2023,12,12/01/2024,SANTA,PENAL,FISCAL SUPERIOR,PROVISIONAL,FEMENINO,1,021801,ANCASH,SANTA,CHIMBOTE,31/10/2025
2023,12,12/01/2024,SANTA,PENAL,FISCAL SUPERIOR,PROVISIONAL (Titular Promovido),MASCULINO,1,021801,ANCASH,SANTA,CHIMBOTE,31/10/2025
2023,12,12/01/2024,SANTA,PENAL,FISCAL SUPERIOR,TITULAR,FEMENINO,1,021801,ANCASH,SANTA,CHIMBOTE,31/10/2025
2023,12,12/01/2024,SANTA,PREVENCION DEL DELITO,FISCAL ADJUNTO PROVINCIAL,PROVISIONAL,FEMENINO,3,021801,ANCASH,SANTA,CHIMBOTE,31/10/2025
2023,12,12/01/2024,SANTA,PREVENCION DEL DELITO,FISCAL ADJUNTO PROVINCIAL,TITULAR,MASCULINO,1,021801,ANCASH,SANTA,CHIMBOTE,31/10/2025
2023,12,12/01/2024,SANTA,PREVENCION DEL DELITO,FISCAL PROVINCIAL,PROVISIONAL (Titular Promovido),MASCULINO,1,021801,ANCASH,SANTA,CHIMBOTE,31/10/2025
2023,12,12/01/2024,SANTA,PREVENCION DEL DELITO,FISCAL PROVINCIAL,TITULAR,FEMENINO,1,021801,ANCASH,SANTA,CHIMBOTE,31/10/2025
2023,12,12/01/2024,SANTA,TRAFICO ILICITO DE DROGAS,FISCAL ADJUNTO PROVINCIAL,PROVISIONAL,FEMENINO,1,021801,ANCASH,SANTA,CHIMBOTE,31/10/2025
2023,12,12/01/2024,SANTA,TRAFICO ILICITO DE DROGAS,FISCAL ADJUNTO PROVINCIAL,PROVISIONAL,MASCULINO,1,021801,ANCASH,SANTA,CHIMBOTE,31/10/2025
2023,12,12/01/2024,SANTA,TRAFICO ILICITO DE DROGAS,FISCAL PROVINCIAL,TITULAR,MASCULINO,1,021801,ANCASH,SANTA,CHIMBOTE,31/10/2025
2023,12,12/01/2024,SELVA CENTRAL,CORRUPCION DE FUNCIONARIOS,FISCAL ADJUNTO PROVINCIAL,PROVISIONAL,FEMENINO,2,120301,JUNIN,CHANCHAMAYO,CHANCHAMAYO,31/10/2025
2023,12,12/01/2024,SELVA CENTRAL,CORRUPCION DE FUNCIONARIOS,FISCAL ADJUNTO PROVINCIAL,PROVISIONAL,MASCULINO,3,120301,JUNIN,CHANCHAMAYO,CHANCHAMAYO,31/10/2025
2023,12,12/01/2024,SELVA CENTRAL,CORRUPCION DE FUNCIONARIOS,FISCAL PROVINCIAL,PROVISIONAL,FEMENINO,1,120301,JUNIN,CHANCHAMAYO,CHANCHAMAYO,31/10/2025
2023,12,12/01/2024,SELVA CENTRAL,CORRUPCION DE FUNCIONARIOS,FISCAL PROVINCIAL,PROVISIONAL (Titular Promovido),MASCULINO,1,120301,JUNIN,CHANCHAMAYO,CHANCHAMAYO,31/10/2025
2023,12,12/01/2024,SELVA CENTRAL,DERECHOS HUMANOS E INTERCULTURALIDAD,FISCAL ADJUNTO PROVINCIAL,PROVISIONAL,FEMENINO,1,120301,JUNIN,CHANCHAMAYO,CHANCHAMAYO,31/10/2025
2023,12,12/01/2024,SELVA CENTRAL,DERECHOS HUMANOS E INTERCULTURALIDAD,FISCAL ADJUNTO PROVINCIAL,PROVISIONAL,MASCULINO,1,120301,JUNIN,CHANCHAMAYO,CHANCHAMAYO,31/10/2025
2023,12,12/01/2024,SELVA CENTRAL,DERECHOS HUMANOS E INTERCULTURALIDAD,FISCAL PROVINCIAL,PROVISIONAL,MASCULINO,1,120301,JUNIN,CHANCHAMAYO,CHANCHAMAYO,31/10/2025
2023,12,12/01/2024,SELVA CENTRAL,FAMILIA,FISCAL ADJUNTO PROVINCIAL,PROVISIONAL,FEMENINO,3,120301,JUNIN,CHANCHAMAYO,CHANCHAMAYO,31/10/2025
2023,12,12/01/2024,SELVA CENTRAL,FAMILIA,FISCAL ADJUNTO SUPERIOR,PROVISIONAL (Titular Promovido),MASCULINO,1,120301,JUNIN,CHANCHAMAYO,CHANCHAMAYO,31/10/2025
2023,12,12/01/2024,SELVA CENTRAL,FAMILIA,FISCAL PROVINCIAL,PROVISIONAL,FEMENINO,1,120301,JUNIN,CHANCHAMAYO,CHANCHAMAYO,31/10/2025
2023,12,12/01/2024,SELVA CENTRAL,FAMILIA,FISCAL PROVINCIAL,PROVISIONAL,MASCULINO,1,120301,JUNIN,CHANCHAMAYO,CHANCHAMAYO,31/10/2025
2023,12,12/01/2024,SELVA CENTRAL,FAMILIA,FISCAL PROVINCIAL,TITULAR,FEMENINO,1,120301,JUNIN,CHANCHAMAYO,CHANCHAMAYO,31/10/2025
2023,12,12/01/2024,SELVA CENTRAL,FAMILIA,FISCAL SUPERIOR,PROVISIONAL,MASCULINO,1,120301,JUNIN,CHANCHAMAYO,CHANCHAMAYO,31/10/2025
2023,12,12/01/2024,SELVA CENTRAL,MATERIA AMBIENTAL,FISCAL ADJUNTO PROVINCIAL,PROVISIONAL,FEMENINO,1,120301,JUNIN,CHANCHAMAYO,CHANCHAMAYO,31/10/2025
2023,12,12/01/2024,SELVA CENTRAL,MATERIA AMBIENTAL,FISCAL PROVINCIAL,PROVISIONAL,FEMENINO,1,120301,JUNIN,CHANCHAMAYO,CHANCHAMAYO,31/10/2025
2023,12,12/01/2024,SELVA CENTRAL,MIXTA,FISCAL ADJUNTO PROVINCIAL,PROVISIONAL,FEMENINO,3,120301,JUNIN,CHANCHAMAYO,CHANCHAMAYO,31/10/2025
2023,12,12/01/2024,SELVA CENTRAL,MIXTA,FISCAL ADJUNTO PROVINCIAL,PROVISIONAL,MASCULINO,2,120301,JUNIN,CHANCHAMAYO,CHANCHAMAYO,31/10/2025
2023,12,12/01/2024,SELVA CENTRAL,MIXTA,FISCAL ADJUNTO SUPERIOR,PROVISIONAL,FEMENINO,1,120301,JUNIN,CHANCHAMAYO,CHANCHAMAYO,31/10/2025
2023,12,12/01/2024,SELVA CENTRAL,MIXTA,FISCAL ADJUNTO SUPERIOR,PROVISIONAL,MASCULINO,1,120301,JUNIN,CHANCHAMAYO,CHANCHAMAYO,31/10/2025
2023,12,12/01/2024,SELVA CENTRAL,MIXTA,FISCAL PROVINCIAL,PROVISIONAL,FEMENINO,2,120301,JUNIN,CHANCHAMAYO,CHANCHAMAYO,31/10/2025
2023,12,12/01/2024,SELVA CENTRAL,MIXTA,FISCAL PROVINCIAL,PROVISIONAL,MASCULINO,1,120301,JUNIN,CHANCHAMAYO,CHANCHAMAYO,31/10/2025
2023,12,12/01/2024,SELVA CENTRAL,MIXTA,FISCAL SUPERIOR,PROVISIONAL (Titular Promovido),MASCULINO,1,120301,JUNIN,CHANCHAMAYO,CHANCHAMAYO,31/10/2025
2023,12,12/01/2024,SELVA CENTRAL,PENAL,FISCAL ADJUNTO PROVINCIAL,PROVISIONAL,FEMENINO,16,120301,JUNIN,CHANCHAMAYO,CHANCHAMAYO,31/10/2025
2023,12,12/01/2024,SELVA CENTRAL,PENAL,FISCAL ADJUNTO PROVINCIAL,PROVISIONAL,MASCULINO,11,120301,JUNIN,CHANCHAMAYO,CHANCHAMAYO,31/10/2025
2023,12,12/01/2024,SELVA CENTRAL,PENAL,FISCAL ADJUNTO PROVINCIAL,TITULAR,FEMENINO,1,120301,JUNIN,CHANCHAMAYO,CHANCHAMAYO,31/10/2025
2023,12,12/01/2024,SELVA CENTRAL,PENAL,FISCAL ADJUNTO SUPERIOR,PROVISIONAL,FEMENINO,1,120301,JUNIN,CHANCHAMAYO,CHANCHAMAYO,31/10/2025
2023,12,12/01/2024,SELVA CENTRAL,PENAL,FISCAL ADJUNTO SUPERIOR,PROVISIONAL,MASCULINO,2,120301,JUNIN,CHANCHAMAYO,CHANCHAMAYO,31/10/2025
2023,12,12/01/2024,SELVA CENTRAL,PENAL,FISCAL ADJUNTO SUPERIOR,PROVISIONAL (Titular Promovido),FEMENINO,1,120301,JUNIN,CHANCHAMAYO,CHANCHAMAYO,31/10/2025
2023,12,12/01/2024,SELVA CENTRAL,PENAL,FISCAL PROVINCIAL,PROVISIONAL,FEMENINO,4,120301,JUNIN,CHANCHAMAYO,CHANCHAMAYO,31/10/2025
2023,12,12/01/2024,SELVA CENTRAL,PENAL,FISCAL PROVINCIAL,PROVISIONAL,MASCULINO,8,120301,JUNIN,CHANCHAMAYO,CHANCHAMAYO,31/10/2025
2023,12,12/01/2024,SELVA CENTRAL,PENAL,FISCAL PROVINCIAL,PROVISIONAL (Titular Promovido),MASCULINO,2,120301,JUNIN,CHANCHAMAYO,CHANCHAMAYO,31/10/2025
2023,12,12/01/2024,SELVA CENTRAL,PENAL,FISCAL PROVINCIAL,TITULAR,FEMENINO,1,120301,JUNIN,CHANCHAMAYO,CHANCHAMAYO,31/10/2025
2023,12,12/01/2024,SELVA CENTRAL,PENAL,FISCAL PROVINCIAL,TITULAR,MASCULINO,1,120301,JUNIN,CHANCHAMAYO,CHANCHAMAYO,31/10/2025
2023,12,12/01/2024,SELVA CENTRAL,PENAL,FISCAL SUPERIOR,PROVISIONAL (Titular Promovido),MASCULINO,1,120301,JUNIN,CHANCHAMAYO,CHANCHAMAYO,31/10/2025
2023,12,12/01/2024,SELVA CENTRAL,PENAL,FISCAL SUPERIOR,TITULAR,FEMENINO,1,120301,JUNIN,CHANCHAMAYO,CHANCHAMAYO,31/10/2025
2023,12,12/01/2024,SELVA CENTRAL,PREVENCION DEL DELITO,FISCAL ADJUNTO PROVINCIAL,PROVISIONAL,FEMENINO,2,120301,JUNIN,CHANCHAMAYO,CHANCHAMAYO,31/10/2025
2023,12,12/01/2024,SELVA CENTRAL,PREVENCION DEL DELITO,FISCAL PROVINCIAL,PROVISIONAL,MASCULINO,1,120301,JUNIN,CHANCHAMAYO,CHANCHAMAYO,31/10/2025
2023,12,12/01/2024,SELVA CENTRAL,TRAFICO ILICITO DE DROGAS,FISCAL ADJUNTO PROVINCIAL,PROVISIONAL,FEMENINO,1,120301,JUNIN,CHANCHAMAYO,CHANCHAMAYO,31/10/2025
2023,12,12/01/2024,SELVA CENTRAL,TRAFICO ILICITO DE DROGAS,FISCAL ADJUNTO PROVINCIAL,PROVISIONAL,MASCULINO,1,120301,JUNIN,CHANCHAMAYO,CHANCHAMAYO,31/10/2025
2023,12,12/01/2024,SELVA CENTRAL,TRAFICO ILICITO DE DROGAS,FISCAL PROVINCIAL,TITULAR,MASCULINO,1,120301,JUNIN,CHANCHAMAYO,CHANCHAMAYO,31/10/2025
2023,12,12/01/2024,SULLANA,AUTORIDAD NACIONAL DE CONTROL,FISCAL ADJUNTO SUPERIOR,PROVISIONAL (Titular Promovido),FEMENINO,1,200601,PIURA,SULLANA,SULLANA,31/10/2025
2023,12,12/01/2024,SULLANA,AUTORIDAD NACIONAL DE CONTROL,FISCAL ADJUNTO SUPERIOR,PROVISIONAL (Titular Promovido),MASCULINO,1,200601,PIURA,SULLANA,SULLANA,31/10/2025
2023,12,12/01/2024,SULLANA,AUTORIDAD NACIONAL DE CONTROL,FISCAL SUPERIOR,PROVISIONAL (Titular Promovido),MASCULINO,1,200601,PIURA,SULLANA,SULLANA,31/10/2025
2023,12,12/01/2024,SULLANA,CORRUPCION DE FUNCIONARIOS,FISCAL ADJUNTO PROVINCIAL,PROVISIONAL,FEMENINO,1,200601,PIURA,SULLANA,SULLANA,31/10/2025
2023,12,12/01/2024,SULLANA,CORRUPCION DE FUNCIONARIOS,FISCAL ADJUNTO PROVINCIAL,TITULAR,MASCULINO,4,200601,PIURA,SULLANA,SULLANA,31/10/2025
2023,12,12/01/2024,SULLANA,CORRUPCION DE FUNCIONARIOS,FISCAL PROVINCIAL,TITULAR,MASCULINO,2,200601,PIURA,SULLANA,SULLANA,31/10/2025
2023,12,12/01/2024,SULLANA,FAMILIA,FISCAL ADJUNTO PROVINCIAL,PROVISIONAL,FEMENINO,2,200601,PIURA,SULLANA,SULLANA,31/10/2025
2023,12,12/01/2024,SULLANA,FAMILIA,FISCAL PROVINCIAL,TITULAR,MASCULINO,2,200601,PIURA,SULLANA,SULLANA,31/10/2025
2023,12,12/01/2024,SULLANA,MATERIA AMBIENTAL,FISCAL ADJUNTO PROVINCIAL,PROVISIONAL,FEMENINO,1,200601,PIURA,SULLANA,SULLANA,31/10/2025
2023,12,12/01/2024,SULLANA,MATERIA AMBIENTAL,FISCAL ADJUNTO PROVINCIAL,TITULAR,FEMENINO,1,200601,PIURA,SULLANA,SULLANA,31/10/2025
2023,12,12/01/2024,SULLANA,MATERIA AMBIENTAL,FISCAL PROVINCIAL,TITULAR,MASCULINO,1,200601,PIURA,SULLANA,SULLANA,31/10/2025
2023,12,12/01/2024,SULLANA,MIXTA,FISCAL ADJUNTO PROVINCIAL,PROVISIONAL,FEMENINO,5,200601,PIURA,SULLANA,SULLANA,31/10/2025
2023,12,12/01/2024,SULLANA,MIXTA,FISCAL ADJUNTO PROVINCIAL,PROVISIONAL,MASCULINO,1,200601,PIURA,SULLANA,SULLANA,31/10/2025
2023,12,12/01/2024,SULLANA,MIXTA,FISCAL ADJUNTO SUPERIOR,TITULAR,MASCULINO,1,200601,PIURA,SULLANA,SULLANA,31/10/2025
2023,12,12/01/2024,SULLANA,MIXTA,FISCAL PROVINCIAL,PROVISIONAL,MASCULINO,1,200601,PIURA,SULLANA,SULLANA,31/10/2025
2023,12,12/01/2024,SULLANA,MIXTA,FISCAL PROVINCIAL,PROVISIONAL (Titular Promovido),MASCULINO,2,200601,PIURA,SULLANA,SULLANA,31/10/2025
2023,12,12/01/2024,SULLANA,MIXTA,FISCAL PROVINCIAL,TITULAR,FEMENINO,1,200601,PIURA,SULLANA,SULLANA,31/10/2025
2023,12,12/01/2024,SULLANA,MIXTA,FISCAL SUPERIOR,TITULAR,FEMENINO,1,200601,PIURA,SULLANA,SULLANA,31/10/2025
2023,12,12/01/2024,SULLANA,PENAL,FISCAL ADJUNTO PROVINCIAL,PROVISIONAL,FEMENINO,8,200601,PIURA,SULLANA,SULLANA,31/10/2025
2023,12,12/01/2024,SULLANA,PENAL,FISCAL ADJUNTO PROVINCIAL,PROVISIONAL,MASCULINO,5,200601,PIURA,SULLANA,SULLANA,31/10/2025
2023,12,12/01/2024,SULLANA,PENAL,FISCAL ADJUNTO PROVINCIAL,TITULAR,FEMENINO,6,200601,PIURA,SULLANA,SULLANA,31/10/2025
2023,12,12/01/2024,SULLANA,PENAL,FISCAL ADJUNTO PROVINCIAL,TITULAR,MASCULINO,3,200601,PIURA,SULLANA,SULLANA,31/10/2025
2023,12,12/01/2024,SULLANA,PENAL,FISCAL ADJUNTO SUPERIOR,TITULAR,FEMENINO,2,200601,PIURA,SULLANA,SULLANA,31/10/2025
2023,12,12/01/2024,SULLANA,PENAL,FISCAL ADJUNTO SUPERIOR,TITULAR,MASCULINO,1,200601,PIURA,SULLANA,SULLANA,31/10/2025
2023,12,12/01/2024,SULLANA,PENAL,FISCAL PROVINCIAL,PROVISIONAL (Titular Promovido),FEMENINO,1,200601,PIURA,SULLANA,SULLANA,31/10/2025
2023,12,12/01/2024,SULLANA,PENAL,FISCAL PROVINCIAL,PROVISIONAL (Titular Promovido),MASCULINO,2,200601,PIURA,SULLANA,SULLANA,31/10/2025
2023,12,12/01/2024,SULLANA,PENAL,FISCAL PROVINCIAL,TITULAR,FEMENINO,2,200601,PIURA,SULLANA,SULLANA,31/10/2025
2023,12,12/01/2024,SULLANA,PENAL,FISCAL PROVINCIAL,TITULAR,MASCULINO,8,200601,PIURA,SULLANA,SULLANA,31/10/2025
2023,12,12/01/2024,SULLANA,PENAL,FISCAL SUPERIOR,TITULAR,FEMENINO,1,200601,PIURA,SULLANA,SULLANA,31/10/2025
2023,12,12/01/2024,SULLANA,PENAL,FISCAL SUPERIOR,TITULAR,MASCULINO,1,200601,PIURA,SULLANA,SULLANA,31/10/2025
2023,12,12/01/2024,SULLANA,PREVENCION DEL DELITO,FISCAL ADJUNTO PROVINCIAL,PROVISIONAL,FEMENINO,1,200601,PIURA,SULLANA,SULLANA,31/10/2025
2023,12,12/01/2024,SULLANA,PREVENCION DEL DELITO,FISCAL ADJUNTO PROVINCIAL,PROVISIONAL,MASCULINO,1,200601,PIURA,SULLANA,SULLANA,31/10/2025
2023,12,12/01/2024,SULLANA,PREVENCION DEL DELITO,FISCAL PROVINCIAL,TITULAR,MASCULINO,1,200601,PIURA,SULLANA,SULLANA,31/10/2025
2023,12,12/01/2024,TACNA,AUTORIDAD NACIONAL DE CONTROL,FISCAL ADJUNTO SUPERIOR,PROVISIONAL (Titular Promovido),MASCULINO,2,230101,TACNA,TACNA,TACNA,31/10/2025
2023,12,12/01/2024,TACNA,AUTORIDAD NACIONAL DE CONTROL,FISCAL SUPERIOR,TITULAR,MASCULINO,1,230101,TACNA,TACNA,TACNA,31/10/2025
2023,12,12/01/2024,TACNA,CORRUPCION DE FUNCIONARIOS,FISCAL ADJUNTO PROVINCIAL,PROVISIONAL,FEMENINO,3,230101,TACNA,TACNA,TACNA,31/10/2025
2023,12,12/01/2024,TACNA,CORRUPCION DE FUNCIONARIOS,FISCAL ADJUNTO PROVINCIAL,TITULAR,FEMENINO,2,230101,TACNA,TACNA,TACNA,31/10/2025
2023,12,12/01/2024,TACNA,CORRUPCION DE FUNCIONARIOS,FISCAL ADJUNTO PROVINCIAL,TITULAR,MASCULINO,3,230101,TACNA,TACNA,TACNA,31/10/2025
2023,12,12/01/2024,TACNA,CORRUPCION DE FUNCIONARIOS,FISCAL PROVINCIAL,PROVISIONAL (Titular Promovido),MASCULINO,1,230101,TACNA,TACNA,TACNA,31/10/2025
2023,12,12/01/2024,TACNA,CORRUPCION DE FUNCIONARIOS,FISCAL PROVINCIAL,TITULAR,FEMENINO,1,230101,TACNA,TACNA,TACNA,31/10/2025
2023,12,12/01/2024,TACNA,CORRUPCION DE FUNCIONARIOS,FISCAL PROVINCIAL,TITULAR,MASCULINO,1,230101,TACNA,TACNA,TACNA,31/10/2025
2023,12,12/01/2024,TACNA,DELITOS ADUANEROS Y CONTRA LA PROPIEDAD INTELECTUAL,FISCAL ADJUNTO PROVINCIAL,PROVISIONAL,FEMENINO,1,230101,TACNA,TACNA,TACNA,31/10/2025
2023,12,12/01/2024,TACNA,DELITOS ADUANEROS Y CONTRA LA PROPIEDAD INTELECTUAL,FISCAL ADJUNTO PROVINCIAL,TITULAR,MASCULINO,1,230101,TACNA,TACNA,TACNA,31/10/2025
2023,12,12/01/2024,TACNA,DELITOS ADUANEROS Y CONTRA LA PROPIEDAD INTELECTUAL,FISCAL PROVINCIAL,TITULAR,MASCULINO,1,230101,TACNA,TACNA,TACNA,31/10/2025
2023,12,12/01/2024,TACNA,DELITOS DE TRATA DE PERSONAS,FISCAL ADJUNTO PROVINCIAL,PROVISIONAL,FEMENINO,1,230101,TACNA,TACNA,TACNA,31/10/2025
2023,12,12/01/2024,TACNA,DELITOS DE TRATA DE PERSONAS,FISCAL ADJUNTO PROVINCIAL,PROVISIONAL,MASCULINO,1,230101,TACNA,TACNA,TACNA,31/10/2025
2023,12,12/01/2024,TACNA,DELITOS DE TRATA DE PERSONAS,FISCAL PROVINCIAL,PROVISIONAL,FEMENINO,1,230101,TACNA,TACNA,TACNA,31/10/2025
2023,12,12/01/2024,TACNA,DERECHOS HUMANOS E INTERCULTURALIDAD,FISCAL ADJUNTO PROVINCIAL,PROVISIONAL,FEMENINO,1,230101,TACNA,TACNA,TACNA,31/10/2025
2023,12,12/01/2024,TACNA,DERECHOS HUMANOS E INTERCULTURALIDAD,FISCAL ADJUNTO PROVINCIAL,PROVISIONAL,MASCULINO,2,230101,TACNA,TACNA,TACNA,31/10/2025
2023,12,12/01/2024,TACNA,DERECHOS HUMANOS E INTERCULTURALIDAD,FISCAL PROVINCIAL,PROVISIONAL,FEMENINO,1,230101,TACNA,TACNA,TACNA,31/10/2025
2023,12,12/01/2024,TACNA,EXTINCION DE DOMINIO,FISCAL ADJUNTO PROVINCIAL,PROVISIONAL,FEMENINO,1,230101,TACNA,TACNA,TACNA,31/10/2025
2023,12,12/01/2024,TACNA,EXTINCION DE DOMINIO,FISCAL ADJUNTO PROVINCIAL,PROVISIONAL,MASCULINO,1,230101,TACNA,TACNA,TACNA,31/10/2025
2023,12,12/01/2024,TACNA,EXTINCION DE DOMINIO,FISCAL PROVINCIAL,PROVISIONAL (Titular Promovido),FEMENINO,1,230101,TACNA,TACNA,TACNA,31/10/2025
2023,12,12/01/2024,TACNA,FAMILIA,FISCAL ADJUNTO PROVINCIAL,PROVISIONAL,FEMENINO,1,230101,TACNA,TACNA,TACNA,31/10/2025
2023,12,12/01/2024,TACNA,FAMILIA,FISCAL ADJUNTO PROVINCIAL,PROVISIONAL,MASCULINO,1,230101,TACNA,TACNA,TACNA,31/10/2025
2023,12,12/01/2024,TACNA,FAMILIA,FISCAL ADJUNTO SUPERIOR,TITULAR,FEMENINO,1,230101,TACNA,TACNA,TACNA,31/10/2025
2023,12,12/01/2024,TACNA,FAMILIA,FISCAL PROVINCIAL,TITULAR,MASCULINO,1,230101,TACNA,TACNA,TACNA,31/10/2025
2023,12,12/01/2024,TACNA,FAMILIA,FISCAL SUPERIOR,TITULAR,MASCULINO,1,230101,TACNA,TACNA,TACNA,31/10/2025
2023,12,12/01/2024,TACNA,LAVADO DE ACTIVOS,FISCAL ADJUNTO PROVINCIAL,PROVISIONAL,FEMENINO,1,230101,TACNA,TACNA,TACNA,31/10/2025
2023,12,12/01/2024,TACNA,LAVADO DE ACTIVOS,FISCAL ADJUNTO PROVINCIAL,PROVISIONAL,MASCULINO,1,230101,TACNA,TACNA,TACNA,31/10/2025
2023,12,12/01/2024,TACNA,LAVADO DE ACTIVOS,FISCAL PROVINCIAL,PROVISIONAL (Titular Promovido),MASCULINO,1,230101,TACNA,TACNA,TACNA,31/10/2025
2023,12,12/01/2024,TACNA,MATERIA AMBIENTAL,FISCAL ADJUNTO PROVINCIAL,PROVISIONAL,FEMENINO,1,230101,TACNA,TACNA,TACNA,31/10/2025
2023,12,12/01/2024,TACNA,MATERIA AMBIENTAL,FISCAL PROVINCIAL,PROVISIONAL (Titular Promovido),MASCULINO,1,230101,TACNA,TACNA,TACNA,31/10/2025
2023,12,12/01/2024,TACNA,MIXTA,FISCAL ADJUNTO PROVINCIAL,PROVISIONAL,FEMENINO,3,230101,TACNA,TACNA,TACNA,31/10/2025
2023,12,12/01/2024,TACNA,MIXTA,FISCAL ADJUNTO PROVINCIAL,PROVISIONAL,MASCULINO,4,230101,TACNA,TACNA,TACNA,31/10/2025
2023,12,12/01/2024,TACNA,MIXTA,FISCAL ADJUNTO PROVINCIAL,TITULAR,FEMENINO,3,230101,TACNA,TACNA,TACNA,31/10/2025
2023,12,12/01/2024,TACNA,MIXTA,FISCAL ADJUNTO PROVINCIAL,TITULAR,MASCULINO,1,230101,TACNA,TACNA,TACNA,31/10/2025
2023,12,12/01/2024,TACNA,MIXTA,FISCAL PROVINCIAL,PROVISIONAL,MASCULINO,1,230101,TACNA,TACNA,TACNA,31/10/2025
2023,12,12/01/2024,TACNA,MIXTA,FISCAL PROVINCIAL,PROVISIONAL (Titular Promovido),FEMENINO,1,230101,TACNA,TACNA,TACNA,31/10/2025
2023,12,12/01/2024,TACNA,MIXTA,FISCAL PROVINCIAL,PROVISIONAL (Titular Promovido),MASCULINO,1,230101,TACNA,TACNA,TACNA,31/10/2025
2023,12,12/01/2024,TACNA,MIXTA,FISCAL PROVINCIAL,TITULAR,FEMENINO,3,230101,TACNA,TACNA,TACNA,31/10/2025
2023,12,12/01/2024,TACNA,MIXTA,FISCAL PROVINCIAL,TITULAR,MASCULINO,3,230101,TACNA,TACNA,TACNA,31/10/2025
2023,12,12/01/2024,TACNA,PENAL,FISCAL ADJUNTO PROVINCIAL,PROVISIONAL,FEMENINO,6,230101,TACNA,TACNA,TACNA,31/10/2025
2023,12,12/01/2024,TACNA,PENAL,FISCAL ADJUNTO PROVINCIAL,PROVISIONAL,MASCULINO,4,230101,TACNA,TACNA,TACNA,31/10/2025
2023,12,12/01/2024,TACNA,PENAL,FISCAL ADJUNTO PROVINCIAL,TITULAR,FEMENINO,3,230101,TACNA,TACNA,TACNA,31/10/2025
2023,12,12/01/2024,TACNA,PENAL,FISCAL ADJUNTO PROVINCIAL,TITULAR,MASCULINO,7,230101,TACNA,TACNA,TACNA,31/10/2025
2023,12,12/01/2024,TACNA,PENAL,FISCAL ADJUNTO SUPERIOR,PROVISIONAL,MASCULINO,1,230101,TACNA,TACNA,TACNA,31/10/2025
2023,12,12/01/2024,TACNA,PENAL,FISCAL ADJUNTO SUPERIOR,PROVISIONAL (Titular Promovido),MASCULINO,2,230101,TACNA,TACNA,TACNA,31/10/2025
2023,12,12/01/2024,TACNA,PENAL,FISCAL ADJUNTO SUPERIOR,TITULAR,FEMENINO,1,230101,TACNA,TACNA,TACNA,31/10/2025
2023,12,12/01/2024,TACNA,PENAL,FISCAL ADJUNTO SUPERIOR,TITULAR,MASCULINO,2,230101,TACNA,TACNA,TACNA,31/10/2025
2023,12,12/01/2024,TACNA,PENAL,FISCAL PROVINCIAL,PROVISIONAL,FEMENINO,1,230101,TACNA,TACNA,TACNA,31/10/2025
2023,12,12/01/2024,TACNA,PENAL,FISCAL PROVINCIAL,PROVISIONAL (Titular Promovido),FEMENINO,1,230101,TACNA,TACNA,TACNA,31/10/2025
2023,12,12/01/2024,TACNA,PENAL,FISCAL PROVINCIAL,PROVISIONAL (Titular Promovido),MASCULINO,1,230101,TACNA,TACNA,TACNA,31/10/2025
2023,12,12/01/2024,TACNA,PENAL,FISCAL PROVINCIAL,TITULAR,FEMENINO,1,230101,TACNA,TACNA,TACNA,31/10/2025
2023,12,12/01/2024,TACNA,PENAL,FISCAL PROVINCIAL,TITULAR,MASCULINO,5,230101,TACNA,TACNA,TACNA,31/10/2025
2023,12,12/01/2024,TACNA,PENAL,FISCAL SUPERIOR,PROVISIONAL (Titular Promovido),FEMENINO,1,230101,TACNA,TACNA,TACNA,31/10/2025
2023,12,12/01/2024,TACNA,PENAL,FISCAL SUPERIOR,TITULAR,FEMENINO,1,230101,TACNA,TACNA,TACNA,31/10/2025
2023,12,12/01/2024,TACNA,PENAL,FISCAL SUPERIOR,TITULAR,MASCULINO,1,230101,TACNA,TACNA,TACNA,31/10/2025
2023,12,12/01/2024,TACNA,PREVENCION DEL DELITO,FISCAL ADJUNTO PROVINCIAL,PROVISIONAL,FEMENINO,1,230101,TACNA,TACNA,TACNA,31/10/2025
2023,12,12/01/2024,TACNA,PREVENCION DEL DELITO,FISCAL ADJUNTO PROVINCIAL,PROVISIONAL,MASCULINO,1,230101,TACNA,TACNA,TACNA,31/10/2025
2023,12,12/01/2024,TACNA,PREVENCION DEL DELITO,FISCAL ADJUNTO PROVINCIAL,TITULAR,FEMENINO,1,230101,TACNA,TACNA,TACNA,31/10/2025
2023,12,12/01/2024,TACNA,PREVENCION DEL DELITO,FISCAL ADJUNTO PROVINCIAL,TITULAR,MASCULINO,1,230101,TACNA,TACNA,TACNA,31/10/2025
2023,12,12/01/2024,TACNA,PREVENCION DEL DELITO,FISCAL PROVINCIAL,PROVISIONAL (Titular Promovido),FEMENINO,1,230101,TACNA,TACNA,TACNA,31/10/2025
2023,12,12/01/2024,TACNA,PREVENCION DEL DELITO,FISCAL PROVINCIAL,TITULAR,MASCULINO,1,230101,TACNA,TACNA,TACNA,31/10/2025
2023,12,12/01/2024,TACNA,TRAFICO ILICITO DE DROGAS,FISCAL ADJUNTO PROVINCIAL,TITULAR,FEMENINO,1,230101,TACNA,TACNA,TACNA,31/10/2025
2023,12,12/01/2024,TACNA,TRAFICO ILICITO DE DROGAS,FISCAL PROVINCIAL,TITULAR,MASCULINO,1,230101,TACNA,TACNA,TACNA,31/10/2025
2023,12,12/01/2024,TACNA,VIOLENCIA CONTRA LA MUJER E INTEGRANTES DEL GRUPO FAMILIAR,FISCAL ADJUNTO PROVINCIAL,PROVISIONAL,FEMENINO,1,230101,TACNA,TACNA,TACNA,31/10/2025
2023,12,12/01/2024,TACNA,VIOLENCIA CONTRA LA MUJER E INTEGRANTES DEL GRUPO FAMILIAR,FISCAL ADJUNTO PROVINCIAL,PROVISIONAL,MASCULINO,3,230101,TACNA,TACNA,TACNA,31/10/2025
2023,12,12/01/2024,TACNA,VIOLENCIA CONTRA LA MUJER E INTEGRANTES DEL GRUPO FAMILIAR,FISCAL PROVINCIAL,TITULAR,FEMENINO,1,230101,TACNA,TACNA,TACNA,31/10/2025
2023,12,12/01/2024,TUMBES,AUTORIDAD NACIONAL DE CONTROL,FISCAL ADJUNTO SUPERIOR,PROVISIONAL (Titular Promovido),FEMENINO,2,240101,TUMBES,TUMBES,TUMBES,31/10/2025
2023,12,12/01/2024,TUMBES,AUTORIDAD NACIONAL DE CONTROL,FISCAL SUPERIOR,PROVISIONAL (Titular Promovido),MASCULINO,1,240101,TUMBES,TUMBES,TUMBES,31/10/2025
2023,12,12/01/2024,TUMBES,CORRUPCION DE FUNCIONARIOS,FISCAL ADJUNTO PROVINCIAL,PROVISIONAL,FEMENINO,3,240101,TUMBES,TUMBES,TUMBES,31/10/2025
2023,12,12/01/2024,TUMBES,CORRUPCION DE FUNCIONARIOS,FISCAL ADJUNTO PROVINCIAL,TITULAR,FEMENINO,3,240101,TUMBES,TUMBES,TUMBES,31/10/2025
2023,12,12/01/2024,TUMBES,CORRUPCION DE FUNCIONARIOS,FISCAL ADJUNTO PROVINCIAL,TITULAR,MASCULINO,1,240101,TUMBES,TUMBES,TUMBES,31/10/2025
2023,12,12/01/2024,TUMBES,CORRUPCION DE FUNCIONARIOS,FISCAL PROVINCIAL,TITULAR,FEMENINO,1,240101,TUMBES,TUMBES,TUMBES,31/10/2025
2023,12,12/01/2024,TUMBES,CORRUPCION DE FUNCIONARIOS,FISCAL PROVINCIAL,TITULAR,MASCULINO,1,240101,TUMBES,TUMBES,TUMBES,31/10/2025
2023,12,12/01/2024,TUMBES,CRIMEN ORGANIZADO,FISCAL ADJUNTO PROVINCIAL,TITULAR,FEMENINO,2,240101,TUMBES,TUMBES,TUMBES,31/10/2025
2023,12,12/01/2024,TUMBES,CRIMEN ORGANIZADO,FISCAL ADJUNTO PROVINCIAL,TITULAR,MASCULINO,2,240101,TUMBES,TUMBES,TUMBES,31/10/2025
2023,12,12/01/2024,TUMBES,CRIMEN ORGANIZADO,FISCAL PROVINCIAL,TITULAR,MASCULINO,1,240101,TUMBES,TUMBES,TUMBES,31/10/2025
2023,12,12/01/2024,TUMBES,DELITOS ADUANEROS Y CONTRA LA PROPIEDAD INTELECTUAL,FISCAL ADJUNTO PROVINCIAL,TITULAR,MASCULINO,2,240101,TUMBES,TUMBES,TUMBES,31/10/2025
2023,12,12/01/2024,TUMBES,DELITOS ADUANEROS Y CONTRA LA PROPIEDAD INTELECTUAL,FISCAL PROVINCIAL,TITULAR,MASCULINO,1,240101,TUMBES,TUMBES,TUMBES,31/10/2025
2023,12,12/01/2024,TUMBES,DELITOS DE TRATA DE PERSONAS,FISCAL ADJUNTO PROVINCIAL,PROVISIONAL,FEMENINO,2,240101,TUMBES,TUMBES,TUMBES,31/10/2025
2023,12,12/01/2024,TUMBES,DELITOS DE TRATA DE PERSONAS,FISCAL PROVINCIAL,PROVISIONAL (Titular Promovido),MASCULINO,1,240101,TUMBES,TUMBES,TUMBES,31/10/2025
2023,12,12/01/2024,TUMBES,DERECHOS HUMANOS E INTERCULTURALIDAD,FISCAL ADJUNTO PROVINCIAL,PROVISIONAL,FEMENINO,2,240101,TUMBES,TUMBES,TUMBES,31/10/2025
2023,12,12/01/2024,TUMBES,DERECHOS HUMANOS E INTERCULTURALIDAD,FISCAL PROVINCIAL,PROVISIONAL (Titular Promovido),FEMENINO,1,240101,TUMBES,TUMBES,TUMBES,31/10/2025
2023,12,12/01/2024,TUMBES,EXTINCION DE DOMINIO,FISCAL ADJUNTO PROVINCIAL,PROVISIONAL,MASCULINO,2,240101,TUMBES,TUMBES,TUMBES,31/10/2025
2023,12,12/01/2024,TUMBES,EXTINCION DE DOMINIO,FISCAL PROVINCIAL,PROVISIONAL (Titular Promovido),FEMENINO,1,240101,TUMBES,TUMBES,TUMBES,31/10/2025
2023,12,12/01/2024,TUMBES,LAVADO DE ACTIVOS,FISCAL ADJUNTO PROVINCIAL,PROVISIONAL,FEMENINO,2,240101,TUMBES,TUMBES,TUMBES,31/10/2025
2023,12,12/01/2024,TUMBES,LAVADO DE ACTIVOS,FISCAL PROVINCIAL,PROVISIONAL,MASCULINO,1,240101,TUMBES,TUMBES,TUMBES,31/10/2025
2023,12,12/01/2024,TUMBES,MATERIA AMBIENTAL,FISCAL ADJUNTO PROVINCIAL,PROVISIONAL,FEMENINO,2,240101,TUMBES,TUMBES,TUMBES,31/10/2025
2023,12,12/01/2024,TUMBES,MATERIA AMBIENTAL,FISCAL PROVINCIAL,PROVISIONAL (Titular Promovido),FEMENINO,1,240101,TUMBES,TUMBES,TUMBES,31/10/2025
2023,12,12/01/2024,TUMBES,MIXTA,FISCAL ADJUNTO PROVINCIAL,PROVISIONAL,FEMENINO,2,240101,TUMBES,TUMBES,TUMBES,31/10/2025
2023,12,12/01/2024,TUMBES,MIXTA,FISCAL ADJUNTO PROVINCIAL,PROVISIONAL,MASCULINO,2,240101,TUMBES,TUMBES,TUMBES,31/10/2025
2023,12,12/01/2024,TUMBES,MIXTA,FISCAL ADJUNTO PROVINCIAL,TITULAR,FEMENINO,1,240101,TUMBES,TUMBES,TUMBES,31/10/2025
2023,12,12/01/2024,TUMBES,MIXTA,FISCAL ADJUNTO SUPERIOR,TITULAR,FEMENINO,1,240101,TUMBES,TUMBES,TUMBES,31/10/2025
2023,12,12/01/2024,TUMBES,MIXTA,FISCAL PROVINCIAL,PROVISIONAL (Titular Promovido),MASCULINO,1,240101,TUMBES,TUMBES,TUMBES,31/10/2025
2023,12,12/01/2024,TUMBES,MIXTA,FISCAL PROVINCIAL,TITULAR,FEMENINO,2,240101,TUMBES,TUMBES,TUMBES,31/10/2025
2023,12,12/01/2024,TUMBES,MIXTA,FISCAL PROVINCIAL,TITULAR,MASCULINO,1,240101,TUMBES,TUMBES,TUMBES,31/10/2025
2023,12,12/01/2024,TUMBES,MIXTA,FISCAL SUPERIOR,PROVISIONAL (Titular Promovido),MASCULINO,1,240101,TUMBES,TUMBES,TUMBES,31/10/2025
2023,12,12/01/2024,TUMBES,PENAL,FISCAL ADJUNTO PROVINCIAL,PROVISIONAL,FEMENINO,9,240101,TUMBES,TUMBES,TUMBES,31/10/2025
2023,12,12/01/2024,TUMBES,PENAL,FISCAL ADJUNTO PROVINCIAL,PROVISIONAL,MASCULINO,6,240101,TUMBES,TUMBES,TUMBES,31/10/2025
2023,12,12/01/2024,TUMBES,PENAL,FISCAL ADJUNTO PROVINCIAL,TITULAR,FEMENINO,1,240101,TUMBES,TUMBES,TUMBES,31/10/2025
2023,12,12/01/2024,TUMBES,PENAL,FISCAL ADJUNTO PROVINCIAL,TITULAR,MASCULINO,2,240101,TUMBES,TUMBES,TUMBES,31/10/2025
2023,12,12/01/2024,TUMBES,PENAL,FISCAL ADJUNTO SUPERIOR,PROVISIONAL (Titular Promovido),MASCULINO,2,240101,TUMBES,TUMBES,TUMBES,31/10/2025
2023,12,12/01/2024,TUMBES,PENAL,FISCAL ADJUNTO SUPERIOR,TITULAR,FEMENINO,2,240101,TUMBES,TUMBES,TUMBES,31/10/2025
2023,12,12/01/2024,TUMBES,PENAL,FISCAL PROVINCIAL,PROVISIONAL,MASCULINO,1,240101,TUMBES,TUMBES,TUMBES,31/10/2025
2023,12,12/01/2024,TUMBES,PENAL,FISCAL PROVINCIAL,PROVISIONAL (Titular Promovido),FEMENINO,1,240101,TUMBES,TUMBES,TUMBES,31/10/2025
2023,12,12/01/2024,TUMBES,PENAL,FISCAL PROVINCIAL,PROVISIONAL (Titular Promovido),MASCULINO,4,240101,TUMBES,TUMBES,TUMBES,31/10/2025
2023,12,12/01/2024,TUMBES,PENAL,FISCAL PROVINCIAL,TITULAR,MASCULINO,3,240101,TUMBES,TUMBES,TUMBES,31/10/2025
2023,12,12/01/2024,TUMBES,PENAL,FISCAL SUPERIOR,PROVISIONAL (Titular Promovido),MASCULINO,1,240101,TUMBES,TUMBES,TUMBES,31/10/2025
2023,12,12/01/2024,TUMBES,PENAL,FISCAL SUPERIOR,TITULAR,MASCULINO,1,240101,TUMBES,TUMBES,TUMBES,31/10/2025
2023,12,12/01/2024,TUMBES,PREVENCION DEL DELITO,FISCAL ADJUNTO PROVINCIAL,PROVISIONAL,FEMENINO,3,240101,TUMBES,TUMBES,TUMBES,31/10/2025
2023,12,12/01/2024,TUMBES,PREVENCION DEL DELITO,FISCAL PROVINCIAL,PROVISIONAL,MASCULINO,1,240101,TUMBES,TUMBES,TUMBES,31/10/2025
2023,12,12/01/2024,TUMBES,TRAFICO ILICITO DE DROGAS,FISCAL ADJUNTO PROVINCIAL,PROVISIONAL,FEMENINO,1,240101,TUMBES,TUMBES,TUMBES,31/10/2025
2023,12,12/01/2024,TUMBES,TRAFICO ILICITO DE DROGAS,FISCAL ADJUNTO PROVINCIAL,PROVISIONAL,MASCULINO,1,240101,TUMBES,TUMBES,TUMBES,31/10/2025
2023,12,12/01/2024,TUMBES,TRAFICO ILICITO DE DROGAS,FISCAL PROVINCIAL,PROVISIONAL (Titular Promovido),MASCULINO,1,240101,TUMBES,TUMBES,TUMBES,31/10/2025
2023,12,12/01/2024,TUMBES,VIOLENCIA CONTRA LA MUJER E INTEGRANTES DEL GRUPO FAMILIAR,FISCAL ADJUNTO PROVINCIAL,PROVISIONAL,FEMENINO,1,240101,TUMBES,TUMBES,TUMBES,31/10/2025
2023,12,12/01/2024,TUMBES,VIOLENCIA CONTRA LA MUJER E INTEGRANTES DEL GRUPO FAMILIAR,FISCAL ADJUNTO PROVINCIAL,PROVISIONAL,MASCULINO,2,240101,TUMBES,TUMBES,TUMBES,31/10/2025
2023,12,12/01/2024,TUMBES,VIOLENCIA CONTRA LA MUJER E INTEGRANTES DEL GRUPO FAMILIAR,FISCAL PROVINCIAL,PROVISIONAL (Titular Promovido),FEMENINO,1,240101,TUMBES,TUMBES,TUMBES,31/10/2025
2023,12,12/01/2024,TUMBES,VIOLENCIA CONTRA LA MUJER E INTEGRANTES DEL GRUPO FAMILIAR,FISCAL PROVINCIAL,PROVISIONAL (Titular Promovido),MASCULINO,1,240101,TUMBES,TUMBES,TUMBES,31/10/2025
2023,12,12/01/2024,TUMBES,VIOLENCIA CONTRA LA MUJER E INTEGRANTES DEL GRUPO FAMILIAR,FISCAL PROVINCIAL,TITULAR,FEMENINO,1,240101,TUMBES,TUMBES,TUMBES,31/10/2025
2023,12,12/01/2024,UCAYALI,AUTORIDAD NACIONAL DE CONTROL,FISCAL ADJUNTO SUPERIOR,PROVISIONAL (Titular Promovido),MASCULINO,2,250101,UCAYALI,CORONEL PORTILLO,CALLERIA,31/10/2025
2023,12,12/01/2024,UCAYALI,AUTORIDAD NACIONAL DE CONTROL,FISCAL SUPERIOR,PROVISIONAL (Titular Promovido),MASCULINO,1,250101,UCAYALI,CORONEL PORTILLO,CALLERIA,31/10/2025
2023,12,12/01/2024,UCAYALI,CORRUPCION DE FUNCIONARIOS,FISCAL ADJUNTO PROVINCIAL,PROVISIONAL,FEMENINO,4,250101,UCAYALI,CORONEL PORTILLO,CALLERIA,31/10/2025
2023,12,12/01/2024,UCAYALI,CORRUPCION DE FUNCIONARIOS,FISCAL ADJUNTO PROVINCIAL,PROVISIONAL,MASCULINO,4,250101,UCAYALI,CORONEL PORTILLO,CALLERIA,31/10/2025
2023,12,12/01/2024,UCAYALI,CORRUPCION DE FUNCIONARIOS,FISCAL ADJUNTO PROVINCIAL,TITULAR,MASCULINO,2,250101,UCAYALI,CORONEL PORTILLO,CALLERIA,31/10/2025
2023,12,12/01/2024,UCAYALI,CORRUPCION DE FUNCIONARIOS,FISCAL ADJUNTO SUPERIOR,PROVISIONAL (Titular Promovido),MASCULINO,2,250101,UCAYALI,CORONEL PORTILLO,CALLERIA,31/10/2025
2023,12,12/01/2024,UCAYALI,CORRUPCION DE FUNCIONARIOS,FISCAL PROVINCIAL,PROVISIONAL (Titular Promovido),FEMENINO,1,250101,UCAYALI,CORONEL PORTILLO,CALLERIA,31/10/2025
2023,12,12/01/2024,UCAYALI,CORRUPCION DE FUNCIONARIOS,FISCAL PROVINCIAL,TITULAR,MASCULINO,2,250101,UCAYALI,CORONEL PORTILLO,CALLERIA,31/10/2025
2023,12,12/01/2024,UCAYALI,CORRUPCION DE FUNCIONARIOS,FISCAL SUPERIOR,TITULAR,FEMENINO,1,250101,UCAYALI,CORONEL PORTILLO,CALLERIA,31/10/2025
2023,12,12/01/2024,UCAYALI,CRIMEN ORGANIZADO,FISCAL ADJUNTO PROVINCIAL,PROVISIONAL,FEMENINO,2,250101,UCAYALI,CORONEL PORTILLO,CALLERIA,31/10/2025
2023,12,12/01/2024,UCAYALI,CRIMEN ORGANIZADO,FISCAL PROVINCIAL,PROVISIONAL,FEMENINO,1,250101,UCAYALI,CORONEL PORTILLO,CALLERIA,31/10/2025
2023,12,12/01/2024,UCAYALI,DERECHOS HUMANOS E INTERCULTURALIDAD,FISCAL ADJUNTO PROVINCIAL,PROVISIONAL,FEMENINO,2,250101,UCAYALI,CORONEL PORTILLO,CALLERIA,31/10/2025
2023,12,12/01/2024,UCAYALI,DERECHOS HUMANOS E INTERCULTURALIDAD,FISCAL PROVINCIAL,PROVISIONAL,MASCULINO,1,250101,UCAYALI,CORONEL PORTILLO,CALLERIA,31/10/2025
2023,12,12/01/2024,UCAYALI,DERECHOS HUMANOS E INTERCULTURALIDAD,FISCAL PROVINCIAL,PROVISIONAL (Titular Promovido),FEMENINO,1,250101,UCAYALI,CORONEL PORTILLO,CALLERIA,31/10/2025
2023,12,12/01/2024,UCAYALI,EXTINCION DE DOMINIO,FISCAL ADJUNTO PROVINCIAL,PROVISIONAL,FEMENINO,2,250101,UCAYALI,CORONEL PORTILLO,CALLERIA,31/10/2025
2023,12,12/01/2024,UCAYALI,EXTINCION DE DOMINIO,FISCAL PROVINCIAL,PROVISIONAL,MASCULINO,1,250101,UCAYALI,CORONEL PORTILLO,CALLERIA,31/10/2025
2023,12,12/01/2024,UCAYALI,FAMILIA,FISCAL ADJUNTO PROVINCIAL,PROVISIONAL,FEMENINO,5,250101,UCAYALI,CORONEL PORTILLO,CALLERIA,31/10/2025
2023,12,12/01/2024,UCAYALI,FAMILIA,FISCAL ADJUNTO PROVINCIAL,PROVISIONAL,MASCULINO,1,250101,UCAYALI,CORONEL PORTILLO,CALLERIA,31/10/2025
2023,12,12/01/2024,UCAYALI,FAMILIA,FISCAL ADJUNTO PROVINCIAL,TITULAR,FEMENINO,2,250101,UCAYALI,CORONEL PORTILLO,CALLERIA,31/10/2025
2023,12,12/01/2024,UCAYALI,FAMILIA,FISCAL ADJUNTO PROVINCIAL,TITULAR,MASCULINO,2,250101,UCAYALI,CORONEL PORTILLO,CALLERIA,31/10/2025
2023,12,12/01/2024,UCAYALI,FAMILIA,FISCAL ADJUNTO SUPERIOR,TITULAR,MASCULINO,2,250101,UCAYALI,CORONEL PORTILLO,CALLERIA,31/10/2025
2023,12,12/01/2024,UCAYALI,FAMILIA,FISCAL PROVINCIAL,PROVISIONAL,FEMENINO,2,250101,UCAYALI,CORONEL PORTILLO,CALLERIA,31/10/2025
2023,12,12/01/2024,UCAYALI,FAMILIA,FISCAL PROVINCIAL,PROVISIONAL,MASCULINO,3,250101,UCAYALI,CORONEL PORTILLO,CALLERIA,31/10/2025
2023,12,12/01/2024,UCAYALI,FAMILIA,FISCAL PROVINCIAL,PROVISIONAL (Titular Promovido),MASCULINO,1,250101,UCAYALI,CORONEL PORTILLO,CALLERIA,31/10/2025
2023,12,12/01/2024,UCAYALI,FAMILIA,FISCAL PROVINCIAL,TITULAR,FEMENINO,1,250101,UCAYALI,CORONEL PORTILLO,CALLERIA,31/10/2025
2023,12,12/01/2024,UCAYALI,FAMILIA,FISCAL PROVINCIAL,TITULAR,MASCULINO,3,250101,UCAYALI,CORONEL PORTILLO,CALLERIA,31/10/2025
2023,12,12/01/2024,UCAYALI,FAMILIA,FISCAL SUPERIOR,TITULAR,FEMENINO,1,250101,UCAYALI,CORONEL PORTILLO,CALLERIA,31/10/2025
2023,12,12/01/2024,UCAYALI,FAMILIA,FISCAL SUPERIOR,TITULAR,MASCULINO,1,250101,UCAYALI,CORONEL PORTILLO,CALLERIA,31/10/2025
2023,12,12/01/2024,UCAYALI,MATERIA AMBIENTAL,FISCAL ADJUNTO PROVINCIAL,PROVISIONAL,FEMENINO,4,250101,UCAYALI,CORONEL PORTILLO,CALLERIA,31/10/2025
2023,12,12/01/2024,UCAYALI,MATERIA AMBIENTAL,FISCAL ADJUNTO PROVINCIAL,PROVISIONAL,MASCULINO,3,250101,UCAYALI,CORONEL PORTILLO,CALLERIA,31/10/2025
2023,12,12/01/2024,UCAYALI,MATERIA AMBIENTAL,FISCAL ADJUNTO PROVINCIAL,TITULAR,MASCULINO,3,250101,UCAYALI,CORONEL PORTILLO,CALLERIA,31/10/2025
2023,12,12/01/2024,UCAYALI,MATERIA AMBIENTAL,FISCAL PROVINCIAL,PROVISIONAL,MASCULINO,3,250101,UCAYALI,CORONEL PORTILLO,CALLERIA,31/10/2025
2023,12,12/01/2024,UCAYALI,MATERIA AMBIENTAL,FISCAL PROVINCIAL,PROVISIONAL (Titular Promovido),MASCULINO,1,250101,UCAYALI,CORONEL PORTILLO,CALLERIA,31/10/2025
2023,12,12/01/2024,UCAYALI,MATERIA AMBIENTAL,FISCAL PROVINCIAL,TITULAR,MASCULINO,1,250101,UCAYALI,CORONEL PORTILLO,CALLERIA,31/10/2025
2023,12,12/01/2024,UCAYALI,MIXTA,FISCAL ADJUNTO PROVINCIAL,PROVISIONAL,FEMENINO,1,250101,UCAYALI,CORONEL PORTILLO,CALLERIA,31/10/2025
2023,12,12/01/2024,UCAYALI,MIXTA,FISCAL ADJUNTO PROVINCIAL,TITULAR,FEMENINO,1,250101,UCAYALI,CORONEL PORTILLO,CALLERIA,31/10/2025
2023,12,12/01/2024,UCAYALI,MIXTA,FISCAL ADJUNTO PROVINCIAL,TITULAR,MASCULINO,1,250101,UCAYALI,CORONEL PORTILLO,CALLERIA,31/10/2025
2023,12,12/01/2024,UCAYALI,MIXTA,FISCAL PROVINCIAL,PROVISIONAL,MASCULINO,2,250101,UCAYALI,CORONEL PORTILLO,CALLERIA,31/10/2025
2023,12,12/01/2024,UCAYALI,PENAL,FISCAL ADJUNTO PROVINCIAL,PROVISIONAL,FEMENINO,42,250101,UCAYALI,CORONEL PORTILLO,CALLERIA,31/10/2025
2023,12,12/01/2024,UCAYALI,PENAL,FISCAL ADJUNTO PROVINCIAL,PROVISIONAL,MASCULINO,14,250101,UCAYALI,CORONEL PORTILLO,CALLERIA,31/10/2025
2023,12,12/01/2024,UCAYALI,PENAL,FISCAL ADJUNTO PROVINCIAL,TITULAR,FEMENINO,4,250101,UCAYALI,CORONEL PORTILLO,CALLERIA,31/10/2025
2023,12,12/01/2024,UCAYALI,PENAL,FISCAL ADJUNTO PROVINCIAL,TITULAR,MASCULINO,9,250101,UCAYALI,CORONEL PORTILLO,CALLERIA,31/10/2025
2023,12,12/01/2024,UCAYALI,PENAL,FISCAL ADJUNTO SUPERIOR,PROVISIONAL (Titular Promovido),MASCULINO,1,250101,UCAYALI,CORONEL PORTILLO,CALLERIA,31/10/2025
2023,12,12/01/2024,UCAYALI,PENAL,FISCAL ADJUNTO SUPERIOR,TITULAR,FEMENINO,1,250101,UCAYALI,CORONEL PORTILLO,CALLERIA,31/10/2025
2023,12,12/01/2024,UCAYALI,PENAL,FISCAL ADJUNTO SUPERIOR,TITULAR,MASCULINO,2,250101,UCAYALI,CORONEL PORTILLO,CALLERIA,31/10/2025
2023,12,12/01/2024,UCAYALI,PENAL,FISCAL PROVINCIAL,PROVISIONAL,FEMENINO,6,250101,UCAYALI,CORONEL PORTILLO,CALLERIA,31/10/2025
2023,12,12/01/2024,UCAYALI,PENAL,FISCAL PROVINCIAL,PROVISIONAL,MASCULINO,11,250101,UCAYALI,CORONEL PORTILLO,CALLERIA,31/10/2025
2023,12,12/01/2024,UCAYALI,PENAL,FISCAL PROVINCIAL,PROVISIONAL (Titular Promovido),FEMENINO,5,250101,UCAYALI,CORONEL PORTILLO,CALLERIA,31/10/2025
2023,12,12/01/2024,UCAYALI,PENAL,FISCAL PROVINCIAL,PROVISIONAL (Titular Promovido),MASCULINO,6,250101,UCAYALI,CORONEL PORTILLO,CALLERIA,31/10/2025
2023,12,12/01/2024,UCAYALI,PENAL,FISCAL PROVINCIAL,TITULAR,FEMENINO,2,250101,UCAYALI,CORONEL PORTILLO,CALLERIA,31/10/2025
2023,12,12/01/2024,UCAYALI,PENAL,FISCAL PROVINCIAL,TITULAR,MASCULINO,10,250101,UCAYALI,CORONEL PORTILLO,CALLERIA,31/10/2025
2023,12,12/01/2024,UCAYALI,PENAL,FISCAL SUPERIOR,PROVISIONAL (Titular Promovido),MASCULINO,1,250101,UCAYALI,CORONEL PORTILLO,CALLERIA,31/10/2025
2023,12,12/01/2024,UCAYALI,PENAL,FISCAL SUPERIOR,TITULAR,FEMENINO,1,250101,UCAYALI,CORONEL PORTILLO,CALLERIA,31/10/2025
2023,12,12/01/2024,UCAYALI,PENAL,FISCAL SUPERIOR,TITULAR,MASCULINO,1,250101,UCAYALI,CORONEL PORTILLO,CALLERIA,31/10/2025
2023,12,12/01/2024,UCAYALI,PREVENCION DEL DELITO,FISCAL ADJUNTO PROVINCIAL,PROVISIONAL,FEMENINO,1,250101,UCAYALI,CORONEL PORTILLO,CALLERIA,31/10/2025
2023,12,12/01/2024,UCAYALI,PREVENCION DEL DELITO,FISCAL ADJUNTO PROVINCIAL,TITULAR,FEMENINO,2,250101,UCAYALI,CORONEL PORTILLO,CALLERIA,31/10/2025
2023,12,12/01/2024,UCAYALI,PREVENCION DEL DELITO,FISCAL ADJUNTO PROVINCIAL,TITULAR,MASCULINO,2,250101,UCAYALI,CORONEL PORTILLO,CALLERIA,31/10/2025
2023,12,12/01/2024,UCAYALI,PREVENCION DEL DELITO,FISCAL PROVINCIAL,TITULAR,MASCULINO,2,250101,UCAYALI,CORONEL PORTILLO,CALLERIA,31/10/2025
2023,12,12/01/2024,UCAYALI,TRAFICO ILICITO DE DROGAS,FISCAL ADJUNTO PROVINCIAL,PROVISIONAL,FEMENINO,3,250101,UCAYALI,CORONEL PORTILLO,CALLERIA,31/10/2025
2023,12,12/01/2024,UCAYALI,TRAFICO ILICITO DE DROGAS,FISCAL ADJUNTO PROVINCIAL,PROVISIONAL,MASCULINO,2,250101,UCAYALI,CORONEL PORTILLO,CALLERIA,31/10/2025
2023,12,12/01/2024,UCAYALI,TRAFICO ILICITO DE DROGAS,FISCAL PROVINCIAL,PROVISIONAL (Titular Promovido),MASCULINO,1,250101,UCAYALI,CORONEL PORTILLO,CALLERIA,31/10/2025
2023,12,12/01/2024,UCAYALI,TRAFICO ILICITO DE DROGAS,FISCAL PROVINCIAL,TITULAR,MASCULINO,1,250101,UCAYALI,CORONEL PORTILLO,CALLERIA,31/10/2025
